Protein.Group	Protein.Ids	Protein.Names	Genes	First.Protein.Description	/fs/pool/pool-mann-projects/Johannes/Jakob_AD_CSF_data/Berlin_cohort_Sweden_speclib_OBO/All_Raw/20190228_QX1_PhGe_SA_EASY12-10_Deigendesch_G6_168744541.mzML
A0A075B6H7;A0A0C4DH55;P01624	P01624;A0A075B6H7;A0A0C4DH55				8.54296e+08
A0A075B6H9	A0A075B6H9				6.9801e+07
A0A075B6I1	A0A075B6I1				1.12485e+07
A0A075B6J1	A0A075B6J1				6.68858e+06
A0A075B6J9	A0A075B6J9				2.41799e+06
A0A075B6K2	A0A075B6K2				1.16872e+06
A0A075B6K4	A0A075B6K4				3.23775e+06
A0A075B6K5	A0A075B6K5				6.09389e+07
A0A075B6P5;P01615	P01615;A0A075B6P5				3.4737e+08
A0A075B6R2	A0A075B6R2				1.73135e+07
A0A075B6R9;A0A0C4DH68	A0A075B6R9;A0A0C4DH68				2.81272e+07
A0A075B6S2	A0A075B6S2;A2NJV5				3.39725e+08
A0A075B6S5	A0A075B6S5;A0A0C4DH67;A0A0C4DH69				3.98599e+07
A0A087WSX0	A0A087WSX0;A0A0G2JS06				4.01369e+06
A0A087WSY6	A0A087WSY6				4.83963e+08
A0A087WW87;P01614	P01614;A0A087WW87				2.62013e+06
A0A0A0MRZ8;P04433	P04433;A0A0A0MRZ8				2.67708e+08
A0A0A0MS15	A0A0A0MS15				5.4898e+07
A0A0A0MT36	A0A0A0MT36;A0A0C4DH26				3.12952e+06
A0A0A0MT89	A0A0A0MT89				2.1313e+06
A0A0B4J1U7	A0A0B4J1U7				1.70818e+07
A0A0B4J1V0	A0A0B4J1V0				2.13084e+08
A0A0B4J1V2	A0A0B4J1V2				8.5017e+06
A0A0B4J1X5	P01764;P01768;P01772;P01767;A0A0B4J1X5;A0A0C4DH42;P0DP02;P0DP03				1.4736e+08
A0A0B4J1Y8	A0A0B4J1Y8				1.07683e+07
A0A0B4J1Y9	A0A0B4J1Y9				2.35902e+06
A0A0C4DH24	A0A0C4DH24				6.23782e+06
A0A0C4DH25	A0A0C4DH25				3.28884e+07
A0A0C4DH29	A0A0C4DH29				114570
A0A0C4DH31	A0A0C4DH31				2.01668e+06
A0A0C4DH33	A0A0C4DH33				1.8052e+06
A0A0C4DH34	A0A0C4DH34				1.16101e+07
A0A0C4DH35	A0A0C4DH35				3.31165e+06
A0A0C4DH36	A0A0C4DH36				5.8519e+06
A0A0C4DH38	A0A0C4DH38				9.30416e+08
A0A0C4DH41;P01824;P01825;P06331;P0DP06;P0DP08	P01824;P01825;P06331;A0A0C4DH41;P0DP06;P0DP08				6.57905e+07
A0A0C4DH43	A0A0C4DH43				9.84029e+06
A0A0C4DH67	A0A0C4DH67				2.08258e+06
A0A0C4DH72	P01599;A0A0C4DH72				2.20742e+07
A0A0J9YX35	A0A0J9YX35				6.7284e+06
A0A0J9YXX1	A0A0J9YXX1				3.81478e+07
A0A2R8Y619;O60814;P06899;P23527;P33778;P57053;P58876;P62807;Q16778;Q5QNW6;Q5QNW6-2;Q8N257;Q93079;Q96A08;Q99877;Q99879;Q99880	O60814;P06899;P23527;P33778;P57053;P58876;P62807;Q16778;Q5QNW6;Q8N257;Q93079;Q96A08;Q99877;Q99879;Q99880;A0A2R8Y619;Q5QNW6-2				564558
A0M8Q6	P0CG04;P0DOY2;P0DOY3;A0M8Q6;P0CF74;B9A064;P0DOX8				1.11747e+08
A1L4H1	A1L4H1				4.14598e+06
A2RU67	A2RU67				432237
A5D6W6	A5D6W6				1.84778e+06
A6BM72;A6BM72-2;A6BM72-4	A6BM72;A6BM72-2;A6BM72-4				1.4725e+06
A6NCE7;Q9GZQ8	Q9GZQ8;A6NCE7				660562
A6NGN9	A6NGN9				7.34679e+06
A6NL88	A6NL88				5.69846e+06
A6NLU5	A6NLU5				1.60753e+07
A8MTW9	A8MTW9				3.54011e+06
C9JVW0	C9JVW0				1.36976e+07
I3L3R5	I3L3R5				336179
O00115;O00115-2	O00115;O00115-2				7.38452e+06
O00142;O00142-2;O00142-3;O00142-4;O00142-5;O00142-6	O00142;O00142-2;O00142-3;O00142-4;O00142-5;O00142-6				4.54495e+07
O00187;O00187-2	O00187;O00187-2				2.94058e+06
O00264	O00264;O15173;O15173-2				2.37196e+08
O00299	O00299				926600
O00339;O00339-2;O00339-3	O00339;O00339-2;O00339-3				3.33427e+06
O00391	O00391;O00391-2				4.55504e+07
O00451	O00451;O00451-2;O00451-3				1.41629e+07
O00461	O00461				5.73211e+06
O00462	O00462				7.85619e+06
O00468-6	O00468-6;O00468-7				1.57027e+07
O00469;O00469-2;O00469-3	O00469;O00469-2;O00469-3				396662
O00533	O00533;O00533-2				2.13968e+08
O00533-2	O00533-2				1.09015e+07
O00560;O00560-2;O00560-3	O00560;O00560-2;O00560-3				1.32061e+06
O00584	O00584				1.82105e+07
O00754;O00754-2	O00754;O00754-2				2.44711e+06
O14498	O14498				4.02509e+07
O14514	O14514				2.55851e+06
O14522;O14522-1	O14522;O14522-1				2.94852e+06
O14594	O14594				1.41976e+08
O14657	O14657				154587
O14668;O14668-2	O14668;O14668-2				1.53813e+06
O14672	O14672				2.96424e+06
O14737;O14737-2	O14737;O14737-2				121221
O14745	O14745				252725
O14773	O14773				1.73312e+07
O14786;O14786-2;O14786-3	O14786;O14786-2;O14786-3				1.1392e+07
O14791-2	O14791;O14791-2;O14791-3				1.46674e+07
O14793	O14793				1.46201e+06
O14917;O14917-2	O14917;O14917-2				6.41126e+06
O14960	O14960				638422
O15031	O15031				1.21134e+07
O15041;O15041-2	O15041;O15041-2				682219
O15197;O15197-3	O15197;O15197-3				8.65176e+06
O15204;O15204-2	O15204;O15204-2				1.82894e+06
O15230	O15230				1.93382e+07
O15232;O15232-2	O15232;O15232-2				3.18269e+06
O15240	O15240				1.55294e+08
O15335	O15335				3.44225e+06
O15354	O15354				1.2203e+07
O15394	O15394;O15394-2				2.36182e+07
O15466;O15466-2	O15466;O15466-2				1.89953e+06
O15540;O15540-2	O15540;O15540-2				2.5965e+06
O43155	O43155				787979
O43157	O43157;O43157-2;O43157-3				6.41072e+06
O43173	O43173				3.63368e+06
O43240	O43240				1.87047e+06
O43278;O43278-2	O43278;O43278-2				2.75988e+06
O43286	O43286				1.48941e+06
O43291	O43291				6.33537e+06
O43300	O43300				3.7961e+06
O43405;O43405-2	O43405;O43405-2				2.7322e+07
O43493;O43493-3;O43493-5;O43493-7	O43493;O43493-3;O43493-5;O43493-7				5.57751e+07
O43505	O43505				4.3191e+08
O43508-2	O75888;O43508-2;O75888-2;O75888-4;O75888-5				3.14464e+06
O43529	O43529				7.92841e+06
O43556;O43556-3;O43556-4	O43556;O43556-3;O43556-4				1.1313e+07
O43567	O43567				6.70438e+06
O43736;O43736-2	O43736;O43736-2				119815
O43827	O43827				7.89347e+06
O43852;O43852-2;O43852-3;O43852-4;O43852-5;O43852-9	O43852;O43852-10;O43852-11;O43852-12;O43852-13;O43852-14;O43852-2;O43852-3;O43852-4;O43852-5;O43852-6;O43852-7;O43852-8;O43852-9				1.11796e+06
O43854;O43854-2	O43854;O43854-2				509098
O43866	O43866				9.99167e+06
O43897;O43897-2	O43897;O43897-2				858182
O43909	O43909				755025
O43916	O43916				1.24608e+08
O60241;O60241-2;O60241-3;O60241-4	O60241;O60241-2;O60241-3;O60241-4				1.03808e+07
O60242	O60242				2.74779e+06
O60243	O60243				3.74869e+06
O60245;O60245-2	O60245;O60245-2				1.87789e+06
O60279	O60279				9.18035e+06
O60294	O60294				1.26169e+06
O60449;O60449-2;O60449-3	O60449;O60449-2;O60449-3				541914
O60462;O60462-2;O60462-3;O60462-4;O60462-5	O60462;O60462-2;O60462-3;O60462-4;O60462-5;O60462-6				6.43036e+06
O60476	O60476				2.9755e+06
O60512	O60512				2.64672e+06
O60565	O60565				705674
O60568	O60568				3.32392e+06
O60613	O60613				2.02329e+06
O60883	O60883				8.49313e+07
O60888-3	O60888;O60888-2;O60888-3				4.1458e+07
O75051;O75051-2	O75051;O75051-2				791208
O75063	O75063				3.34719e+06
O75071	O75071				6.57692e+06
O75077;O75077-2;O75077-3	O75077;O75077-2;O75077-3				3.53194e+06
O75078	O75078;O75078-2				5.13745e+06
O75083	O75083;O75083-3				2.45742e+06
O75093;O75093-2	O75093;O94813;O75093-2;O94813-2;O94813-3				4.40556e+07
O75144;O75144-2	O75144;O75144-2;O75144-3				3.80597e+07
O75173;O75173-2	O75173;O75173-2				2.32939e+07
O75326	O75326;O75326-2				4.23178e+07
O75339	O75339				1.61703e+06
O75340;O75340-2	O75340;O75340-2				1.12064e+06
O75354;O75354-2;O75354-3	O75354;O75354-2;O75354-3				996486
O75368	O75368				2.60605e+06
O75487;O75487-2	O75487;O75487-2				2.2633e+06
O75493	O75493				1.50429e+07
O75503	O75503				5.08138e+06
O75509	O75509				1.77976e+07
O75594	O75594				504277
O75629	O75629				1.1963e+06
O75636;O75636-2	O75636;O75636-2				2.20746e+06
O75711	O75711				1.68138e+08
O75752	O75752				1.12942e+07
O75781;O75781-2	O75781;O75781-2				2.45017e+06
O75787;O75787-2	O75787;O75787-2				3.08694e+07
O75828	O75828				2.96784e+06
O75830;P30740;P30740-2;P50452;P50452-2;P50453	P30740;P50452;P50453;O75830;P30740-2;P50452-2				472157
O75874	O75874				685931
O75882;O75882-2;O75882-3	O75882;O75882-2;O75882-3				1.657e+07
O75884	O75884;O75884-2				2.39327e+06
O75973	O75973				837746
O75976	O75976				2.2742e+06
O76061	O76061				3.52152e+06
O76070	O76070				2.00161e+06
O94760	O94760;O94760-2				1.02746e+07
O94766	O94766;O94766-2				7.63524e+06
O94769	O94769;O94769-2				1.9183e+07
O94772;O94772-2	O94772;O94772-2				9.20832e+07
O94779;O94779-2;O94779-4	O94779;O94779-2;O94779-4				544833
O94856-11	O94856;O94856-10;O94856-11;O94856-12;O94856-13;O94856-3;O94856-4;O94856-5;O94856-6;O94856-7;O94856-8;O94856-9				3.01775e+07
O94856-12;O94856-4;O94856-9	O94856-12;O94856-4;O94856-9				3.50392e+06
O94910;O94910-2	O94910;O94910-2				3.80742e+06
O94919	O94919				5.86132e+07
O94933	O94933				1.01483e+06
O94985	O94985				1.76232e+06
O94985-2	O94985;O94985-2				1.89623e+08
O94991	O94991;O94991-2				4.2987e+06
O95084;O95084-2	O95084;O95084-2				2.26066e+06
O95157	O95157				900177
O95158	O95158				1.18026e+07
O95185;O95185-2	O95185;O95185-2				3.96029e+06
O95196;O95196-2	O95196;O95196-2				9.05444e+06
O95206;O95206-2	O95206;O95206-2				6.40926e+06
O95297;O95297-2;O95297-3;O95297-4	O95297;O95297-2;O95297-3;O95297-4				1.09e+06
O95336	O95336				7.57822e+06
O95390	O95390				1.91657e+06
O95428;O95428-5;O95428-6	O95428;O95428-2;O95428-4;O95428-5;O95428-6				8.86843e+06
O95445	O95445;O95445-2				1.18188e+07
O95450;O95450-2	O95450;O95450-2				1.3072e+06
O95467	O95467				4.69305e+06
O95477	O95477				2.73889e+06
O95490;O95490-2;O95490-3;O95490-4;O95490-5;O95490-6;O95490-7	O95490;O95490-2;O95490-3;O95490-4;O95490-5;O95490-6;O95490-7				131928
O95497	O95497				3.28044e+06
O95502	O95502				1.07618e+08
O95633;O95633-2	O95633;O95633-2				3.59975e+06
O95841	O95841				392325
O95865	O95865				1.6715e+06
O95881	O95881				360087
O95967	O95967				1.66565e+07
O95970;O95970-3	O95970;O95970-3				247865
O95980	O95980				8.47015e+06
P00338;P00338-3	P00338;P00338-3;P00338-4				6.86293e+06
P00352	P00352				894086
P00390;P00390-2;P00390-3;P00390-4;P00390-5	P00390;P00390-2;P00390-3;P00390-4;P00390-5				2.23596e+06
P00441	P00441				4.97081e+08
P00450	P00450				3.31381e+08
P00488	P00488				1.40043e+06
P00492	P00492				2.6375e+06
P00505	P00505;P00505-2				6.19782e+06
P00533;P00533-3;P00533-4	P00533;P00533-2;P00533-3;P00533-4				2.21735e+06
P00558	P00558;P07205;P00558-2				6.81194e+06
P00734	P00734				1.54893e+08
P00736	P00736				8.4414e+07
P00738	P00738;P00738-2				1.87432e+09
P00739	P00739;P00739-2				9.58642e+08
P00740;P00740-2	P00740;P00740-2				5.83413e+06
P00742	P00742				2.82072e+07
P00746	P00746				1.33852e+08
P00747	P00747				1.99853e+08
P00748	P00748				7.10388e+07
P00751	P00751;P00751-2				3.03354e+08
P00915	P00915				341361
P01008	P01008				1.03396e+09
P01009	P01009;P01009-2;P01009-3				5.70451e+09
P01011	P01011				1.4151e+09
P01019	P01019				6.88145e+08
P01023	P01023				3.66417e+08
P01024	P01024				1.9106e+09
P01031	P01031				5.81039e+07
P01033	P01033				6.44463e+07
P01034	P01034				2.22958e+09
P01042	P01042;P01042-2;P01042-3				2.44991e+08
P01042-2;P01042-3	P01042-2;P01042-3				2.43026e+08
P01127;P01127-2	P01127;P01127-2				3.35719e+07
P01210	P01210				9.2917e+07
P01213	P01213				1.08136e+07
P01236	P01236				803334
P01258;P01258-2;P06881	P01258;P06881;P10092;P01258-2				946881
P01303	P01303				7.48291e+06
P01344;P01344-2;P01344-3	P01344;P01344-2;P01344-3				2.39794e+07
P01591	P01591				2.5214e+07
P01593;P01594	P01593;P01594				1.72258e+07
P01602	P01602				4.06856e+06
P01619	P01619				5.58573e+08
P01700	P01700				8.24716e+07
P01701	P01701				4.63846e+07
P01705	P01705				4.61006e+06
P01706	P01706				3.23224e+06
P01709	P01706;P01709;P0DOX8				2.26718e+07
P01714	P01714				5.78636e+06
P01717	P01717;P01718				6.75946e+07
P01721	P01721				4.86417e+06
P01742	P01742				1.96557e+07
P01768;P0DP02;P0DP03	P01768;P0DP02;P0DP03				4.41914e+06
P01772	P01768;P01772;P0DP02;P0DP03				4.48996e+07
P01780	P01780				1.48227e+08
P01814	P01814				3.59429e+06
P01817	P01817				8.85878e+06
P01833	P01833				1.15092e+06
P01834	P01834				9.66616e+08
P01859;P01859-1	P01859;P01859-1				1.50007e+09
P01860;P01860-1	P01860;P01860-1				6.35418e+07
P01861;P01861-1	P01861;P01861-1				4.89205e+08
P01871;P01871-1	P01871;P0DOX6;P01871-1				4.4985e+07
P01876;P01876-1	P01876;P01876-1				2.94656e+08
P01889	P01889;P13747				1.38054e+07
P01893	P01893;P04439;P10321;P10321-2;P04439-2				1.49796e+06
P01903;P01906	P01903;P01906				180323
P01911;P04440	P01911;P04440				2.73137e+06
P02144	P02144				2.96074e+06
P02452	P02452				5.024e+07
P02461	P02461;P02461-2				1.38031e+07
P02511	P02511				949039
P02647	P02647				7.1184e+09
P02649	P02649				2.87702e+09
P02652	P02652				7.28212e+08
P02654	P02654				1.03561e+08
P02655	P02655				1.85916e+07
P02656	P02656				3.99333e+07
P02671	P02671;P02671-2				6.92064e+08
P02675	P02675				6.34734e+08
P02679;P02679-2	P02679;P02679-2				2.59401e+08
P02686;P02686-3;P02686-4;P02686-5;P02686-6	P02686;P02686-3;P02686-4;P02686-5;P02686-6				657931
P02741	P02741;P02741-2				1.15121e+07
P02743	P02743				2.25009e+07
P02745	P02745				2.56348e+08
P02746	P02746				3.49982e+08
P02747	P02747				1.04976e+08
P02748	P02748				6.60715e+07
P02749	P02749				1.20911e+08
P02750	P02750				3.52419e+08
P02751;P02751-1	P02751;P02751-1;P02751-10;P02751-11;P02751-12;P02751-13;P02751-14;P02751-16;P02751-17;P02751-2;P02751-3;P02751-4;P02751-5;P02751-6;P02751-7;P02751-8;P02751-9				3.62188e+08
P02753	P02753				2.01304e+08
P02760	P02760				1.37106e+08
P02763	P02763				3.62358e+09
P02765	P02765				1.16055e+09
P02766	P02766				4.10137e+09
P02768	P02768				2.62548e+10
P02774;P02774-3	P02774;P02774-2;P02774-3				1.17753e+09
P02786	P02786				2.68171e+06
P02787	P02787				1.2533e+10
P02788;P02788-2	P02788;P02788-2				1.04317e+07
P02790	P02790				3.26596e+09
P02792	P02792				7.6854e+06
P02794	P02794				1.22641e+07
P03950	P03950				5.95619e+06
P03951;P03951-2	P03951;P03951-2				5.63745e+06
P03952	P03952				2.29818e+07
P04003	P04003				5.19567e+06
P04004	P04004				6.41199e+08
P04040	P04040				244235
P04062;P04062-2;P04062-4;P04062-5	P04062;P04062-2;P04062-4;P04062-5				3.62008e+06
P04066	P04066				1.83661e+07
P04070;P04070-2	P04070;P04070-2				1.0304e+07
P04075;P04075-2	P04075;P04075-2				4.25017e+07
P04080	P04080				4.61514e+06
P04083	P04083				14227.7
P04085;P04085-2	P04085;P04085-2				4.49029e+06
P04114	P04114				1.29328e+08
P04156	P04156				4.99384e+08
P04179;P04179-4	P04179;P04179-2;P04179-3;P04179-4				1.18438e+07
P04180	P04180				3.87431e+07
P04196	P04196				1.79952e+08
P04211	P04211;A0A075B6I9				7.91942e+07
P04216	P04216				3.84383e+08
P04217	P04217;P04217-2				3.76661e+08
P04217-2	P04217-2				3.10037e+06
P04259;P48668	O95678;P02538;P04259;P05787;P08729;P12035;P13647;P19013;P35908;P48668;Q01546;Q14CN4;Q3SY84;Q5XKE5;Q7RTS7;Q7Z794;Q86Y46;Q9NSB2;P05787-2;Q14CN4-2;Q14CN4-3;Q86Y46-2				1.03977e+06
P04264	O95678;P02538;P04259;P04264;P05787;P12035;P13647;P35908;P48668;Q01546;Q7Z794;P05787-2				2.1523e+06
P04271	P04271				3.45394e+06
P04275	P04275				6.00533e+06
P04278	P04278;P04278-5				7.25929e+06
P04406	P04406;P04406-2				3.0042e+07
P04430	P04430				1.31526e+06
P04439;P04439-2	P04439;P04439-2				2.18376e+06
P04792	P04792				1.35197e+06
P05023;P05023-2;P05023-4	P05023;P05023-2;P05023-4				706839
P05026;P05026-2	P05026;P05026-2				714010
P05060	P05060				2.70398e+08
P05067;P05067-11;P05067-8	P05067;P05067-4;P05067-10;P05067-11;P05067-3;P05067-5;P05067-6;P05067-7;P05067-8;P05067-9				1.32654e+09
P05090	P05090				4.75657e+09
P05107	P05107				404216
P05109	P05109				406523
P05121	P05121				259473
P05154	P05154				2.01993e+07
P05155;P05155-3	P05155;P05155-2;P05155-3				1.29314e+09
P05156	P05156				3.41968e+07
P05160	P05160				1.64833e+06
P05362	P05362				2.20391e+06
P05408;P05408-2	P05408;P05408-2				2.32187e+08
P05413	P05413				6.78411e+07
P05451	P05451;P48304				984456
P05452	P05452				9.42346e+07
P05543	P05543				2.75107e+07
P05546	P05546				1.52571e+08
P05556;P05556-2;P05556-3;P05556-4;P05556-5	P05556;P05556-2;P05556-5;P05556-3;P05556-4				1.30042e+06
P05937	P05937;P05937-2				1.02903e+07
P06276	P06276				1.13599e+07
P06280	P06280				1.17027e+06
P06307	P06307				6.35816e+07
P06310	P06310				1.77142e+08
P06312	P06312				4.28054e+07
P06396	P06396;P06396-2;P06396-3;P06396-4				1.02202e+09
P06396-2	P06396-2				1.01489e+07
P06681	P06681;P06681-2;P06681-3				4.12824e+07
P06702	P06702				1.49109e+06
P06703	P06703				4.97024e+06
P06727	P06727				5.69228e+08
P06733	P06733;P06733-2				1.2279e+07
P06744;P06744-2	P06744;P06744-2				2.93928e+06
P06748;P06748-2;P06748-3	P06748;P06748-2;P06748-3				9.33736e+06
P06865	P06865				2.08738e+07
P07093-2;P07093-3	P07093;P07093-2;P07093-3				2.56791e+07
P07108;P07108-2;P07108-3;P07108-4;P07108-5	P07108;P07108-2;P07108-3;P07108-4;P07108-5;P07108-6				1.78022e+07
P07195	P00338;P07195;P07864;Q6ZMR3;P00338-3;P00338-2;P00338-4;P00338-5				3.17889e+07
P07225	P07225				6.36205e+07
P07237	P07237				1.08367e+07
P07307;P07307-2;P07307-3	P07307;P07307-3;P07307-2				850493
P07311	P07311;P07311-2				2.4504e+06
P07333	P07333;P07333-2				5.29327e+07
P07339	P07339				1.31474e+08
P07357	P07357				5.13782e+07
P07358	P07358				3.65734e+07
P07360	P07360				2.41671e+07
P07492	P07492;P07492-2;P07492-3				733638
P07585	P07585				3.22882e+07
P07602;P07602-2;P07602-3	P07602;P07602-2;P07602-3				4.31743e+07
P07686	P07686				1.19217e+07
P07711	P07711;P07711-3				1.76827e+07
P07737	P07737				5.6312e+06
P07858	P07858				3.80138e+07
P07900;P07900-2	P07900;P08238;P07900-2				2.24309e+06
P07942	P07942				5.57454e+06
P07996	P07996;P07996-2				6.91172e+06
P07998	P07998				3.03623e+07
P08123	P08123				5.21209e+07
P08174;P08174-2;P08174-3;P08174-4;P08174-5;P08174-6;P08174-7	P08174;P08174-2;P08174-3;P08174-4;P08174-5;P08174-6;P08174-7				2.69002e+07
P08185	P08185				1.27653e+08
P08195;P08195-2;P08195-3;P08195-4;P08195-5	P08195;P08195-4;P08195-2;P08195-3;P08195-5				7.38361e+06
P08236;P08236-3	P08236;P08236-3				604889
P08253	P08253;P08253-2;P08253-3				4.22202e+07
P08294	P08294				1.65729e+08
P08493;P08493-2	P08493;P08493-2				3.69708e+07
P08571	P08571				3.66003e+08
P08572	P08572				3.77487e+06
P08581;P08581-2	P08581;P08581-2				1.47882e+06
P08582	P08582;P08582-2				1.1263e+06
P08603	P08603				2.26282e+08
P08637	P08637				1.8187e+07
P08670	P08670				1.78056e+06
P08697	P08697;P08697-2				2.26872e+08
P08758	P08758				4.21729e+06
P09104	P09104;P09104-2				9.11481e+06
P09172	P09172				3.43165e+06
P09211	P09211				9.67969e+06
P09382	P09382				1.76115e+07
P09417;P09417-2	P09417;P09417-2				1.31347e+07
P09486	P09486				1.10715e+08
P09603	P09603;P09603-2;P09603-3				5.72391e+07
P09619	P09619;P09619-2				2.99325e+07
P09622;P09622-2	P09622;P09622-2				4.63302e+06
P09668	P09668				5.21113e+07
P09871	P09871				1.14488e+08
P09936	P09936				3.5961e+06
P09960;P09960-4	P09960;P09960-2;P09960-3;P09960-4				890587
P09972	P04075;P09972;P04075-2				2.53282e+07
P0C0L4;P0C0L4-2	P0C0L4;P0C0L4-2				1.42571e+08
P0C0L5	P0C0L4;P0C0L5;P0C0L4-2				8.73035e+08
P0C6S8	P0C6S8				2.94808e+06
P0CF74	P0CF74				300755
P0CG47;P0CG48	P0CG47;P0CG48;P62979;P62987				9.95781e+07
P0DJD7;P0DJD8;P0DJD9	P0DJD7;P0DJD8;P0DJD9				2.99857e+06
P0DJI8;P0DJI9	P0DJI8;P0DJI9				1.72894e+06
P0DMQ5	P0DMQ5				1.29156e+07
P0DMV8;P0DMV8-2;P0DMV9	P0DMV8;P0DMV9;P0DMV8-2				2.40605e+06
P0DOX2	P01876;P01877;P01876-1;P01877-1;P0DOX2				1.39529e+09
P0DOX3	P0DOX3				5.96171e+06
P0DOX5	P01857;P01859;P0DOX5;P01857-1;P01859-1				7.63025e+09
P0DOX7	P01834;P0DOX7				7.37337e+08
P0DOX8	B9A064;P0DOX8				3.85017e+08
P0DOY2;P0DOY3	P0DOY2;P0DOY3				1.19658e+09
P0DP07	P0DP07				364174
P0DP23;P0DP24;P0DP25	P0DP23;P0DP24;P0DP25;P27482				1.79262e+06
P0DP58	P0DP58				1.62322e+08
P0DTE1	P0DTE1				2.29966e+06
P0DTE7;P0DTE8;P0DUB6	P04746;P0DTE7;P0DTE8;P0DUB6;P19961;P19961-2;P04746-2				1.97952e+06
P10124	P10124				7.8907e+06
P10153	P10153				1.37767e+07
P10253	P10253				4.03694e+06
P10451-3	P10451-3				1.8296e+07
P10451-5	P10451;P10451-4;P10451-5				5.43941e+08
P10586;P10586-2	P10586;P23468;P10586-2;P23468-3;P23468-4;P23468-5;P23468-6;P23468-7				2.73229e+07
P10599	P10599;P10599-2				1.56078e+07
P10619;P10619-2	P10619;P10619-2				862548
P10636;P10636-2;P10636-3;P10636-4;P10636-5;P10636-6;P10636-7;P10636-8;P10636-9	P10636;P10636-8;P10636-6;P10636-2;P10636-3;P10636-4;P10636-5;P10636-7;P10636-9				677201
P10643	P10643				9.5428e+07
P10644;P10644-2	P10644;P10644-2				721436
P10645	P10645				2.72775e+08
P10721;P10721-2	P10721;P10721-2				2.34554e+07
P10745	P10745				893607
P10768	P10768				2.71581e+06
P10909-6	P10909;P10909-4;P10909-6;P10909-2;P10909-3;P10909-5				6.51304e+09
P11021	P11021				1.12173e+07
P11047	P11047				3.89938e+07
P11117	P11117				2.97441e+06
P11142	P11142				7.89976e+06
P11226	P11226				2.55842e+06
P11279	P11279;P11279-2				1.37613e+07
P11362-16	P11362;P11362-10;P11362-11;P11362-16;P11362-2;P11362-20;P11362-3;P11362-4;P11362-8;P11362-9				1.02777e+06
P11362-21;P11362-7	P11362;P11362-10;P11362-11;P11362-12;P11362-13;P11362-14;P11362-16;P11362-18;P11362-19;P11362-2;P11362-20;P11362-21;P11362-3;P11362-4;P11362-5;P11362-6;P11362-7;P11362-8;P11362-9				2.57774e+07
P11464-4	P11464-4				9.0571e+06
P11597;P11597-2	P11597;P11597-2				1.49264e+06
P11717	P11717				2.04646e+06
P12107;P12107-2;P12107-3;P12107-4	P12107;P12107-2;P12107-3;P12107-4				179054
P12109	P12109				5.71184e+07
P12110	P12110;P12110-2;P12110-3				3.12022e+07
P12111	P12111;P12111-2;P12111-4				2.01897e+07
P12111-4	P12111-4				3.37906e+06
P12259	P12259				2.82412e+07
P12277	P12277				1.97492e+06
P12314;Q92637;Q92637-3	P12314;Q92637;Q92637-3				2.45777e+07
P12318;P12318-2	P12318;P31994;P31995;P12318-2;P31994-2;P31994-3;P31994-4;P31994-5;P31995-2;P31995-3;P31995-4				1.42364e+07
P12821;P12821-2	P12821;P12821-2				1.9545e+06
P12830;P12830-2	P12830;P12830-2				3.50397e+06
P12955;P12955-2	P12955;P12955-2;P12955-3				4.02426e+06
P13385;P51864	P13385;P51864				1.76334e+06
P13473;P13473-2;P13473-3	P13473;P13473-2;P13473-3				1.72408e+08
P13489	P13489				2.21098e+06
P13497;P13497-2;P13497-3;P13497-4;P13497-5;P13497-6	P13497;P13497-2;P13497-3;P13497-4;P13497-5;P13497-6				3.33268e+06
P13521	P13521				9.16586e+07
P13591	P13591;P13591-1;P13591-3;P13591-4;P13591-5;P13591-6				1.88748e+08
P13591-3	P13591-1;P13591-3;P13591-4				3.94777e+07
P13598	P13598				4.12012e+06
P13611;P13611-5	P13611;P13611-2;P13611-3;P13611-4;P13611-5				2.3838e+07
P13637;P13637-2;P13637-3	P13637;P13637-2;P13637-3				1.43767e+06
P13645	P13645				4.37429e+06
P13667	P13667				1.35475e+06
P13671	P13671				5.61854e+07
P13693	P13693				267419
P13796	P13796				5.45896e+06
P13797;P13797-2;P13797-3	P13797;P13797-2;P13797-3				1.09357e+06
P13987;P13987-2	P13987;P13987-2				5.33691e+07
P14136	P14136				4.1867e+06
P14138;P14138-2;P14138-3	P14138;P14138-2;P14138-3				2.35031e+06
P14151;P14151-2	P14151;P14151-2				4.16998e+06
P14174	P14174				1.24735e+07
P14207	P14207				2.00936e+06
P14209;P14209-3	P14209;P14209-3				3.03702e+06
P14314-2	P14314;P14314-2				7.88694e+06
P14324;P14324-2	P14324;P14324-2				1.67913e+06
P14384	P14384				2.59395e+06
P14415	P14415				2.3962e+06
P14543	P14543;P14543-2				1.45685e+07
P14618-2	P14618;P14618-2;P14618-3				7.83572e+07
P14618;P14618-3	P14618;P14618-3				914114
P14621	P14621				6.38568e+06
P14625	P14625;Q58FF3				1.18923e+07
P14778	P14778				108505
P15086	P15085;P15086				822236
P15090	P15090				2.44221e+06
P15121	P15121				1.07495e+06
P15144	P15144				6.16332e+06
P15151;P15151-2;P15151-3;P15151-4	P15151;P15151-2;P15151-3;P15151-4				3.61126e+06
P15169	P15169				8.02238e+06
P15259	P15259				632038
P15289;P15289-2	P15289;P15289-2				4.22024e+06
P15291;P15291-2	P15291;P15291-2				7.68974e+06
P15502;P15502-1;P15502-10;P15502-12;P15502-13;P15502-2;P15502-4;P15502-5;P15502-6;P15502-7;P15502-9	P15502;P15502-1;P15502-10;P15502-12;P15502-13;P15502-2;P15502-4;P15502-5;P15502-6;P15502-7;P15502-9				2.50032e+06
P15509;P15509-2;P15509-3;P15509-5;P15509-7	P15509;P15509-3;P15509-2;P15509-5;P15509-7;P15509-8				3.59229e+06
P15531;P15531-2	P15531;P22392;O60361;P22392-2;P15531-2				5.1548e+06
P15586;P15586-2	P15586;P15586-2				3.65805e+06
P16035	P16035				8.28165e+07
P16070;P16070-10;P16070-11;P16070-12;P16070-13;P16070-14;P16070-15;P16070-16;P16070-17;P16070-18;P16070-3;P16070-4;P16070-5;P16070-6;P16070-7;P16070-8;P16070-9	P16070;P16070-10;P16070-11;P16070-12;P16070-13;P16070-14;P16070-15;P16070-16;P16070-17;P16070-18;P16070-3;P16070-4;P16070-5;P16070-6;P16070-7;P16070-8;P16070-9				1.6814e+08
P16083	P16083				594456
P16112;P16112-2;P16112-3	P16112;P16112-2;P16112-3				2.08693e+06
P16152	P16152				5.28934e+06
P16234;P16234-3	P16234;P16234-2;P16234-3				1.30083e+06
P16519;P16519-2;P16519-3	P16519;P16519-2;P16519-3				4.69048e+06
P16870;P16870-2	P16870;P16870-2				8.35057e+07
P16930	P16930				698045
P16949	P16949;P16949-2				5.31037e+06
P17174	P17174;P17174-2				4.73222e+07
P17405;P17405-4	P17405;P17405-4				1.59659e+06
P17677;P17677-2	P17677;P17677-2				4.13492e+06
P17813;P17813-2	P17813;P17813-2				1.37497e+06
P17900	P17900				1.81861e+08
P17931	P17931				3.11923e+06
P17936;P17936-2	P17936;P17936-2				9.70646e+06
P18065	P18065				9.14172e+07
P18075	P18075				240148
P18206;P18206-2	P18206;P18206-2				2.5795e+06
P18428	P18428				1.29483e+07
P18669	P15259;P18669				1.20887e+08
P19021;P19021-5;P19021-6	P19021;P19021-3;P19021-4;P19021-2;P19021-5;P19021-6				4.23915e+07
P19022	P19022;P19022-2				1.01823e+08
P19256;P19256-2;P19256-3	P19256;P19256-2;P19256-3				1.42108e+06
P19320	P19320;P19320-2;P19320-3				8.98753e+06
P19367;P19367-2;P19367-3;P19367-4	P19367;P19367-2;P19367-3;P19367-4				2.98935e+06
P19652	P19652				1.07116e+09
P19823	P19823				5.92067e+07
P19827	P19827;P19827-2				2.78595e+07
P19835	P19835				2.66702e+06
P20036	P20036				232366
P20062	P20062				1.57464e+07
P20138;P20138-2	P20138;P20138-2				1.2001e+06
P20366;P20366-2;P20366-3;P20366-4	P20366;P20366-2;P20366-3;P20366-4				1.10516e+07
P20382	P20382				1.1674e+06
P20472	P20472				1.99517e+07
P20618	P20618				6.99264e+06
P20742	P20742;P20742-2				3.26697e+06
P20774	P20774				2.79618e+08
P20827	P20827;P20827-2				1.63044e+07
P20908;P20908-2	P20908;P20908-2				1.0762e+06
P20916;P20916-2;P20916-3	P20916;P20916-2;P20916-3				8.60708e+06
P20933	P20933				3.7457e+07
P21333;P21333-2	P21333;P21333-2				3.99362e+06
P21554	P21554				1.74945e+06
P21579	P21579				1.0107e+07
P21583;P21583-2;P21583-3	P21583;P21583-2;P21583-3				1.74572e+06
P21589;P21589-2	P21589;P21589-2				681449
P21802;P21802-16;P21802-2;P21802-5;P21802-6;P21802-8	P21802;P21802-3;P21802-14;P21802-15;P21802-16;P21802-17;P21802-18;P21802-19;P21802-2;P21802-23;P21802-5;P21802-6;P21802-8				8.2221e+06
P21810	P21810				1.8629e+06
P21860;P21860-4	P21860;P21860-4				1.30606e+06
P21926	P21926				1.83833e+06
P22004	P22004				463895
P22061;P22061-2	P22061;P22061-2				1.91743e+07
P22105;P22105-1;P22105-4	P22105;P22105-1;P22105-4				1.16081e+07
P22303;P22303-2;P22303-4	P22303;P22303-2;P22303-3;P22303-4				1.95625e+06
P22304	P22304;P22304-2;P22304-3				3.04919e+07
P22352	P22352				8.3579e+07
P22607;P22607-2;P22607-3;P22607-4	P22607;P22607-2;P22607-3;P22607-4				1.63212e+07
P22676	P22676				1.36471e+06
P22692;P22692-2	P22692;P22692-2				8.13981e+07
P22748	P22748				5.22562e+06
P22792	P22792				1.12562e+07
P22794;P22794-2	P22794;P22794-2				3.60764e+06
P22891;P22891-2	P22891;P22891-2				1.73275e+06
P22897	P22897;P22897-2				5.88218e+06
P23083	P23083;P01743;A0A0C4DH29;A0A0C4DH31;A0A0C4DH33;A0A0J9YVY3;P0DP01				6.46947e+08
P23142	P23142				3.08186e+08
P23142-4	P23142-4				1.83367e+08
P23284	P23284				2.78702e+07
P23435	P23435				4.62288e+07
P23468	P23468;P23468-2;P23468-3;P23468-4;P23468-5;P23468-6;P23468-7				1.68401e+07
P23470;P23470-2	P23470;P23470-2				1.23521e+07
P23471;P23471-2	P23471;P23471-2;P23471-3				3.93661e+07
P23515	P23515				1.20237e+08
P23526;P23526-2	P23526;P23526-2				2.16066e+06
P23528	P23528				9.00428e+06
P23560;P23560-2;P23560-3;P23560-4;P23560-5	P23560;P23560-2;P23560-3;P23560-4;P23560-5				3.82479e+06
P23582	P23582				6.96068e+07
P24043	P24043				1.52544e+07
P24592	P24592				4.21086e+08
P24593	P24593				2.10212e+07
P24666;P24666-2;P24666-3;P24666-4	P24666;P24666-2;P24666-3;P24666-4				1.9905e+06
P24821;P24821-2;P24821-3;P24821-4;P24821-5;P24821-6	P24821;P24821-2;P24821-3;P24821-4;P24821-5;P24821-6				1.24393e+06
P25189;P25189-2	P25189;P25189-2				2.93937e+06
P25311	P25311				2.35955e+08
P25713	P25713				1.07314e+07
P25774;P25774-2	P25774;P25774-2				1.25967e+07
P25786;P25786-2	P25786;P25786-2				291825
P26038	P26038				3.95718e+06
P26447	P26447				708455
P26572	P26572				7.22982e+06
P26927	P26927;Q2TV78;Q2TV78-2				8.0972e+06
P26992	P26992				2.00098e+07
P27169	P27169				3.34562e+07
P27797	P27797				4.04475e+07
P27824;P27824-2	P27824;P27824-2;P27824-3				8.85412e+06
P28066	P28066				191016
P28161;P28161-2	P28161;P28161-2				729577
P28799;P28799-2	P28799;P28799-2				3.17725e+06
P28827;P28827-2	P28827;P28827-2				2.6704e+06
P28838;P28838-2	P28838;P28838-2				616891
P29120;P29120-2	P29120;P29120-2				1.28034e+07
P29218;P29218-3	P29218;P29218-3;P29218-2				4.83727e+06
P29279;P29279-2	P29279;P29279-2				586573
P29323;P29323-2;P29323-3	P29323;P29323-3;P29323-2				1.14757e+06
P29401;P29401-2	P29401;P29401-2				1.58978e+06
P29622	P29622				4.82991e+07
P29762	P29762				2.23922e+06
P29966	P29966				6.85662e+06
P30041	P30041				2.88504e+06
P30048;P30048-2	P30048;P30048-2				1.14524e+06
P30086	P30086				5.4618e+07
P30101	P30101				5.36311e+06
P30530;P30530-2	P30530;P30530-2				1.65333e+07
P30711	P30711				79530.2
P31146	P31146				84405.2
P31150	P31150				9.95649e+06
P31153	P31153				914736
P31321	P31321				350858
P31431;P31431-2	P31431;P31431-2				263318
P31946;P31946-2	P31946;P31946-2				2.12461e+06
P32004;P32004-2;P32004-3	P32004;P32004-2;P32004-3				1.09218e+07
P32119	P32119				9.94334e+06
P32926	P32926				588054
P33151	P33151;P33151-2				4.18293e+06
P33908	P33908				3.95136e+07
P34059	P34059				3.29954e+06
P34096	P34096				8.75951e+06
P34741	P34741				1.17279e+06
P34949;P34949-2	P34949;P34949-2				1.02155e+06
P35052	P35052				1.54179e+07
P35080	P35080				636307
P35237	P35237				1.51714e+06
P35318	P35318				2.85775e+06
P35442	P35442				5.69223e+06
P35443	P35443				1.18474e+07
P35475;P35475-2	P35475;P35475-2				432224
P35527	P35527				542074
P35542	P35542				1.32205e+08
P35555	P35555				4.78985e+06
P35590	P35590				2.61326e+06
P35858;P35858-2	P35858;P35858-2				1.13407e+07
P35968;P35968-2;P35968-3	P35968;P35968-2;P35968-3				2.75565e+06
P36222	P36222				1.43027e+08
P36871;P36871-2	P36871;P36871-2;P36871-3				3.20104e+06
P36955	P36955				9.78369e+08
P36957;P36957-2	P36957;P36957-2				7.17397e+07
P36980	P36980				4.46141e+07
P37173;P37173-2	P37173;P37173-2				2.98035e+06
P37235;P61601;P84074	P37235;P61601;P84074				434508
P37802;P37802-2	P37802;P37802-2				1.08999e+06
P37837;P37837-2	P37837;P37837-2				1.97901e+07
P38571;P38571-2	P38571;P38571-2				3.56184e+06
P39059	P39059				1.4389e+07
P39060;P39060-1;P39060-2	P39060;P39060-1;P39060-2				4.99184e+07
P39748;P39748-2	P39748;P39748-2				3.01116e+06
P40189	P40189;P40189-3				2.33916e+08
P40925;P40925-3	P40925;P40925-2;P40925-3				2.85854e+07
P40926	P40926;P40926-2				2.35407e+06
P40967;P40967-2;P40967-4;P40967-5	P40967;P40967-2;P40967-4;P40967-5				341068
P41217;P41217-2;P41217-3	P41217;P41217-2;P41217-3				2.72341e+06
P41222	P41222				5.97253e+09
P41271;P41271-2	P41271;P41271-2				8.34148e+07
P42262;P42262-2;P42262-3;P42262-4	P42262;P42262-2;P42262-3;P42262-4				866483
P42658;P42658-2	P42658;P42658-2				1.97142e+07
P42785	P42785;P42785-2				2.50269e+07
P42857;P42857-2	P42857;P42857-2				3.20355e+06
P43004;P43004-2;P43004-3	P43004;P43004-2;P43004-3				404176
P43121	P43121;P43121-2				8.86269e+07
P43146	P43146				1.55665e+07
P43234	P43234				2.5154e+06
P43251;P43251-2;P43251-3;P43251-4	P43251;P43251-2;P43251-3;P43251-4				9.31653e+07
P43652	P43652				2.38793e+08
P45877	P45877				8.22061e+06
P46459	P46459				3.72633e+06
P47972	P47972				1.74035e+07
P48058;P48058-2	P48058;P48058-2				1.99409e+07
P48061;P48061-2;P48061-3;P48061-4;P48061-5;P48061-6	P48061;P48061-2;P48061-3;P48061-4;P48061-5;P48061-6				7.67914e+06
P48147	P48147				1.22908e+06
P48163;P48163-2	P48163;P48163-2				351403
P48539	P48539				1.47232e+07
P48551;P48551-2;P48551-3	P48551;P48551-2;P48551-3				599676
P48637	P48637				3.1029e+06
P48723	P48723				5.63752e+06
P48740-2;P48740-4	P48740-2;P48740-4				1.55177e+07
P48740-3	P48740-3				1.38356e+07
P48745	P48745				9.12886e+06
P49221	P49221				1.26995e+07
P49257	P49257				5.37408e+06
P49418;P49418-2	P49418;P49418-2				1.37041e+06
P49641	P49641;P49641-1;P49641-2				2.07293e+07
P49747;P49747-2	P49747;P49747-2				4.30475e+06
P49767	P49767				269206
P49908	P49908				6.07371e+07
P50238	P50238				3.04633e+06
P50281	P50281				2.62937e+06
P50395	P50395;P50395-2				1.73002e+07
P50502;Q8NFI4	P50502;Q8NFI4				2.06594e+06
P50750-2	P50750-2				1.11491e+06
P50895	P50895				2.69244e+06
P50897	P50897;P50897-2				1.22935e+06
P50993	P05023;P13637;P20648;P50993;P05023-2;P05023-3;P05023-4;P13637-2;P13637-3				801904
P51688	P51688				882768
P51693	P51693;P51693-2				8.15894e+08
P51693-2	P51693-2				8.44158e+06
P51805	P51805				214043
P51884	P51884				1.36235e+08
P51888	P51888				2.54354e+07
P52565;P52565-2	P52565;P52565-2				529155
P52758	P52758				929379
P52797	P52797				2.81861e+06
P52799	P52799				4.77369e+06
P52803	P52803				1.04315e+07
P52848	P52848				1.7688e+06
P53041	P53041				2.70936e+06
P53634	P53634				6.61775e+06
P54253	P54253				2.74034e+08
P54289-2;P54289-3	P54289;P54289-2;P54289-3;P54289-4;P54289-5				7.1103e+07
P54652	P54652				1.27055e+06
P54727	P54725;P54727;P54725-2;P54725-3				2.81981e+06
P54764	P54764;P54764-2				2.5947e+07
P54802	P54802				1.33443e+07
P54803	P54803;P54803-3;P54803-4;P54803-5				1.98483e+06
P55056	P55056				423281
P55058	P55058;P55058-2;P55058-3;P55058-4				2.13403e+08
P55083;P55083-2	P55083;P55083-2				9.67486e+06
P55087;P55087-2	P55087;P55087-2				7.72179e+06
P55268	P55268				5.41348e+06
P55283;P55283-2	P55283;P55283-2				1.18264e+07
P55285;P55285-2	P55285;P55285-2				1.19312e+07
P55286	P55286				1.11777e+07
P55287;P55287-2	P55287;P55287-2				4.1317e+07
P55290;P55290-4	P55290;P55290-2;P55290-3;P55290-4;P55290-5				1.1949e+08
P55291	P55291				6.00951e+06
P55786	P55786;P55786-2				3.14146e+06
P55957;P55957-2	P55957;P55957-2;P55957-4				460290
P56159;P56159-2	P56159;P56159-2				4.20128e+06
P56817;P56817-2	P56817;P56817-2;P56817-3;P56817-4;P56817-5;P56817-6				2.12014e+06
P57087;P57087-2;P57087-3	P57087;P57087-2;P57087-3				2.44832e+06
P58215	P58215				751381
P58400	P58400;P58400-1				3.79898e+06
P58401	P58401				2.66938e+06
P58417	O95156;P58417				7.27456e+06
P59282;Q9BW30	P59282;Q9BW30				368681
P60174;P60174-3	P60174;P60174-3;P60174-4				1.76445e+07
P60520	O95166;P60520;Q9H0R8;Q9H0R8-2				1.42737e+06
P60660;P60660-2	P60660;P60660-2				917389
P60709;P63261	P60709;P63261				7.31139e+07
P60900;P60900-2	P60900;P60900-2				22062.9
P60983	O60234;P60983				1.1885e+06
P61018;P61018-2	O95716;P20336;P20337;P20338;P61006;P61018;P61026;P61106;P62820;Q15286;Q15771;Q6IQ22;Q86YS6;Q92930;Q96AX2;Q96DA2;Q96E17;Q9H0U4;Q92928;P61006-2;Q15286-2;Q86YS6-2;P61018-2;Q15771-2;Q96AX2-2;Q96AX2-3;Q96AX2-4				2.57281e+06
P61088	P61088				515058
P61204;P61204-2;P84077;P84085	P18085;P61204;P84077;P84085;P61204-2				680876
P61278	P61278				4.22064e+07
P61604	P61604				177443
P61626	P61626				6.78859e+07
P61769	P61769				1.86401e+09
P61812;P61812-2	P61812;P61812-2				101337
P61916	P61916;P61916-2				6.35835e+07
P61970	P61970				4.14808e+06
P61981	P61981				1.80216e+07
P62258;P62258-2	P62258;P62258-2				7.69318e+06
P62328	P62328;P63313				1.97655e+07
P62937	P62937				1.69863e+07
P62942	P62942				3.2787e+06
P62993	P62993;P62993-2				1.87946e+06
P63010;P63010-2;P63010-3	P63010;P63010-2;Q10567;Q10567-3;P63010-3;Q10567-2;Q10567-4				5.28237e+06
P63104	P63104;P63104-2				4.18923e+06
P63208	P63208;P63208-2				4.2504e+06
P68032;P68133	P62736;P63267;P68032;P68133				5.12019e+06
P68036	P68036;A0A1B0GUS4;P68036-2;P68036-3				1.30273e+06
P68104;Q05639;Q5VTE0	P68104;Q05639;Q5VTE0				593538
P68363;Q71U36;Q71U36-2;Q9BQE3	P0DPH7;P0DPH8;P68363;P68366;Q6PEY2;Q71U36;Q9BQE3;P0DPH7-2;P68363-2;P68366-2;Q71U36-2				554956
P68871	P02042;P68871				5.31863e+06
P69849;Q15155;Q5JPE7;Q5JPE7-2	P69849;Q15155;Q5JPE7;Q5JPE7-2;Q5JPE7-3				553942
P69905	P69905				5.52863e+06
P78310;P78310-2;P78310-5;P78310-6;P78310-7	P78310;P78310-2;P78310-4;P78310-5;P78310-6;P78310-7				1.53665e+06
P78324;P78324-2	P78324;Q9P1W8;Q5TFQ8;P78324-2;P78324-4;Q9P1W8-2;Q9P1W8-3;Q9P1W8-4				4.3489e+07
P78330	P78330				348425
P78417;P78417-3	P78417;P78417-3				3.54536e+06
P78509;P78509-2;P78509-3	P78509;P78509-2;P78509-3				1.55214e+07
P78536;P78536-2	P78536;P78536-2				1.27695e+06
P78539;P78539-2;P78539-3;P78539-5	P78539;P78539-2;P78539-3;P78539-4;P78539-5				4.9429e+06
P80108	P80108				9.09547e+06
P80188;P80188-2	P80188;P80188-2				2.2452e+06
P80303;P80303-2	P80303;P80303-2				5.26609e+06
P80723	P80723;P80723-2				9.57749e+06
P80748	P80748				4.34526e+07
P82987;P82987-2	P82987;P82987-2				501667
P84157-2	P84157;P84157-2;P84157-3				506322
P98095;P98095-2	P98095;P98095-2				1.07176e+07
P98153;P98153-2;P98153-3	P98153;P98153-2;P98153-3				2.27364e+06
P98155;P98155-2	P98155;P98155-2				866945
P98160	P98160				6.93765e+07
P98164	P98164				152603
P98172	P98172				6.13937e+06
P98173;P98173-2;P98173-3	P98173;P98173-2;P98173-3				1.92394e+06
P99999	P99999				4.41695e+06
Q00973	Q00973;Q00973-2;Q00973-3				4.13461e+06
Q01459	Q01459				2.62612e+07
Q01469	Q01469				6.96334e+06
Q01995	Q01995				1.98811e+07
Q02246	Q02246				4.56293e+07
Q02487;Q02487-2	Q02487;Q02487-2				8.02072e+06
Q02790	Q02790				106144
Q02809;Q02809-2	Q02809;Q02809-2				5.49586e+06
Q02818	Q02818				2.96263e+07
Q02985;Q02985-2	Q02985;Q92496;Q02985-2;Q92496-2;Q92496-3				9.32022e+06
Q03167;Q03167-2	Q03167;Q03167-2				1.24887e+07
Q03591	Q03591				997437
Q04721	Q04721				5.49337e+06
Q04756	Q04756				5.21389e+06
Q04760;Q04760-2	Q04760;Q04760-2				2.79131e+06
Q05707;Q05707-2	Q05707;Q05707-2;Q05707-3				4.29122e+06
Q05996;Q05996-2	Q05996;Q05996-2				1.0744e+06
Q06033;Q06033-2	Q06033;Q06033-2				1.12939e+07
Q06418	Q06418				1.58769e+07
Q06481	Q06481;Q06481-3;Q06481-6				4.04484e+07
Q06828	Q06828				8.16947e+07
Q06830	Q06830;Q13162				9.25387e+06
Q07092;Q07092-2	Q07092;Q07092-2				2.2487e+06
Q07507	Q07507				1.04514e+07
Q07954	Q07954				9.65169e+06
Q08174-2	Q08174;Q08174-2				9.32641e+06
Q08345;Q08345-5	Q08345;Q08345-2;Q08345-4;Q08345-5;Q08345-6				2.88119e+07
Q08380	Q08380				1.92293e+08
Q08397	Q08397				1.01482e+06
Q08431;Q08431-4	Q08431;Q08431-3;Q08431-4				3.34369e+06
Q08554;Q08554-2	Q08554;Q08554-2				6.34885e+06
Q08629	Q08629				1.1328e+07
Q08ET2	O15389;Q08ET2				7.45746e+06
Q09327	Q09327				978774
Q09328	Q09328				7.2753e+06
Q0P6D2	Q0P6D2;Q0P6D2-2				1.18261e+07
Q10469	Q10469				2.17859e+06
Q10471	Q10471				6.33774e+06
Q10472	Q10472				4.02644e+06
Q10588	Q10588;Q10588-2				4.65256e+06
Q10589;Q10589-2	Q10589;Q10589-2				382452
Q12765;Q12765-2;Q12765-3	Q12765;Q12765-2;Q12765-3				746948
Q12794;Q12794-2;Q12794-7	Q12794;Q12794-2;Q12794-4;Q12794-7				2.8503e+06
Q12797;Q12797-10	Q12797;Q12797-10				2.66996e+06
Q12805;Q12805-2;Q12805-3;Q12805-4;Q12805-5	Q12805;Q12805-2;Q12805-3;Q12805-4;Q12805-5				3.09313e+08
Q12841;Q12841-2	Q12841;Q12841-2				9.49694e+06
Q12860	Q12860;Q12860-2				9.12127e+07
Q12866	Q12866				2.96399e+06
Q12884	Q12884				131500
Q12907	Q12907				6.6131e+07
Q12913;Q12913-3	Q12913;Q12913-2;Q12913-3				3.01265e+06
Q13201;Q13201-2	Q13201;Q13201-2				1.03e+06
Q13214;Q13214-2	Q13214;Q13214-2				3.42227e+06
Q13217	Q13217				4.7402e+06
Q13228;Q13228-4	Q13228;Q13228-2;Q13228-3;Q13228-4				1.77669e+07
Q13231;Q13231-2;Q13231-3	Q13231;Q13231-2;Q13231-3;Q13231-4				2.82307e+06
Q13232	Q13232				283642
Q13275-2	Q13275;Q13275-2				1.58272e+06
Q13308;Q13308-2;Q13308-3;Q13308-4;Q13308-5;Q13308-6	Q13308;Q13308-2;Q13308-3;Q13308-4;Q13308-5;Q13308-6				1.55242e+06
Q13332-7	Q13332-5;Q13332-7				1.89394e+06
Q13332;Q13332-3;Q13332-4	Q13332;Q13332-2;Q13332-3;Q13332-4;Q13332-5;Q13332-6;Q13332-7				2.34807e+07
Q13404;Q13404-1;Q13404-2;Q13404-7	Q13404;Q13404-1;Q13404-2;Q13404-6;Q13404-7				2.62893e+06
Q13421-2;Q13421-3;Q13421-4	Q13421;Q13421-2;Q13421-3;Q13421-4				2.09947e+06
Q13433	Q13433				752234
Q13443;Q13443-2	Q13443;Q13443-2				2.9357e+06
Q13444;Q13444-10;Q13444-12;Q13444-2;Q13444-3;Q13444-4;Q13444-5;Q13444-6;Q13444-7;Q13444-8;Q13444-9	Q13444;Q13444-2;Q13444-10;Q13444-11;Q13444-12;Q13444-3;Q13444-4;Q13444-5;Q13444-6;Q13444-7;Q13444-8;Q13444-9				1.04792e+06
Q13449	Q13449				3.61195e+08
Q13508;Q13508-2;Q13508-3	Q13508;Q13508-2;Q13508-3				2.38046e+07
Q13510;Q13510-2	Q13510;Q13510-2;Q13510-3				1.56109e+07
Q13554;Q13554-2;Q13554-3;Q13554-4;Q13554-5;Q13554-7;Q13554-8	Q13554;Q13554-3;Q13554-2;Q13554-4;Q13554-5;Q13554-6;Q13554-7;Q13554-8				8.16668e+06
Q13555;Q13555-10;Q13555-11;Q13555-2;Q13555-3;Q13555-4;Q13555-5;Q13555-6;Q13555-7;Q13555-8;Q13555-9	Q13555;Q13555-5;Q13555-10;Q13555-11;Q13555-2;Q13555-3;Q13555-4;Q13555-6;Q13555-7;Q13555-8;Q13555-9				2.35677e+06
Q13557;Q13557-10;Q13557-11;Q13557-12;Q13557-3;Q13557-4;Q13557-5;Q13557-6;Q13557-8;Q13557-9	Q13557;Q13557-8;Q13557-10;Q13557-11;Q13557-12;Q13557-3;Q13557-4;Q13557-5;Q13557-6;Q13557-9				685687
Q13634;Q13634-2	Q13634;Q13634-2				5.3705e+06
Q13641	Q13641				1.94126e+06
Q13740;Q13740-2	Q13740;Q13740-2;Q13740-3				3.35663e+07
Q13790	Q13790				2.8068e+06
Q13822-3	Q13822;Q13822-3				5.61284e+08
Q13867	Q13867				3.34178e+07
Q14019	Q14019				9.78595e+06
Q14112;Q14112-2	Q14112;Q14112-2				6.89271e+06
Q14118	Q14118				1.67593e+08
Q14126	Q14126				2.85242e+06
Q14165	Q14165				5.29325e+06
Q14213	Q14213				1.12292e+06
Q14242;Q14242-2	Q14242;Q14242-2				6.09784e+06
Q14257;Q14257-2	Q14257;Q14257-2				2.05011e+06
Q14314	Q14314				1.06123e+07
Q14315;Q14315-2	Q14315;Q14315-2				7.6099e+06
Q14393;Q14393-1;Q14393-3;Q14393-4;Q14393-5	Q14393;Q14393-1;Q14393-3;Q14393-4;Q14393-5				9.00907e+06
Q14515	Q14515;Q14515-2				1.65086e+08
Q14517	Q14517				760712
Q14520;Q14520-2	Q14520;Q14520-2				1.833e+07
Q14563	Q14563				999494
Q14574;Q14574-2	Q14574;Q14574-2				3.99263e+06
Q14624	Q14624				1.6129e+08
Q14696	Q14696				1.69222e+06
Q14697;Q14697-2	Q14697;Q14697-2				1.11211e+07
Q14766	Q14766;Q14766-4				6.41334e+06
Q14767	Q14767				6.89192e+06
Q14894	Q14894				2.04272e+06
Q14956;Q14956-2	Q14956;Q14956-2				1.55199e+06
Q14982;Q14982-2;Q14982-3;Q14982-4	Q14982;Q14982-2;Q14982-3;Q14982-4				3.55771e+07
Q14C87	Q14C87;Q14C87-2				4.20378e+06
Q14CZ8	Q14CZ8				9.23444e+06
Q14DG7	Q14DG7;Q14DG7-2				2.64488e+06
Q15063;Q15063-2;Q15063-3;Q15063-4;Q15063-5;Q15063-6;Q15063-7	Q15063;Q15063-2;Q15063-3;Q15063-4;Q15063-5;Q15063-6;Q15063-7				1.95182e+06
Q15084;Q15084-2;Q15084-3;Q15084-4;Q15084-5	Q15084;Q15084-2;Q15084-3;Q15084-4;Q15084-5				1.07491e+06
Q15113	Q15113				7.49203e+07
Q15166	Q15166				9.93414e+06
Q15223;Q15223-2;Q15223-3	Q15223;Q15223-2;Q15223-3				2.80908e+07
Q15256;Q15256-5	Q15256;Q15256-5				2.14468e+06
Q15257;Q15257-2;Q15257-3	Q15257;Q15257-2;Q15257-3				977282
Q15262;Q15262-2;Q15262-3;Q15262-4	Q15262;Q15262-2;Q15262-3;Q15262-4				3.45983e+06
Q15293;Q15293-2	Q15293;Q15293-2				3.29233e+06
Q15303;Q15303-2;Q15303-3;Q15303-4	Q15303;Q15303-2;Q15303-3;Q15303-4				1.77036e+06
Q15375;Q15375-2;Q15375-4	Q15375;Q15375-2;Q15375-4				1.98409e+06
Q15459;Q15459-2	Q15459;Q15459-2				1.03745e+06
Q15465	Q15465				2.22554e+06
Q15582	Q15582				5.07594e+07
Q15768	Q15768				3.08234e+06
Q15782;Q15782-6	Q15782;Q15782-6				5.80732e+06
Q15818	Q15818				7.62204e+07
Q15828	Q15828				1.79809e+06
Q15846	Q15846				1.58101e+06
Q15848	Q15848				1.07027e+07
Q15904	Q15904				6.84987e+07
Q16270	Q16270;Q16270-2				5.86627e+08
Q16288;Q16288-2;Q16288-3;Q16288-4;Q16288-5	Q16288;Q16288-2;Q16288-3;Q16288-4;Q16288-5				9.05809e+06
Q16363;Q16363-2	Q16363;Q16363-2				939029
Q16394	Q16394				967853
Q16531	Q16531				1.94547e+06
Q16555;Q16555-2	Q16555;Q16555-2				695434
Q16568	Q16568				5.32342e+06
Q16581	Q16581				3.56151e+06
Q16610;Q16610-4	Q16610;Q16610-2;Q16610-3;Q16610-4				7.20757e+07
Q16620;Q16620-2;Q16620-3;Q16620-4;Q16620-5;Q16620-6	Q16620;Q16620-2;Q16620-3;Q16620-4;Q16620-5;Q16620-6				1.1392e+07
Q16627;Q16627-2	Q16627;Q16627-2				1.83533e+06
Q16653;Q16653-10;Q16653-11;Q16653-13;Q16653-2;Q16653-3;Q16653-5;Q16653-6;Q16653-7;Q16653-8;Q16653-9	Q16653;Q16653-10;Q16653-11;Q16653-13;Q16653-2;Q16653-3;Q16653-5;Q16653-6;Q16653-7;Q16653-8;Q16653-9				1.52965e+07
Q16658	Q16658				1.22426e+06
Q16674	Q16674				1.86191e+07
Q16706	Q16706				1.09306e+07
Q16769	Q16769				3.96978e+07
Q16775;Q16775-2	Q16775;Q16775-2				120599
Q16799	Q16799				1.8558e+06
Q16849	Q16849;Q16849-3;Q16849-2				2.77756e+07
Q16853;Q16853-2	Q16853;Q16853-2				2.26221e+06
Q16880	Q16880				1.35927e+07
Q16881;Q16881-2;Q16881-3;Q16881-4;Q16881-5;Q16881-6;Q16881-7	Q16881;Q16881-4;Q16881-5;Q16881-2;Q16881-3;Q16881-6;Q16881-7				1.69606e+06
Q16891;Q16891-2;Q16891-3;Q16891-4	Q16891;Q16891-2;Q16891-3;Q16891-4				1.24356e+06
Q24JP5;Q24JP5-2	Q24JP5;Q24JP5-2;Q24JP5-3				1.70724e+07
Q2TAL6	Q2TAL6				476120
Q495W5	Q495W5;Q495W5-2				3.63395e+06
Q496H8	Q496H8				326810
Q4G0P3	Q4G0P3;Q4G0P3-10;Q4G0P3-5;Q4G0P3-6;Q4G0P3-8				3.15858e+07
Q4G148;Q4G148-2	Q4G148;Q4G148-2				616431
Q4KWH8;Q4KWH8-3;Q4KWH8-4	Q4KWH8;Q4KWH8-2;Q4KWH8-3;Q4KWH8-4				6.49477e+06
Q504Y0;Q504Y0-4;Q504Y0-5	Q504Y0;Q504Y0-4;Q504Y0-5				379000
Q53EL9;Q53EL9-3	Q53EL9;Q53EL9-2;Q53EL9-3				4.80703e+07
Q53RD9;Q53RD9-2;Q53RD9-3;Q53RD9-4	Q53RD9;Q53RD9-2;Q53RD9-3;Q53RD9-4				5.33122e+06
Q53RT3;Q53RT3-2	Q53RT3;Q53RT3-2				724746
Q562R1	Q562R1				4.5225e+07
Q58EX2;Q58EX2-2;Q58EX2-3;Q58EX2-4	Q58EX2;Q58EX2-2;Q58EX2-3;Q58EX2-4				532009
Q59EK9;Q59EK9-2;Q59EK9-3;Q59EK9-4	Q59EK9;Q59EK9-3;Q59EK9-2;Q59EK9-4				787315
Q5BIV9	Q5BIV9				9.61731e+06
Q5BLP8;Q5BLP8-2;Q5BLP8-3	Q5BLP8;Q5BLP8-2;Q5BLP8-3				1.80415e+07
Q5FWE3;Q5FWE3-3	Q5FWE3;Q5FWE3-3				2.54991e+07
Q5JRA6;Q5JRA6-2	Q5JRA6;Q5JRA6-2				2.27514e+06
Q5JS37;Q5JS37-2	Q5JS37;Q5JS37-2				1.0626e+06
Q5JTV8;Q5JTV8-3	Q5JTV8;Q5JTV8-3				378633
Q5JZY3;Q5JZY3-2;Q5JZY3-3	Q5JZY3;Q5JZY3-2;Q5JZY3-3				2.59587e+06
Q5KU26	Q5KU26				2.73974e+07
Q5R3F8	Q5R3F8				1.72514e+06
Q5SZK8;Q5SZK8-2	Q5SZK8;Q5SZK8-2				2.44381e+06
Q5T848	Q5T848				6.73013e+06
Q5VSG8	Q5VSG8				8.89773e+06
Q5VU97	Q5VU97				9.27948e+06
Q5VUB5	Q5VUB5				1.31954e+06
Q5VV43;Q5VV43-2;Q5VV43-4	Q5VV43;Q5VV43-2;Q5VV43-4				997783
Q5VWW1;Q5VWW1-2;Q5VWW1-3	Q5VWW1;Q5VWW1-2;Q5VWW1-3				715849
Q63HQ2;Q63HQ2-2	Q63HQ2;Q63HQ2-2				1.24793e+06
Q641Q3;Q641Q3-2	Q641Q3;Q641Q3-2				8.7976e+06
Q658N2	Q658N2				3.3095e+06
Q68BL7;Q68BL7-2;Q68BL7-3	Q68BL7;Q68BL7-2;Q68BL7-3				7.27942e+06
Q68D85	Q68D85				1.5406e+06
Q6E0U4;Q6E0U4-16;Q6E0U4-2;Q6E0U4-3;Q6E0U4-4;Q6E0U4-5;Q6E0U4-6;Q6E0U4-7	Q6E0U4;Q6E0U4-16;Q6E0U4-2;Q6E0U4-3;Q6E0U4-4;Q6E0U4-5;Q6E0U4-6;Q6E0U4-7				848646
Q6EMK4	Q6EMK4				1.61054e+07
Q6FHJ7	Q6FHJ7				6.62521e+06
Q6GTX8;Q6GTX8-2;Q6GTX8-3;Q6GTX8-4;Q6ISS4;Q6ISS4-2	Q6GTX8;Q6ISS4;Q6GTX8-2;Q6GTX8-3;Q6GTX8-4;Q6ISS4-2				1.18939e+07
Q6IEE7	Q6IEE7				137987
Q6IS24	Q6IS24				6.02838e+06
Q6MZW2	Q6MZW2;Q6MZW2-2;Q6MZW2-3				7.78305e+06
Q6NUJ2	Q6NUJ2				2.40635e+06
Q6NW40	Q6NW40				2.90334e+07
Q6P179;Q6P179-2;Q6P179-3;Q6P179-4	Q6P179;Q6P179-2;Q6P179-3;Q6P179-4				812290
Q6P4E1;Q6P4E1-5	Q6P4E1;Q6P4E1-2;Q6P4E1-5				2.43714e+06
Q6P9A2	Q6P9A2				2.4508e+06
Q6PCB0	Q6PCB0				401254
Q6PK18	Q6PK18;Q6PK18-2				418584
Q6PUV4	Q6PUV4				1.5195e+06
Q6RVD6	Q6RVD6				1.06127e+06
Q6UVK1	Q6UVK1				1.79986e+07
Q6UVY6;Q6UVY6-2	Q6UVY6;Q6UVY6-2				2.04684e+06
Q6UW01	Q6UW01				8.25454e+07
Q6UWH4;Q6UWH4-2	Q6UWH4;Q6UWH4-2;Q6UWH4-3				3.82434e+06
Q6UWP8	Q6UWP8;Q6UWP8-2				276974
Q6UWR7	Q6UWR7				3.42669e+06
Q6UWY5	Q6UWY5				2.5026e+06
Q6UX15;Q6UX15-2	Q6UX15;Q6UX15-2				8.24089e+06
Q6UX71	Q6UX71;Q6UX71-2				3.88752e+07
Q6UX72	Q6UX72				3.07621e+06
Q6UX73;Q6UX73-2	Q6UX73;Q6UX73-2				1.83881e+07
Q6UXB8	Q6UXB8;Q6UXB8-2				3.6978e+07
Q6UXD5-3;Q6UXD5-5	Q6UXD5;Q6UXD5-2;Q6UXD5-3;Q6UXD5-4;Q6UXD5-5;Q6UXD5-6				5.29035e+07
Q6UXH9;Q6UXH9-2	Q6UXH9;Q6UXH9-2;Q6UXH9-3				3.04634e+06
Q6UXI9;Q6UXI9-3;Q6UXI9-4;Q6UXI9-5;Q6UXI9-6	Q6UXI9;Q6UXI9-2;Q6UXI9-3;Q6UXI9-4;Q6UXI9-5;Q6UXI9-6				1.91211e+06
Q6UXK2	Q6UXK2				4.67913e+07
Q6UXK5	Q6UXK5				5.62519e+06
Q6UXZ4;Q6UXZ4-2	Q6UXZ4;Q6UXZ4-2				3.16339e+06
Q6UY14;Q6UY14-2;Q6UY14-3	Q6UY14;Q6UY14-3;Q6UY14-2				2.6439e+06
Q6YHK3	Q6YHK3;Q6YHK3-2;Q6YHK3-4				5.89918e+06
Q6ZMI3	Q6ZMI3;Q6ZMI3-2				1.32729e+07
Q6ZN30;Q6ZN30-2	Q6ZN30;Q6ZN30-2				1.28663e+06
Q6ZRP7	Q6ZRP7				7.51729e+06
Q6ZSJ9;Q6ZSJ9-2;Q6ZSJ9-3	Q6ZSJ9;Q6ZSJ9-2;Q6ZSJ9-3				3.45973e+07
Q6ZVL6	Q6ZVL6;Q6ZVL6-2				5.45786e+06
Q76KP1	Q76KP1				1.05574e+06
Q76LX8;Q76LX8-2;Q76LX8-3;Q76LX8-4	Q76LX8;Q76LX8-2;Q76LX8-3;Q76LX8-4				118850
Q7KYR7;Q7KYR7-1;Q7KYR7-4;Q7KYR7-6;Q8WVV5;Q8WVV5-2;Q8WVV5-3	Q7KYR7;Q8WVV5;Q7KYR7-4;Q7KYR7-1;Q7KYR7-5;Q7KYR7-6;Q8WVV5-2;Q8WVV5-3				1.02035e+06
Q7L014	Q7L014				6.16085e+07
Q7L0X0	Q7L0X0				2.0257e+06
Q7L985	Q7L985				411413
Q7LFX5	Q7LFX5				1.01754e+07
Q7LGC8	Q7LGC8				34859.1
Q7Z304	Q7Z304				988559
Q7Z3B1	Q7Z3B1;Q7Z3B1-2				1.00395e+08
Q7Z3D4	Q7Z3D4				549933
Q7Z553;Q7Z553-3	Q7Z553;Q7Z553-2;Q7Z553-3				1.23655e+06
Q7Z5A7;Q7Z5A7-2	Q7Z5A7;Q7Z5A7-2;Q7Z5A7-3				7.76425e+06
Q7Z5L0	Q7Z5L0				598035
Q7Z5L3	Q7Z5L3				4.3422e+06
Q7Z5L7;Q7Z5L7-2;Q7Z5L7-3	Q7Z5L7;Q7Z5L7-2;Q7Z5L7-3;Q7Z5L7-4				2.3398e+06
Q7Z5N4;Q7Z5N4-3	Q7Z5N4;Q7Z5N4-3				222029
Q7Z7G0;Q7Z7G0-2;Q7Z7G0-3;Q7Z7G0-4	Q7Z7G0;Q7Z7G0-2;Q7Z7G0-3;Q7Z7G0-4				1.67734e+06
Q7Z7H5;Q7Z7H5-3	Q7Z7H5;Q7Z7H5-2;Q7Z7H5-3				1.78062e+06
Q7Z7M0	Q7Z7M0;Q7Z7M0-2				5.54177e+07
Q7Z7M8	Q7Z7M8				248080
Q7Z7M9	Q7Z7M9				2.04825e+06
Q86SF2	Q86SF2				7.73366e+06
Q86SJ2	Q86SJ2				272440
Q86SR1	Q86SR1;Q86SR1-2;Q86SR1-3				3.25887e+07
Q86TY3;Q86TY3-2	Q86TY3;Q86TY3-2				1.87777e+07
Q86UD1	Q86UD1				1.075e+07
Q86UN2	Q86UN2				9.517e+06
Q86UN3	Q86UN3				1.94512e+07
Q86UP0;Q86UP0-2	Q86UP0;Q86UP0-2				7.50869e+06
Q86UW8	Q86UW8				1.41646e+06
Q86UX2	Q86UX2;Q86UX2-2;Q86UX2-3				2.77196e+07
Q86V85	Q86V85				648045
Q86VB7;Q86VB7-2;Q86VB7-3;Q86VB7-4	Q86VB7;Q86VB7-2;Q86VB7-3;Q86VB7-4				2.35056e+07
Q86VV8;Q86VV8-3	Q86VV8;Q86VV8-3				4.09204e+06
Q86VZ4	Q86VZ4				4.01684e+06
Q86X29;Q86X29-2;Q86X29-3;Q86X29-4;Q86X29-5;Q86X29-6	Q86X29;Q86X29-2;Q86X29-3;Q86X29-4;Q86X29-5;Q86X29-6				3.55761e+06
Q86XR7-2;Q9Y3B3;Q9Y3B3-2	Q9Y3B3;Q86XR7-2;Q9Y3B3-2				2.46829e+06
Q86Y38	Q86Y38				1.15351e+07
Q86Y82	Q86Y82				1.3968e+06
Q86YD3;Q86YD3-2;Q86YD3-4;Q86YD3-5	Q86YD3;Q86YD3-2;Q86YD3-4;Q86YD3-5				5.37095e+06
Q86YT9;Q86YT9-2;Q86YT9-3;Q86YT9-4	Q86YT9;Q86YT9-2;Q86YT9-3;Q86YT9-4				823559
Q8IUC8	Q10472;Q8IUC8;Q8IUC8-3;Q8IUC8-2				5.7023e+06
Q8IUK5;Q8IUK5-2;Q8IUK5-3	Q8IUK5;Q8IUK5-2;Q8IUK5-3;Q8IUK5-4				8.99504e+06
Q8IUK8	Q8IUK8				1.39139e+07
Q8IUX7	Q8IUX7;Q8IUX7-2				1.8175e+07
Q8IV08	Q8IV08				2.51067e+07
Q8IW52	Q8IW52				5.90321e+06
Q8IWT1	Q8IWT1				3.60711e+06
Q8IWU5;Q8IWU5-2	Q8IWU5;Q8IWU5-2				2.77221e+07
Q8IWV2	Q8IWV2				7.28246e+06
Q8IWY4	Q8IWY4				2.56621e+06
Q8IXL6	Q8IXL6;Q8IXL6-2				9.02178e+06
Q8IYJ0;Q8IYJ0-2	Q8IYJ0;Q8IYJ0-2				3.55935e+07
Q8IYS5-2;Q8IYS5-3;Q8IYS5-6	Q8IYS5;Q8IYS5-2;Q8IYS5-3;Q8IYS5-4;Q8IYS5-5;Q8IYS5-6;Q8IYS5-7				4.22533e+06
Q8IZA0;Q8IZA0-2	Q8IZA0;Q8IZA0-2				5.92793e+06
Q8IZJ1;Q8IZJ1-2	Q8IZJ1;Q8IZJ1-2				2.26529e+06
Q8IZJ3;Q8IZJ3-2	Q8IZJ3;Q8IZJ3-2				1.13029e+06
Q8IZP7	Q8IZP7				6.0857e+06
Q8IZS8	Q8IZS8;Q8IZS8-2				3.20024e+06
Q8N114;Q8N114-2	Q8N114;Q8N114-2				3.12957e+07
Q8N126;Q8N126-2	Q8N126;Q8N126-2;Q8N126-3				5.18671e+07
Q8N149;Q8N149-2;Q8N149-3;Q8N149-4	Q8N149;Q8N149-2;Q8N149-3;Q8N149-4				3.78007e+06
Q8N2Q7;Q8N2Q7-2	Q8N2Q7;Q8N2Q7-2				3.15455e+06
Q8N2S1;Q8N2S1-2;Q8N2S1-3	Q8N2S1;Q8N2S1-2;Q8N2S1-3				1.48719e+07
Q8N3G9;Q8N3G9-2;Q8N3G9-3	Q8N3G9;Q8N3G9-2;Q8N3G9-3				236287
Q8N3J2	Q8N3J2				2.81974e+07
Q8N3J6;Q8N3J6-2;Q8N3J6-3;Q8N3J6-4;Q8N3J6-5	Q8N3J6;Q8N3J6-2;Q8N3J6-3;Q8N3J6-4;Q8N3J6-5				8.94503e+06
Q8N3T1	Q8N3T1				966496
Q8N3T6	Q8N3T6				5.08463e+06
Q8N428	Q8N428;Q8N428-2				1.79777e+06
Q8N436	Q8N436				1.41317e+06
Q8N474	Q8N474				1.40329e+06
Q8N475;Q8N475-2	Q8N475;Q8N475-2;Q8N475-3				3.91942e+06
Q8N608;Q8N608-2;Q8N608-3;Q8N608-4	Q8N608;Q8N608-2;Q8N608-3;Q8N608-4				500735
Q8N6C5;Q8N6C5-2;Q8N6C5-4	Q8N6C5;Q8N6C5-2;Q8N6C5-4				6.05676e+06
Q8N967	Q8N967				1.36461e+06
Q8NBI6	Q8NBI6				3.65612e+06
Q8NBJ4;Q8NBJ4-2	Q8NBJ4;Q8NBJ4-2				1.31608e+07
Q8NBJ7;Q8NBJ7-2	Q8NBJ7;Q8NBJ7-2;Q8NBJ7-3				875632
Q8NBP7	Q8NBP7				2.45991e+06
Q8NBS9;Q8NBS9-2	Q8NBS9;Q8NBS9-2				2.54221e+06
Q8NC42	Q8NC42				881111
Q8NCC3	Q8NCC3;Q8NCC3-2				3.34835e+06
Q8NCH0	Q8NCH0				762791
Q8NCL4	Q8NCL4				7.14704e+06
Q8NCT1	Q8NCT1				1.6585e+06
Q8NCW5;Q8NCW5-2	Q8NCW5;Q8NCW5-2				5.16542e+06
Q8NEP3;Q8NEP3-2;Q8NEP3-3	Q8NEP3;Q8NEP3-2;Q8NEP3-3				4.44294e+09
Q8NES3;Q8NES3-3	Q8NES3;Q8NES3-3				1.12159e+07
Q8NEY1;Q8NEY1-2;Q8NEY1-3;Q8NEY1-4;Q8NEY1-6;Q8NEY1-7	Q8NEY1;Q8NEY1-2;Q8NEY1-3;Q8NEY1-4;Q8NEY1-6;Q8NEY1-7				4.15449e+07
Q8NFL0	Q8NFL0				270474
Q8NFP4;Q8NFP4-2	Q8NFP4;Q8NFP4-2				1.02078e+06
Q8NFT8	Q8NFT8				680011
Q8NFY4;Q8NFY4-6	Q8NFY4;Q8NFY4-2;Q8NFY4-3;Q8NFY4-4;Q8NFY4-5;Q8NFY4-6;Q8NFY4-8				6.06048e+06
Q8NFZ4	Q8NFZ4				1.05843e+07
Q8NFZ8	Q8NFZ8				7.80958e+07
Q8NHJ6;Q8NHJ6-2;Q8NHJ6-3	Q8NHJ6;Q8NHJ6-2;Q8NHJ6-3				637067
Q8NHP8	Q8NHP8;Q8NHP8-2				1.16604e+07
Q8NHQ9	Q8NHQ9				4.3732e+08
Q8TAB3;Q8TAB3-2;Q8TAB3-3	Q8TAB3;Q8TAB3-2;Q8TAB3-3				2.70582e+06
Q8TAG5;Q8TAG5-2	Q8TAG5;Q8TAG5-2				4.10818e+07
Q8TB96	Q8TB96				314115
Q8TBP5	Q8TBP5				8.70511e+06
Q8TCU4;Q8TCU4-2	Q8TCU4;Q8TCU4-2;Q8TCU4-3				5.78557e+06
Q8TCZ2	Q8TCZ2;Q8TCZ2-2;Q8TCZ2-3;Q8TCZ2-5;Q8TCZ2-6				4.373e+07
Q8TDF5;Q8TDF5-1;Q8TDF5-2	Q8TDF5;Q8TDF5-1;Q8TDF5-2				422098
Q8TDQ0;Q8TDQ0-2	Q8TDQ0;Q8TDQ0-2				6.15442e+06
Q8TEA8	Q8TEA8				3.43901e+06
Q8TER0;Q8TER0-5	Q8TER0;Q8TER0-3;Q8TER0-4;Q8TER0-5				1.04129e+07
Q8TEU8	Q8TEU8				2.91598e+07
Q8WUA8	Q8WUA8				1.20812e+06
Q8WUJ3	Q8WUJ3				1.69557e+07
Q8WVN6	Q8WVN6				5.81038e+06
Q8WVQ1;Q8WVQ1-3	Q8WVQ1;Q8WVQ1-3				1.24329e+07
Q8WWX9	Q8WWX9				4.72897e+06
Q8WX77	Q8WX77				2.16405e+06
Q8WXD2	Q8WXD2				1.27964e+08
Q8WXD2-2	Q8WXD2-2				4.72564e+06
Q8WY21;Q8WY21-2;Q8WY21-3;Q8WY21-4	Q8WY21;Q8WY21-2;Q8WY21-3;Q8WY21-4				1.07631e+07
Q8WYK1	Q8WYK1				1.57304e+06
Q8WZ75;Q8WZ75-2;Q8WZ75-3	Q8WZ75;Q8WZ75-2;Q8WZ75-3				4.66436e+06
Q8WZA1	Q8WZA1;Q8WZA1-2				2.69525e+07
Q92484;Q92484-2	Q92484;Q92484-2				1.1631e+06
Q92485	Q92485				7.66697e+06
Q92520	Q92520				2.78116e+08
Q92542;Q92542-2	Q92542;Q92542-2				2.81845e+06
Q92563	Q92563				1.42619e+07
Q92597;Q92597-2;Q92597-3	Q92597;Q92597-2;Q92597-3				657904
Q92626	Q92626;Q92626-2				1.25873e+06
Q92673	Q92673				5.16269e+07
Q92692;Q92692-2	Q92692;Q92692-2				4.96584e+06
Q92729;Q92729-2;Q92729-3;Q92729-4	Q92729;Q92729-2;Q92729-3;Q92729-4				1.73714e+06
Q92743	Q92743				6.21113e+06
Q92752	Q92752;Q92752-2				9.1216e+06
Q92765	Q92765				1.68123e+07
Q92820	Q92820				1.89188e+07
Q92823;Q92823-2;Q92823-5	Q92823;Q92823-2;Q92823-3;Q92823-4;Q92823-5;Q92823-6				3.02913e+08
Q92832;Q92832-2	Q92832;Q92832-2				2.34472e+06
Q92854	Q92854;Q92854-2				3.59663e+06
Q92859;Q92859-2;Q92859-3	Q92859;Q92859-2;Q92859-3;Q92859-4				2.05724e+07
Q92876	Q92876;Q92876-2				3.32839e+08
Q92896;Q92896-2;Q92896-3	Q92896;Q92896-2;Q92896-3				1.61305e+06
Q92911	Q92911				1.98671e+06
Q92932;Q92932-2;Q92932-3;Q92932-4	Q92932;Q92932-2;Q92932-3;Q92932-4				1.41268e+07
Q92945;Q96AE4;Q96AE4-2	Q92945;Q96AE4;Q96AE4-2				1.17189e+07
Q92954;Q92954-2;Q92954-5;Q92954-6	Q92954;Q92954-2;Q92954-3;Q92954-4;Q92954-5;Q92954-6				1.01225e+07
Q93063;Q93063-2;Q93063-3	Q93063;Q93063-2;Q93063-3				1.99408e+06
Q93091	Q93091				6.41514e+06
Q969H8	Q969H8				3.66802e+06
Q969P0;Q969P0-3	Q969P0;Q969P0-3				5.5994e+07
Q969T9	Q969T9;Q969T9-2				1.80869e+07
Q96AP7	Q96AP7				4.0281e+06
Q96AQ1;Q96AQ1-2;Q96LY2;Q96LY2-2	Q96LY2;Q96LY2-2;Q96AQ1;Q96AQ1-2				522226
Q96AQ6;Q96AQ6-2	Q96AQ6;Q96AQ6-2;Q96AQ6-3				1.25338e+06
Q96B86;Q96B86-3;Q96B86-4	Q96B86;Q96B86-3;Q96B86-4				2.06424e+07
Q96BY9	Q96BY9				2.35077e+06
Q96BZ4	Q96BZ4				1.19578e+07
Q96CG8;Q96CG8-3	Q96CG8;Q96CG8-3				6.67228e+06
Q96CW9;Q96CW9-2	Q96CW9;Q96CW9-2				541653
Q96CX2	Q96CX2;Q68DU8				794174
Q96DZ1;Q96DZ1-2;Q96DZ1-3	Q96DZ1;Q96DZ1-2;Q96DZ1-3				142845
Q96EG1	Q96EG1				836115
Q96EU7	Q96EU7				184556
Q96FE5;Q96FE5-2	Q96FE5;Q7L985;Q96FE5-2				8.57795e+06
Q96FE7-4	Q96FE7;Q96FE7-2;Q96FE7-4;Q96FE7-5				3.2042e+07
Q96FJ2	P63167;Q96FJ2				6.09553e+06
Q96GD0	Q96GD0				352015
Q96GW7	Q96GW7;Q96GW7-2				2.01579e+08
Q96HD1;Q96HD1-2	Q96HD1;Q96HD1-2				5.07185e+06
Q96HU1;Q96HU1-2	Q96HU1;Q96HU1-2				843199
Q96HY6;Q96HY6-2	Q96HY6;Q96HY6-2				530351
Q96ID5	Q96ID5				1.19042e+07
Q96IU4	Q96IU4				1.66928e+06
Q96IY4	Q96IY4;Q96IY4-2				2.46184e+07
Q96J42;Q96J42-2	Q96J42;Q96J42-2				951700
Q96JF0	Q96JF0;Q96JF0-2				1.35452e+07
Q96JQ0	Q96JQ0				6.05566e+06
Q96KN2	Q96KN2				4.74579e+08
Q96KR4;Q96KR4-3	Q96KR4;Q96KR4-3				1.49834e+06
Q96MK3	Q96MK3				193951
Q96NU0;Q96NU0-2;Q9BZ76;Q9BZ76-2	Q96NU0;Q9BZ76;Q9BZ76-2;Q96NU0-2				426846
Q96NZ9	Q96NZ9;Q96NZ9-2;Q96NZ9-4				1.02119e+07
Q96P44;Q96P44-3	Q96P44;Q96P44-3				1.44477e+06
Q96PD2;Q96PD2-2	Q96PD2;Q96PD2-2				1.43821e+06
Q96PD5	Q96PD5;Q96PD5-2				1.12209e+08
Q96PQ0	Q96PQ0				1.01171e+07
Q96PX8	Q96PX8				6.71218e+06
Q96RW7;Q96RW7-2	Q96RW7;Q96RW7-2				773237
Q96S96	Q96S96				8.48751e+07
Q96SM3	Q96SM3				719624
Q96TC7;Q96TC7-2	Q96TC7;Q96TC7-2				417448
Q99435;Q99435-2;Q99435-3;Q99435-4	Q99435;Q99435-2;Q99435-3;Q99435-4				4.18837e+08
Q99497	Q99497				2.12767e+07
Q99519	Q99519				2.70957e+06
Q99523	Q99523;Q99523-2				1.36041e+07
Q99538	Q99538				1.03695e+06
Q99574	Q99574				3.03687e+07
Q99584	Q99584				533217
Q99650;Q99650-2	Q99650;Q99650-2				1.46698e+06
Q99674	Q99674;Q99674-2				2.51098e+07
Q99715;Q99715-4	Q99715;Q99715-2;Q99715-4				3.08779e+06
Q99784	Q99784;Q99784-3;Q99784-5				6.91714e+06
Q99946	Q99946				3.28966e+06
Q99969	Q99969				3.90564e+07
Q99972	Q99972				2.49026e+06
Q99983	Q99983				4.3917e+07
Q99985	Q99985				2.76043e+06
Q9BQ16	Q9BQ16;Q9BQ16-1;Q9BQ16-4;Q9BQ16-5;Q9BQ16-6;Q9BQ16-7;Q9BQ16-8				1.94049e+07
Q9BQS7;Q9BQS7-2;Q9BQS7-3;Q9BQS7-4	Q9BQS7;Q9BQS7-2;Q9BQS7-3;Q9BQS7-4				147662
Q9BQT9;Q9BQT9-2	Q9BQT9;Q9BQT9-2				5.70651e+07
Q9BRA2	Q9BRA2				1.9026e+06
Q9BRK3;Q9BRK3-2;Q9BRK3-3	Q9BRK3;Q9BRK3-2;Q9BRK3-3				6.65451e+06
Q9BRK5	Q9BRK5;Q9BRK5-2;Q9BRK5-5				2.11918e+07
Q9BS26	Q9BS26				1.95456e+06
Q9BSG5;Q9BSG5-2;Q9BSG5-3	Q9BSG5;Q9BSG5-2;Q9BSG5-3				3.29242e+06
Q9BTY2	Q9BTY2				1.14543e+07
Q9BU40-4;Q9BU40-5	Q9BU40;Q9BU40-3;Q9BU40-4;Q9BU40-5				4.49641e+06
Q9BUD6	Q9BUD6				3.71353e+06
Q9BUJ0	Q9BUJ0				2.4823e+06
Q9BUN1	Q9BUN1				1.05518e+07
Q9BV94;Q9BV94-2	Q9BV94;Q9BV94-2				1.27333e+06
Q9BWP8;Q9BWP8-10;Q9BWP8-2;Q9BWP8-3;Q9BWP8-4;Q9BWP8-5;Q9BWP8-6;Q9BWP8-7;Q9BWP8-8;Q9BWP8-9	Q9BWP8;Q9BWP8-10;Q9BWP8-2;Q9BWP8-3;Q9BWP8-4;Q9BWP8-5;Q9BWP8-6;Q9BWP8-7;Q9BWP8-8;Q9BWP8-9				1.88453e+06
Q9BWQ8	Q9BWQ8				8.43925e+06
Q9BWS9;Q9BWS9-2;Q9BWS9-3	Q9BWS9;Q9BWS9-2;Q9BWS9-3				3.32258e+06
Q9BWV1;Q9BWV1-3	Q9BWV1;Q9BWV1-3				551302
Q9BX67;Q9BX67-2	Q9BX67;Q9BX67-2				8.50256e+06
Q9BXJ0	Q9BXJ0				1.10141e+07
Q9BXJ1;Q9BXJ1-2	Q9BXJ1;Q9BXJ1-2				4.97336e+06
Q9BXJ3	Q9BXJ3				6.22543e+06
Q9BXJ4;Q9BXJ4-2;Q9BXJ4-3	Q9BXJ4;Q9BXJ4-2;Q9BXJ4-3				1.00998e+07
Q9BXP8;Q9BXP8-2	Q9BXP8;Q9BXP8-2				740640
Q9BXX0	Q9BXX0				1.0796e+06
Q9BY67-2	Q9BY67;Q9BY67-2;Q9BY67-3;Q9BY67-4;Q9BY67-5				4.37931e+07
Q9BY76;Q9BY76-2	Q9BY76;Q9BY76-2				191685
Q9BYC5;Q9BYC5-2	Q9BYC5;Q9BYC5-2				573578
Q9BYH1;Q9BYH1-5;Q9BYH1-6;Q9BYH1-7	Q9BYH1;Q9BYH1-2;Q9BYH1-3;Q9BYH1-4;Q9BYH1-5;Q9BYH1-6;Q9BYH1-7				4.78291e+07
Q9BYJ0	Q9BYJ0				5.40462e+06
Q9BZC7;Q9BZC7-2;Q9BZC7-3;Q9BZC7-4	Q9BZC7;Q9BZC7-2;Q9BZC7-3;Q9BZC7-4				1.72437e+07
Q9BZR6	Q9BZR6				1.72584e+07
Q9C0A0	Q9C0A0;Q96NU0;Q9BZ76;Q9BZ76-2;Q96NU0-2;Q9C0A0-2				2.56502e+07
Q9GZM5	Q9GZM5				1.99288e+07
Q9GZP0;Q9GZP0-2	Q9GZP0;Q9GZP0-2				627651
Q9GZP4;Q9GZP4-2	Q9GZP4;Q9GZP4-2				3.57094e+06
Q9GZT8;Q9GZT8-2	Q9GZT8;Q9GZT8-2;Q9GZT8-3				1.71502e+06
Q9GZV7	Q9GZV7				898790
Q9GZX3	Q9GZX3				997462
Q9GZX9	Q9GZX9				9.59162e+06
Q9H008	Q9H008;Q9H008-2				946171
Q9H019;Q9H019-2;Q9H019-3	Q9H019;Q9H019-2;Q9H019-3				1.06686e+07
Q9H0Q3;Q9H0Q3-2	Q9H0Q3;Q9H0Q3-2				6.57265e+06
Q9H0R4;Q9H0R4-2	Q9H0R4;Q9H0R4-2				608797
Q9H156;Q9H156-2	Q9H156;Q9H156-2				2.21809e+06
Q9H173	Q9H173				3.65728e+06
Q9H1U4	Q9H1U4				2.08272e+06
Q9H1Z8	Q9H1Z8				6.34301e+07
Q9H251;Q9H251-2;Q9H251-3;Q9H251-4;Q9H251-8	Q9H251;Q9H251-2;Q9H251-3;Q9H251-4;Q9H251-8				532800
Q9H257;Q9H257-2;Q9H257-3	Q9H257;Q9H257-2;Q9H257-3				1.41399e+06
Q9H299	Q9H299				2.89723e+06
Q9H2A7	Q9H2A7				1.33187e+07
Q9H2B2;Q9H2B2-2	Q9H2B2;Q9H2B2-2				3.6237e+06
Q9H2E6;Q9H2E6-2	Q9H2E6;Q9H2E6-2				9.72299e+06
Q9H2X0;Q9H2X0-5	Q9H2X0;Q9H2X0-5				6.92082e+06
Q9H3G5	Q9H3G5				3.40594e+07
Q9H3S3	Q9H3S3				1.57874e+06
Q9H3T2;Q9H3T2-2;Q9H3T2-3	Q9H3T2;Q9H3T2-2;Q9H3T2-3				742112
Q9H3T3;Q9H3T3-3	Q9H3T3;Q9H3T3-3				3.30968e+06
Q9H3U7;Q9H3U7-2	Q9H3U7;Q9H3U7-2				36616
Q9H492;Q9H492-2	Q9GZQ8;Q9H492;A6NCE7;Q9H492-2				1.37168e+06
Q9H4D0	Q9H4D0				3.91231e+06
Q9H4F8;Q9H4F8-2	Q9H4F8;Q9H4F8-2				4.28303e+06
Q9H6B4	Q9H6B4				1.79121e+06
Q9H6X2;Q9H6X2-2;Q9H6X2-3;Q9H6X2-4;Q9H6X2-5;Q9H6X2-6	Q9H6X2;Q9H6X2-2;Q9H6X2-3;Q9H6X2-4;Q9H6X2-5;Q9H6X2-6				6.9275e+06
Q9H741	Q9H741				822175
Q9H7Y0	Q9H7Y0;Q9H7Y0-2				1.57081e+06
Q9H8J5;Q9H8J5-2	Q9H8J5;Q9H8J5-2				9.02801e+06
Q9H8L6	Q9H8L6				9.66516e+06
Q9H9S5	Q9H9S5				1.04762e+06
Q9HAR2;Q9HAR2-2;Q9HAR2-3;Q9HAR2-4	Q9HAR2;Q9HAR2-2;Q9HAR2-3;Q9HAR2-4				9.37617e+06
Q9HAT2	Q9HAT2;Q9HAT2-2				1.86871e+07
Q9HB40	Q9HB40;Q9HB40-2				584470
Q9HBR0	Q9HBR0				5.07697e+06
Q9HBT6	Q9HBT6				2.39355e+06
Q9HBW1	Q9HBW1				1.783e+06
Q9HC38-2	Q9HC38;Q9HC38-2;Q9HC38-3				1.59435e+06
Q9HC56;Q9HC56-2	Q9HC56;Q9HC56-2				2.67836e+07
Q9HC57	Q9HC57				6.01767e+06
Q9HCB6	Q9HCB6				8.02515e+06
Q9HCK4;Q9HCK4-2;Q9HCK4-3	Q9HCK4;Q9HCK4-2;Q9HCK4-3				3.48256e+06
Q9HCU0	Q9HCU0				5.12081e+06
Q9HCU4	Q9HCU4				1.42025e+07
Q9HD45	Q9HD45				255802
Q9HDB5;Q9HDB5-2;Q9HDB5-3;Q9HDB5-4	Q9HDB5;Q9HDB5-2;Q9HDB5-3;Q9HDB5-4				1.15934e+07
Q9HDC9;Q9HDC9-2	Q9HDC9;Q9HDC9-2				783576
Q9NP84	Q9NP84				1.13786e+06
Q9NPC4	Q9NPC4				2.55335e+06
Q9NPD7	Q9NPD7				7.06841e+06
Q9NPH3;Q9NPH3-2;Q9NPH3-5	Q9NPH3;Q9NPH3-2;Q9NPH3-3;Q9NPH3-5				1.46894e+06
Q9NPR2;Q9NPR2-2	Q9NPR2;Q9NPR2-2				1.87829e+07
Q9NQ36;Q9NQ36-2;Q9NQ36-3	Q9NQ36;Q9NQ36-2;Q9NQ36-3				1.53837e+06
Q9NQ79;Q9NQ79-2;Q9NQ79-3	Q9NQ79;Q9NQ79-2;Q9NQ79-3				1.24141e+08
Q9NR34	Q9NR34				6.21056e+06
Q9NRN5	Q9NRN5;Q9NRN5-2				2.32774e+07
Q9NRR1	Q9NRR1				5.53557e+06
Q9NRV9	Q9NRV9				398554
Q9NS84	Q9NS84				104877
Q9NS85	Q9NS85;Q9NS85-2				3.03656e+06
Q9NS98	Q9NS98				1.81681e+07
Q9NSC7	Q9NSC7				2.19267e+06
Q9NT22;Q9NT22-2	Q9NT22;Q9NT22-2				2.28827e+06
Q9NT99	Q9NT99				1.90255e+07
Q9NTU7	Q9NTU7				1.04989e+07
Q9NUQ9	Q9NUQ9				2.32403e+06
Q9NX62	Q9NX62				3.42951e+07
Q9NY15	Q9NY15				963976
Q9NY33;Q9NY33-4	Q9NY33;Q9NY33-2;Q9NY33-4				1.90588e+06
Q9NY47;Q9NY47-2;Q9NY47-3;Q9NY47-4;Q9NY47-5	Q9NY47;Q9NY47-2;Q9NY47-3;Q9NY47-4;Q9NY47-5				9.76397e+06
Q9NY72	Q9NY72				3.63505e+06
Q9NY97;Q9NY97-2	Q9NY97;Q9NY97-2				8.2816e+06
Q9NYQ8	Q9NYQ8				8.42014e+06
Q9NYX4	Q9NYX4				1.42507e+07
Q9NZ08;Q9NZ08-2	Q9NZ08;Q9NZ08-2				2.6015e+06
Q9NZ53	Q9NZ53;Q9NZ53-2				1.19674e+07
Q9NZ72;Q9NZ72-2	Q9NZ72;Q9NZ72-2				393233
Q9NZ94;Q9NZ94-2;Q9NZ94-3	Q9NZ94;Q9NZ94-2;Q9NZ94-3				1.48931e+06
Q9NZC2;Q9NZC2-2;Q9NZC2-3	Q9NZC2;Q9NZC2-2;Q9NZC2-3				6.83032e+06
Q9NZK5	Q9NZK5				9.38487e+06
Q9NZP8	Q9NZP8				2.67213e+07
Q9NZR2	Q9NZR2				5.04803e+06
Q9NZU1	Q9NZU1				1.75048e+07
Q9P0K1;Q9P0K1-2;Q9P0K1-3;Q9P0K1-4;Q9P0K1-5	Q9P0K1;Q9P0K1-2;Q9P0K1-3;Q9P0K1-4;Q9P0K1-5				4.87839e+07
Q9P0K9	Q9P0K9				5.01711e+06
Q9P0L0;Q9P0L0-2	Q9P0L0;Q9P0L0-2				2.62453e+06
Q9P0S2	Q9P0S2				905792
Q9P121-4	Q9P121;Q9P121-3;Q9P121-2;Q9P121-4				6.88883e+07
Q9P232	Q9P232				4.10529e+06
Q9P2E7;Q9P2E7-2	Q9P2E7;Q9P2E7-2				2.33307e+07
Q9P2S2	P58401;Q9P2S2				1.60561e+07
Q9UBG0	Q9UBG0				3.73293e+06
Q9UBP4	Q9UBP4				5.45728e+08
Q9UBQ6	Q9UBQ6				2.22454e+07
Q9UBR2	Q9UBR2				2.93708e+07
Q9UBX1	Q9UBX1				1.26314e+07
Q9UBX5	Q9UBX5				3.03283e+07
Q9UBX7;Q9UBX7-1;Q9UBX7-3;Q9UBX7-4	Q9UBX7;Q9UBX7-1;Q9UBX7-3;Q9UBX7-4				4.30313e+06
Q9UD71;Q9UD71-2	Q9UD71;Q9UD71-2				112844
Q9UEW3;Q9UEW3-2	Q9UEW3;Q9UEW3-2				1.47023e+07
Q9UF11;Q9UF11-2;Q9UF11-3;Q9UF11-4	Q9UF11;Q9UF11-2;Q9UF11-3;Q9UF11-4				1.71074e+06
Q9UFP1	Q9UFP1				1.2216e+06
Q9UGM5;Q9UGM5-2	Q9UGM5;Q9UGM5-2				9.29838e+06
Q9UGV2;Q9UGV2-2;Q9UGV2-3	Q9UGV2;Q9UGV2-2;Q9UGV2-3				257995
Q9UHC6	Q9UHC6				1.8357e+07
Q9UHF0;Q9UHF0-2;Q9UHF0-3	Q9UHF0;Q9UHF0-2;Q9UHF0-3				1.88148e+06
Q9UHG2	Q9NPY3;Q9UHG2				2.18139e+08
Q9UHG3;Q9UHG3-2	Q9UHG3;Q9UHG3-2				4.47294e+06
Q9UHI8	Q9UHI8				5.19633e+06
Q9UHL4	Q9UHL4				1.68978e+07
Q9UHY7	Q9UHY7				613187
Q9UI15	Q9UI15				382260
Q9UI40;Q9UI40-2	Q9UI40;Q9UI40-2				3.73472e+07
Q9UIB8;Q9UIB8-2;Q9UIB8-3;Q9UIB8-4;Q9UIB8-5;Q9UIB8-6	Q9UIB8;Q9UIB8-2;Q9UIB8-3;Q9UIB8-4;Q9UIB8-5;Q9UIB8-6				2.44555e+06
Q9UIW2	P51805;Q9UIW2				1.84542e+06
Q9UJ14	Q9UJ14				2.77297e+06
Q9UJ90	Q9UJ90				5.0864e+06
Q9UJ99	Q9UJ99				2.62843e+06
Q9UJA9	Q9UJA9				4.77328e+06
Q9UJH8	Q9UJH8				1.01576e+07
Q9UJJ9	Q9UJJ9				1.07318e+07
Q9UK55	Q9UK55				2.50439e+06
Q9UKB5	Q9UKB5				1.19543e+06
Q9UKJ1-3	Q9UKJ1;Q9UKJ1-2;Q9UKJ1-3;Q9UKJ1-4				2.16124e+06
Q9UKM7	Q9UKM7				3.68457e+06
Q9UKQ2;Q9UKQ2-2	Q9UKQ2;Q9UKQ2-2				748730
Q9UKU6	Q9UKU6				404835
Q9UKU9	Q9UKU9;Q9UKU9-2				3.61549e+06
Q9UKZ4;Q9UKZ4-2	Q9UKZ4;Q9UKZ4-2				420639
Q9ULB1-2;Q9ULB1-3	P58400;Q9ULB1-2;Q9ULB1-3				2.61335e+08
Q9ULB4	Q9ULB4				7.19612e+06
Q9ULF5	Q9ULF5				5.58771e+07
Q9ULI3;Q9ULI3-2	Q9ULI3;Q9ULI3-2				8.06123e+06
Q9ULL4;Q9ULL4-2	Q9ULL4;Q9ULL4-2				3.49614e+06
Q9ULP0-3;Q9ULP0-6	Q9ULP0;Q9ULP0-2;Q9ULP0-3;Q9ULP0-4;Q9ULP0-5;Q9ULP0-6;Q9ULP0-7;Q9ULP0-8				1.06943e+07
Q9ULX7	Q9ULX7				3.52165e+06
Q9ULZ9;Q9ULZ9-2	Q9ULZ9;Q9ULZ9-2				1.07635e+06
Q9UM22	Q9UM22;Q9UM22-3				4.99253e+06
Q9UM47	Q9UM47				888553
Q9UMF0	Q9UMF0				2.57967e+07
Q9UMX0;Q9UMX0-2;Q9UMX0-4	Q9UMX0;Q9UMX0-2;Q9UMX0-4				89912.5
Q9UMX5	Q9UMX5				1.46339e+07
Q9UN36-2;Q9UN36-6	Q9UN36;Q9UN36-2;Q9UN36-3;Q9UN36-5;Q9UN36-6				4.09884e+06
Q9UN67;Q9Y5E1	Q9UN67;Q9Y5E1				324113
Q9UN70;Q9UN70-2	Q9UN70;Q9UN70-2				4.28088e+06
Q9UNN8	Q9UNN8				5.60519e+06
Q9UNW1	Q9UNW1;Q9UNW1-4				9.33515e+06
Q9UP79	Q9UP79				1.4902e+06
Q9UPU3	Q9UPU3				1.77061e+07
Q9UQ52	Q9UQ52				3.73091e+06
Q9UQM7;Q9UQM7-2	Q9UQM7;Q9UQM7-2				4.849e+06
Q9Y240	Q9Y240				1.61138e+07
Q9Y274	Q9Y274;Q9Y274-2				5.63182e+06
Q9Y279;Q9Y279-2	Q9Y279;Q9Y279-2				2.67851e+06
Q9Y287	Q9Y287				9.33109e+06
Q9Y2E5	Q9Y2E5				2.23702e+06
Q9Y2G1;Q9Y2G1-2	Q9Y2G1;Q9Y2G1-2				1.0732e+06
Q9Y2I2;Q9Y2I2-1;Q9Y2I2-2;Q9Y2I2-4;Q9Y2I2-5;Q9Y2I2-6	Q9Y2I2;Q9Y2I2-1;Q9Y2I2-2;Q9Y2I2-4;Q9Y2I2-5;Q9Y2I2-6				8.80888e+06
Q9Y2T3;Q9Y2T3-3	Q9Y2T3;Q9Y2T3-2;Q9Y2T3-3				1.80969e+07
Q9Y2Z0;Q9Y2Z0-2	Q9Y2Z0;Q9Y2Z0-2				630966
Q9Y334;Q9Y334-2	Q9Y334;Q9Y334-2				1.38631e+06
Q9Y4C0-4	Q9HDB5-3;Q9HDB5-4;Q9Y4C0-4				3.5516e+07
Q9Y4L1	Q9Y4L1				1.37452e+07
Q9Y5F6-2	Q9Y5F6;Q9Y5F6-2				1.37602e+07
Q9Y5F7;Q9Y5F7-2	Q9Y5F7;Q9Y5F7-2				632564
Q9Y5I4;Q9Y5I4-2	Q9Y5I4;Q9Y5I4-2				7.49247e+06
Q9Y5L2	Q9Y5L2				3.46636e+06
Q9Y5Y7	Q9Y5Y7				1.43224e+07
Q9Y617	Q9Y617;Q9Y617-2				2.72885e+06
Q9Y625	Q9Y625				1.4361e+06
Q9Y639;Q9Y639-1;Q9Y639-3;Q9Y639-4;Q9Y639-5	Q9Y639;Q9Y639-1;Q9Y639-3;Q9Y639-4;Q9Y639-5				1.58379e+08
Q9Y646	Q9Y646				5.82489e+07
Q9Y653;Q9Y653-2;Q9Y653-3	Q9Y653;Q9Y653-2;Q9Y653-3;Q9Y653-4;Q9Y653-5				3.22864e+06
Q9Y696	Q9Y696				2.62711e+06
Q9Y6C2	Q9Y6C2				691173
Q9Y6N6	Q9Y6N6				2.09767e+06
Q9Y6N7;Q9Y6N7-2;Q9Y6N7-3;Q9Y6N7-4;Q9Y6N7-5;Q9Y6N7-6	Q9Y6N7;Q9Y6N7-2;Q9Y6N7-3;Q9Y6N7-4;Q9Y6N7-5;Q9Y6N7-6				1.75021e+07
Q9Y6N8	Q9Y6N8				3.22273e+06
Q9Y6R7	Q9Y6R7				2.74541e+07
Q9Y6X5	Q9Y6X5				3.78093e+06
Q9Y6Y8;Q9Y6Y8-2	Q9Y6Y8;Q9Y6Y8-2				3.19024e+07
