Protein.Group	Protein.Ids	Protein.Names	Genes	First.Protein.Description	/fs/pool/pool-mann-projects/Johannes/Jakob_AD_CSF_data/Berlin_cohort_Sweden_speclib_OBO/All_Raw/20190228_QX1_PhGe_SA_EASY12-10_Deigendesch_C5_81760601.mzML
A0A075B6H7;A0A0C4DH55;P01624	P01624;A0A075B6H7;A0A0C4DH55				5.85306e+08
A0A075B6H9	A0A075B6H9				4.52815e+06
A0A075B6I0	A0A075B6I0				8.29156e+07
A0A075B6I1	A0A075B6I1				1.56274e+06
A0A075B6I9	A0A075B6I9				1.43129e+08
A0A075B6J9	A0A075B6J9				7.86577e+07
A0A075B6K2	A0A075B6K2				3.14012e+06
A0A075B6K4	A0A075B6K4				1.80964e+07
A0A075B6K5	A0A075B6K5				1.07722e+07
A0A075B6P5;P01615	P01615;A0A075B6P5				5.00599e+08
A0A075B6R2	A0A075B6R2				2.90505e+07
A0A075B6R9;A0A0C4DH68	A0A075B6R9;A0A0C4DH68				6.15206e+07
A0A075B6S2	A0A075B6S2;A2NJV5				1.00208e+09
A0A075B6S5	A0A075B6S5;A0A0C4DH67;A0A0C4DH69				1.1522e+08
A0A087WSX0	A0A087WSX0;A0A0G2JS06				5.42014e+06
A0A087WSY6	A0A087WSY6				1.18969e+08
A0A087WW87;P01614	P01614;A0A087WW87				1.10945e+06
A0A0A0MRZ8;P04433	P04433;A0A0A0MRZ8				4.01523e+08
A0A0A0MS15	A0A0A0MS15				5.06123e+07
A0A0A0MT36;A0A0C4DH26	A0A0A0MT36;A0A0C4DH26				3.37688e+06
A0A0A0MT89	A0A0A0MT89				1.68036e+07
A0A0B4J1U7	A0A0B4J1U7				1.8058e+07
A0A0B4J1V0	A0A0B4J1V0				4.08052e+08
A0A0B4J1V2	A0A0B4J1V2				4.31649e+06
A0A0B4J1X5	P01764;P01768;P01772;P01767;A0A0B4J1X5;A0A0C4DH42;P0DP02;P0DP03				1.63742e+08
A0A0B4J1Y9	A0A0B4J1Y9				1.45294e+07
A0A0B4J2D9;P0DP09	A0A0B4J2D9;P0DP09				1.71757e+06
A0A0C4DH24	A0A0C4DH24				1.7077e+07
A0A0C4DH25	A0A0C4DH25				9.43806e+07
A0A0C4DH29	A0A0C4DH29				1.56174e+06
A0A0C4DH31	A0A0C4DH31				3.11866e+06
A0A0C4DH33	A0A0C4DH33				1.89163e+06
A0A0C4DH34	A0A0C4DH34				4.70555e+07
A0A0C4DH35	A0A0C4DH35				1.6346e+06
A0A0C4DH36	A0A0C4DH36				3.22552e+07
A0A0C4DH38	A0A0C4DH38				2.17984e+07
A0A0C4DH43	A0A0C4DH43				3.56136e+07
A0A0C4DH67	A0A0C4DH67				1.21915e+07
A0A0C4DH72;A0A0C4DH73;P01597;P01611;P04432	P01597;P01611;P04432;A0A0C4DH72;A0A0C4DH73				5.05842e+07
A0A0J9YX35	A0A0J9YX35				3.23478e+07
A0A0J9YXX1	A0A0J9YXX1				5.91057e+07
A0M8Q6	P0CG04;P0DOY2;P0DOY3;A0M8Q6;P0CF74;B9A064;P0DOX8				5.5922e+08
A1L4H1;A1L4H1-2	A1L4H1;A1L4H1-2				5.97594e+06
A2RU67	A2RU67				234472
A6BM72;A6BM72-2;A6BM72-4	A6BM72;A6BM72-2;A6BM72-4				2.08281e+06
A6NGN9	A6NGN9				7.51926e+06
A6NL88	A6NL88				3.60294e+06
A6NLU5	A6NLU5				2.45354e+06
B4DS77;B4DS77-2;B4DS77-3	B4DS77;B4DS77-2;B4DS77-3				236750
C9JVW0	C9JVW0				3.28769e+06
I3L3R5	I3L3R5				360503
O00115;O00115-2	O00115;O00115-2				3.09097e+06
O00142;O00142-2;O00142-3;O00142-4;O00142-5;O00142-6	O00142;O00142-2;O00142-3;O00142-4;O00142-5;O00142-6				3.85184e+07
O00187;O00187-2	O00187;O00187-2				4.88849e+06
O00264	O00264;O15173;O15173-2				1.21833e+06
O00339;O00339-2;O00339-3	O00339;O00339-2;O00339-3				1.24459e+06
O00391	O00391;O00391-2				1.81467e+07
O00451	O00451;O00451-2;O00451-3				8.69862e+06
O00461	O00461				4.14551e+06
O00462	O00462				3.58531e+06
O00468-6	O00468-6;O00468-7				1.22509e+07
O00533	O00533;O00533-2				1.16995e+08
O00533-2	O00533-2				1.09193e+07
O00560;O00560-2;O00560-3	O00560;O00560-2;O00560-3				1.75014e+06
O00567	O00567				215122
O00584	O00584				1.62169e+07
O00754;O00754-2	O00754;O00754-2				1.39477e+06
O14498	O14498				7.60643e+07
O14522;O14522-1	O14522;O14522-1				1.31659e+06
O14594	O14594				8.95096e+07
O14657	O14657				163324
O14672	O14672				1.24712e+06
O14737;O14737-2	O14737;O14737-2				58388.4
O14773	O14773				5.81399e+06
O14786;O14786-2;O14786-3	O14786;O14786-2;O14786-3				6.06696e+06
O14791-2	O14791;O14791-2;O14791-3				4.0427e+08
O14793	O14793				6.33203e+06
O14917;O14917-2	O14917;O14917-2				3.9827e+06
O15031	O15031				1.06173e+07
O15041;O15041-2	O15041;O15041-2				298028
O15230	O15230				2.95794e+07
O15232;O15232-2	O15232;O15232-2				1.28914e+06
O15240	O15240				1.47047e+08
O15335	O15335				1.62587e+06
O15354	O15354				3.48345e+07
O15394	O15394;O15394-2				5.77834e+07
O15466;O15466-2	O15466;O15466-2				1.1507e+06
O43157	O43157;O43157-2;O43157-3				2.53358e+06
O43173	O43173				2.46984e+06
O43240	O43240				874830
O43278;O43278-2	O43278;O43278-2				9.33697e+06
O43286	O43286				846330
O43291	O43291				7.227e+06
O43300	O43300				3.03457e+06
O43323	O43323				1.22009e+06
O43405;O43405-2	O43405;O43405-2				1.40292e+07
O43493;O43493-3;O43493-5;O43493-7	O43493;O43493-3;O43493-5;O43493-4;O43493-7				2.15401e+07
O43505	O43505				4.9188e+08
O43508-2	O43508;O43508-2				2.97957e+06
O43529	O43529				6.9614e+06
O43556;O43556-3;O43556-4	O43556;O43556-3;O43556-4				1.17449e+07
O43567	O43567				7.79151e+06
O43827	O43827				1.98447e+06
O43852;O43852-10;O43852-11;O43852-12;O43852-13;O43852-14;O43852-2;O43852-3;O43852-4;O43852-5;O43852-6;O43852-7;O43852-8;O43852-9	O43852;O43852-10;O43852-11;O43852-12;O43852-13;O43852-14;O43852-2;O43852-3;O43852-4;O43852-5;O43852-6;O43852-7;O43852-8;O43852-9				1.20269e+06
O43854;O43854-2	O43854;O43854-2				199990
O43866	O43866				4.49505e+06
O43916	O43916				196789
O60241;O60241-2;O60241-3;O60241-4	O60241;O60241-2;O60241-3;O60241-4				1.17024e+07
O60242	O60242				1.42674e+06
O60243	O60243				1.58612e+06
O60245;O60245-2	O60245;O60245-2				1.41502e+06
O60279	O60279				8.38261e+06
O60330;O60330-2;Q9Y5G5;Q9Y5G5-2	O60330;Q9Y5G4;Q9Y5G5;Q9Y5G7;Q9Y5H0;Q9Y5H1;Q9Y5H4;O60330-2;Q9Y5G4-2;Q9Y5G5-2;Q9Y5G7-2;Q9Y5H0-2;Q9Y5H1-2;Q9Y5H4-2				1.09528e+06
O60449;O60449-2;O60449-3	O60449;O60449-2;O60449-3				280249
O60462;O60462-2;O60462-3;O60462-4;O60462-5	O60462;O60462-2;O60462-3;O60462-4;O60462-5;O60462-6				4.87445e+06
O60476	O60476				2.23294e+06
O60512	O60512				2.07155e+06
O60568	O60568				1.58133e+06
O60613	O60613				1.91699e+06
O60883	O60883				5.97767e+07
O60888-3	O60888;O60888-2;O60888-3				2.55093e+07
O75051;O75051-2	O75051;O75051-2				431318
O75063	O75063				2.92406e+06
O75071	O75071				5.67127e+06
O75077;O75077-2;O75077-3	O75077;O75077-2;O75077-3				2.02557e+06
O75078	O75078;O75078-2				4.9494e+06
O75093	O75093				1.79843e+07
O75144;O75144-2	O75144;O75144-2;O75144-3				1.3701e+07
O75173;O75173-2	O75173;O75173-2				1.25174e+07
O75326	O75326;O75326-2				3.72769e+07
O75354;O75354-2;O75354-3	O75354;O75354-2;O75354-3				892967
O75368	O75368				1.53939e+06
O75385	O75385				751282
O75487;O75487-2	O75487;O75487-2				942194
O75493	O75493				9.19312e+06
O75503	O75503				2.90479e+06
O75509	O75509				1.40446e+07
O75629	O75629				2.61719e+06
O75636;O75636-2	O75636;O75636-2				2.03031e+06
O75711	O75711				1.26137e+08
O75752	O75752				8.15692e+06
O75787;O75787-2	O75787;O75787-2				2.04743e+07
O75874	O75874				770386
O75882-2;O75882-3	O75882;O75882-2;O75882-3				1.9315e+07
O75973	O75973				874270
O75976	O75976				1.1251e+06
O76061	O76061				4.69078e+06
O94760	O94760				5.34495e+06
O94766	O94766;Q9NPZ5				5.40676e+06
O94769	O94769;O94769-2				1.0326e+07
O94772;O94772-2	O94772;O94772-2				6.27003e+07
O94779;O94779-2;O94779-4	O94779;O94779-2;O94779-4				697936
O94856-11;O94856-3;O94856-8	O94856;O94856-10;O94856-11;O94856-12;O94856-13;O94856-3;O94856-4;O94856-5;O94856-6;O94856-7;O94856-8;O94856-9				4.90223e+07
O94910;O94910-2	O94910;O94910-2				3.53294e+06
O94919	O94919				2.70624e+07
O94973;O94973-2	O94973;O94973-2				402347
O94985	O94985;O94985-2				2.63032e+08
O94991	O94991;O94991-2				5.79813e+06
O95157	O95157				932737
O95158	O95158				1.77355e+07
O95185;O95185-2	O95185;O95185-2				2.63008e+06
O95196;O95196-2	O95196;O95196-2				3.47149e+06
O95206;O95206-2	O95206;O95206-2				2.86873e+06
O95297;O95297-2;O95297-3;O95297-4	O95297;O95297-2;O95297-3;O95297-4				637270
O95390	O95390				1.98164e+06
O95428;O95428-5;O95428-6	O95428;O95428-2;O95428-4;O95428-5;O95428-6				6.50058e+06
O95445	O95445;O95445-2				3.17627e+07
O95450;O95450-2	O95450;O95450-2				1.81975e+06
O95467	O95467				2.21552e+06
O95497	O95497				2.31497e+06
O95502	O95502				7.60759e+07
O95633;O95633-2	O95633;O95633-2				2.67744e+06
O95841	O95841				69445.8
O95881	O95881				169316
O95897	O95897				575822
O95967	O95967				1.43025e+07
O95980	O95980				2.52357e+07
P00338;P00338-3	P00338;P00338-3;P00338-4				6.81281e+06
P00352	P00352				133872
P00390;P00390-2;P00390-3;P00390-4;P00390-5	P00390;P00390-2;P00390-3;P00390-4;P00390-5				1.28037e+06
P00441	P00441				2.90138e+08
P00450	P00450				2.75116e+08
P00488	P00488				4.17516e+06
P00492	P00492				1.52417e+06
P00505	P00505;P00505-2				5.09693e+06
P00533;P00533-3;P00533-4	P00533;P00533-3;P00533-4				1.57079e+06
P00558	P00558;P07205				3.1162e+06
P00734	P00734				1.37676e+08
P00736	P00736				1.69066e+08
P00738	P00738;P00738-2				3.25216e+09
P00739	P00739;P00739-2				2.3374e+09
P00740;P00740-2	P00740;P00740-2				6.58858e+06
P00742	P00742				1.74624e+07
P00746	P00746				4.7697e+07
P00747	P00747				2.86176e+08
P00748	P00748				9.29016e+07
P00751	P00751;P00751-2				2.40443e+08
P00915	P00915				2.53033e+07
P00918	P00918				5.10702e+06
P01008	P01008				1.34948e+09
P01009	P01009;P01009-2;P01009-3				1.13885e+10
P01011	P01011				2.4929e+09
P01019	P01019				5.91977e+08
P01023	P01023;P20742;P20742-2				6.40644e+08
P01024	P01024				1.88024e+09
P01031	P01031				8.88757e+07
P01033	P01033				5.82986e+07
P01034	P01034				2.67969e+09
P01036;P01037	P01036;P01037				1.22113e+06
P01042	P01042;P01042-2;P01042-3				3.03198e+08
P01042-2;P01042-3	P01042-2;P01042-3				3.07257e+07
P01127;P01127-2	P01127;P01127-2				2.49851e+07
P01210	P01210				9.94088e+07
P01213	P01213				3.1778e+06
P01236	P01236				830908
P01258;P01258-2;P06881	P01258;P06881;P10092;P01258-2				2.3976e+06
P01303	P01303				5.60726e+06
P01344;P01344-2;P01344-3	P01344;P01344-2;P01344-3				1.19746e+07
P01591	P01591				1.41077e+07
P01593;P01594	P01593;P01594				3.08744e+07
P01599	P01599;A0A0C4DH72				3.12786e+07
P01602	P01602				7.17319e+06
P01619	P01619				9.06956e+08
P01700	P01700				1.2556e+08
P01701	P01701				1.35703e+08
P01703	P01703				1.09478e+07
P01705	P01705				9.88664e+06
P01706	P01706				1.38311e+07
P01709	P01706;P01709;P0DOX8				3.43566e+07
P01714	P01714				3.69411e+07
P01717;P01718	P01717;P01718				1.31078e+08
P01721	P01721				2.56943e+06
P01742	P01742				6.51836e+07
P01768;P0DP03	P01764;P01768;P0DP03				1.8701e+06
P01772	P01768;P01772;P0DP02;P0DP03				4.00346e+07
P01780	P01780				4.50777e+08
P01814	P01814				4.6503e+06
P01817	P01817				2.63408e+07
P01833	P01833				1.94529e+06
P01834	P01834				1.32643e+09
P01859	P01859;P01859-1				2.62911e+09
P01860	P01860;P01860-1				1.53219e+08
P01861;P01861-1	P01861;P01861-1				2.27842e+08
P01871;P01871-1	P01871;P0DOX6;P01871-1				6.69983e+07
P01876;P01876-1	P01876;P01876-1				6.10489e+08
P01889	P01889;P13747				4.42712e+06
P01903	P01903;P01906				1.23245e+06
P02042	P02042				7.85703e+06
P02144	P02144				1.15877e+06
P02452	P02452				4.01591e+07
P02461	P02461;P02461-2				1.19362e+07
P02647	P02647				6.66495e+09
P02649	P02649				2.66071e+09
P02652	P02652				1.84003e+09
P02654	P02654				1.62102e+08
P02655	P02655				3.06369e+07
P02656	P02656				1.53086e+08
P02671	P02671;P02671-2				3.14731e+08
P02675	P02675				3.89716e+08
P02679;P02679-2	P02679;P02679-2				2.45522e+08
P02741	P02741;P02741-2				5.14001e+06
P02743	P02743				3.64033e+07
P02745	P02745				1.07206e+08
P02746	P02746				1.92822e+08
P02747	P02747				8.84477e+07
P02748	P02748				9.89523e+07
P02749	P02749				2.46155e+08
P02750	P02750				3.25692e+08
P02751;P02751-1;P02751-3;P02751-7	P02751;P02751-1;P02751-10;P02751-11;P02751-12;P02751-13;P02751-14;P02751-16;P02751-17;P02751-2;P02751-3;P02751-4;P02751-5;P02751-6;P02751-7;P02751-8;P02751-9				2.7288e+08
P02753	P02753				2.88466e+08
P02760	P02760				8.20037e+07
P02763	P02763				5.89014e+09
P02765	P02765				6.51001e+08
P02766	P02766				3.8833e+09
P02768	P02768				2.63343e+10
P02774;P02774-3	P02774;P02774-2;P02774-3				1.47544e+09
P02786	P02786				1.53898e+06
P02787	P02787				4.61303e+09
P02788;P02788-2	P02788;P02788-2				9.17398e+06
P02790	P02790				5.9596e+09
P02792	P02792				2.03193e+06
P02794	P02794				3.31816e+06
P03950	P03950				5.05669e+06
P03951	P03951;P03951-2				1.91694e+07
P03952	P03952				5.29554e+07
P04003	P04003				1.75047e+07
P04004	P04004				1.0253e+09
P04040	P04040				2.16341e+06
P04062;P04062-2;P04062-4;P04062-5	P04062;P04062-2;P04062-4;P04062-5				2.72899e+06
P04066	P04066				2.50197e+06
P04070;P04070-2	P04070;P04070-2				1.12772e+07
P04075;P04075-2	P04075;P04075-2				3.01067e+07
P04080	P04080				2.37973e+06
P04085;P04085-2	P04085;P04085-2				1.03144e+07
P04114	P04114				1.15544e+07
P04156	P04156				3.38503e+08
P04179	P04179;P04179-2;P04179-3;P04179-4				5.62698e+06
P04180	P04180				2.46568e+07
P04196	P04196				2.95702e+08
P04211	P04211				7.87377e+06
P04216	P04216				1.31473e+08
P04217	P04217;P04217-2				3.9073e+08
P04217-2	P04217-2				4.90392e+06
P04264	P04259;P04264				4.87218e+06
P04271	P04271				2.81038e+06
P04275	P04275				5.8931e+06
P04278;P04278-5	P04278;P04278-2;P04278-3;P04278-4;P04278-5				2.66186e+06
P04350;P07437;P68371	P04350;P07437;P68371				660155
P04406	P04406;P04406-2				1.42164e+07
P04439;P04439-2	P04439;P04439-2				926996
P04746	P04746;P0DTE7;P0DTE8;P0DUB6;P19961;P19961-2;P04746-2				1.68302e+06
P04792	P04792				826703
P05023;P05023-2;P05023-4	P05023;P05023-2;P05023-4				582758
P05026;P05026-2	P05026;P05026-2				2.21304e+06
P05060	P05060				5.10165e+08
P05067;P05067-11;P05067-7;P05067-8;P05067-9	P05067;P05067-4;P05067-10;P05067-11;P05067-3;P05067-5;P05067-6;P05067-7;P05067-8;P05067-9				8.53462e+08
P05090	P05090				4.09358e+09
P05109	P05109				1.18168e+06
P05154	P05154				1.83201e+07
P05155;P05155-3	P05155;P05155-2;P05155-3				1.41565e+09
P05156	P05156				5.07e+07
P05160	P05160				3.23704e+06
P05362	P05362				1.37588e+06
P05408;P05408-2	P05408;P05408-2				1.82444e+08
P05413	P05413				3.10494e+06
P05451;P48304	P05451;P48304				448994
P05452	P05452				8.85421e+07
P05543	P05543				6.04153e+07
P05546	P05546				8.74483e+07
P05556;P05556-2;P05556-3;P05556-4;P05556-5	P05556;P05556-2;P05556-5;P05556-3;P05556-4				1.28021e+06
P05937	P05937;P05937-2				7.12941e+06
P06276	P06276				1.05557e+07
P06307	P06307				4.24693e+07
P06310	P06310				4.85981e+08
P06312	P06312				7.21892e+08
P06331	P01824;P01825;P06331;A0A0C4DH41;P0DP06;P0DP08				1.08314e+08
P06396	P06396;P06396-2;P06396-3;P06396-4				1.09256e+09
P06396-2	P06396-2				3.90474e+06
P06681	P06681;P06681-2;P06681-3				6.82196e+07
P06702	P06702				2.70016e+06
P06703	P06703				2.87423e+06
P06727	P06727				5.094e+08
P06733	P06733;P06733-2				4.2348e+06
P06744;P06744-2	P06744;P06744-2				2.43832e+06
P06865	P06865				8.00426e+06
P07093-2;P07093-3	P07093;P07093-2;P07093-3				1.41228e+07
P07108;P07108-2;P07108-3;P07108-4;P07108-5	P07108;P07108-2;P07108-3;P07108-4;P07108-5;P07108-6				4.75725e+06
P07195	P00338;P07195;P07864;Q6ZMR3;P00338-3;P00338-2;P00338-4;P00338-5				3.31339e+07
P07225	P07225				1.23996e+08
P07237	P07237				8.69001e+06
P07307;P07307-2;P07307-3	P07307;P07307-3;P07307-2				465936
P07311	P07311				1.17801e+06
P07333	P07333;P07333-2				5.67756e+07
P07339	P07339				1.67074e+08
P07357	P07357				6.16663e+07
P07358	P07358				6.016e+07
P07360	P07360				2.31572e+07
P07451	P07451				27770
P07492	P07492;P07492-2;P07492-3				2.20153e+06
P07585	P07585				3.97668e+07
P07602;P07602-2;P07602-3	P07602;P07602-2;P07602-3				1.25806e+08
P07686	P07686				5.1041e+06
P07711	P07711;P07711-3				2.9651e+07
P07737	P07737				2.64886e+06
P07858	P07858				3.34022e+07
P07900;P07900-2	P07900;P08238;P07900-2				1.29225e+06
P07942	P07942				6.19853e+06
P07996	P07996;P07996-2				9.11615e+06
P07998	P07998				1.02357e+07
P08123	P08123				2.89423e+07
P08174;P08174-2;P08174-3;P08174-4;P08174-5;P08174-6;P08174-7	P08174;P08174-2;P08174-3;P08174-4;P08174-5;P08174-6;P08174-7				2.08466e+07
P08185	P08185				1.38158e+08
P08195;P08195-2;P08195-3;P08195-4;P08195-5	P08195;P08195-4;P08195-2;P08195-3;P08195-5				1.12287e+07
P08236;P08236-3	P08236;P08236-3				769783
P08253	P08253;P08253-2;P08253-3				2.81785e+07
P08294	P08294				1.69282e+08
P08493-2	P08493;P08493-2				2.05393e+07
P08571	P08571				1.06897e+08
P08572	P08572				2.36924e+06
P08581;P08581-2	P08581;P08581-2				1.53862e+06
P08582	P08582				915186
P08603	P08603				1.59998e+08
P08637	P08637				1.44786e+08
P08670	P05787;P08670;P08729;P17661;P41219;Q9NSB2;P05787-2;P41219-2				1.54794e+06
P08697	P08697;P08697-2				2.23635e+08
P08758	P08758				993327
P09104	P09104;P09104-2				8.00229e+06
P09172	P09172				542004
P09211	P09211				3.7625e+06
P09382	P09382				1.57867e+07
P09417;P09417-2	P09417;P09417-2				9.00678e+06
P09486	P09486				7.49513e+07
P09603	P09603;P09603-2;P09603-3				1.71723e+07
P09619	P09619				3.01916e+07
P09622;P09622-3	P09622;P09622-2;P09622-3				4.47505e+06
P09668	P09668				2.01442e+07
P09871	P09871				1.04939e+08
P09936	P09936				744791
P09960;P09960-4	P09960;P09960-2;P09960-3;P09960-4				1.09524e+06
P09972	P04075;P09972;P04075-2				1.28289e+07
P0C0L4;P0C0L4-2	P0C0L4;P0C0L4-2				2.62792e+08
P0C0L5	P0C0L4;P0C0L5;P0C0L4-2				7.77949e+08
P0C6S8	P0C6S8				1.83453e+06
P0CF74	P0CF74				468523
P0CG47;P0CG48;P62979;P62987	P0CG47;P0CG48;P62979;P62987				5.9558e+07
P0DJI8;P0DJI9	P0DJI8;P0DJI9;P0DJI9-2				3.42092e+06
P0DMQ5	P0DMQ5				9.35761e+06
P0DMV8;P0DMV8-2;P0DMV9	P0DMV8;P0DMV9;P0DMV8-2				1.25952e+06
P0DOX2	P01876;P01877;P01876-1;P01877-1;P0DOX2				3.93857e+08
P0DOX3	P0DOX3				3.43265e+07
P0DOX5	P01857;P01859;P0DOX5;P01857-1;P01859-1				1.00062e+10
P0DOX7	P01834;P0DOX7				8.06039e+08
P0DOX8	B9A064;P0DOX8				8.76544e+08
P0DOY3	P0DOY2;P0DOY3				7.2552e+08
P0DP23;P0DP24;P0DP25	P0DP23;P0DP24;P0DP25;P27482				1.20118e+06
P0DP58	P0DP58				9.31639e+07
P0DTE1	P0DTE1				1.2497e+07
P10124	P10124				9.04716e+06
P10153	P10153				5.76551e+06
P10253	P10253				4.15041e+06
P10451-3	P10451-3				2.07594e+07
P10451-5	P10451;P10451-4;P10451-5				2.33822e+08
P10586;P10586-2	P10586;P23468;P10586-2;P23468-3;P23468-4;P23468-5;P23468-6;P23468-7				2.81943e+07
P10599	P10599;P10599-2				6.8618e+06
P10619;P10619-2	P10619;P10619-2				1.30523e+06
P10636;P10636-2;P10636-3;P10636-4;P10636-5;P10636-6;P10636-7;P10636-8;P10636-9	P10636;P10636-8;P10636-6;P10636-2;P10636-3;P10636-4;P10636-5;P10636-7;P10636-9				275935
P10643	P10643				9.34329e+07
P10644;P10644-2	P10644;P10644-2				430105
P10645	P10645				1.70145e+08
P10721;P10721-2	P10721;P10721-2				3.46008e+07
P10745	P10745				380249
P10768	P10768				1.39653e+06
P10909-6	P10909;P10909-4;P10909-6;P10909-2;P10909-3;P10909-5				2.26158e+09
P11021	P11021				9.31461e+06
P11047	P11047				4.43822e+06
P11117	P11117				3.01391e+06
P11142	P11142				1.46147e+06
P11215;P11215-2	P11215;P11215-2				439105
P11226	P11226				5.69618e+06
P11279	P11279;P11279-2				5.6103e+06
P11362;P11362-2;P11362-20;P11362-8;P11362-9	P11362;P11362-10;P11362-11;P11362-12;P11362-13;P11362-14;P11362-16;P11362-18;P11362-19;P11362-2;P11362-20;P11362-21;P11362-3;P11362-4;P11362-5;P11362-6;P11362-7;P11362-8;P11362-9				2.63483e+07
P11464-4	P11464-4				6.97928e+06
P11597;P11597-2	P11597;P11597-2				841414
P11717	P11717				1.40124e+06
P12107;P12107-2;P12107-3;P12107-4	P12107;P12107-2;P12107-3;P12107-4				466543
P12109	P12109				3.04388e+07
P12110	P12110;P12110-2;P12110-3				4.32535e+06
P12111	P12111				344067
P12111-4	P12111;P12111-2;P12111-4				2.42935e+07
P12259	P12259				5.14297e+07
P12314;Q92637;Q92637-3	P12314;Q92637;Q92637-3				2.92099e+07
P12318;P12318-2	P12318;P31994;P31995;P12318-2;P31994-2;P31994-3;P31994-4;P31994-5;P31995-2;P31995-3;P31995-4				3.4844e+06
P12821;P12821-2;P12821-3;P12821-4	P12821;P12821-3;P12821-2;P12821-4				425297
P12830;P12830-2	P12830;P12830-2				3.33603e+06
P12955;P12955-2	P12955;P12955-2;P12955-3				2.93294e+06
P13284	P13284				2.17808e+06
P13473;P13473-2;P13473-3	P13473;P13473-2;P13473-3				3.6305e+07
P13497;P13497-2;P13497-3;P13497-4;P13497-5;P13497-6	P13497;P13497-2;P13497-3;P13497-4;P13497-5;P13497-6				1.46887e+06
P13521	P13521				5.09939e+07
P13591	P13591;P13591-1;P13591-3;P13591-4;P13591-5;P13591-6				9.31543e+07
P13591-3	P13591-1;P13591-3;P13591-4				5.07454e+07
P13598	P13598				5.78328e+06
P13611;P13611-5	P13611;P13611-2;P13611-3;P13611-4;P13611-5				8.17212e+06
P13671	P13671				5.89169e+07
P13796	P13796				5.65441e+06
P13797;P13797-2;P13797-3	P13797;P13797-2;P13797-3				145888
P13987;P13987-2	P13987;P13987-2				6.37691e+07
P14138;P14138-2;P14138-3	P14138;P14138-2;P14138-3				3.37849e+06
P14151;P14151-2	P14151;P14151-2				5.45092e+06
P14174	P14174				5.97775e+06
P14207	P14207				715477
P14209;P14209-3	P14209;P14209-3				546482
P14314;P14314-2	P14314;P14314-2				5.90546e+06
P14384	P14384				1.36572e+06
P14415	P14415				1.95129e+06
P14543	P14543;P14543-2				1.56125e+07
P14618-2	P14618;P14618-2;P14618-3				2.17395e+07
P14618;P14618-3	P14618;P14618-3				693010
P14621	P14621				2.75671e+06
P14625	P14625				8.23856e+06
P15086	P15085;P15086				1.67133e+06
P15121	C9JRZ8;P15121;C9JRZ8-2				651102
P15144	P15144				1.83206e+06
P15151;P15151-2;P15151-3;P15151-4	P15151;P15151-2;P15151-3;P15151-4				4.72771e+06
P15169	P15169				1.41555e+07
P15289;P15289-2	P15289;P15289-2				2.88899e+06
P15291;P15291-2	P15291;P15291-2				5.28802e+06
P15502;P15502-1;P15502-10;P15502-12;P15502-13;P15502-2;P15502-4;P15502-5;P15502-6;P15502-7;P15502-9	P15502;P15502-1;P15502-10;P15502-12;P15502-13;P15502-2;P15502-4;P15502-5;P15502-6;P15502-7;P15502-9				2.93421e+06
P15509;P15509-2;P15509-3;P15509-5;P15509-7;P15509-8	P15509;P15509-3;P15509-2;P15509-5;P15509-7;P15509-8				1.30326e+06
P15531;P15531-2	P15531;P15531-2				381200
P15586;P15586-2	P15586;P15586-2				3.39194e+06
P16035	P16035				7.36574e+07
P16070;P16070-10;P16070-11;P16070-12;P16070-13;P16070-14;P16070-15;P16070-16;P16070-17;P16070-18;P16070-3;P16070-4;P16070-5;P16070-6;P16070-7;P16070-8;P16070-9	P16070;P16070-10;P16070-11;P16070-12;P16070-13;P16070-14;P16070-15;P16070-16;P16070-17;P16070-18;P16070-3;P16070-4;P16070-5;P16070-6;P16070-7;P16070-8;P16070-9				6.6407e+07
P16112;P16112-2	P16112;P16112-2;P16112-3				3.36065e+06
P16152	P16152				1.30778e+06
P16519;P16519-2;P16519-3	P16519;P16519-2;P16519-3				779303
P16870;P16870-2	P16870;P16870-2				5.28059e+07
P16949	P16949;P16949-2				1.412e+06
P17174	P17174				2.14724e+07
P17405;P17405-4	P17405;P17405-4				6.21572e+06
P17677;P17677-2	P17677;P17677-2				1.7494e+06
P17900	P17900				5.45248e+07
P17931	P17931				1.99098e+06
P17936;P17936-2	P17936;P17936-2				7.92341e+06
P18065	P18065				8.39524e+07
P18075	P18075				129297
P18206;P18206-2	P18206;P18206-2				1.90624e+06
P18428	P18428				1.20243e+07
P18669	P15259;P18669				9.78875e+06
P19021;P19021-5;P19021-6	P19021;P19021-3;P19021-4;P19021-2;P19021-5;P19021-6				4.28374e+07
P19022	P19022;P19022-2				7.40306e+07
P19320	P19320;P19320-2;P19320-3				1.14045e+07
P19367;P19367-2;P19367-3;P19367-4	P19367;P19367-2;P19367-3;P19367-4				8.15312e+06
P19652	P19652				6.96708e+08
P19823	P19823				1.92776e+08
P19827	P19827;P19827-2				6.03883e+07
P20036	P20036				174600
P20062	P20062				3.31152e+07
P20138;P20138-2	P20138;P20138-2				831765
P20366;P20366-2;P20366-3;P20366-4	P20366;P20366-2;P20366-3;P20366-4				1.15456e+07
P20382	P20382				379189
P20472	P20472				1.44265e+07
P20618	P20618				1.24547e+07
P20742	P20742;P20742-2				7.0698e+06
P20774	P20774				6.7034e+07
P20827	P20827;P20827-2				1.83285e+07
P20908;P20908-2	P20908;P20908-2				1.66249e+06
P20916;P20916-2;P20916-3	P20916;P20916-2;P20916-3				4.70045e+06
P20933	P20933				1.65961e+08
P21333;P21333-2	P21333;P21333-2				4.5291e+06
P21579	P21579				3.05831e+06
P21589;P21589-2	P21589;P21589-2				275835
P21802;P21802-16;P21802-2;P21802-5;P21802-6;P21802-8	P21802;P21802-3;P21802-14;P21802-15;P21802-16;P21802-17;P21802-18;P21802-19;P21802-2;P21802-23;P21802-5;P21802-6;P21802-8				5.45228e+06
P21810	P21810				1.48017e+06
P21926	P21926				1.82383e+06
P22061;P22061-2	P22061;P22061-2				9.17207e+06
P22105;P22105-1;P22105-4	P22105;P22105-1;P22105-4				8.01896e+06
P22303;P22303-2;P22303-4	P22303;P22303-2;P22303-3;P22303-4				4.3121e+06
P22304	P22304;P22304-2;P22304-3				1.56589e+07
P22352	P22352				6.46833e+07
P22392;P22392-2	P15531;P22392;P22392-2;P15531-2				1.55158e+06
P22607;P22607-2;P22607-3;P22607-4	P22607;P22607-2;P22607-3;P22607-4				1.52882e+07
P22676	P22676				6.66376e+06
P22692;P22692-2	P22692;P22692-2				2.59789e+07
P22748	P22748				5.28469e+06
P22792	P22792				5.73618e+06
P22891;P22891-2	P22891;P22891-2				7.20599e+06
P22897	P22897;P22897-2				4.77672e+06
P23083	P23083;P01743;A0A0C4DH29;A0A0C4DH31;A0A0C4DH33;A0A0J9YVY3;P0DP01				1.15614e+09
P23142	P23142				7.66962e+07
P23142-4	P23142-4				3.0073e+08
P23284	P23284				2.87474e+07
P23435	P23435				4.10952e+07
P23468	P23468;P23468-2;P23468-3;P23468-4;P23468-5;P23468-6;P23468-7				9.57735e+06
P23470;P23470-2	P23470;P23470-2				1.93412e+07
P23471;P23471-2	P23471;P23471-2				1.98804e+07
P23515	P23515				1.16594e+08
P23560;P23560-2;P23560-3;P23560-4;P23560-5	P23560;P23560-2;P23560-3;P23560-4;P23560-5				3.09316e+06
P23582	P23582				5.57614e+07
P24043	P24043				9.52417e+06
P24592	P24592				3.31773e+08
P24593	P24593				1.27338e+07
P24821;P24821-2;P24821-3;P24821-4;P24821-5;P24821-6	P24821;P24821-2;P24821-3;P24821-4;P24821-5;P24821-6				1.24259e+06
P25311	P25311				2.45987e+08
P25713	P25713				4.13424e+06
P25774;P25774-2	P25774;P25774-2				9.08316e+06
P26038	P26038				3.98223e+06
P26447	P26447				1.48224e+06
P26572	P26572				4.13729e+06
P26927	P26927;Q2TV78;Q2TV78-2				1.19107e+07
P26992	P26992				1.33511e+07
P27169	P27169				6.87516e+07
P27658	P27658				775384
P27797	P27797				2.64472e+07
P27824;P27824-2	P27824;P27824-2;P27824-3				1.995e+06
P28074;P28074-2	P28074;P28074-2				254040
P28799;P28799-2;P28799-3	P28799;P28799-2;P28799-3				549895
P28827;P28827-2	P28827;P28827-2				969931
P28838;P28838-2	P28838;P28838-2				88686.5
P29120;P29120-2	P29120;P29120-2				3.77671e+06
P29218;P29218-3	P29218;P29218-3;P29218-2				2.68422e+06
P29622	P29622				8.05542e+07
P29966	P29966				4.5738e+06
P30041	P30041				3.48956e+06
P30043	P30043				3.70615e+06
P30048;P30048-2	P30048;P30048-2				1.17382e+06
P30086	P30086				3.26176e+07
P30101	P30101				3.70148e+06
P30530;P30530-2	P30530;P30530-2				2.26618e+07
P30740;P30740-2	P30740;P50452;P50453;O75830;P30740-2;P50452-2				585047
P31146	P31146				157729
P31150	P31150;P50395				9.01906e+06
P31321	P31321				602404
P31946;P31946-2	P31946;P31946-2				2.04923e+06
P32004;P32004-2;P32004-3	P32004;P32004-2;P32004-3				7.11389e+06
P32119	P32119				9.50906e+07
P33151	P33151;P33151-2				5.06984e+06
P33908	P33908				3.46827e+07
P34059	P34059				6.87845e+06
P34096	P34096				6.86119e+06
P34741	P34741				1.30277e+06
P35052	P35052				9.5101e+06
P35080	P35080				206392
P35237	P35237				1.41785e+06
P35318	P35318				5.22712e+06
P35442	P35442				3.72938e+06
P35443	P35443				8.91648e+06
P35527	P35527				1.74507e+06
P35542	P35542				2.21658e+08
P35555	P35555				9.10296e+06
P35590	P35590;P35590-2;P35590-3				2.86337e+06
P35858;P35858-2	P35858;P35858-2				2.40603e+07
P35908	P35908				494054
P36222	P36222				1.15468e+08
P36269;P36269-2;P36269-3	P36269;P36269-2;P36269-3				75295.6
P36871;P36871-2;P36871-3	P36871;P36871-2;P36871-3				898304
P36888;P36888-2	P36888;P36888-2				310553
P36955	P36955				9.65673e+08
P36957;P36957-2	P36957;P36957-2				1.40039e+08
P36980	P36980;Q03591;P36980-2				3.27613e+07
P37173;P37173-2	P37173;P37173-2				3.68028e+06
P37837;P37837-2	P37837;P37837-2				840756
P38571;P38571-2	P38571;P38571-2				3.00962e+06
P39059	P39059				6.32104e+06
P39060;P39060-1;P39060-2	P39060;P39060-1;P39060-2				1.87453e+07
P40189	P40189;P40189-2;P40189-3				1.04178e+07
P40925;P40925-3	P40925;P40925-2;P40925-3				1.8801e+07
P40926	P40926;P40926-2				1.44333e+06
P40967;P40967-2;P40967-4;P40967-5	P40967;P40967-2;P40967-4;P40967-5				898109
P41217;P41217-2;P41217-3	P41217;P41217-2;P41217-3				2.56534e+06
P41222	P41222				4.24529e+09
P41271;P41271-2	P41271;P41271-2				3.04218e+07
P42262;P42262-2;P42262-3;P42262-4	P42262;P42262-2;P42262-3;P42262-4				603531
P42658;P42658-2	P42658;P42658-2				2.52207e+06
P42785	P42785;P42785-2				1.48449e+07
P42857;P42857-2	P42857;P42857-2				2.24237e+06
P43004;P43004-2;P43004-3	P43004;P43004-2;P43004-3				94411.5
P43121	P43121;P43121-2				2.24222e+07
P43146	P43146				4.58649e+06
P43234	P43234				2.71905e+06
P43251;P43251-2;P43251-3;P43251-4	P43251;P43251-2;P43251-3;P43251-4				1.00913e+08
P43652	P43652				2.2233e+08
P45877	P45877				6.05751e+06
P46459	P46459;P46459-2				2.08353e+06
P47972	P47972				1.05038e+07
P48058;P48058-2	P48058;P48058-2				8.06831e+06
P48061;P48061-2;P48061-3;P48061-4;P48061-5;P48061-6	P48061;P48061-2;P48061-3;P48061-4;P48061-5;P48061-6				1.55096e+07
P48147	P48147				571020
P48539	P48539				2.70493e+06
P48637	P48637				1.42963e+06
P48723	P48723				4.21987e+06
P48740-2;P48740-4	P48740-2;P48740-4				7.86206e+06
P48740-3	P48740;P48740-2;P48740-3;P48740-4				8.45357e+06
P48745	P48745				833977
P49257	P49257				7.42901e+06
P49418;P49418-2	P49418;P49418-2				1.3028e+06
P49641	P49641;P49641-1;P49641-2				1.62589e+07
P49747;P49747-2	P49747;P49747-2				7.5505e+06
P49908	P49908				1.96973e+07
P50281	P50281				1.40181e+06
P50395	P50395;P50395-2				1.27882e+06
P50895	P50895				2.03236e+06
P50993	P50993				630806
P51674;P51674-2;P51674-3	P51674;P51674-2;P51674-3				1.44456e+06
P51693	P51693;P51693-2				3.79882e+08
P51693-2	P51693-2				3.30019e+06
P51805	P51805				118152
P51884	P51884				6.55361e+07
P51888	P51888				8.37977e+06
P52566	P52566				677502
P52758	P52758				714305
P52797	P52797				1.12282e+06
P52799	P52799				2.45287e+06
P52803	P52803				8.50251e+06
P52848;P52848-3	P52848;P52848-3;P52848-2				671135
P53041	P53041				319519
P53634	P53634				1.1859e+07
P54108;P54108-2;P54108-3	P54108;P54108-2;P54108-3				6.95553e+06
P54253	P54253				2.14529e+09
P54289-2;P54289-3	P54289;P54289-2;P54289-3;P54289-4;P54289-5				2.01159e+07
P54725;P54725-2;P54725-3;P54727	P54725;P54727;P54725-2;P54725-3				1.28544e+06
P54764	P54764;P54764-2				4.69724e+06
P54802	P54802				3.7495e+06
P55056	P55056				506638
P55058	P55058;P55058-2;P55058-3;P55058-4				2.2701e+08
P55083;P55083-2	P55083;P55083-2				1.22854e+07
P55087;P55087-2	P55087;P55087-2				1.92887e+06
P55103	P55103				199651
P55268	P55268				3.4338e+06
P55283;P55283-2	P55283;P55283-2				6.81368e+06
P55285;P55285-2	P55285;P55285-2				3.75818e+06
P55286	P55286;P55287;P55289;Q9ULB5;P55287-2;P55289-2				6.10354e+06
P55287;P55287-2	P55287;P55287-2				6.72824e+06
P55290;P55290-4	P55290;P55290-2;P55290-3;P55290-4;P55290-5				1.13547e+08
P55291	P55291				2.02914e+07
P55786;P55786-2	P55786;P55786-2				2.79529e+06
P56159;P56159-2	P56159;P56159-2				2.843e+06
P58215	P58215;P58215-2;P58215-3				722839
P58400	P58400;P58400-1				2.63127e+06
P58401	P58401				2.33307e+06
P58417	O95156;P58417				6.63001e+06
P59190;P59190-2	P51153;P59190;P61006;P61026;P62820;Q92930;Q9H0U4;Q92928;P61006-2;P62820-2;P62820-3;P59190-2				1.39315e+06
P60174;P60174-3	P60174;P60174-3;P60174-4				1.27033e+07
P60520	P60520				200859
P60709;P63261	P60709;P63261				6.10582e+07
P60900;P60900-2	P60900;P60900-2				45227
P61278	P61278				3.40821e+07
P61604	P61604				69964
P61626	P61626				5.86528e+07
P61769	P61769				1.16552e+09
P61812;P61812-2	P61812;P61812-2				65617.4
P61916	P61916;P61916-2				1.21299e+08
P61970	P61970				4.12938e+06
P61981	P61981				2.01373e+06
P62258;P62258-2	P62258;P62258-2				4.49739e+06
P62328	P62328;P63313				8.29185e+06
P62937	P62937				5.87534e+06
P62942	P62942				841775
P62993	P62993;P62993-2				1.67738e+06
P63010;P63010-2;P63010-3	P63010;P63010-2;P63010-3				5.41904e+06
P63104	P63104;P63104-2				2.55351e+07
P63208	P63208;P63208-2				1.46903e+06
P68032;P68133	P62736;P63267;P68032;P68133				2.15945e+06
P68036;P68036-2;P68036-3	P68036;A0A1B0GUS4;P68036-2;P68036-3				1.4762e+06
P68104;Q05639;Q5VTE0	P68104;Q05639;Q5VTE0				1.13333e+06
P68871	P02042;P68871				1.25804e+09
P69849;Q15155;Q5JPE7;Q5JPE7-2	P69849;Q15155;Q5JPE7;Q5JPE7-2;Q5JPE7-3				477970
P69891;P69892	P69891;P69892				3.30498e+06
P69905	P69905				1.72935e+09
P78310;P78310-2;P78310-5;P78310-6;P78310-7	P78310;P78310-2;P78310-4;P78310-5;P78310-6;P78310-7				1.20511e+06
P78324;P78324-2	P78324;Q9P1W8;Q5TFQ8;P78324-2;P78324-4;Q9P1W8-2;Q9P1W8-3;Q9P1W8-4				5.08409e+07
P78417	P78417;P78417-3				3.25093e+06
P78509	P78509;P78509-2;P78509-3				1.44974e+07
P78539;P78539-2;P78539-3;P78539-5	P78539;P78539-2;P78539-3;P78539-4;P78539-5				8.63255e+06
P80108	P80108				1.19214e+07
P80188;P80188-2	P80188;P80188-2				679282
P80303;P80303-2	P80303;P80303-2				5.75185e+06
P80723	P80723;P80723-2				5.82077e+06
P80748	P80748				9.83243e+07
P84157-2	P84157;P84157-2;P84157-3				581806
P98095;P98095-2	P98095;P98095-2				4.82486e+06
P98153;P98153-2;P98153-3	P98153;P98153-2;P98153-3				3.27356e+06
P98160	P98160				4.11242e+07
P98172	P98172				814961
P98173;P98173-2;P98173-3	P98173;P98173-2;P98173-3				383836
P99999	P99999				3.62963e+06
Q00973;Q00973-2	Q00973;Q00973-2;Q00973-3				2.38237e+06
Q01459	Q01459				1.56223e+07
Q01469	Q01469				8.88431e+06
Q01995	Q01995				8.27834e+06
Q02246	Q02246				2.99317e+07
Q02487;Q02487-2	Q02487;Q02487-2				5.5004e+06
Q02790	Q02790				118362
Q02809;Q02809-2	Q02809;Q02809-2				7.7911e+06
Q02818	Q02818				3.18584e+07
Q02985;Q02985-2	Q02985;Q92496;Q02985-2;Q92496-2;Q92496-3				9.95723e+06
Q03167;Q03167-2	Q03167;Q03167-2				9.25754e+06
Q04721	Q04721				2.33482e+06
Q04756	Q04756				7.1459e+06
Q04760;Q04760-2	Q04760;Q04760-2				3.17772e+06
Q05707;Q05707-2	Q05707;Q05707-2;Q05707-3				4.5665e+06
Q05996;Q05996-2	Q05996;Q05996-2				8.59592e+06
Q06033;Q06033-2	Q06033;Q06033-2				1.35198e+07
Q06418	Q06418				6.63706e+06
Q06481	Q06481;Q06481-3;Q06481-6				2.42453e+07
Q06828	Q06828				5.80268e+07
Q06830	Q06830				8.04179e+06
Q07092;Q07092-2	Q07092;Q07092-2				4.24445e+06
Q07954	Q07954				2.52735e+07
Q08174-2	Q08174;Q08174-2				5.61758e+06
Q08345;Q08345-5	Q08345;Q08345-2;Q08345-4;Q08345-5;Q08345-6				1.49469e+07
Q08380	Q08380				1.58432e+08
Q08431;Q08431-4	Q08431;Q08431-3;Q08431-4				3.75827e+06
Q08554;Q08554-2	Q08554;Q08554-2				2.52358e+06
Q08629	Q08629				8.69687e+06
Q08ET2	O15389;Q08ET2				9.50341e+06
Q09328	Q09328				1.42746e+06
Q0P6D2	Q0P6D2;Q0P6D2-2				6.31044e+06
Q10469	Q10469				1.21883e+06
Q10471	Q10471				6.60433e+06
Q10472	Q10472;Q8IUC8;Q8IUC8-3;Q8IUC8-2				3.80264e+06
Q10588	Q10588;Q10588-2				4.10064e+06
Q12765;Q12765-2;Q12765-3	Q12765;Q12765-2;Q12765-3				657967
Q12794;Q12794-2;Q12794-7	Q12794;Q12794-2;Q12794-4;Q12794-7				2.73314e+06
Q12797;Q12797-10	Q12797;Q12797-10				1.61492e+06
Q12805;Q12805-2;Q12805-3;Q12805-4;Q12805-5	Q12805;Q12805-2;Q12805-3;Q12805-4;Q12805-5				1.93704e+08
Q12841;Q12841-2	Q12841;Q12841-2				8.23001e+06
Q12860	Q12860;Q12860-2				1.74275e+08
Q12866	Q12866				2.33882e+06
Q12907	Q12907				3.2226e+07
Q12913;Q12913-2;Q12913-3	Q12913;Q12913-2;Q12913-3				2.19381e+06
Q13093	Q13093				46966
Q13214;Q13214-2	Q13214;Q13214-2				2.5641e+06
Q13217	Q13217				1.82673e+06
Q13228;Q13228-4	Q13228;Q13228-2;Q13228-3;Q13228-4				1.34526e+07
Q13231;Q13231-2;Q13231-3;Q13231-4	Q13231;Q13231-2;Q13231-3;Q13231-4				1.88972e+06
Q13232	Q13232				432604
Q13332-2;Q13332-6	Q13332;Q13332-2;Q13332-3;Q13332-4;Q13332-5;Q13332-6;Q13332-7				1.37472e+07
Q13404;Q13404-1;Q13404-2;Q13404-7	Q13404;Q13404-1;Q13404-2;Q13404-6;Q13404-7				2.69655e+06
Q13421-2;Q13421-3;Q13421-4	Q13421;Q13421-2;Q13421-3;Q13421-4				1.32325e+06
Q13443;Q13443-2	Q13443;Q13443-2				5.76599e+06
Q13444;Q13444-10;Q13444-12;Q13444-2;Q13444-3;Q13444-4;Q13444-5;Q13444-6;Q13444-7;Q13444-8;Q13444-9	Q13444;Q13444-2;Q13444-10;Q13444-11;Q13444-12;Q13444-3;Q13444-4;Q13444-5;Q13444-6;Q13444-7;Q13444-8;Q13444-9				742036
Q13449	Q13449				2.25086e+08
Q13501;Q13501-2	Q13501;Q13501-2				992423
Q13508;Q13508-2;Q13508-3	Q13508;Q13508-2;Q13508-3				6.48705e+06
Q13510;Q13510-2	Q13510;Q13510-2;Q13510-3				1.04421e+07
Q13554;Q13554-2;Q13554-3;Q13554-4;Q13554-5;Q13554-7;Q13554-8	Q13554;Q13554-3;Q13554-2;Q13554-4;Q13554-5;Q13554-6;Q13554-7;Q13554-8				5.40565e+06
Q13557;Q13557-10;Q13557-11;Q13557-12;Q13557-3;Q13557-4;Q13557-5;Q13557-6;Q13557-8;Q13557-9	Q13557;Q13557-8;Q13557-10;Q13557-11;Q13557-12;Q13557-3;Q13557-4;Q13557-5;Q13557-6;Q13557-9				1.51343e+06
Q13634;Q13634-2	Q13634;Q13634-2				1.71028e+06
Q13641	Q13641				897884
Q13740;Q13740-2	Q13740;Q13740-2;Q13740-3				2.07171e+07
Q13790	Q13790				4.4442e+06
Q13822-3	Q13822;Q13822-3				2.17793e+08
Q14019	Q14019				3.02242e+06
Q14112;Q14112-2	Q14112;Q14112-2				4.09013e+06
Q14118	Q14118				2.14704e+08
Q14126	Q14126				2.27704e+06
Q14165	Q14165				4.99922e+06
Q14213	Q14213				2.07431e+06
Q14242;Q14242-2	Q14242;Q14242-2				692926
Q14257;Q14257-2	Q14257;Q14257-2				2.05501e+06
Q14314	Q14314				8.74113e+06
Q14315;Q14315-2	Q14315;Q14315-2				277285
Q14393;Q14393-1;Q14393-3;Q14393-4;Q14393-5	Q14393;Q14393-1;Q14393-3;Q14393-4;Q14393-5				4.891e+06
Q14515	Q14515;Q14515-2				2.64793e+08
Q14520;Q14520-2	Q14520;Q14520-2				2.07247e+07
Q14574;Q14574-2	Q14574;Q14574-2				2.97482e+06
Q14624	Q14624				1.83963e+08
Q14696	Q14696				150653
Q14697;Q14697-2	Q14697;Q14697-2				4.43951e+06
Q14766;Q14766-2;Q14766-3	Q14766;Q14766-2;Q14766-3;Q14766-4;Q14766-5				3.8817e+06
Q14767	Q14767				6.82468e+06
Q14894	Q14894				877476
Q14956;Q14956-2	Q14956;Q14956-2				2.47693e+06
Q14982;Q14982-2;Q14982-3;Q14982-4	Q14982;Q14982-2;Q14982-3;Q14982-4				1.81312e+07
Q14C87	Q14C87;Q8N3T6				2.29837e+06
Q14CZ8	Q14CZ8				1.72138e+06
Q14DG7	Q14DG7;Q14DG7-2				340087
Q15063-3	Q15063-3;Q15063-4;Q15063-7				2.98802e+07
Q15084;Q15084-2;Q15084-3;Q15084-4;Q15084-5	Q15084;Q15084-2;Q15084-3;Q15084-4;Q15084-5				429580
Q15113	Q15113				6.47115e+07
Q15121;Q15121-2	Q15121;Q15121-2				486641
Q15166	Q15166				1.04287e+07
Q15223;Q15223-2;Q15223-3	Q15223;Q15223-2;Q15223-3				7.73781e+06
Q15256;Q15256-5	Q15256;Q15256-5				7.92213e+07
Q15262;Q15262-2;Q15262-3;Q15262-4	Q15262;Q15262-2;Q15262-3;Q15262-4				2.21594e+06
Q15293;Q15293-2	Q15293;Q15293-2				1.83914e+06
Q15303;Q15303-2;Q15303-3;Q15303-4	Q15303;Q15303-2;Q15303-3;Q15303-4				1.03451e+06
Q15375;Q15375-2;Q15375-4	Q15375;Q15375-2;Q15375-4				3.82007e+06
Q15465	Q15465				2.18658e+06
Q15582	Q15582				3.42684e+07
Q15782;Q15782-5;Q15782-6	Q15782;Q15782-5;Q15782-6				6.86719e+06
Q15818	Q15818				8.34667e+07
Q15828	Q15828				2.73545e+06
Q15847	Q15847				78527.3
Q15848	Q15848				7.07203e+06
Q15904	Q15904				1.19575e+08
Q16270	Q16270;Q16270-2				1.4693e+08
Q16288;Q16288-2;Q16288-3;Q16288-4;Q16288-5	Q16288;Q16288-2;Q16288-3;Q16288-4;Q16288-5				5.69609e+06
Q16363;Q16363-2	Q16363;Q16363-2				573847
Q16394	Q16394				478394
Q16531	Q16531				1.64486e+06
Q16555;Q16555-2	Q16555;Q16555-2				335365
Q16568	Q16568				3.51444e+06
Q16581	Q16581				1.93158e+06
Q16610;Q16610-4	Q16610;Q16610-2;Q16610-4				3.71924e+07
Q16620;Q16620-2;Q16620-3;Q16620-4;Q16620-5;Q16620-6	Q16620;Q16620-2;Q16620-3;Q16620-4;Q16620-5;Q16620-6				5.88305e+06
Q16627;Q16627-2	Q16627;Q16627-2				2.08784e+06
Q16653;Q16653-10;Q16653-11;Q16653-13;Q16653-2;Q16653-3;Q16653-5;Q16653-6;Q16653-7;Q16653-8;Q16653-9	Q16653;Q16653-10;Q16653-11;Q16653-13;Q16653-2;Q16653-3;Q16653-5;Q16653-6;Q16653-7;Q16653-8;Q16653-9				6.32205e+06
Q16658	Q16658				3.24447e+07
Q16674	Q16674				2.76836e+08
Q16706	Q16706				3.96006e+06
Q16769	Q16769				2.70703e+07
Q16775;Q16775-2	Q16775;Q16775-2				1.20413e+06
Q16849	Q16849;Q16849-3;Q16849-2				3.35175e+07
Q16880	Q16880				1.24695e+07
Q17RC7	Q17RC7				2.22798e+07
Q24JP5;Q24JP5-2	Q24JP5;Q24JP5-2;Q24JP5-3				2.69643e+07
Q2TAL6	Q2TAL6				1.05802e+06
Q2UY09	Q2UY09;Q2UY09-2;Q2UY09-3				1.36365e+06
Q30154	P79483;Q30154				5.27607e+06
Q495W5	Q495W5;Q495W5-2				3.39183e+06
Q4G0P3	Q4G0P3;Q4G0P3-10;Q4G0P3-5;Q4G0P3-6;Q4G0P3-8				4.26423e+07
Q504Y0;Q504Y0-4;Q504Y0-5	Q504Y0;Q504Y0-4;Q504Y0-5				2.65432e+06
Q53EL9;Q53EL9-3	Q53EL9;Q53EL9-2;Q53EL9-3				5.26627e+07
Q53H76;Q53H76-2;Q53H76-3	Q53H76;Q53H76-2;Q53H76-3				473919
Q53RD9;Q53RD9-2;Q53RD9-3;Q53RD9-4	Q53RD9;Q53RD9-2;Q53RD9-3;Q53RD9-4				4.84984e+06
Q562R1	Q562R1				3.02153e+07
Q58EX2;Q58EX2-2;Q58EX2-3;Q58EX2-4	Q58EX2;Q58EX2-2;Q58EX2-3;Q58EX2-4				846945
Q5BIV9	Q5BIV9				7.13978e+06
Q5BLP8;Q5BLP8-2;Q5BLP8-3	Q5BLP8;Q5BLP8-2;Q5BLP8-3				1.28548e+07
Q5FWE3;Q5FWE3-3	Q5FWE3;Q5FWE3-3				3.33476e+07
Q5JRA6;Q5JRA6-2	Q5JRA6;Q5JRA6-2				959754
Q5JTV8;Q5JTV8-3	Q5JTV8;Q5JTV8-3				276618
Q5JZY3;Q5JZY3-2;Q5JZY3-3	Q5JZY3;Q5JZY3-2;Q5JZY3-3				1.26851e+06
Q5KU26	Q5KU26				9.69851e+06
Q5SRI9	Q5SRI9				698941
Q5SZK8;Q5SZK8-2	Q5SZK8;Q5SZK8-2				1.28893e+06
Q5T848	Q5T848				4.79818e+06
Q5VSG8	Q5VSG8				3.16132e+06
Q5VU97	Q5VU97				5.39395e+06
Q5VUB5	Q5VUB5				478920
Q5VV43;Q5VV43-2;Q5VV43-3;Q5VV43-4	Q5VV43;Q5VV43-2;Q5VV43-3;Q5VV43-4				3.17868e+06
Q5VWW1;Q5VWW1-2;Q5VWW1-3	Q5VWW1;Q5VWW1-2;Q5VWW1-3				512970
Q641Q3;Q641Q3-2	Q641Q3;Q641Q3-2				7.52722e+06
Q658N2	Q658N2				3.56697e+06
Q66K79;Q66K79-2;Q66K79-3	Q66K79;Q66K79-2;Q66K79-3				94629.5
Q68BL7;Q68BL7-2;Q68BL7-3	Q68BL7;Q68BL7-2;Q68BL7-3				4.14051e+06
Q68D85	Q68D85				1.68182e+06
Q6E0U4;Q6E0U4-16;Q6E0U4-2;Q6E0U4-3;Q6E0U4-4;Q6E0U4-5;Q6E0U4-6;Q6E0U4-7	Q6E0U4;Q6E0U4-16;Q6E0U4-2;Q6E0U4-3;Q6E0U4-4;Q6E0U4-5;Q6E0U4-6;Q6E0U4-7				996684
Q6EMK4	Q6EMK4				1.19834e+07
Q6FHJ7	Q6FHJ7				2.53561e+06
Q6GTX8;Q6GTX8-2;Q6GTX8-3;Q6GTX8-4;Q6ISS4;Q6ISS4-2	Q6GTX8;Q6ISS4;Q6GTX8-2;Q6GTX8-3;Q6GTX8-4;Q6ISS4-2				7.15657e+06
Q6IEE7	Q6IEE7				266318
Q6IS24	Q6IS24				1.56936e+06
Q6MZW2	Q6MZW2;Q6MZW2-2;Q6MZW2-3				1.17924e+07
Q6NUJ2	Q6NUJ2				1.44733e+06
Q6NW40	Q6NW40				1.62595e+07
Q6P179;Q6P179-2;Q6P179-3;Q6P179-4	Q6P179;Q6P179-2;Q6P179-3;Q6P179-4				834694
Q6P4E1;Q6P4E1-5	Q6P4E1;Q6P4E1-2;Q6P4E1-5				7.08482e+06
Q6P9A2	Q6P9A2				1.56772e+06
Q6PCB0	Q6PCB0				573342
Q6PUV4	O14810;Q6PUV4				1.13211e+07
Q6RVD6	Q6RVD6				534901
Q6UVK1	Q6UVK1				6.28322e+06
Q6UW01	Q6UW01				1.76767e+07
Q6UWH4;Q6UWH4-2	Q6UWH4;Q6UWH4-2;Q6UWH4-3				5.88313e+06
Q6UWP8;Q6UWP8-2	Q6UWP8;Q6UWP8-2				41495
Q6UWR7	Q6UWR7				3.22022e+06
Q6UWY5	Q6UWY5				2.31839e+06
Q6UX15;Q6UX15-2	Q6UX15;Q6UX15-2				1.20734e+06
Q6UX71	Q6UX71;Q6UX71-2				2.25679e+07
Q6UX72	Q6UX72				1.22907e+07
Q6UX73;Q6UX73-2	Q6UX73;Q6UX73-2				2.27269e+07
Q6UXB8	Q6UXB8;Q6UXB8-2				2.18062e+07
Q6UXD5-3;Q6UXD5-5	Q6UXD5;Q6UXD5-2;Q6UXD5-3;Q6UXD5-4;Q6UXD5-5;Q6UXD5-6				3.99663e+07
Q6UXH9;Q6UXH9-2	Q6UXH9;Q6UXH9-2;Q6UXH9-3				1.10733e+06
Q6UXI9;Q6UXI9-2;Q6UXI9-3;Q6UXI9-4;Q6UXI9-5;Q6UXI9-6	Q6UXI9;Q6UXI9-2;Q6UXI9-3;Q6UXI9-4;Q6UXI9-5;Q6UXI9-6				679965
Q6UXK2	Q6UXK2				724277
Q6UXK5	Q6UXK5				2.89643e+06
Q6UXZ4;Q6UXZ4-2	Q6UXZ4;Q6UXZ4-2				1.35164e+06
Q6YHK3;Q6YHK3-4	Q6YHK3;Q6YHK3-2;Q6YHK3-4				3.96726e+06
Q6ZMI3;Q6ZMI3-2	Q6ZMI3;Q6ZMI3-2				5.35518e+06
Q6ZMP0;Q6ZMP0-2	Q6ZMP0;Q6ZMP0-2				1.08087e+06
Q6ZN30;Q6ZN30-2	Q6ZN30;Q6ZN30-2				4.95398e+06
Q6ZRP7	Q6ZRP7				2.82429e+06
Q6ZSJ9;Q6ZSJ9-2;Q6ZSJ9-3	Q6ZSJ9;Q6ZSJ9-2;Q6ZSJ9-3				3.48819e+07
Q6ZVL6;Q6ZVL6-2	Q6ZVL6;Q6ZVL6-2				4.28937e+06
Q76KP1	Q76KP1				419507
Q7L014	Q7L014				6.41647e+07
Q7L0X0	Q7L0X0				2.0908e+06
Q7LFX5	Q7LFX5				3.96614e+06
Q7LGC8	Q7LGC8				343359
Q7Z3B1	Q7Z3B1;Q7Z3B1-2				4.40607e+07
Q7Z3D4	Q7Z3D4				965662
Q7Z553;Q7Z553-2;Q7Z553-3	Q7Z553;Q7Z553-2;Q7Z553-3				1.12618e+06
Q7Z5A7;Q7Z5A7-2	Q7Z5A7;Q7Z5A7-2;Q7Z5A7-3				1.03542e+07
Q7Z5L0	Q7Z5L0				1.11917e+06
Q7Z5L3	Q7Z5L3				1.30274e+06
Q7Z5L7;Q7Z5L7-2;Q7Z5L7-3	Q7Z5L7;Q7Z5L7-2;Q7Z5L7-3;Q7Z5L7-4				3.69111e+06
Q7Z7G0;Q7Z7G0-2;Q7Z7G0-3;Q7Z7G0-4	Q7Z7G0;Q7Z7G0-2;Q7Z7G0-3;Q7Z7G0-4				2.52462e+06
Q7Z7H5;Q7Z7H5-3	Q7Z7H5;Q7Z7H5-2;Q7Z7H5-3				2.13208e+06
Q7Z7M0	Q7Z7M0;Q7Z7M0-2				3.45124e+07
Q7Z7M8	Q7Z7M8				274227
Q86SF2	Q86SF2				5.14521e+06
Q86SR1	Q86SR1;Q86SR1-2;Q86SR1-4				7.11584e+06
Q86TY3;Q86TY3-2	Q86TY3;Q86TY3-2				9.32453e+06
Q86UD1	Q86UD1				6.98557e+06
Q86UN2	Q86UN2				2.76492e+06
Q86UN3	Q86UN3				8.89686e+06
Q86UW8	Q86UW8				674648
Q86UX2	Q86UX2;Q86UX2-2;Q86UX2-3				3.35607e+07
Q86V85	Q86V85				486974
Q86VB7;Q86VB7-2;Q86VB7-3;Q86VB7-4	Q86VB7;Q86VB7-2;Q86VB7-3;Q86VB7-4				7.66669e+06
Q86VV8;Q86VV8-2;Q86VV8-3;Q86VV8-4	Q86VV8;Q86VV8-2;Q86VV8-4;Q86VV8-3				1.80892e+06
Q86VZ4	Q86VZ4				3.84744e+06
Q86X29;Q86X29-2;Q86X29-3;Q86X29-4;Q86X29-5;Q86X29-6	Q86X29;Q86X29-2;Q86X29-3;Q86X29-4;Q86X29-5;Q86X29-6				3.01747e+06
Q86XR7-2;Q9Y3B3;Q9Y3B3-2	Q9Y3B3;Q86XR7-2;Q9Y3B3-2				1.35271e+06
Q86Y38	Q86Y38				9.59173e+06
Q86Y82	Q86Y82				848082
Q86YD3;Q86YD3-2;Q86YD3-4;Q86YD3-5	Q86YD3;Q86YD3-2;Q86YD3-4;Q86YD3-5				2.9111e+06
Q86YT9;Q86YT9-2;Q86YT9-3;Q86YT9-4	Q86YT9;Q86YT9-2;Q86YT9-3;Q86YT9-4				564196
Q86YZ3	Q86YZ3				340340
Q8IUC8;Q8IUC8-3	Q8IUC8;Q8IUC8-3;Q8IUC8-2				5.07672e+06
Q8IUK5;Q8IUK5-2;Q8IUK5-3	Q8IUK5;Q8IUK5-2;Q8IUK5-3;Q8IUK5-4				1.26791e+07
Q8IUK8	Q8IUK8				1.14869e+07
Q8IUX7	Q8IUX7;Q8IUX7-2				9.29328e+06
Q8IV08	Q8IV08				3.07538e+07
Q8IW52	Q8IW52				3.4004e+06
Q8IWT1	Q8IWT1;Q8IWT1-2				1.80124e+06
Q8IWU5;Q8IWU5-2	Q8IWU5;Q8IWU5-2				4.54425e+07
Q8IWV2	Q8IWV2				6.72405e+06
Q8IWY4	Q8IWY4				1.82552e+06
Q8IXL6	Q8IXL6;Q8IXL6-2				1.59487e+07
Q8IYS5-2;Q8IYS5-3;Q8IYS5-6	Q8IYS5;Q8IYS5-2;Q8IYS5-3;Q8IYS5-4;Q8IYS5-5;Q8IYS5-6;Q8IYS5-7				2.45702e+08
Q8IZJ3;Q8IZJ3-2	Q8IZJ3;Q8IZJ3-2				951552
Q8IZP7	Q8IZP7				3.21324e+06
Q8IZS8;Q8IZS8-2	Q8IZS8;Q8IZS8-2;Q8IZS8-3				1.30265e+06
Q8N114;Q8N114-2	Q8N114;Q8N114-2				1.30054e+07
Q8N126;Q8N126-2	Q8N126;Q8N126-2				1.18318e+08
Q8N149;Q8N149-2;Q8N149-3;Q8N149-4	Q8N149;Q8N149-2;Q8N149-3;Q8N149-4				2.0668e+06
Q8N2Q7;Q8N2Q7-2	Q8N2Q7;Q8N2Q7-2				1.95845e+06
Q8N2S1;Q8N2S1-2;Q8N2S1-3	Q8N2S1;Q8N2S1-2;Q8N2S1-3				1.88277e+07
Q8N3J2	Q8N3J2				1.59075e+07
Q8N3J6;Q8N3J6-2;Q8N3J6-3;Q8N3J6-4;Q8N3J6-5	Q8N3J6;Q8N3J6-2;Q8N3J6-3;Q8N3J6-4;Q8N3J6-5				8.74174e+06
Q8N3T1	Q8N3T1				831631
Q8N3T6	Q8N3T6				3.71992e+06
Q8N428	Q8N428;Q8N428-2				1.94095e+06
Q8N436	Q8N436				2.00015e+06
Q8N474	Q8N474				923203
Q8N475;Q8N475-2	Q8N475;Q8N475-2;Q8N475-3				2.04563e+06
Q8N608;Q8N608-2;Q8N608-3;Q8N608-4	Q8N608;Q8N608-2;Q8N608-3;Q8N608-4				648268
Q8N6C5;Q8N6C5-2;Q8N6C5-4	Q8N6C5;Q8N6C5-2;Q8N6C5-4				1.94263e+06
Q8N967	Q8N967				430292
Q8NBI6	Q8NBI6				3.38197e+06
Q8NBJ4;Q8NBJ4-2	Q8NBJ4;Q8NBJ4-2				1.6435e+07
Q8NBP7	Q8NBP7				1.45297e+06
Q8NBS9;Q8NBS9-2	Q8NBS9;Q8NBS9-2				3.09188e+06
Q8NCC3	Q8NCC3;Q8NCC3-2				1.80603e+06
Q8NCH0	Q8NCH0				803749
Q8NCL4	Q8NCL4				4.13787e+06
Q8NCW5;Q8NCW5-2	Q8NCW5;Q8NCW5-2				1.84979e+06
Q8NEP3;Q8NEP3-2;Q8NEP3-3	Q8NEP3;Q8NEP3-2;Q8NEP3-3				2.02696e+09
Q8NES3;Q8NES3-3	Q8NES3;Q8NES3-3				1.32216e+07
Q8NEY1;Q8NEY1-2;Q8NEY1-3;Q8NEY1-4;Q8NEY1-6;Q8NEY1-7	Q8NEY1;Q8NEY1-2;Q8NEY1-3;Q8NEY1-4;Q8NEY1-6;Q8NEY1-7				3.58882e+07
Q8NFL0	Q8NFL0				152492
Q8NFP4;Q8NFP4-2	Q8NFP4;Q8NFP4-2				2.5443e+06
Q8NFT8	Q8NFT8				814076
Q8NFY4;Q8NFY4-6	Q8NFY4;Q8NFY4-2;Q8NFY4-3;Q8NFY4-4;Q8NFY4-5;Q8NFY4-6;Q8NFY4-8				6.96447e+06
Q8NFZ4	Q8N0W4;Q8N2Q7;Q8NFZ3;Q8NFZ4;Q8NFZ3-2;Q8N0W4-2;Q8N2Q7-2				7.42294e+06
Q8NFZ8	Q8NFZ8				9.8898e+07
Q8NHP8	Q8NHP8;Q8NHP8-2				6.4298e+06
Q8NHQ9	Q8NHQ9				2.89665e+08
Q8TAG5;Q8TAG5-2	Q8TAG5;Q8TAG5-2				2.34013e+07
Q8TBP5	Q8TBP5				9.37354e+06
Q8TCZ2	Q8TCZ2;Q8TCZ2-2;Q8TCZ2-3;Q8TCZ2-5;Q8TCZ2-6				3.56125e+07
Q8TDF5;Q8TDF5-1;Q8TDF5-2	Q8TDF5;Q8TDF5-1;Q8TDF5-2				624899
Q8TDL5	Q8TDL5;Q8TDL5-2				319350
Q8TDQ0;Q8TDQ0-2	Q8TDQ0;Q8TDQ0-2				4.34218e+06
Q8TEA8	Q8TEA8				632575
Q8TER0;Q8TER0-5	Q8TER0;Q8TER0-3;Q8TER0-4;Q8TER0-5				1.73588e+07
Q8TEU8	Q8TEU8				2.17949e+07
Q8WUA8	Q8WUA8				652421
Q8WUJ3	Q8WUJ3;Q8WUJ3-2				5.13925e+06
Q8WVQ1;Q8WVQ1-3	Q8WVQ1;Q8WVQ1-3				8.59851e+06
Q8WWX9	Q8WWX9				3.3341e+06
Q8WX77	Q8WX77				517439
Q8WXD2	Q8WXD2				1.08485e+08
Q8WXD2-2	Q8WXD2-2				3.34828e+06
Q8WY21;Q8WY21-2;Q8WY21-3;Q8WY21-4	Q8WY21;Q8WY21-2;Q8WY21-3;Q8WY21-4				6.75399e+06
Q8WYK1	Q8WYK1				55262.8
Q8WZ75;Q8WZ75-2;Q8WZ75-3	Q8WZ75;Q8WZ75-2;Q8WZ75-3				4.1722e+06
Q8WZA1;Q8WZA1-2	Q8WZA1;Q8WZA1-2				2.11006e+07
Q92484;Q92484-2	Q92484;Q92484-2				7.90747e+06
Q92485;Q92485-2	Q92485;Q92485-2				6.48577e+06
Q92520	Q92520				6.61438e+07
Q92542;Q92542-2	Q92542;Q92542-2				2.51782e+06
Q92563	Q92563				1.52769e+07
Q92597;Q92597-2;Q92597-3	Q92597;Q92597-2;Q92597-3				295556
Q92673	Q92673				4.91708e+06
Q92692;Q92692-2	Q92692;Q92692-2				3.28257e+06
Q92729;Q92729-2;Q92729-3;Q92729-4	Q92729;Q92729-2;Q92729-3;Q92729-4				568391
Q92743	Q92743				4.06503e+06
Q92752	Q92752;Q92752-2				5.5282e+06
Q92765	Q92765				1.47901e+07
Q92820	Q92820				1.11821e+07
Q92823;Q92823-2;Q92823-5	Q92823;Q92823-2;Q92823-3;Q92823-4;Q92823-5;Q92823-6				1.89182e+08
Q92832;Q92832-2	Q92832;Q92832-2				645764
Q92854	Q92854;Q92854-2				1.87326e+06
Q92859;Q92859-2;Q92859-3;Q92859-4	Q92859;Q92859-2;Q92859-3;Q92859-4				1.3365e+07
Q92876	Q92876;Q92876-2				1.70238e+08
Q92896;Q92896-2;Q92896-3	Q92896;Q92896-2;Q92896-3				541309
Q92911	Q92911				2.44088e+06
Q92932;Q92932-2;Q92932-3;Q92932-4	Q92932;Q92932-2;Q92932-3;Q92932-4				6.6133e+06
Q92945;Q96AE4;Q96AE4-2	Q92945;Q96AE4;Q96AE4-2				1.18272e+07
Q92954;Q92954-2;Q92954-5;Q92954-6	Q92954;Q92954-2;Q92954-3;Q92954-4;Q92954-5;Q92954-6				1.20796e+07
Q93063;Q93063-2;Q93063-3	Q93063;Q93063-2;Q93063-3				2.86863e+06
Q969H8	Q969H8				2.0558e+06
Q969P0;Q969P0-3	Q969P0;Q969P0-3				6.76008e+07
Q969T9	Q969T9				7.26673e+06
Q969Z4	Q969Z4				774506
Q96AP7	Q96AP7				8.50118e+06
Q96AQ6;Q96AQ6-2	Q96AQ6;Q96AQ6-2;Q96AQ6-3				824676
Q96B86;Q96B86-3;Q96B86-4	Q96B86;Q96B86-3;Q96B86-4				8.44112e+06
Q96BY9	Q96BY9				1.42844e+06
Q96BZ4	Q96BZ4				8.31736e+06
Q96CW9;Q96CW9-2	Q96CW9;Q96CW9-2				335567
Q96EG1	Q96EG1				1.49824e+06
Q96FE5;Q96FE5-2	Q96FE5;Q7L985;Q96FE5-2				4.58109e+06
Q96FE7-4	Q96FE7;Q96FE7-2;Q96FE7-4;Q96FE7-5				2.89484e+07
Q96FJ2	P63167;Q96FJ2				2.33226e+06
Q96GW7	Q96GW7;Q96GW7-2				1.92245e+08
Q96HD1;Q96HD1-2	Q96HD1;Q96HD1-2				1.87015e+06
Q96HU1;Q96HU1-2	Q96HU1;Q96HU1-2				2.08143e+06
Q96ID5	Q96ID5				2.92247e+06
Q96IU4	Q96IU4				684924
Q96IY4	Q96IY4;Q96IY4-2				4.38866e+07
Q96JF0;Q96JF0-2	Q96JF0;Q96JF0-2				9.43674e+06
Q96JQ0	Q96JQ0				1.10362e+06
Q96KN2	Q96KN2				2.9592e+08
Q96MK3	Q96MK3				188904
Q96NZ9	Q96NZ9;Q96NZ9-2;Q96NZ9-4				7.86605e+06
Q96P44;Q96P44-3	Q96P44;Q96P44-3				1.03594e+06
Q96PD2;Q96PD2-2	Q96PD2;Q96PD2-2				2.6049e+06
Q96PD5	Q96PD5;Q96PD5-2				1.24008e+08
Q96PQ0	Q96PQ0				1.12627e+07
Q96PX8	Q96PX8				1.02562e+07
Q96RW7;Q96RW7-2	Q96RW7;Q96RW7-2				603859
Q96S96	Q96S96				2.96293e+07
Q96SM3	Q96SM3				2.02883e+06
Q96TC7;Q96TC7-2	Q96TC7;Q96TC7-2				413201
Q99435;Q99435-2;Q99435-3;Q99435-4	Q99435;Q99435-2;Q99435-3;Q99435-4				4.28216e+08
Q99497	Q99497				7.45024e+06
Q99519	Q99519				2.93758e+06
Q99523	Q99523;Q99523-2				5.94403e+06
Q99538;Q99538-2;Q99538-3	Q99538;Q99538-2;Q99538-3				979425
Q99574	Q99574				2.5531e+07
Q99650;Q99650-2	Q99650;Q99650-2				641909
Q99674	Q99674;Q99674-2				9.2259e+06
Q99715	Q99715;Q99715-2;Q99715-4				1.50298e+06
Q99784	Q99784;Q99784-3;Q99784-5				9.584e+06
Q99969	Q99969				1.86194e+07
Q99972	Q99972				3.57686e+06
Q99983	Q99983				2.77584e+07
Q9BQ16;Q9BQ16-2	Q9BQ16;Q9BQ16-1;Q9BQ16-2;Q9BQ16-5;Q9BQ16-8;Q9BQ16-9				3.98919e+06
Q9BQT9;Q9BQT9-2	Q9BQT9;Q9BQT9-2				7.88498e+07
Q9BRA2	Q9BRA2				1.67746e+06
Q9BRK3;Q9BRK3-2;Q9BRK3-3	Q9BRK3;Q9BRK3-2;Q9BRK3-3				3.06948e+06
Q9BRK5	Q9BRK5;Q9BRK5-2;Q9BRK5-5				1.55215e+07
Q9BS26	Q9BS26				762250
Q9BSG5;Q9BSG5-2;Q9BSG5-3	Q9BSG5;Q9BSG5-2;Q9BSG5-3				1.7349e+06
Q9BTY2	Q9BTY2				1.90008e+06
Q9BU40-4;Q9BU40-5	Q9BU40;Q9BU40-3;Q9BU40-4;Q9BU40-5				5.84623e+06
Q9BUD6	Q9BUD6				4.48292e+06
Q9BUJ0	Q9BUJ0				2.696e+06
Q9BUN1	Q9BUN1				1.1816e+07
Q9BWQ8	Q9BWQ8				3.57124e+06
Q9BWS9;Q9BWS9-2;Q9BWS9-3	Q9BWS9;Q9BWS9-2;Q9BWS9-3				856367
Q9BXJ0	Q9BXJ0				7.68404e+06
Q9BXJ1;Q9BXJ1-2	Q9BXJ1;Q9BXJ1-2				5.4895e+06
Q9BXJ3	Q9BXJ3				4.01648e+06
Q9BXJ4;Q9BXJ4-2;Q9BXJ4-3	Q9BXJ4;Q9BXJ4-2;Q9BXJ4-3				4.12222e+06
Q9BXP8;Q9BXP8-2	Q9BXP8;Q9BXP8-2				105505
Q9BY67;Q9BY67-2;Q9BY67-3;Q9BY67-4;Q9BY67-5	Q9BY67;Q9BY67-2;Q9BY67-3;Q9BY67-4;Q9BY67-5				4.05647e+07
Q9BY76;Q9BY76-2	Q9BY76;Q9BY76-2;Q9BY76-3				103202
Q9BYH1;Q9BYH1-5;Q9BYH1-6;Q9BYH1-7	Q9BYH1;Q9BYH1-2;Q9BYH1-3;Q9BYH1-4;Q9BYH1-5;Q9BYH1-6;Q9BYH1-7				4.44393e+07
Q9BZC7;Q9BZC7-2;Q9BZC7-3;Q9BZC7-4	Q9BZC7;Q9BZC7-2;Q9BZC7-3;Q9BZC7-4				8.18985e+06
Q9BZR6	Q9BZR6				3.17536e+07
Q9C0A0	Q9C0A0;Q96NU0;Q9BZ76;Q9BZ76-2;Q96NU0-2;Q9C0A0-2				2.09993e+07
Q9GZM5	Q9GZM5				2.31868e+07
Q9GZP0;Q9GZP0-2	Q9GZP0;Q9GZP0-2				258603
Q9GZP4;Q9GZP4-2	Q9GZP4;Q9GZP4-2				3.11264e+06
Q9GZV7	Q9GZV7				829367
Q9GZX3	Q9GZX3				576676
Q9GZX9	Q9GZX9				7.23466e+06
Q9H008	Q9H008;Q9H008-2				630280
Q9H0Q3;Q9H0Q3-2	Q9H0Q3;Q9H0Q3-2				5.51857e+06
Q9H156;Q9H156-2	Q9H156;Q9H156-2				187658
Q9H1Z8	Q9H1Z8				2.73079e+07
Q9H251;Q9H251-2;Q9H251-3;Q9H251-4;Q9H251-8	Q9H251;Q9H251-2;Q9H251-3;Q9H251-4;Q9H251-8				271842
Q9H299	Q9H299				2.90041e+06
Q9H2A7	Q9H2A7				7.56308e+06
Q9H2B2;Q9H2B2-2	Q9H2B2;Q9H2B2-2				1.01229e+07
Q9H2E6;Q9H2E6-2	Q9H2E6;Q9H2E6-2				3.71004e+06
Q9H2G2	Q9H2G2;Q9H2G2-2				7.39954e+06
Q9H2X0;Q9H2X0-5	Q9H2X0;Q9H2X0-5				2.334e+06
Q9H3G5	Q9H3G5				9.53577e+06
Q9H3S3	Q9H3S3				920162
Q9H3T3;Q9H3T3-3	Q9H3T3;Q9H3T3-3				2.14495e+06
Q9H492;Q9H492-2	Q9GZQ8;Q9H492;A6NCE7;Q9H492-2				273068
Q9H4D0	Q9H4D0				6.79599e+06
Q9H4F8;Q9H4F8-2	Q9H4F8;Q9H4F8-2				3.59912e+06
Q9H6B4	Q9H6B4				2.36626e+06
Q9H6X2;Q9H6X2-2;Q9H6X2-3;Q9H6X2-4;Q9H6X2-5;Q9H6X2-6	Q9H6X2;Q9H6X2-2;Q9H6X2-3;Q9H6X2-4;Q9H6X2-5;Q9H6X2-6				2.98794e+06
Q9H7Y0	Q9H7Y0				725789
Q9H8J5	Q9H8J5				4.23373e+06
Q9H8L6	Q9H8L6				7.6743e+06
Q9H9S5	Q9H9S5				369471
Q9HAR2;Q9HAR2-2;Q9HAR2-3;Q9HAR2-4	Q9HAR2;Q9HAR2-2;Q9HAR2-3;Q9HAR2-4				2.53543e+06
Q9HAT2	Q9HAT2;Q9HAT2-2				1.41303e+07
Q9HBR0	Q9HBR0				3.81078e+06
Q9HBT6	Q9HBT6				1.41958e+06
Q9HBW1	Q9HBW1				1.38002e+06
Q9HC38;Q9HC38-2	Q9HC38;Q9HC38-2				1.844e+06
Q9HC56;Q9HC56-2	Q9HC56;Q9HC56-2				5.17914e+06
Q9HC57	Q9HC57				3.05478e+06
Q9HCB6	Q9HCB6				5.16416e+06
Q9HCK4;Q9HCK4-2;Q9HCK4-3	Q9HCK4;Q9HCK4-2;Q9HCK4-3				1.60285e+06
Q9HCU0	Q9HCU0				5.45486e+06
Q9HCU4	Q9HCU4				9.56787e+06
Q9HDB5-4	Q9HDB5;Q9Y4C0;Q9HDB5-2;Q9HDB5-4;Q9Y4C0-3				2.77682e+07
Q9HDC9;Q9HDC9-2	Q9HDC9;Q9HDC9-2				991616
Q9NP80;Q9NP80-2;Q9NP80-3	Q9NP80;Q9NP80-2;Q9NP80-3				1.46359e+07
Q9NPC4	Q9NPC4				1.85683e+06
Q9NPD7	Q9NPD7				3.93787e+06
Q9NPH3;Q9NPH3-2;Q9NPH3-5	Q9NPH3;Q9NPH3-2;Q9NPH3-3;Q9NPH3-5				3.43918e+06
Q9NPR2;Q9NPR2-2	Q9NPR2;Q9NPR2-2				1.25652e+07
Q9NQ38;Q9NQ38-3	Q9NQ38;Q9NQ38-2;Q9NQ38-3				1.38287e+06
Q9NQ79;Q9NQ79-2;Q9NQ79-3	Q9NQ79;Q9NQ79-2;Q9NQ79-3				6.62943e+07
Q9NQX5	Q9NQX5				9.39341e+06
Q9NR34	Q9NR34				4.30907e+06
Q9NRN5	Q9NRN5;Q9NRN5-2				1.74448e+07
Q9NRR1	Q9NRR1				8.22564e+06
Q9NS85	Q9NS85;Q9NS85-2				2.48421e+06
Q9NS98	Q9NS98				6.47386e+06
Q9NSC7	Q9NSC7				831627
Q9NT22;Q9NT22-2	Q9NT22;Q9NT22-2				1.35113e+06
Q9NT99	Q9NT99				2.21772e+07
Q9NTU7	Q9NTU7				5.62159e+06
Q9NUQ9	Q9NUQ9				663110
Q9NX62	Q9NX62				2.99848e+07
Q9NY15	Q9NY15;Q9NY15-2				540472
Q9NY47;Q9NY47-2;Q9NY47-3;Q9NY47-4;Q9NY47-5	Q9NY47;Q9NY47-2;Q9NY47-3;Q9NY47-4;Q9NY47-5				4.34476e+06
Q9NY72	Q9NY72				938332
Q9NY97;Q9NY97-2	Q9NY97;Q9NY97-2				8.09739e+06
Q9NYQ8	Q9NYQ8				1.42649e+07
Q9NYX4	Q9NYX4				7.77277e+06
Q9NZ08;Q9NZ08-2	Q9NZ08;Q9NZ08-2				962652
Q9NZ53	Q9NZ53;Q9NZ53-2				8.33716e+06
Q9NZ94;Q9NZ94-2;Q9NZ94-3	Q9NZ94;Q9NZ94-2;Q9NZ94-3				108082
Q9NZC2;Q9NZC2-2;Q9NZC2-3	Q9NZC2;Q9NZC2-2;Q9NZC2-3				4.04008e+06
Q9NZD2	Q9NZD2				170856
Q9NZK5	Q9NZK5				4.7828e+06
Q9NZP8	Q9NZP8				2.91222e+07
Q9NZR2	Q9NZR2				2.75865e+06
Q9P0K1;Q9P0K1-2;Q9P0K1-3;Q9P0K1-4;Q9P0K1-5	Q9P0K1;Q9P0K1-2;Q9P0K1-3;Q9P0K1-4;Q9P0K1-5				2.77542e+07
Q9P0K9	Q9P0K9				4.422e+06
Q9P0L0;Q9P0L0-2	Q9P0L0;Q9P0L0-2				2.33552e+06
Q9P0S2	Q9P0S2				604099
Q9P121-4	Q9P121;Q9P121-3;Q9P121-2;Q9P121-4				4.73006e+07
Q9P232	Q9P232				2.68078e+06
Q9P2E7;Q9P2E7-2	Q9P2E7;Q9P2E7-2				1.72902e+06
Q9P2S2	P58401;Q9P2S2				1.28836e+07
Q9UBG0	Q9UBG0				3.26599e+06
Q9UBP4	Q9UBP4				2.95864e+08
Q9UBQ6	Q9UBQ6				2.57419e+07
Q9UBR2	Q9UBR2				2.00837e+07
Q9UBX1	Q9UBX1				9.23715e+06
Q9UBX5	Q9UBX5				2.10937e+07
Q9UBX7;Q9UBX7-1;Q9UBX7-3;Q9UBX7-4	Q9UBX7;Q9UBX7-1;Q9UBX7-3;Q9UBX7-4				3.01695e+06
Q9UEW3;Q9UEW3-2	Q9UEW3;Q9UEW3-2				2.73188e+06
Q9UF11;Q9UF11-2;Q9UF11-3;Q9UF11-4	Q9UF11;Q9UF11-2;Q9UF11-3;Q9UF11-4				1.89048e+06
Q9UGM5;Q9UGM5-2	Q9UGM5;Q9UGM5-2				8.5435e+06
Q9UHC6	Q9UHC6				1.48074e+07
Q9UHD9	Q9UHD9				143671
Q9UHF0;Q9UHF0-2;Q9UHF0-3	Q9UHF0;Q9UHF0-2;Q9UHF0-3				2.5252e+06
Q9UHG2	Q9NPY3;Q9UHG2				1.04564e+08
Q9UHG3;Q9UHG3-2	Q9UHG3;Q9UHG3-2				905549
Q9UHI8	Q9UHI8				2.81973e+06
Q9UHL4	Q9UHL4				1.52474e+07
Q9UIW2	Q9UIW2				1.26804e+06
Q9UJ14	Q9UJ14				3.29214e+06
Q9UJ90	Q9UJ90				1.81541e+06
Q9UJ99	Q9UJ99				4.29652e+06
Q9UJA9	Q9UJA9				4.07595e+06
Q9UJH8	Q9UJH8				3.58552e+06
Q9UJJ9	Q9UJJ9				1.04901e+07
Q9UK55	Q9UK55				4.85825e+06
Q9UKJ1-3	Q9UKJ1;Q9UKJ1-2;Q9UKJ1-3;Q9UKJ1-4				1.91755e+06
Q9UKM7	Q9UKM7				5.42672e+07
Q9UKQ2;Q9UKQ2-2	Q9UKQ2;Q9UKQ2-2				558469
Q9UKU6	Q9UKU6				434960
Q9UKU9	Q9UKU9;Q9UKU9-2				2.82815e+06
Q9ULB1-2;Q9ULB1-3	P58400;Q9ULB1-2;Q9ULB1-3				1.68728e+07
Q9ULF5	Q9ULF5				1.25391e+07
Q9ULI3;Q9ULI3-2	Q9ULI3;Q9ULI3-2				3.7841e+06
Q9ULL4;Q9ULL4-2	Q9ULL4;Q9ULL4-2				2.61769e+06
Q9ULP0-3;Q9ULP0-6	Q9ULP0-3;Q9ULP0-6				957185
Q9UM22	Q9UM22				5.70934e+06
Q9UM47	Q9UM47				1.07072e+06
Q9UMF0	Q9UMF0				8.79415e+06
Q9UMX0;Q9UMX0-2;Q9UMX0-4	Q9UMX0;Q9UMX0-2;Q9UMX0-4				16761.9
Q9UMX5	Q9UMX5				3.85227e+06
Q9UN36-2;Q9UN36-6	Q9UN36;Q9UN36-2;Q9UN36-3;Q9UN36-5;Q9UN36-6				7.54457e+06
Q9UN70;Q9UN70-2	Q9UN70;Q9UN70-2				4.14268e+06
Q9UNN8	Q9UNN8				5.23879e+06
Q9UNW1	Q9UNW1;Q9UNW1-4				3.23276e+06
Q9UP79	Q9UP79				435245
Q9UPU3	Q9UPU3				6.91986e+06
Q9UQ52	Q9UQ52				2.5348e+06
Q9UQM7;Q9UQM7-2	Q9UQM7;Q9UQM7-2				1.76833e+06
Q9Y240	Q9Y240				5.42145e+06
Q9Y274;Q9Y274-2	Q9Y274;Q9Y274-2				1.6814e+07
Q9Y279;Q9Y279-2	Q9Y279;Q9Y279-2				1.69733e+06
Q9Y287	Q9Y287				1.33221e+07
Q9Y2E5	Q9Y2E5				1.3429e+06
Q9Y2G1;Q9Y2G1-2	Q9Y2G1;Q9Y2G1-2				337275
Q9Y2I2;Q9Y2I2-1;Q9Y2I2-2;Q9Y2I2-4;Q9Y2I2-5;Q9Y2I2-6	Q9Y2I2;Q9Y2I2-1;Q9Y2I2-2;Q9Y2I2-4;Q9Y2I2-5;Q9Y2I2-6				4.93225e+06
Q9Y2T3;Q9Y2T3-3	Q9Y2T3;Q9Y2T3-2;Q9Y2T3-3				4.88193e+06
Q9Y2Z0;Q9Y2Z0-2	Q9Y2Z0;Q9Y2Z0-2				586390
Q9Y4C0-4	Q9HDB5-3;Q9HDB5-4;Q9Y4C0-4				1.66581e+07
Q9Y4L1	Q9Y4L1				5.9527e+06
Q9Y5F6-2	Q9Y5F6;Q9Y5F6-2				3.01596e+07
Q9Y5I4;Q9Y5I4-2	Q9Y5I4;Q9Y5I4-2				6.68359e+06
Q9Y5L2	Q9Y5L2				3.40006e+06
Q9Y5Y7	Q9Y5Y7				1.35561e+07
Q9Y617	Q9Y617;Q9Y617-2				1.74515e+06
Q9Y639;Q9Y639-1;Q9Y639-3;Q9Y639-4;Q9Y639-5	Q9Y639;Q9Y639-1;Q9Y639-3;Q9Y639-4;Q9Y639-5				3.49929e+06
Q9Y646	Q9Y646				7.2857e+07
Q9Y653;Q9Y653-2;Q9Y653-3;Q9Y653-5	Q9Y653;Q9Y653-2;Q9Y653-3;Q9Y653-4;Q9Y653-5				2.37266e+07
Q9Y696	Q9Y696				1.55459e+06
Q9Y6C2	Q9Y6C2				1.28617e+06
Q9Y6N6	Q9Y6N6				1.18423e+06
Q9Y6N7;Q9Y6N7-2;Q9Y6N7-3;Q9Y6N7-4;Q9Y6N7-5;Q9Y6N7-6	Q9Y6N7;Q9Y6N7-2;Q9Y6N7-3;Q9Y6N7-4;Q9Y6N7-5;Q9Y6N7-6				1.21584e+07
Q9Y6N8	Q9Y6N8				2.03461e+06
Q9Y6R7	Q9Y6R7				3.24048e+07
Q9Y6X5	Q9Y6X5				2.20737e+06
Q9Y6Y8;Q9Y6Y8-2	Q9Y6Y8;Q9Y6Y8-2				2.43838e+07
