Protein.Group	Protein.Ids	Protein.Names	Genes	First.Protein.Description	/fs/pool/pool-mann-projects/Johannes/Jakob_AD_CSF_data/Berlin_cohort_Sweden_speclib_OBO/All_Raw/20190228_QX1_PhGe_SA_EASY12-10_Deigendesch_F9_82880110_190304154132.mzML
A0A075B6H7;A0A0C4DH55;P01624	P01624;A0A075B6H7;A0A0C4DH55				5.75118e+08
A0A075B6H9	A0A075B6H9				3.0334e+07
A0A075B6I0	A0A075B6I0				3.40981e+07
A0A075B6I1	A0A075B6I1				5.05678e+06
A0A075B6I9	A0A075B6I9				6.73982e+07
A0A075B6J1;A0A0A0MRZ9	A0A075B6J1;A0A0A0MRZ9				4.86517e+06
A0A075B6K5	A0A075B6K5				4.7281e+06
A0A075B6P5;P01615	P01615;A0A075B6P5				2.61557e+08
A0A075B6Q5	A0A075B6Q5				6.30248e+06
A0A075B6R2	A0A075B6R2				2.13775e+07
A0A075B6R9;A0A0C4DH68	A0A075B6R9;A0A0C4DH68				1.33764e+07
A0A075B6S2	A0A075B6S2;A2NJV5				3.14243e+08
A0A087WSX0	A0A087WSX0;A0A0G2JS06				3.79512e+06
A0A087WSY6	A0A087WSY6				3.13725e+08
A0A087WW87;P01614	P01614;A0A087WW87				373174
A0A0A0MRZ8;P04433	P04433;A0A0A0MRZ8				1.49164e+08
A0A0A0MS15	A0A0A0MS15				5.83404e+07
A0A0B4J1U7	A0A0B4J1U7				1.25918e+07
A0A0B4J1V0	A0A0B4J1V0				1.43248e+08
A0A0B4J1V2	A0A0B4J1V2				5.91317e+06
A0A0B4J1X5	P01764;P01768;P01772;P01767;A0A0B4J1X5;A0A0C4DH42;P0DP02;P0DP03				2.17329e+08
A0A0B4J1Y8	A0A0B4J1Y8				3.45872e+07
A0A0B4J1Y9	A0A0B4J1Y9				2.81998e+06
A0A0B4J2D9;P0DP09	A0A0B4J2D9;P0DP09				3.06655e+06
A0A0C4DH24	A0A0C4DH24				8.70589e+06
A0A0C4DH25	A0A0C4DH25				2.83608e+07
A0A0C4DH33	A0A0C4DH33				1.87996e+08
A0A0C4DH34	A0A0C4DH34				7.20537e+06
A0A0C4DH35	A0A0C4DH35				5.87496e+06
A0A0C4DH36	A0A0C4DH36				8.29878e+06
A0A0C4DH38	A0A0C4DH38;A0A0J9YXX1				1.60942e+07
A0A0C4DH43	A0A0C4DH43				3.11889e+07
A0A0C4DH67	A0A0C4DH67				1.77536e+07
A0A0C4DH72;A0A0C4DH73;P01597;P01611;P04432	P01597;P01611;P04432;A0A0C4DH72;A0A0C4DH73				1.18425e+07
A0A0J9YX35	A0A0J9YX35				1.13234e+07
A0M8Q6	P0CG04;P0DOY2;P0DOY3;A0M8Q6;P0CF74;B9A064;P0DOX8				1.10488e+08
A1L4H1	A1L4H1				9.09514e+06
A5D6W6	A5D6W6				2.98345e+06
A6BM72;A6BM72-2;A6BM72-4	A6BM72;A6BM72-2;A6BM72-4				1.66174e+06
A6NCE7;Q9GZQ8	Q9GZQ8;A6NCE7				1.90597e+06
A6NGN9	A6NGN9				6.4725e+06
A6NHG4;P30046;P30046-2	P30046;A6NHG4;P30046-2				4.32846e+06
A6NL88	A6NL88				4.25805e+06
A6NLU5	A6NLU5				1.00744e+07
A8MTW9	A8MTW9				2.49358e+06
B1AJZ9;B1AJZ9-4	B1AJZ9;B1AJZ9-4				872355
B4DS77;B4DS77-2;B4DS77-3	B4DS77;B4DS77-2;B4DS77-3				555498
C9JVW0	C9JVW0				1.47682e+07
I3L3R5	I3L3R5				455703
O00115;O00115-2	O00115;O00115-2				3.13149e+06
O00142;O00142-2;O00142-3;O00142-4;O00142-5;O00142-6	O00142;O00142-2;O00142-3;O00142-4;O00142-5;O00142-6				6.30145e+07
O00187;O00187-2	O00187;O00187-2				3.02647e+06
O00264	O00264;O15173;O15173-2				4.89341e+06
O00299	O00299				2.06054e+06
O00339;O00339-2;O00339-3	O00339;O00339-2;O00339-3				1.99645e+06
O00391	O00391;O00391-2				4.2584e+07
O00451	O00451;O00451-2;O00451-3				1.95847e+07
O00461	O00461				1.04551e+07
O00462	O00462				1.03876e+07
O00468-6	O00468-6;O00468-7				1.83952e+07
O00533	O00533				5.43551e+06
O00533-2	O00533;O00533-2				1.68134e+08
O00560;O00560-2;O00560-3	O00560;O00560-2;O00560-3				1.51527e+06
O00567	O00567				343932
O00584	O00584				1.38521e+07
O00754;O00754-2	O00754;O00754-2				7.24994e+06
O14498	O14498				9.53845e+07
O14522;O14522-1	O14522;O14522-1				2.90448e+06
O14525;O14525-2;O14525-3	O14525;O14525-2;O14525-3				322348
O14594	O14594				1.77026e+08
O14657	O14657				605325
O14668;O14668-2	O14668;O14668-2				3.31956e+06
O14672	O14672				4.56645e+06
O14737;O14737-2	O14737;O14737-2				222933
O14745	O14745				319314
O14773	O14773				1.21081e+07
O14786;O14786-2;O14786-3	O14786;O14786-2;O14786-3				1.33205e+07
O14791-2	O14791;O14791-2;O14791-3				2.99022e+07
O14793	O14793				5.82417e+06
O14917;O14917-2	O14917;O14917-2				4.54496e+06
O15031	O15031				1.10877e+07
O15041;O15041-2	O15041;O15041-2				368308
O15197;O15197-3	O15197;O15197-3				9.01545e+06
O15204;O15204-2	O15204;O15204-2				5.73624e+06
O15230	O15230				1.86542e+06
O15232;O15232-2	O15232;O15232-2				2.38786e+06
O15240	O15240				1.26139e+08
O15335	O15335				5.4065e+06
O15354	O15354				3.46705e+07
O15394	O15394;O15394-2				4.26437e+07
O15466;O15466-2	O15466;O15466-2				1.52975e+06
O15540;O15540-2	O15540;O15540-2				4.86918e+06
O43155	O43155				602903
O43157	O43157;O43157-2;O43157-3				7.80013e+06
O43173	O43173				4.11347e+06
O43240	O43240				1.27729e+06
O43278;O43278-2	O43278;O43278-2				2.6726e+06
O43286	O43286				4.99158e+06
O43291	O43291				9.56074e+06
O43300	O43300				7.04151e+06
O43405;O43405-2	O43405;O43405-2				3.79923e+07
O43493;O43493-3;O43493-5;O43493-7	O43493;O43493-3;O43493-5;O43493-7				5.9648e+07
O43505	O43505				8.73278e+08
O43508-2	O43508;O43508-2				1.19407e+06
O43529	O43529				1.14096e+07
O43556;O43556-3;O43556-4	O43556;O43556-3;O43556-4				1.28772e+07
O43567	O43567				1.4826e+07
O43581-2;O43581-3;O43581-5	O43581-2;O43581-3;O43581-5				2.14689e+06
O43827	O43827				1.12144e+07
O43852;O43852-2;O43852-3;O43852-4;O43852-5;O43852-9	O43852;O43852-10;O43852-11;O43852-12;O43852-13;O43852-14;O43852-2;O43852-3;O43852-4;O43852-5;O43852-6;O43852-7;O43852-8;O43852-9				888685
O43854;O43854-2	O43854;O43854-2				550384
O43866	O43866				9.24297e+06
O43909	O43909				999659
O43916	O43916				1.34462e+06
O60241;O60241-2;O60241-3;O60241-4	O60241;O60241-2;O60241-3;O60241-4				1.69185e+07
O60242	O60242				1.7105e+06
O60243	O60243				5.26135e+06
O60245;O60245-2	O60245;O60245-2				3.467e+06
O60279	O60279				2.80124e+07
O60330;O60330-2	O60330;O60330-2				1.5345e+06
O60462;O60462-2;O60462-3;O60462-4;O60462-5	O60462;O60462-2;O60462-3;O60462-4;O60462-5;O60462-6				9.06701e+06
O60476	O60476				3.37338e+06
O60512	O60512				1.83768e+06
O60565	O60565				469688
O60568	O60568				4.58453e+06
O60613	O60613				3.70542e+06
O60883	O60883				9.55493e+07
O60888-3	O60888;O60888-2;O60888-3				3.4441e+07
O60939	O60939				5.47745e+06
O75063	O75063				3.73557e+06
O75071	O75071				9.0881e+06
O75077;O75077-2;O75077-3	O75077;O75077-2;O75077-3				3.53993e+06
O75078	O75078;O75078-2				6.08857e+06
O75083	O75083;O75083-3				4.64268e+06
O75084;Q14332	O75084;Q14332				449478
O75144;O75144-2	O75144;O75144-2;O75144-3				4.11076e+07
O75173;O75173-2	O75173;O75173-2				1.7443e+07
O75326	O75326;O75326-2				3.74134e+07
O75354;O75354-2;O75354-3	O75354;O75354-2;O75354-3				1.51249e+06
O75363;O75363-2	O75363;O75363-2				329004
O75368	O75368				2.77986e+06
O75493	O75493				4.3651e+07
O75503	O75503				6.06368e+06
O75509	O75509				1.88363e+07
O75629	O75629				358878
O75636;O75636-2	O75636;O75636-2				1.86158e+06
O75711	O75711				3.30701e+08
O75752	O75752				7.98465e+06
O75787;O75787-2	O75787;O75787-2				4.38389e+07
O75874	O75874				996819
O75882-2;O75882-3	O75882;O75882-2;O75882-3				2.43335e+07
O75973	O75973				1.77908e+06
O75976	O75976;O75976-2				2.19901e+06
O76061	O76061				6.7746e+06
O76070	O76070				3.60312e+06
O94760	O94760				1.29511e+07
O94766	O94766;Q9NPZ5				8.0821e+06
O94769	O94769;O94769-2				3.15557e+07
O94772;O94772-2	O94772;O94772-2				9.83157e+07
O94779;O94779-2;O94779-4	O94779;O94779-2;O94779-4				657745
O94856-11	O94856;O94856-10;O94856-11;O94856-12;O94856-13;O94856-3;O94856-4;O94856-5;O94856-6;O94856-7;O94856-8;O94856-9				5.18109e+07
O94898	O94898				23321.9
O94910;O94910-2	O94910;O94910-2				1.09262e+07
O94919	O94919				4.71177e+07
O94933	O94933				1.32452e+06
O94985-2	O94985;O94985-2				3.77298e+08
O94991	O94991;O94991-2				5.20345e+06
O95157	O95157				1.07592e+06
O95158	O95158				2.74117e+07
O95185;O95185-2	O95185;O95185-2				5.04419e+06
O95196;O95196-2	O95196;O95196-2				4.00034e+06
O95206;O95206-2	O95206;O95206-2				9.00892e+06
O95297;O95297-2;O95297-3;O95297-4	O95297;O95297-2;O95297-3;O95297-4				1.12023e+06
O95390	O95390				5.23603e+06
O95428;O95428-5;O95428-6	O95428;O95428-3;O95428-4;O95428-5;O95428-6				1.09079e+07
O95445	O95445;O95445-2				7.49114e+07
O95450;O95450-2	O95450;O95450-2				1.14819e+06
O95467	O95467				3.61629e+06
O95497	O95497				4.10113e+06
O95502	O95502				1.15429e+08
O95633;O95633-2	O95633;O95633-2				4.70006e+06
O95841	O95841				105131
O95865	O95865				2.84334e+06
O95881	O95881				406036
O95897	O95897				2.22796e+06
O95967	O95967				2.27682e+07
O95980	O95980				1.88188e+07
P00338;P00338-3	P00338;P00338-3;P00338-4				1.52236e+07
P00352	P00352				993704
P00390;P00390-2;P00390-3	P00390;P00390-2;P00390-3;P00390-4;P00390-5				2.76175e+06
P00441	P00441				2.56034e+08
P00450	P00450				3.40441e+08
P00488	P00488				2.35999e+06
P00492	P00492				2.79485e+06
P00505	P00505;P00505-2				9.95698e+06
P00533;P00533-3;P00533-4	P00533;P00533-3;P00533-4				1.87239e+06
P00558	P00558;P00558-2				1.20582e+07
P00568	P00568				1.27799e+06
P00734	P00734				1.26867e+08
P00736	P00736				1.48548e+08
P00738	P00738;P00738-2				2.28018e+09
P00739	P00739;P00739-2				3.21319e+09
P00740;P00740-2	P00740;P00740-2				4.0222e+06
P00742	P00742				2.65733e+07
P00746	P00746				5.07476e+07
P00747	P00747				1.58279e+08
P00748	P00748				5.57395e+07
P00751	P00751;P00751-2				2.53496e+08
P01008	P01008				1.18735e+09
P01009	P01009;P01009-2;P01009-3				5.33461e+09
P01011	P01011				1.82461e+09
P01019	P01019				2.66125e+08
P01023	P01023;P20742;P20742-2				5.24187e+08
P01024	P01024				2.053e+09
P01031	P01031				7.22001e+07
P01033	P01033				1.00141e+08
P01034	P01034				2.1831e+10
P01036;P01037	P01036;P01037				2.10826e+06
P01042	P01042;P01042-2;P01042-3				5.77377e+08
P01042-2;P01042-3	P01042-2;P01042-3				2.26894e+08
P01127;P01127-2	P01127;P01127-2				3.43684e+07
P01130;P01130-2;P01130-3;P01130-4;P01130-5;P01130-6	P01130;P01130-2;P01130-3;P01130-4;P01130-5;P01130-6				986599
P01210	P01210				1.19253e+08
P01213	P01213				2.76454e+06
P01236	P01236				675234
P01258;P01258-2;P06881	P01258;P06881;P01258-2				702267
P01303	P01303				1.02477e+07
P01344;P01344-2;P01344-3	P01344;P01344-2;P01344-3				8.44929e+07
P01591	P01591				9.19708e+06
P01593;P01594	P01593;P01594				2.77784e+07
P01599	P01599				3.77232e+06
P01619	P01619				3.46751e+08
P01700	P01700				5.44102e+07
P01701	P01701				3.16328e+07
P01706	P01706				6.20076e+06
P01709	P01706;P01709;P0DOX8				1.78321e+07
P01714	P01714				5.45533e+07
P01717	P01717				1.26961e+08
P01742	P01742				1.72726e+06
P01772	P01768;P01772;P0DP02;P0DP03				2.9078e+07
P01780	P01780				1.22801e+08
P01817	P01817				1.4405e+07
P01833	P01833				2.57098e+06
P01834	P01834				5.91796e+08
P01857;P01857-1;P0DOX5	P01857;P01859;P0DOX5;P01857-1;P01859-1				6.37722e+09
P01859;P01859-1	P01859;P01859-1				2.84405e+09
P01860;P01860-1	P01860;P01860-1				2.04145e+08
P01861;P01861-1	P01861;P01861-1				3.64754e+08
P01871;P01871-1	P01871;P0DOX6;P01871-1				9.22696e+07
P01876;P01876-1	P01876;P01876-1				8.87189e+08
P01903;P01906	P01903;P01906				607853
P01911;P04440	P01911;P04440				5.84791e+06
P02144	P02144				3.53166e+06
P02452	P02452				7.57161e+07
P02461	P02461;P02461-2				1.68216e+07
P02533	P02533;P08727;P08779;P19012;Q04695;P19012-2				1.97204e+06
P02647	P02647				1.07327e+10
P02649	P02649				4.90844e+09
P02652	P02652				6.98266e+08
P02654	P02654				1.30178e+08
P02655	P02655				1.4701e+07
P02656	P02656				1.53941e+08
P02671	P02671;P02671-2				4.18844e+08
P02675	P02675				3.90828e+08
P02679;P02679-2	P02679;P02679-2				1.68549e+08
P02686;P02686-3;P02686-4;P02686-5;P02686-6	P02686;P02686-3;P02686-4;P02686-5;P02686-6				2.48552e+06
P02741	P02741				247611
P02743	P02743				1.612e+07
P02745	P02745				1.45332e+08
P02746	P02746				3.04517e+08
P02747	P02747				1.73386e+08
P02748	P02748				8.63616e+07
P02749	P02749				2.06911e+08
P02750	P02750				2.99769e+08
P02751;P02751-1	P02751;P02751-1;P02751-10;P02751-11;P02751-12;P02751-13;P02751-14;P02751-16;P02751-17;P02751-2;P02751-3;P02751-4;P02751-5;P02751-6;P02751-7;P02751-8;P02751-9				5.69226e+08
P02753	P02753				5.29367e+08
P02760	P02760				1.06932e+08
P02763	P02763				4.04974e+09
P02765	P02765				8.30785e+08
P02766	P02766				3.63249e+09
P02768	P02768				3.5677e+10
P02774;P02774-3	P02774;P02774-2;P02774-3				1.08121e+09
P02786	P02786				1.04911e+06
P02787	P02787				8.43785e+09
P02788;P02788-2	P02788;P02788-2				9.36395e+06
P02790	P02790				4.99881e+09
P02792	P02792				3.80494e+06
P02794	P02794				8.91206e+06
P03950	P03950				7.6671e+06
P03951;P03951-2	P03951;P03951-2				9.10283e+06
P03952	P03952				2.57511e+07
P04003	P04003				6.42526e+06
P04004	P04004				9.50953e+08
P04040	P04040				958802
P04062;P04062-2;P04062-4;P04062-5	P04062;P04062-2;P04062-3;P04062-4;P04062-5				4.35647e+06
P04066	P04066				1.15709e+07
P04070;P04070-2	P04070;P04070-2				6.83304e+06
P04075	P04075;P04075-2				5.98366e+07
P04080	P04080				5.87015e+06
P04085;P04085-2	P04085;P04085-2				2.2088e+07
P04114	P04114				9.40328e+07
P04156	P04156				3.02053e+08
P04179	P04179;P04179-2;P04179-3;P04179-4				1.08276e+07
P04180	P04180				2.31986e+07
P04196	P04196				2.54604e+08
P04216	P04216				7.21254e+08
P04217	P04217;P04217-2				7.5654e+08
P04217-2	P04217-2				4.80221e+06
P04264	P04259;P04264				3.04983e+07
P04271	P04271				4.33721e+06
P04275	P04275				4.66734e+06
P04278	P04278;P04278-2;P04278-3;P04278-4;P04278-5				5.62595e+06
P04406	P04406;P04406-2				3.57352e+07
P04439;P04439-2	P04439;P04439-2				1.16819e+06
P04792	P04792				2.33175e+06
P05023;P05023-2;P05023-4	P05023;P05023-2;P05023-4				3.13647e+07
P05026;P05026-2	P05026;P05026-2				1.53204e+06
P05060	P05060				8.52364e+08
P05067;P05067-11;P05067-7;P05067-8;P05067-9	P05067;P05067-4;P05067-10;P05067-11;P05067-3;P05067-5;P05067-6;P05067-7;P05067-8;P05067-9				1.64346e+09
P05090	P05090				3.64284e+09
P05121;P05121-2	P05121;P05121-2				1.57108e+06
P05154	P05154				2.1885e+07
P05155;P05155-3	P05155;P05155-2;P05155-3				1.71067e+09
P05156	P05156				3.31736e+07
P05160	P05160				3.13817e+06
P05362	P05362				1.17291e+06
P05408;P05408-2	P05408;P05408-2				4.51247e+08
P05413	P05413				4.77313e+06
P05451;P48304	P05451;P48304				681212
P05452	P05452				1.85754e+08
P05543	P05543				3.65424e+07
P05546	P05546				1.16318e+08
P05556;P05556-2;P05556-3;P05556-4;P05556-5	P05556;P05556-2;P05556-5;P05556-3;P05556-4				1.42053e+06
P05937	P05937;P05937-2				5.43876e+06
P05997	P05997				2.89349e+06
P06276	P06276				6.08282e+06
P06307	P06307				5.05685e+07
P06312	P06312				2.87094e+08
P06331	P01824;P01825;P06331;A0A0C4DH41;P0DP06;P0DP08				4.25228e+07
P06396	P06396;P06396-2;P06396-3;P06396-4				8.23429e+08
P06396-2	P06396-2				6.46698e+06
P06681	P06681;P06681-2;P06681-3				6.52485e+07
P06703	P06703				5.68386e+06
P06727	P06727				7.42785e+08
P06733	P06733;P06733-2				1.48793e+07
P06744;P06744-2	P06744;P06744-2				6.13528e+06
P06753;P06753-2;P06753-3;P06753-4;P06753-5;P06753-6;P07951;P07951-2;P07951-3;P09493;P09493-10;P09493-2;P09493-3;P09493-4;P09493-5;P09493-6;P09493-7;P09493-8;P09493-9;P67936;P67936-2	P06753;P07951;P09493;P09493-10;P67936;P07951-2;P09493-5;P06753-2;P06753-3;P09493-2;P09493-3;P09493-4;P09493-6;P09493-7;P09493-8;P09493-9;P06753-4;P06753-5;P06753-6;P07951-3;P67936-2				1.7745e+06
P06865	P06865				2.36099e+07
P07093-2;P07093-3	P07093;P07093-2;P07093-3				6.75719e+06
P07108;P07108-2;P07108-3;P07108-4;P07108-5	P07108;P07108-2;P07108-3;P07108-4;P07108-5;P07108-6				1.71494e+07
P07148	P07148				934735
P07195	P00338;P07195;P07864;Q6ZMR3;P00338-3;P00338-2;P00338-4;P00338-5				6.94715e+07
P07225	P07225				9.12651e+07
P07237	P07237				3.29129e+07
P07307;P07307-2;P07307-3	P07307;P07307-3;P07307-2				870026
P07311	P07311				1.3886e+06
P07333	P07333;P07333-2				8.11769e+07
P07339	P07339				2.80837e+08
P07357	P07357				5.78541e+07
P07358	P07358				3.94553e+07
P07359	P07359				970496
P07360	P07360				1.41312e+07
P07437;P68371	P04350;P07437;P68371				927775
P07451	P07451				142505
P07492	P07492;P07492-2;P07492-3				1.47886e+06
P07585	P07585				5.5517e+07
P07602;P07602-2;P07602-3	P07602;P07602-2;P07602-3				4.30106e+07
P07686	P07686				1.07945e+07
P07711	P07711;P07711-3				1.8345e+07
P07737	P07737				5.24605e+06
P07858	P07858				5.00158e+07
P07900;P07900-2	P07900;P08238;P07900-2				1.76299e+06
P07942	P07942				1.16479e+07
P07996	P07996;P07996-2				5.02311e+06
P07998	P07998				1.58567e+07
P08123	P08123				6.05644e+07
P08174;P08174-2;P08174-3;P08174-4;P08174-5;P08174-6;P08174-7	P08174;P08174-2;P08174-3;P08174-4;P08174-5;P08174-6;P08174-7				3.26755e+07
P08185	P08185				2.77926e+08
P08195;P08195-2;P08195-3;P08195-4;P08195-5	P08195;P08195-4;P08195-2;P08195-3;P08195-5				1.12639e+07
P08253	P08253;P08253-2;P08253-3				6.08953e+07
P08294	P08294				2.26281e+08
P08493-2	P08493;P08493-2				6.20455e+07
P08571	P08571				3.25265e+08
P08572	P08572				3.13596e+06
P08582	P08582				3.39627e+06
P08603	P08603				3.49897e+08
P08637	P08637				1.32449e+07
P08670	P08670;P17661				7.80081e+06
P08697	P08697;P08697-2				3.05823e+08
P08758	P08758				4.48746e+06
P09104	P09104;P09104-2				1.61448e+07
P09172	P09172				2.48182e+06
P09211	P09211				1.09875e+07
P09382	P09382				3.07576e+07
P09417;P09417-2	P09417;P09417-2				2.60423e+07
P09486	P09486				1.34556e+08
P09603	P09603				7.68173e+07
P09619	P09619;P09619-2				2.86354e+07
P09622;P09622-2;P09622-3	P09622;P09622-2;P09622-3				2.19411e+06
P09668	P09668				3.28079e+07
P09871	P09871				1.23942e+08
P09936	P09936				6.86428e+06
P09960;P09960-4	P09960;P09960-2;P09960-3;P09960-4				1.11687e+06
P09972	P04075;P09972;P04075-2				2.23377e+07
P0C0L4;P0C0L4-2	P0C0L4;P0C0L4-2				1.67761e+08
P0C0L5	P0C0L4;P0C0L5;P0C0L4-2				7.48559e+08
P0C6S8	P0C6S8				2.90984e+06
P0CG47;P0CG48;P62979;P62987	P0CG47;P0CG48;P62979;P62987				9.92387e+07
P0DJI8;P0DJI9	P0DJI8;P0DJI9;P0DJI9-2				4.46648e+06
P0DMQ5	P0DMQ5				1.71806e+07
P0DMV8;P0DMV8-2;P0DMV9	P0DMV8;P0DMV9;P0DMV8-2				2.22162e+06
P0DOX2	P01876;P01877;P01876-1;P01877-1;P0DOX2				7.54049e+08
P0DOX3	P0DOX3				9.9463e+06
P0DOX7	P01834;P0DOX7				4.5139e+08
P0DOX8	B9A064;P0DOX8				3.1372e+08
P0DOY2;P0DOY3	P0DOY2;P0DOY3				1.47776e+09
P0DP23;P0DP24;P0DP25	P0DP23;P0DP24;P0DP25;P27482				2.88644e+06
P0DP58	P0DP58				1.32484e+08
P0DTE1	P0DTE1				8.33204e+06
P0DTE7;P0DTE8;P0DUB6	P04746;P0DTE7;P0DTE8;P0DUB6;P19961;P19961-2;P04746-2				1.65368e+06
P10124	P10124				7.94194e+06
P10153	P10153				1.09665e+07
P10253	P10253				7.58947e+06
P10321;P10321-2	P10321;P10321-2				5.54681e+06
P10451-3	P10451-3				2.82972e+07
P10451-5	P10451;P10451-4;P10451-5				6.37373e+08
P10586;P10586-2	P10586;P23468;P10586-2;P23468-3;P23468-4;P23468-5;P23468-6;P23468-7				1.07255e+07
P10599	P10599;P10599-2				1.33911e+07
P10619;P10619-2	P10619;P10619-2				469098
P10636;P10636-2;P10636-3;P10636-4;P10636-5;P10636-6;P10636-7;P10636-8;P10636-9	P10636;P10636-8;P10636-6;P10636-2;P10636-3;P10636-4;P10636-5;P10636-7;P10636-9				1.13951e+06
P10643	P10643				1.19117e+08
P10644;P10644-2	P10644;P10644-2				1.46948e+06
P10645	P10645				6.9534e+08
P10721;P10721-2	P10721;P10721-2				9.34042e+06
P10745	P10745				467227
P10768	P10768				3.1165e+06
P10909-6	P10909;P10909-4;P10909-6;P10909-2;P10909-3;P10909-5				4.42429e+09
P10915	P10915				1.00651e+06
P11021	P11021				1.00197e+07
P11047	P11047				5.04806e+07
P11117	P11117				1.92586e+06
P11142	P11142				1.36668e+07
P11279	P11279				9.23033e+06
P11362-18	P11362-14;P11362-18;P11362-19;P11362-21;P11362-7				1.5018e+06
P11362;P11362-2;P11362-20;P11362-8;P11362-9	P11362;P11362-10;P11362-11;P11362-12;P11362-13;P11362-14;P11362-16;P11362-18;P11362-19;P11362-2;P11362-20;P11362-21;P11362-3;P11362-4;P11362-5;P11362-6;P11362-7;P11362-8;P11362-9				4.06394e+07
P11464-4	P11464-4				1.68592e+07
P11597;P11597-2	P11597;P11597-2				1.33393e+06
P11717	P11717				4.14039e+06
P12107;P12107-2;P12107-3;P12107-4	P12107;P12107-2;P12107-3;P12107-4				926254
P12109	P12109				4.09095e+07
P12110	P12110;P12110-2;P12110-3				7.48919e+06
P12111	P12111				773908
P12111-4	P12111;P12111-2;P12111-4				2.21738e+07
P12259	P12259				4.42526e+07
P12277	P12277				3.24149e+06
P12314;Q92637;Q92637-3	P12314;Q92637;Q92637-3				2.38751e+07
P12318;P12318-2	P12318;P31994;P31995;P12318-2;P31994-2;P31994-3;P31994-4;P31994-5;P31995-2;P31995-3;P31995-4				9.83811e+06
P12821;P12821-2	P12821;P12821-2				8.46976e+06
P12830;P12830-2	P12830;P12830-2				3.26683e+06
P12955;P12955-2	P12955;P12955-2;P12955-3				5.36682e+06
P13473;P13473-2;P13473-3	P13473;P13473-2;P13473-3				1.46793e+08
P13497;P13497-2;P13497-3;P13497-4;P13497-5;P13497-6	P13497;P13497-2;P13497-3;P13497-4;P13497-5;P13497-6				1.34756e+06
P13521	P13521				7.88133e+07
P13591	P13591;P13591-1;P13591-3;P13591-4;P13591-5;P13591-6				2.46707e+08
P13591-3	P13591-1;P13591-3;P13591-4				1.27949e+08
P13598	P13598				4.81114e+06
P13611;P13611-5	P13611;P13611-2;P13611-3;P13611-4;P13611-5				4.61838e+07
P13637;P13637-2;P13637-3	P13637;P13637-2;P13637-3				1.72907e+06
P13645	P13645				7.42825e+07
P13647	P13647				3.53882e+06
P13667	P13667				1.85445e+06
P13671	P13671				6.04374e+07
P13693	P13693				699543
P13747	P01889;P13747				1.67113e+06
P13796	P13796				5.15644e+06
P13797;P13797-2;P13797-3	P13797;P13797-2;P13797-3				616029
P13987;P13987-2	P13987;P13987-2				7.0458e+07
P14136	P14136				7.20546e+06
P14138;P14138-2;P14138-3	P14138;P14138-2;P14138-3				2.72848e+06
P14151;P14151-2	P14151;P14151-2				6.88677e+06
P14174	P14174				2.01051e+07
P14209;P14209-3	P14209;P14209-3				3.95259e+06
P14314-2	P14314;P14314-2				6.11905e+06
P14324;P14324-2	P14324;P14324-2				1.15543e+06
P14384	P14384				1.48085e+06
P14415	P14415				3.92717e+06
P14543	P14543;P14543-2				1.69611e+07
P14618-2	P14618;P14618-2;P14618-3				7.32326e+07
P14618;P14618-3	P14618;P14618-3				1.79326e+06
P14621	P14621				5.03932e+06
P14625	P14625				1.74468e+07
P14778	P14778				68949.8
P15086	P15085;P15086				3.2006e+06
P15121	P15121				1.44983e+06
P15144	P15144				3.05083e+06
P15151;P15151-2;P15151-3;P15151-4	P15151;P15151-2;P15151-3;P15151-4				5.7673e+06
P15169	P15169				3.62139e+06
P15289;P15289-2	P15289;P15289-2				2.423e+06
P15291;P15291-2	P15291;P15291-2				1.27434e+07
P15502;P15502-1;P15502-10;P15502-12;P15502-13;P15502-2;P15502-4;P15502-5;P15502-6;P15502-7;P15502-9	P15502;P15502-1;P15502-10;P15502-12;P15502-13;P15502-2;P15502-4;P15502-5;P15502-6;P15502-7;P15502-9				3.02192e+06
P15509;P15509-2;P15509-3;P15509-4;P15509-5;P15509-6;P15509-7	P15509;P15509-3;P15509-4;P15509-6;P15509-2;P15509-5;P15509-7				5.01012e+06
P15531;P15531-2	P15531;P15531-2				677743
P15586;P15586-2	P15586;P15586-2				2.25587e+06
P15907;P15907-2	P15907;P15907-2				147732
P16035	P16035				3.98539e+07
P16070;P16070-10;P16070-11;P16070-12;P16070-13;P16070-14;P16070-15;P16070-16;P16070-17;P16070-18;P16070-3;P16070-4;P16070-5;P16070-6;P16070-7;P16070-8;P16070-9	P16070;P16070-10;P16070-11;P16070-12;P16070-13;P16070-14;P16070-15;P16070-16;P16070-17;P16070-18;P16070-3;P16070-4;P16070-5;P16070-6;P16070-7;P16070-8;P16070-9				1.39274e+08
P16083	P16083				1.84406e+06
P16112;P16112-2	P16112;P16112-2;P16112-3				5.81409e+06
P16152	P16152				4.98314e+06
P16278;P16278-3	P16278;P16278-3				150387
P16519;P16519-2;P16519-3	P16519;P16519-2;P16519-3				1.00784e+07
P16870;P16870-2	P16870;P16870-2				9.78256e+07
P16930	P16930				2.48195e+06
P16949;P16949-2	P16949;P16949-2				6.27664e+06
P17174	P17174;P17174-2				7.69166e+07
P17405;P17405-4	P17405;P17405-4				6.18547e+06
P17677;P17677-2	P17677;P17677-2				2.48436e+06
P17813;P17813-2	P17813;P17813-2				3.73509e+06
P17900	P17900				7.75107e+07
P17931	P17931				5.10995e+06
P17936;P17936-2	P17936;P17936-2				8.57922e+06
P18065	P18065				2.35648e+08
P18075	P18075				195123
P18206;P18206-2	P18206;P18206-2				6.50537e+06
P18428	P18428				9.53524e+06
P18669	P15259;P18669				1.97271e+07
P19021;P19021-5;P19021-6	P19021;P19021-3;P19021-4;P19021-2;P19021-5;P19021-6				7.03823e+07
P19022	P19022;P19022-2				9.86702e+07
P19320;P19320-3	P19320;P19320-2;P19320-3				1.40673e+07
P19367;P19367-2;P19367-3;P19367-4	P19367;P19367-2;P19367-3;P19367-4				1.92244e+06
P19652	P19652				2.64187e+09
P19823	P19823				1.34999e+08
P19827	P19827;P19827-2				8.3319e+07
P19835	P19835				3.26391e+06
P20036	P20036				625234
P20062	P20062				4.23127e+07
P20138;P20138-2	P20138;P20138-2				1.52194e+06
P20366;P20366-2	P20366;P20366-2;P20366-3;P20366-4				3.59138e+07
P20382	P20382				1.27778e+06
P20472	P20472				1.40147e+07
P20618	P20618				1.4694e+06
P20742	P20742;P20742-2				4.51046e+06
P20774	P20774				1.70401e+08
P20827	P20827;P20827-2				2.2695e+07
P20908;P20908-2	P20908;P20908-2				1.68601e+06
P20916;P20916-2;P20916-3	P20916;P20916-2;P20916-3				9.48458e+06
P20933	P20933				5.2264e+07
P21333;P21333-2	P21333;P21333-2				7.35838e+06
P21554	P21554				1.92732e+06
P21579	P21579				1.18468e+07
P21802;P21802-16;P21802-2;P21802-5;P21802-6;P21802-8	P21802;P21802-3;P21802-14;P21802-15;P21802-16;P21802-17;P21802-18;P21802-19;P21802-2;P21802-23;P21802-5;P21802-6;P21802-8				1.31495e+07
P21810	P21810				1.5567e+06
P22004	P22004				789799
P22061;P22061-2	P22061;P22061-2				1.11843e+07
P22105;P22105-1;P22105-4	P22105;P22105-1;P22105-4				1.72001e+07
P22303;P22303-2;P22303-4	P22303;P22303-2;P22303-3;P22303-4				3.07832e+06
P22304	P22304;P22304-2;P22304-3				2.90566e+07
P22352	P22352				6.94854e+07
P22392;P22392-2	P15531;P22392;O60361;P22392-2;P15531-2				8.42895e+06
P22607;P22607-2;P22607-3;P22607-4	P22607;P22607-2;P22607-3;P22607-4				1.37206e+07
P22676	P22676				1.78203e+06
P22692;P22692-2	P22692;P22692-2				1.10758e+08
P22748	P22748				9.12462e+06
P22792	P22792				5.41084e+06
P22794;P22794-2	P22794;P22794-2				5.14904e+06
P22891;P22891-2	P22891;P22891-2				1.93781e+06
P22897	P22897				8.71144e+06
P23083	P23083				1.94734e+06
P23142	P23142				2.32305e+08
P23142-4	P23142-4				4.34391e+08
P23284	P23284				3.2141e+07
P23435	P23435				6.14032e+07
P23467;P23467-2;P23467-3;P23467-4	P23467;P23467-2;P23467-3;P23467-4				79602.2
P23468	P23468;P23468-2;P23468-3;P23468-4;P23468-5;P23468-6;P23468-7				2.81281e+07
P23470;P23470-2	P23470;P23470-2				1.06074e+07
P23471;P23471-2	P23471;P23471-2;P23471-3				4.80556e+07
P23515	P23515				1.87781e+08
P23560;P23560-2;P23560-3;P23560-4;P23560-5	P23560;P23560-2;P23560-3;P23560-4;P23560-5				4.42866e+06
P23582	P23582				7.06138e+07
P24043	P24043				2.63109e+07
P24592	P24592				3.9735e+08
P24593	P24593				2.69319e+07
P24821;P24821-2;P24821-3;P24821-4;P24821-5;P24821-6	P24821;P24821-2;P24821-3;P24821-4;P24821-5;P24821-6				2.69399e+06
P25189;P25189-2	P25189;P25189-2				2.47577e+06
P25311	P25311				3.80741e+08
P25713	P25713				8.57959e+06
P25774;P25774-2	P25774;P25774-2				1.32357e+07
P25788;P25788-2	P25788;P25788-2				822429
P26022	P26022				108755
P26038	P26038				9.32767e+06
P26447	P26447				3.30257e+06
P26572	P26572				7.06476e+06
P26927	P26927;Q2TV78;Q2TV78-2				7.83681e+06
P26992	P26992				5.81856e+07
P27169	P27169				5.48678e+07
P27658	P27658				1.28472e+06
P27797	P27797				3.0742e+07
P27824;P27824-2	P27824;P27824-2;P27824-3				8.73104e+06
P28161;P28161-2	P28161;P28161-2				338350
P28799;P28799-2;P28799-3	P28799;P28799-2;P28799-3				848623
P28827;P28827-2	P28827;P28827-2				2.16089e+06
P29120;P29120-2	P29120;P29120-2				8.07944e+06
P29218;P29218-3	P29218;P29218-3				6.4505e+06
P29279;P29279-2	P29279;P29279-2				748606
P29401;P29401-2	P29401;P29401-2				7.04782e+06
P29622	P29622				1.00451e+08
P29762	P29762				3.05258e+06
P29966	P29966				5.79347e+06
P30041	P30041				4.32175e+06
P30043	P30043				528940
P30044;P30044-2	P30044;P30044-2;P30044-3				1.53517e+06
P30086	P30086				6.1447e+07
P30101	P30101				7.32437e+06
P30530;P30530-2	P30530;P30530-2				3.23952e+07
P30711	P30711				1.46458e+06
P31146	P31146				1.73466e+06
P31150	P31150				1.2607e+07
P31153;P31153-2	P31153;P31153-2				533347
P31321	P31321				625742
P31946;P31946-2	P31946;P31946-2				4.21692e+06
P31948;P31948-2;P31948-3	P31948;P31948-2;P31948-3				259112
P32004;P32004-2;P32004-3	P32004;P32004-2;P32004-3				1.02714e+07
P32119	P32119				5.10886e+06
P33151	P33151;P33151-2				6.40552e+06
P33908	P33908				4.3119e+07
P34059	P34059				913216
P34096	P34096				1.1608e+07
P34741	P34741				2.18943e+06
P35052	P35052				1.21826e+07
P35080	P35080				1.05464e+06
P35237	P35237				6.09662e+06
P35318	P35318				5.87501e+06
P35442	P35442				1.95811e+07
P35443	P35443				9.70115e+06
P35527	P35527				3.68721e+06
P35542	P35542				2.24159e+08
P35555	P35555				9.83111e+06
P35590	P35590				2.25306e+06
P35613;P35613-2	P35613;P35613-2;P35613-3;P35613-4				7.55505e+06
P35858;P35858-2	P35858;P35858-2				1.78019e+07
P35908	P35908				6.32078e+07
P36222	P36222				2.35825e+08
P36871;P36871-2	P36871;P36871-2;P36871-3				3.91837e+06
P36888;P36888-2	P36888;P36888-2				561203
P36955	P36955				1.69445e+09
P36957;P36957-2	P36957;P36957-2				1.25403e+08
P36980	P36980				6.08189e+07
P37173;P37173-2	P37173;P37173-2				5.39381e+06
P37235;P61601;P84074	P37235;P61601;P84074				439624
P37837;P37837-2	P37837;P37837-2				3.5141e+07
P38571;P38571-2	P38571;P38571-2				3.15236e+06
P39059	P39059				4.19271e+06
P39060;P39060-1;P39060-2	P39060;P39060-1;P39060-2				4.26054e+07
P40189	P40189;P40189-3				1.8985e+08
P40925;P40925-3	P40925;P40925-2;P40925-3				2.66619e+07
P40926	P40926;P40926-2				3.67992e+06
P41217;P41217-2;P41217-3	P41217;P41217-2;P41217-3				5.39957e+06
P41222	P41222				2.63487e+10
P41271;P41271-2	P41271;P41271-2				1.39975e+08
P42262;P42262-2;P42262-3;P42262-4	P42262;P42262-2;P42262-3;P42262-4				2.60443e+06
P42658;P42658-2	P42658;P42658-2				1.41805e+07
P42785	P42785;P42785-2				2.3433e+07
P42857;P42857-2	P42857;P42857-2				3.2097e+06
P43004;P43004-2;P43004-3	P43004;P43004-2;P43004-3				1.01218e+06
P43121	P43121;P43121-2				3.6349e+07
P43146	P43146				2.13133e+07
P43234	P43234				3.43076e+06
P43251;P43251-2;P43251-3;P43251-4	P43251;P43251-2;P43251-3;P43251-4				7.90479e+07
P43652	P43652				5.08726e+08
P45877	P45877				2.17826e+07
P46459	P46459				3.58831e+06
P47972	P47972				5.55621e+07
P48058;P48058-2	P48058;P48058-2				8.12488e+06
P48061;P48061-2;P48061-3;P48061-4;P48061-5;P48061-6	P48061;P48061-2;P48061-3;P48061-4;P48061-5;P48061-6				1.99125e+07
P48147	P48147				705499
P48163;P48163-2	P48163;P48163-2				441862
P48551;P48551-2;P48551-3	P48551;P48551-2;P48551-3				1.61753e+06
P48637	P48637				1.09469e+07
P48723	P48723				6.1531e+06
P48740	P48740				1.2147e+07
P48740-2;P48740-4	P48740-2;P48740-4				1.26125e+06
P48745	P48745				2.17661e+07
P49221	P49221				3.51672e+07
P49257	P49257				1.28904e+07
P49418;P49418-2	P49418;P49418-2				2.0012e+06
P49641	P49641;P49641-1;P49641-2				2.48181e+07
P49747;P49747-2	P49747;P49747-2				6.55855e+06
P49908	P49908				3.64357e+07
P50238	P50238				7.51644e+06
P50281	P50281				2.14514e+06
P50395;P50395-2	P50395;P50395-2				2.3799e+06
P50453	P30740;P50452;P50453;O75830;P30740-2;P50452-2				4.87039e+06
P50502;Q8NFI4	P50502;Q8NFI4				2.17384e+06
P50895	P50895				3.0614e+06
P50897	P50897;P50897-2				1.12811e+06
P50993	P05023;P13637;P20648;P50993;P05023-2;P05023-3;P05023-4;P13637-2;P13637-3				1.88962e+06
P51688	P51688				438053
P51693	P51693;P51693-2				5.95288e+08
P51693-2	P51693-2				1.41141e+07
P51884	P51884				1.00762e+08
P51888	P51888				2.69775e+07
P52566	P52566				1.19689e+06
P52799	P52799				4.09732e+06
P52803	P52803				1.29697e+07
P52823;P52823-2	P52823;P52823-2				289584
P52848	P52848;P52848-3				1.49706e+06
P52943;P52943-2	P52943;P52943-2				259503
P53041	P53041				3.11362e+06
P53634	P53634				1.70089e+07
P54253	P54253				1.64536e+09
P54289-2;P54289-3	P54289;P54289-2;P54289-3;P54289-4;P54289-5				4.45199e+07
P54652	P54652				867169
P54727	P54725;P54727;P54725-2;P54725-3				4.27444e+06
P54764	P54764				3.95639e+07
P54802	P54802				3.93732e+06
P54803	P54803;P54803-3;P54803-4;P54803-5				2.06656e+06
P55058	P55058;P55058-2;P55058-3;P55058-4				4.56709e+08
P55083;P55083-2	P55083;P55083-2				2.36406e+07
P55087;P55087-2	P55087;P55087-2				4.28497e+06
P55103	P55103				784105
P55268	P55268				4.09252e+07
P55283;P55283-2	P55283;P55283-2				9.3785e+06
P55285;P55285-2	P55285;P55285-2				9.29817e+06
P55286	P55286				1.90016e+07
P55287;P55287-2	P55287;P55287-2				5.60652e+06
P55290;P55290-4	P55290;P55290-2;P55290-3;P55290-4;P55290-5				3.78839e+08
P55291	P55291				1.59553e+07
P55786;P55786-2	P55786;A6NEC2;P55786-2				5.16046e+06
P55899	P55899				348476
P55957;P55957-2;P55957-4	P55957;P55957-2;P55957-4				188024
P56159;P56159-2	P56159;P56159-2				2.83796e+06
P56817;P56817-2	P56817;P56817-2;P56817-3;P56817-4				2.89928e+06
P57087;P57087-2;P57087-3	P57087;P57087-2;P57087-3				568929
P58215	P58215				1.21533e+06
P58400	P58400;P58400-1				5.22495e+06
P58401	P58401				3.98863e+06
P58417	O95156;P58417				8.10922e+07
P59190;P59190-2	P51153;P59190;P61006;P61026;P62820;Q92930;Q9H0U4;Q92928;P61006-2;P62820-2;P62820-3;P59190-2				1.25174e+06
P60174;P60174-3	P60174;P60174-3;P60174-4				1.85708e+07
P60520	O95166;P60520;Q9H0R8;Q9H0R8-2				1.79989e+06
P60660;P60660-2	P60660;P60660-2				1.98839e+06
P60709;P63261	P60709;P63261				1.0607e+08
P60900;P60900-2	P60900;P60900-2				259487
P60983	O60234;P60983				1.1382e+06
P61088	P61088				4.05774e+06
P61278	P61278				4.93779e+07
P61626	P61626				7.11233e+07
P61769	P61769				1.86452e+09
P61916	P61916;P61916-2				1.28842e+08
P61970	P61970				5.8554e+06
P61981	P61981				2.29735e+07
P62258	P62258;P62258-2				1.56731e+07
P62328	P62328;P63313				1.784e+07
P62736;P63267	P62736;P63267;P68032;P68133				8.15301e+06
P62873;P62873-2;P62879	P16520;P62873;P62879;P16520-2;P62873-2				7.39675e+06
P62937	P62937				1.50507e+07
P62942	P62942				3.58893e+06
P62993	P62993;P62993-2				1.68187e+06
P63010;P63010-2;P63010-3	P63010;P63010-2;Q10567;Q10567-3;P63010-3;Q10567-2;Q10567-4				3.8977e+07
P63104	P63104;P63104-2				1.76517e+08
P63208;P63208-2	P63208;P63208-2				4.75896e+06
P63241;P63241-2;Q6IS14;Q9GZV4	P63241;Q9GZV4;Q6IS14;P63241-2				22419.2
P68036	P68036;A0A1B0GUS4;P68036-2;P68036-3				3.60273e+06
P68104;Q05639;Q5VTE0	P68104;Q05639;Q5VTE0				1.03465e+06
P68363;Q71U36;Q71U36-2;Q9BQE3	P0DPH7;P0DPH8;P68363;P68366;Q6PEY2;Q71U36;Q9BQE3;Q9NY65;P0DPH7-2;P68363-2;P68366-2;Q71U36-2;Q9NY65-2				1.12146e+06
P68871	P02042;P68871				3.6651e+07
P69849;Q15155;Q5JPE7;Q5JPE7-2;Q5JPE7-3	P69849;Q15155;Q5JPE7;Q5JPE7-2;Q5JPE7-3				1.31808e+06
P69905	P69905				3.64425e+07
P78310;P78310-2;P78310-5;P78310-6;P78310-7	P78310;P78310-2;P78310-4;P78310-5;P78310-6;P78310-7				2.35535e+06
P78324;P78324-2	P78324;Q9P1W8;Q5TFQ8;P78324-2;P78324-4;Q9P1W8-2;Q9P1W8-3;Q9P1W8-4				5.20657e+07
P78417;P78417-3	P78417;P78417-3				6.10273e+06
P78509;P78509-2;P78509-3	P78509;P78509-2;P78509-3				1.67893e+07
P78539;P78539-2;P78539-3;P78539-5	P78539;P78539-2;P78539-3;P78539-4;P78539-5				5.64202e+06
P78563;P78563-2;P78563-3;P78563-4;P78563-5;P78563-6	P78563;P78563-4;P78563-2;P78563-3;P78563-5;P78563-6				1.29605e+07
P80108	P80108				1.09934e+07
P80188;P80188-2	P80188;P80188-2				2.57602e+06
P80303;P80303-2	P80303;P80303-2				9.38306e+06
P80723	P80723;P80723-2				1.41071e+07
P80748	P80748				8.81089e+07
P82987;P82987-2	P82987;P82987-2				786110
P84157	P84157				443655
P98095;P98095-2	P98095;P98095-2				8.88347e+06
P98153;P98153-2;P98153-3	P98153;P98153-2;P98153-3				2.68242e+06
P98160	P98160				7.6456e+07
P98172	P98172				1.76462e+06
P98173;P98173-2;P98173-3	P98173;P98173-2;P98173-3				3.99716e+06
P99999	P99999				7.85006e+06
Q00973	Q00973;Q00973-2;Q00973-3				4.07384e+06
Q01459	Q01459				2.8304e+07
Q01469	Q01469				3.17183e+06
Q01995	Q01995				3.27673e+07
Q02246	Q02246				9.34142e+07
Q02413	Q02413				2.01449e+06
Q02487;Q02487-2	Q02487;Q02487-2				8.4823e+06
Q02747	Q02747				755747
Q02790	Q02790				433330
Q02809;Q02809-2	Q02809;Q02809-2				1.06924e+07
Q02818	Q02818				5.42912e+07
Q02985;Q02985-2	Q02985;Q92496;Q02985-2;Q92496-2;Q92496-3				6.21098e+06
Q03167;Q03167-2	Q03167;Q03167-2				3.14822e+07
Q04721	Q04721				5.83986e+06
Q04756	Q04756				1.26755e+07
Q04760;Q04760-2	Q04760;Q04760-2				6.37794e+06
Q05707;Q05707-2	Q05707;Q05707-2;Q05707-3				3.27538e+06
Q05996;Q05996-2	Q05996;Q05996-2				8.73262e+06
Q06033;Q06033-2	Q06033;Q06033-2				1.92863e+07
Q06418	Q06418				1.24446e+07
Q06481	Q06481;Q06481-3;Q06481-6				1.24246e+08
Q06828	Q06828				8.48044e+07
Q06830	Q06830				1.38282e+07
Q07092;Q07092-2	Q07092;Q07092-2				2.55504e+06
Q07954	Q07954				1.20312e+07
Q08174-2	Q08174;Q08174-2				8.30377e+06
Q08345;Q08345-5	Q08345;Q08345-2;Q08345-4;Q08345-5;Q08345-6				5.9612e+07
Q08380	Q08380				1.64174e+08
Q08431;Q08431-4	Q08431;Q08431-3;Q08431-4				5.9615e+06
Q08554;Q08554-2	Q08554;Q08554-2				3.323e+06
Q08629	Q08629				1.9537e+07
Q08ET2	O15389;Q08ET2				1.44349e+07
Q09327	Q09327				1.75322e+06
Q09328	Q09328				1.67064e+06
Q09666	Q09666				718184
Q0P6D2	Q0P6D2				1.17452e+07
Q10469	Q10469				4.73183e+06
Q10471	Q10471				7.36489e+06
Q10472	Q10472;Q8IUC8;Q8IUC8-3;Q8IUC8-2				1.30441e+07
Q10588	Q10588				4.19372e+06
Q12765;Q12765-2;Q12765-3	Q12765;Q12765-2;Q12765-3				1.22836e+06
Q12794;Q12794-2;Q12794-7	Q12794;Q12794-2;Q12794-3;Q12794-7				1.95669e+06
Q12797;Q12797-10	Q12797;Q12797-10				2.99531e+06
Q12805;Q12805-2;Q12805-3;Q12805-4;Q12805-5	Q12805;Q12805-2;Q12805-3;Q12805-4;Q12805-5				6.09637e+08
Q12841;Q12841-2	Q12841;Q12841-2				1.47807e+07
Q12860	Q12860;Q12860-2				1.45778e+08
Q12866	Q12866				1.75301e+07
Q12884	Q12884				141899
Q12907	Q12907				7.81721e+07
Q12913;Q12913-3	Q12913;Q12913-3				3.90121e+06
Q13093	Q13093				272661
Q13201;Q13201-2	Q13201;Q13201-2				980038
Q13214;Q13214-2	Q13214;Q13214-2				2.18296e+06
Q13217	Q13217				5.11111e+06
Q13228;Q13228-4	Q13228;Q13228-4				2.35332e+07
Q13231;Q13231-2;Q13231-3	Q13231;Q13231-2;Q13231-3;Q13231-4				7.31299e+06
Q13232	Q13232				697408
Q13275;Q13275-2	Q13275;Q13275-2				2.37336e+06
Q13308;Q13308-2;Q13308-3;Q13308-4;Q13308-5;Q13308-6	Q13308;Q13308-2;Q13308-3;Q13308-4;Q13308-5;Q13308-6				1.12976e+06
Q13332;Q13332-3;Q13332-4	Q13332;Q13332-2;Q13332-3;Q13332-4;Q13332-5;Q13332-6;Q13332-7				2.48338e+07
Q13404;Q13404-1;Q13404-2;Q13404-7;Q13404-8;Q15819	Q13404;Q15819;Q13404-1;Q13404-2;Q13404-7;Q13404-8				8.81905e+06
Q13421-2;Q13421-3;Q13421-4	Q13421;Q13421-2;Q13421-3;Q13421-4				2.65892e+06
Q13433	Q13433				764567
Q13443;Q13443-2	Q13443;Q13443-2				3.43505e+06
Q13444;Q13444-10;Q13444-12;Q13444-13;Q13444-2;Q13444-3;Q13444-4;Q13444-5;Q13444-6;Q13444-7;Q13444-8;Q13444-9	Q13444;Q13444-2;Q13444-10;Q13444-12;Q13444-13;Q13444-3;Q13444-4;Q13444-5;Q13444-6;Q13444-7;Q13444-8;Q13444-9				1.04202e+06
Q13449	Q13449				5.23999e+08
Q13501;Q13501-2	Q13501;Q13501-2				1.03527e+06
Q13508;Q13508-2;Q13508-3	Q13508;Q13508-2;Q13508-3				2.25585e+07
Q13510;Q13510-2	Q13510;Q13510-2;Q13510-3				1.21267e+07
Q13519;Q13519-2	Q13519;Q13519-2				592580
Q13554;Q13554-2;Q13554-3;Q13554-4;Q13554-5;Q13554-7;Q13554-8	Q13554;Q13554-3;Q13554-2;Q13554-4;Q13554-5;Q13554-6;Q13554-7;Q13554-8				8.41458e+06
Q13555;Q13555-10;Q13555-11;Q13555-2;Q13555-3;Q13555-4;Q13555-5;Q13555-6;Q13555-7;Q13555-8;Q13555-9	Q13555;Q13555-5;Q13555-10;Q13555-11;Q13555-2;Q13555-3;Q13555-4;Q13555-6;Q13555-7;Q13555-8;Q13555-9				3.02019e+06
Q13634;Q13634-2	Q13634;Q13634-2				5.66178e+07
Q13641	Q13641				1.37071e+06
Q13683;Q13683-10;Q13683-13;Q13683-3;Q13683-7;Q13683-9	Q13683;Q13683-10;Q13683-13;Q13683-3;Q13683-7;Q13683-9				5.91525e+06
Q13740;Q13740-2	Q13740;Q13740-2;Q13740-3				4.23042e+07
Q13790	Q13790				3.12271e+06
Q13822-3	Q13822;Q13822-3				2.49576e+08
Q13867	Q13867				1.58134e+06
Q14019	Q14019				7.33746e+06
Q14112;Q14112-2	Q14112;Q14112-2				1.08319e+07
Q14118	Q14118				9.97197e+07
Q14126	Q14126				5.50299e+06
Q14165	Q14165				4.28779e+06
Q14242;Q14242-2	Q14242;Q14242-2				2.07985e+06
Q14257;Q14257-2	Q14257;Q14257-2				1.19447e+06
Q14314	Q14314				6.82902e+06
Q14315;Q14315-2	Q14315;Q14315-2				2.49048e+06
Q14393;Q14393-1;Q14393-3;Q14393-4;Q14393-5	Q14393;Q14393-1;Q14393-3;Q14393-4;Q14393-5				9.31457e+06
Q14515	Q14515;Q14515-2				5.15426e+08
Q14520;Q14520-2	Q14520;Q14520-2				3.0121e+07
Q14563	Q14563				1.44392e+06
Q14574;Q14574-2	Q14574;Q14574-2				3.38363e+06
Q14624	Q14624				2.49138e+08
Q14696	Q14696				2.25592e+06
Q14697;Q14697-2	Q14697;Q14697-2				1.69447e+07
Q14766	Q14766;Q14766-4				9.22592e+06
Q14767	Q14767				9.2047e+06
Q14894	Q14894				2.13332e+06
Q14956;Q14956-2	Q14956;Q14956-2				2.35477e+06
Q14982;Q14982-2;Q14982-3;Q14982-4	Q14982;Q14982-2;Q14982-3;Q14982-4				2.58154e+07
Q14C87	Q14C87;Q14C87-2				7.09588e+06
Q14DG7	Q14DG7;Q14DG7-2				1.32343e+06
Q15063;Q15063-2;Q15063-3;Q15063-4;Q15063-5;Q15063-6;Q15063-7	Q15063;Q15063-2;Q15063-3;Q15063-4;Q15063-5;Q15063-6;Q15063-7				2.25196e+06
Q15084;Q15084-2;Q15084-3;Q15084-4;Q15084-5	Q15084;Q15084-2;Q15084-3;Q15084-4;Q15084-5				1.75674e+06
Q15113	Q15113				9.6354e+07
Q15121;Q15121-2	Q15121;Q15121-2				1.37857e+06
Q15166	Q15166				1.03593e+07
Q15223;Q15223-2;Q15223-3	Q15223;Q15223-2;Q15223-3				8.43706e+06
Q15256;Q15256-5	Q15256;Q15256-5				3.8222e+07
Q15257;Q15257-2;Q15257-3	Q15257;Q15257-2;Q15257-3				3.61096e+06
Q15262;Q15262-2;Q15262-3;Q15262-4	Q15262;Q15262-2;Q15262-3;Q15262-4				1.94547e+06
Q15293;Q15293-2	Q15293;Q15293-2				3.47043e+07
Q15375;Q15375-2;Q15375-4	Q15375;Q15375-2;Q15375-4				4.51765e+06
Q15459;Q15459-2	Q15459;Q15459-2				2.04673e+06
Q15465	Q15465				4.25017e+06
Q15493	Q15493				775350
Q15582	Q15582				6.51243e+07
Q15768	Q15768				5.08328e+06
Q15782;Q15782-6	Q15782;Q15782-6				5.29535e+06
Q15818	Q15818				9.4841e+07
Q15828	Q15828				3.41768e+06
Q15846	Q15846				1.38372e+06
Q15847	Q15847				626010
Q15848	Q15848				1.0514e+07
Q15904	Q15904				1.67846e+08
Q16270	Q16270;Q16270-2				7.61232e+08
Q16288;Q16288-2;Q16288-3;Q16288-4;Q16288-5	Q16288;Q16288-2;Q16288-3;Q16288-4;Q16288-5				8.48881e+06
Q16363;Q16363-2	Q16363;Q16363-2				2.49002e+06
Q16394	Q16394				1.1051e+06
Q16531	Q16531				2.52358e+06
Q16555;Q16555-2	Q16555;Q16555-2				831311
Q16568	Q16568				6.10756e+06
Q16610;Q16610-4	Q16610;Q16610-2;Q16610-3;Q16610-4				4.23608e+07
Q16620;Q16620-2;Q16620-3;Q16620-4;Q16620-5;Q16620-6	Q16620;Q16620-2;Q16620-3;Q16620-4;Q16620-5;Q16620-6				3.54231e+06
Q16627;Q16627-2	Q16627;Q16627-2				5.4567e+06
Q16651	Q16651;Q16651-2				801240
Q16653;Q16653-10;Q16653-11;Q16653-13;Q16653-2;Q16653-3;Q16653-5;Q16653-6;Q16653-7;Q16653-8;Q16653-9	Q16653;Q16653-10;Q16653-11;Q16653-13;Q16653-2;Q16653-3;Q16653-5;Q16653-6;Q16653-7;Q16653-8;Q16653-9				6.7604e+06
Q16658	Q16658				1.88356e+06
Q16674	Q16674				6.717e+06
Q16706	Q16706				1.86627e+07
Q16769	Q16769				4.88672e+07
Q16775;Q16775-2	Q16775;Q16775-2				1.86312e+06
Q16799	Q16799				478650
Q16849	Q16849;Q16849-3;Q16849-2				4.24767e+07
Q16853;Q16853-2	Q16853;Q16853-2				1.18506e+06
Q16880	Q16880				3.15184e+06
Q16881;Q16881-2;Q16881-3;Q16881-4;Q16881-5;Q16881-6;Q16881-7	Q16881;Q16881-4;Q16881-5;Q16881-2;Q16881-3;Q16881-6;Q16881-7				1.32257e+06
Q16891;Q16891-2;Q16891-3;Q16891-4	Q16891;Q16891-2;Q16891-3;Q16891-4				1.09025e+06
Q17RC7	Q17RC7				1.3554e+08
Q24JP5;Q24JP5-2	Q24JP5;Q24JP5-2;Q24JP5-3				2.12148e+07
Q2TAL6	Q2TAL6				1.2928e+06
Q2UY09	Q2UY09;Q2UY09-2;Q2UY09-3				3.80134e+06
Q495W5	Q495W5;Q495W5-2				7.69009e+06
Q4G0P3	Q4G0P3;Q4G0P3-10;Q4G0P3-5;Q4G0P3-6;Q4G0P3-8				2.8283e+07
Q4G148;Q4G148-2	Q4G148;Q4G148-2				643619
Q504Y0;Q504Y0-2;Q504Y0-3;Q504Y0-4;Q504Y0-5	Q504Y0;Q504Y0-2;Q504Y0-3;Q504Y0-4;Q504Y0-5				437134
Q53EL9;Q53EL9-3	Q53EL9;Q53EL9-2;Q53EL9-3				7.31429e+07
Q53RD9;Q53RD9-2;Q53RD9-3;Q53RD9-4	Q53RD9;Q53RD9-2;Q53RD9-3;Q53RD9-4				1.53791e+07
Q562R1	Q562R1				5.36889e+07
Q59EK9;Q59EK9-2;Q59EK9-3;Q59EK9-4	Q59EK9;Q59EK9-3;Q59EK9-2;Q59EK9-4				2.77421e+06
Q5BIV9	Q5BIV9				1.42974e+07
Q5BLP8;Q5BLP8-2;Q5BLP8-3	Q5BLP8;Q5BLP8-2;Q5BLP8-3				6.66858e+06
Q5FWE3;Q5FWE3-3	Q5FWE3;Q5FWE3-3				4.09446e+07
Q5JRA6;Q5JRA6-2	Q5JRA6;Q5JRA6-2;Q5JRA6-3				2.32801e+06
Q5KU26	Q5KU26				2.96772e+07
Q5SZK8	Q5SZK8;Q5SZK8-2				1.19287e+06
Q5T848	Q5T848				5.32355e+06
Q5VSG8	Q5VSG8				1.24726e+07
Q5VU97	Q5VU97				1.8931e+07
Q5VUB5	Q5VUB5				462683
Q5VV43;Q5VV43-2;Q5VV43-3;Q5VV43-4	Q5VV43;Q5VV43-2;Q5VV43-3;Q5VV43-4				1.30715e+06
Q5VWW1;Q5VWW1-2;Q5VWW1-3	Q5VWW1;Q5VWW1-2;Q5VWW1-3				923018
Q5VY80;Q6H3X3;Q6H3X3-2;Q9BZM5	Q5VY80;Q6H3X3;Q9BZM5;Q6H3X3-2;Q6H3X3-3				1.14834e+06
Q63HQ2;Q63HQ2-2	Q63HQ2;Q63HQ2-2				3.55904e+06
Q641Q3;Q641Q3-2	Q641Q3;Q641Q3-2				1.16465e+07
Q658N2	Q658N2				1.71236e+07
Q66K79;Q66K79-2;Q66K79-3	Q66K79;Q66K79-2;Q66K79-3				265989
Q68BL7;Q68BL7-2;Q68BL7-3	Q68BL7;Q68BL7-2;Q68BL7-3				7.96167e+06
Q68D85	Q68D85				1.33105e+06
Q6E0U4;Q6E0U4-16;Q6E0U4-2;Q6E0U4-3;Q6E0U4-4;Q6E0U4-5;Q6E0U4-6;Q6E0U4-7	Q6E0U4;Q6E0U4-16;Q6E0U4-2;Q6E0U4-3;Q6E0U4-4;Q6E0U4-5;Q6E0U4-6;Q6E0U4-7				1.68033e+06
Q6EMK4	Q6EMK4				2.04613e+07
Q6FHJ7	Q6FHJ7				5.81926e+06
Q6GTX8;Q6GTX8-2;Q6GTX8-3;Q6GTX8-4;Q6ISS4;Q6ISS4-2	Q6GTX8;Q6ISS4;Q6GTX8-2;Q6GTX8-3;Q6GTX8-4;Q6ISS4-2				1.21786e+07
Q6IEE7	Q6IEE7				1.2064e+06
Q6IS24	Q6IS24				484884
Q6MZW2	Q6MZW2;Q6MZW2-2;Q6MZW2-3				1.10812e+07
Q6NUJ2	Q6NUJ2				2.88186e+06
Q6NW40	Q6NW40				2.69345e+07
Q6P179;Q6P179-3	Q6P179;Q6P179-3				290818
Q6P4E1;Q6P4E1-2;Q6P4E1-5	Q6P4E1;Q6P4E1-2;Q6P4E1-5				9.76268e+06
Q6P9A2	Q6P9A2				2.21986e+06
Q6PCB0	Q6PCB0				2.02264e+06
Q6PUV4	O14810;Q6PUV4				540615
Q6UVK1	Q6UVK1				5.8711e+06
Q6UVY6;Q6UVY6-2	Q6UVY6;Q6UVY6-2				2.20688e+06
Q6UW01	Q6UW01				3.51386e+07
Q6UWH4;Q6UWH4-2	Q6UWH4;Q6UWH4-2;Q6UWH4-3				2.70415e+06
Q6UWP8	Q6UWP8;Q6UWP8-2				439746
Q6UWR7	Q6UWR7				4.60219e+06
Q6UWY5	Q6UWY5				2.46699e+06
Q6UX15;Q6UX15-2	Q6UX15;Q6UX15-2				9.39666e+06
Q6UX71	Q6UX71;Q6UX71-2				5.54226e+07
Q6UX72	Q6UX72				3.38464e+06
Q6UX73;Q6UX73-2	Q6UX73;Q6UX73-2				2.10742e+07
Q6UXB8	Q6UXB8;Q6UXB8-2				2.40368e+07
Q6UXD5-3;Q6UXD5-5	Q6UXD5;Q6UXD5-2;Q6UXD5-3;Q6UXD5-4;Q6UXD5-5;Q6UXD5-6				4.7576e+07
Q6UXH9;Q6UXH9-2	Q6UXH9;Q6UXH9-2;Q6UXH9-3				2.12874e+06
Q6UXI9;Q6UXI9-3;Q6UXI9-4;Q6UXI9-5;Q6UXI9-6	Q6UXI9;Q6UXI9-2;Q6UXI9-3;Q6UXI9-4;Q6UXI9-5;Q6UXI9-6				2.9316e+06
Q6UXK2	Q6UXK2				1.17225e+06
Q6UXK5	Q6UXK5				8.83224e+06
Q6UXZ4;Q6UXZ4-2	Q6UXZ4;Q6UXZ4-2				6.11391e+06
Q6UY14;Q6UY14-2;Q6UY14-3	Q6UY14;Q6UY14-3;Q6UY14-2				1.90217e+06
Q6YHK3	Q6YHK3;Q6YHK3-2;Q6YHK3-4				3.22216e+06
Q6ZMI3;Q6ZMI3-2	Q6ZMI3;Q6ZMI3-2				7.5378e+06
Q6ZMP0;Q6ZMP0-2	Q6ZMP0;Q6ZMP0-2				1.6494e+06
Q6ZN30;Q6ZN30-2	Q6ZN30;Q6ZN30-2				2.99451e+06
Q6ZRP7	Q6ZRP7				3.54285e+07
Q6ZSJ9;Q6ZSJ9-2;Q6ZSJ9-3	Q6ZSJ9;Q6ZSJ9-2;Q6ZSJ9-3				3.15251e+07
Q6ZVL6	Q6ZVL6;Q6ZVL6-2				7.08603e+06
Q76KP1	Q76KP1				2.12631e+06
Q7KYR7;Q7KYR7-1;Q7KYR7-4;Q7KYR7-5;Q7KYR7-6;Q8WVV5;Q8WVV5-2;Q8WVV5-3	Q7KYR7;Q8WVV5;Q7KYR7-4;Q7KYR7-1;Q7KYR7-5;Q7KYR7-6;Q8WVV5-2;Q8WVV5-3				428245
Q7L0X0	Q7L0X0				1.76648e+06
Q7LFX5	Q7LFX5;Q7LFX5-2				8.27647e+06
Q7LGC8	Q7LGC8				3.11902e+06
Q7Z3B1	Q7Z3B1;Q7Z3B1-2				7.3536e+07
Q7Z3D4	Q7Z3D4				907553
Q7Z553;Q7Z553-3	Q7Z553;Q7Z553-2;Q7Z553-3				3.17601e+06
Q7Z5A7;Q7Z5A7-2	Q7Z5A7;Q7Z5A7-2;Q7Z5A7-3				1.38489e+07
Q7Z5L0	Q7Z5L0				223147
Q7Z5L3	Q5VWW1;Q7Z5L3;Q5VWW1-2;Q5VWW1-3				3.72988e+06
Q7Z5L7;Q7Z5L7-2;Q7Z5L7-3	Q7Z5L7;Q7Z5L7-2;Q7Z5L7-3				906195
Q7Z5N4;Q7Z5N4-3	Q7Z5N4;Q7Z5N4-3				386200
Q7Z7M0	Q7Z7M0;Q7Z7M0-2				5.77491e+07
Q7Z7M8	Q7Z7M8				510620
Q86SF2	Q86SF2				7.77725e+06
Q86SR1	Q86SR1;Q86SR1-2;Q86SR1-3				7.87026e+06
Q86TY3;Q86TY3-2	Q86TY3;Q86TY3-2				2.88387e+07
Q86UD1	Q86UD1				9.09665e+06
Q86UN2	Q86UN2				7.26567e+06
Q86UN3	Q86UN3				3.17341e+07
Q86UP0;Q86UP0-2	Q86UP0;Q86UP0-2				6.74776e+06
Q86UX2	Q86UX2;Q86UX2-2;Q86UX2-3				2.82768e+07
Q86V85	Q86V85				596688
Q86VB7;Q86VB7-2;Q86VB7-3;Q86VB7-4	Q86VB7;Q86VB7-2;Q86VB7-3;Q86VB7-4				8.92346e+06
Q86VV8;Q86VV8-3	Q86VV8;Q86VV8-3				3.6434e+06
Q86VZ4	Q86VZ4				5.45454e+06
Q86X29;Q86X29-2;Q86X29-3;Q86X29-4;Q86X29-5;Q86X29-6	Q86X29;Q86X29-2;Q86X29-3;Q86X29-4;Q86X29-5;Q86X29-6				4.63597e+06
Q86XR7-2;Q9Y3B3;Q9Y3B3-2	Q9Y3B3;Q86XR7-2;Q9Y3B3-2				914142
Q86Y38	Q86Y38				4.76262e+06
Q86Y82	Q86Y82				1.7847e+06
Q86YD3;Q86YD3-2;Q86YD3-4;Q86YD3-5	Q86YD3;Q86YD3-2;Q86YD3-4;Q86YD3-5				1.60908e+07
Q86YT9;Q86YT9-2;Q86YT9-3;Q86YT9-4	Q86YT9;Q86YT9-2;Q86YT9-3;Q86YT9-4				1.2894e+06
Q86YZ3	Q86YZ3				293632
Q8IUC8	Q8IUC8;Q8IUC8-3;Q8IUC8-2				4.12285e+06
Q8IUK5;Q8IUK5-2;Q8IUK5-3	Q8IUK5;Q8IUK5-2;Q8IUK5-3;Q8IUK5-4				8.68386e+06
Q8IUK8	Q8IUK8				1.92591e+07
Q8IUX7	Q8IUX7;Q8IUX7-2				2.00022e+07
Q8IV08	Q8IV08				1.33281e+07
Q8IW52	Q8IW52				7.21567e+06
Q8IWT1	Q8IWT1;Q8IWT1-2				3.38341e+07
Q8IWU5;Q8IWU5-2	Q8IWU5;Q8IWU5-2				5.0317e+07
Q8IWV2	Q8IWV2				7.5837e+06
Q8IWY4	Q8IWY4				4.9441e+06
Q8IXL6	Q8IXL6;Q8IXL6-2				5.85914e+06
Q8IYJ0;Q8IYJ0-2	Q8IYJ0;Q8IYJ0-2				9.0811e+07
Q8IYS5-2;Q8IYS5-3;Q8IYS5-6	Q8IYS5;Q8IYS5-2;Q8IYS5-3;Q8IYS5-4;Q8IYS5-5;Q8IYS5-6;Q8IYS5-7				8.01264e+07
Q8IZJ3;Q8IZJ3-2	Q8IZJ3;Q8IZJ3-2				920106
Q8IZP7	Q8IZP7				1.26449e+07
Q8IZS8;Q8IZS8-2	Q8IZS8;Q8IZS8-2;Q8IZS8-3				1.6606e+06
Q8N114;Q8N114-2	Q8N114;Q8N114-2				5.66358e+07
Q8N126;Q8N126-2	Q8N126;Q8N126-2;Q8N126-3				4.66793e+07
Q8N149;Q8N149-2;Q8N149-3;Q8N149-4	Q8N149;Q8N149-2;Q8N149-3;Q8N149-4				6.54659e+06
Q8N2S1;Q8N2S1-2;Q8N2S1-3	Q8N2S1;Q8N2S1-2;Q8N2S1-3				2.04215e+07
Q8N3G9;Q8N3G9-2;Q8N3G9-3	Q8N3G9;Q8N3G9-2;Q8N3G9-3				840272
Q8N3J2	Q8N3J2				3.09337e+07
Q8N3J6;Q8N3J6-2;Q8N3J6-3;Q8N3J6-4;Q8N3J6-5	Q8N3J6;Q8N3J6-2;Q8N3J6-3;Q8N3J6-4;Q8N3J6-5				7.89622e+06
Q8N3T1	Q8N3T1				1.65558e+06
Q8N3T6	Q8N3T6				3.22582e+06
Q8N428;Q8N428-2	Q8N428;Q8N428-2				2.59579e+06
Q8N436	Q8N436				3.70609e+06
Q8N474	Q8N474				1.81395e+06
Q8N475;Q8N475-2	Q8N475;Q8N475-2;Q8N475-3				9.48901e+06
Q8N608;Q8N608-2;Q8N608-3;Q8N608-4	Q8N608;Q8N608-2;Q8N608-3;Q8N608-4				1.423e+06
Q8N6C5;Q8N6C5-2;Q8N6C5-4	Q8N6C5;Q8N6C5-2;Q8N6C5-4				3.88913e+06
Q8N8Z6;Q8N8Z6-2	Q8N8Z6;Q8N8Z6-2				983835
Q8N967	Q8N967				1.57547e+06
Q8NBI6	Q8NBI6				7.01329e+06
Q8NBJ4;Q8NBJ4-2	Q8NBJ4;Q8NBJ4-2				2.27404e+07
Q8NBJ7;Q8NBJ7-2;Q8NBJ7-5	Q8NBJ7;Q8NBJ7-2;Q8NBJ7-5				268741
Q8NBP7	Q8NBP7				2.02441e+06
Q8NBS9;Q8NBS9-2	Q8NBS9;Q8NBS9-2				1.12725e+06
Q8NC42	Q8NC42				1.22133e+06
Q8NCC3	Q8NCC3;Q8NCC3-2				3.13667e+06
Q8NCL4	Q8NCL4				7.96554e+06
Q8NCW5;Q8NCW5-2	Q8NCW5;Q8NCW5-2				5.22914e+06
Q8NEP3;Q8NEP3-2;Q8NEP3-3	Q8NEP3;Q8NEP3-2;Q8NEP3-3				1.63306e+09
Q8NES3;Q8NES3-3	Q8NES3;Q8NES3-3				1.60812e+07
Q8NEY1;Q8NEY1-2;Q8NEY1-3;Q8NEY1-4;Q8NEY1-6;Q8NEY1-7	Q8NEY1;Q8NEY1-2;Q8NEY1-3;Q8NEY1-4;Q8NEY1-6;Q8NEY1-7				1.06761e+08
Q8NFL0	Q8NFL0				443628
Q8NFP4;Q8NFP4-2	Q8NFP4;Q8NFP4-2				1.59024e+06
Q8NFT8	Q8NFT8				223126
Q8NFY4;Q8NFY4-6	Q8NFY4;Q8NFY4-6				8.50958e+06
Q8NFZ4	Q8NFZ4				9.62904e+06
Q8NFZ8	Q8NFZ8				8.3644e+07
Q8NHP8	Q8NHP8;Q8NHP8-2				6.9924e+06
Q8NHQ9	Q8NHQ9				4.36082e+08
Q8TAB3;Q8TAB3-2;Q8TAB3-3	Q8TAB3;Q8TAB3-2;Q8TAB3-3				2.07413e+06
Q8TAG5;Q8TAG5-2	Q8TAG5;Q8TAG5-2				5.75062e+07
Q8TBP5	Q8TBP5				1.5603e+07
Q8TCZ2	Q8TCZ2;Q8TCZ2-2;Q8TCZ2-3;Q8TCZ2-5;Q8TCZ2-6				5.97248e+07
Q8TDF5;Q8TDF5-1;Q8TDF5-2	Q8TDF5;Q8TDF5-1;Q8TDF5-2				861492
Q8TDQ0;Q8TDQ0-2	Q8TDQ0;Q8TDQ0-2				2.29539e+06
Q8TEA8	Q8TEA8				4.95515e+06
Q8TER0;Q8TER0-5	Q8TER0;Q8TER0-3;Q8TER0-4;Q8TER0-5				1.86187e+07
Q8TEU8	Q8TEU8				5.34797e+07
Q8WUA8	Q8WUA8				1.2846e+06
Q8WUJ3	Q8WUJ3;Q8WUJ3-2				9.16432e+06
Q8WVN6	Q8WVN6				6.60978e+06
Q8WVQ1;Q8WVQ1-3	Q8WVQ1;Q8WVQ1-2;Q8WVQ1-3				5.63487e+06
Q8WWX9	Q8WWX9				3.37422e+06
Q8WX77	Q8WX77				2.71702e+06
Q8WXD2	Q8WXD2				1.80437e+08
Q8WXD2-2	Q8WXD2-2				4.76409e+06
Q8WY21;Q8WY21-2;Q8WY21-3;Q8WY21-4	Q8WY21;Q8WY21-2;Q8WY21-3;Q8WY21-4				1.04809e+07
Q8WYK1	Q8WYK1				1.89862e+06
Q8WZ75;Q8WZ75-2;Q8WZ75-3	Q8WZ75;Q8WZ75-2;Q8WZ75-3				5.2264e+06
Q8WZA1	Q8WZA1;Q8WZA1-2				5.22101e+07
Q92484;Q92484-2	Q92484;Q92484-2				2.99693e+06
Q92485;Q92485-2	Q92485;Q92485-2				7.10454e+06
Q92520	Q92520				3.35691e+08
Q92542;Q92542-2	Q92542;Q92542-2				3.00173e+06
Q92563	Q92563				2.61471e+07
Q92673	Q92673				4.48726e+07
Q92692;Q92692-2	Q92692;Q92692-2				1.74992e+06
Q92743	Q92743				1.03219e+07
Q92752	Q92752;Q92752-2				6.71566e+06
Q92765	Q92765				8.898e+06
Q92820	Q92820				1.11532e+07
Q92823;Q92823-2;Q92823-5	Q92823;Q92823-2;Q92823-3;Q92823-4;Q92823-5;Q92823-6				3.10921e+08
Q92832;Q92832-2	Q92832;Q92832-2				2.0373e+06
Q92854	Q92854;Q92854-2				4.56407e+06
Q92859;Q92859-2;Q92859-3	Q92859;Q92859-2;Q92859-3;Q92859-4				3.39046e+07
Q92876	Q92876;Q92876-2				5.0891e+08
Q92896;Q92896-2;Q92896-3	Q92896;Q92896-2;Q92896-3				839966
Q92911	Q92911				4.11958e+06
Q92932;Q92932-2;Q92932-3;Q92932-4	Q92932;Q92932-2;Q92932-3;Q92932-4				2.3774e+07
Q92945;Q96AE4;Q96AE4-2	Q92945;Q96AE4;Q96AE4-2				1.35584e+07
Q92954;Q92954-2;Q92954-3;Q92954-4;Q92954-5;Q92954-6	Q92954;Q92954-2;Q92954-3;Q92954-4;Q92954-5;Q92954-6				2.38022e+07
Q969H8	Q969H8				3.59168e+06
Q969P0;Q969P0-3	Q969P0;Q969P0-3				4.06128e+07
Q969T9	Q969T9;Q969T9-2				1.6575e+07
Q96AP7	Q96AP7				4.30724e+06
Q96AQ1;Q96AQ1-2;Q96LY2;Q96LY2-2	Q96LY2;Q96LY2-2;Q96AQ1;Q96AQ1-2				1.6818e+06
Q96AQ6;Q96AQ6-2	Q96AQ6;Q96AQ6-2;Q96AQ6-3				2.50083e+06
Q96B86;Q96B86-3;Q96B86-4	Q96B86;Q96B86-3;Q96B86-4				1.24313e+07
Q96BZ4	Q96BZ4				1.83274e+07
Q96CW9;Q96CW9-2	Q96CW9;Q96CW9-2				383007
Q96CX2	Q96CX2;Q68DU8				1.10488e+06
Q96EG1	Q96EG1				570467
Q96FE5;Q96FE5-2	Q96FE5;Q7L985;Q96FE5-2				5.54568e+06
Q96FE7-4	Q96FE7;Q96FE7-2;Q96FE7-4;Q96FE7-5				3.64519e+07
Q96FJ2	P63167;Q96FJ2				3.90144e+06
Q96GD0	Q6ZT62;Q96GD0;Q6ZT62-2				820319
Q96GW7	Q96GW7;Q96GW7-2				2.58133e+08
Q96HD1;Q96HD1-2	Q96HD1;Q96HD1-2				3.00979e+06
Q96HF1	Q96HF1				3.23215e+06
Q96HU1;Q96HU1-2	Q96HU1;Q96HU1-2				2.58136e+06
Q96ID5	Q96ID5				1.09514e+07
Q96IU4	Q96IU4				2.19373e+06
Q96IY4	Q96IY4;Q96IY4-2				7.09656e+07
Q96JF0	Q96JF0;Q96JF0-2				1.45489e+07
Q96JQ0	Q96JQ0				1.47799e+06
Q96KN2	Q96KN2				1.37036e+09
Q96KR4;Q96KR4-3	Q96KR4;Q96KR4-3				2.26082e+06
Q96MK3	Q96MK3				796136
Q96NU0;Q96NU0-2;Q9BZ76;Q9BZ76-2	Q96NU0;Q9BZ76;Q9BZ76-2;Q96NU0-2				690970
Q96NZ9	Q96NZ9;Q96NZ9-2;Q96NZ9-4				7.07451e+07
Q96P44;Q96P44-3	Q96P44;Q96P44-3				934391
Q96PD2;Q96PD2-2	Q96PD2;Q96PD2-2				1.0866e+06
Q96PD5	Q96PD5;Q96PD5-2				7.94695e+07
Q96PQ0	Q96PQ0				1.48828e+07
Q96PX8	Q96PX8				1.40213e+07
Q96RW7;Q96RW7-2	Q96RW7;Q96RW7-2				2.26154e+06
Q96S96	Q96S96				1.32371e+08
Q96SM3	Q96SM3				1.00089e+06
Q99435;Q99435-2;Q99435-3;Q99435-4	Q99435;Q99435-2;Q99435-3;Q99435-4				3.62296e+08
Q99497	Q99497				1.71512e+07
Q99519	Q99519				5.08563e+06
Q99523	Q99523;Q99523-2				1.34864e+07
Q99574	Q99574				3.87338e+07
Q99584	Q99584				637490
Q99650;Q99650-2	Q99650;Q99650-2				693814
Q99674	Q99674;Q99674-2				2.69083e+07
Q99715;Q99715-4	Q99715;Q99715-2;Q99715-4				2.59324e+06
Q99784;Q99784-3;Q99784-5	Q99784;Q99784-3;Q99784-5				7.4876e+06
Q99946	Q99946				1.19585e+07
Q99969	Q99969				2.67308e+07
Q99972	Q99972				2.63147e+06
Q99983	Q99983				3.48808e+07
Q99985	Q99985				2.34415e+06
Q9BQ16	Q9BQ16;Q9BQ16-1;Q9BQ16-4;Q9BQ16-5;Q9BQ16-6;Q9BQ16-7;Q9BQ16-8				9.02233e+06
Q9BQT9;Q9BQT9-2	Q9BQT9;Q9BQT9-2				6.53891e+07
Q9BRA2	Q9BRA2				5.4636e+06
Q9BRF8;Q9BRF8-2;Q9BRF8-3	Q9BRF8;Q9BRF8-2;Q9BRF8-3				1.26112e+06
Q9BRK3;Q9BRK3-2;Q9BRK3-3	Q9BRK3;Q9BRK3-2;Q9BRK3-3				4.81442e+06
Q9BRK5	Q9BRK5;Q9BRK5-2;Q9BRK5-5				2.61256e+07
Q9BS26	Q9BS26				2.85818e+06
Q9BSG5;Q9BSG5-2;Q9BSG5-3	Q9BSG5;Q9BSG5-2;Q9BSG5-3				3.54751e+06
Q9BTY2	Q9BTY2				1.2623e+07
Q9BU40-3;Q9BU40-4;Q9BU40-5	Q9BU40;Q9BU40-3;Q9BU40-4;Q9BU40-5				4.11367e+07
Q9BUD6	Q9BUD6				8.57939e+06
Q9BUJ0	Q9BUJ0				8.53029e+06
Q9BUN1	Q9BUN1				1.20276e+07
Q9BVH7	Q9BVH7				1.62311e+06
Q9BWP8;Q9BWP8-10;Q9BWP8-2;Q9BWP8-3;Q9BWP8-4;Q9BWP8-5;Q9BWP8-6;Q9BWP8-7;Q9BWP8-8;Q9BWP8-9	Q9BWP8;Q9BWP8-10;Q9BWP8-2;Q9BWP8-3;Q9BWP8-4;Q9BWP8-5;Q9BWP8-6;Q9BWP8-7;Q9BWP8-8;Q9BWP8-9				640421
Q9BWQ8	Q9BWQ8				8.1012e+06
Q9BWS9;Q9BWS9-2;Q9BWS9-3	Q9BWS9;Q9BWS9-2;Q9BWS9-3				5.04602e+06
Q9BXJ0	Q9BXJ0				1.68319e+07
Q9BXJ1;Q9BXJ1-2	Q9BXJ1;Q9BXJ1-2				5.27451e+06
Q9BXJ3	Q9BXJ3				6.62951e+06
Q9BXJ4;Q9BXJ4-2;Q9BXJ4-3	Q9BXJ4;Q9BXJ4-2;Q9BXJ4-3				9.81835e+06
Q9BXP8	Q9BXP8;Q9BXP8-2				561059
Q9BY67;Q9BY67-2;Q9BY67-3;Q9BY67-4;Q9BY67-5	Q9BY67;Q9BY67-2;Q9BY67-3;Q9BY67-4;Q9BY67-5				4.13619e+07
Q9BYH1;Q9BYH1-5;Q9BYH1-6;Q9BYH1-7	Q9BYH1;Q9BYH1-2;Q9BYH1-3;Q9BYH1-4;Q9BYH1-5;Q9BYH1-6;Q9BYH1-7				3.92126e+07
Q9BZC7;Q9BZC7-2;Q9BZC7-3;Q9BZC7-4	Q9BZC7;Q9BZC7-2;Q9BZC7-3;Q9BZC7-4				2.35067e+07
Q9BZR6	Q9BZR6				2.33661e+07
Q9C0A0	Q9C0A0;Q96NU0;Q9BZ76;Q9BZ76-2;Q96NU0-2;Q9C0A0-2				3.06953e+07
Q9GZM5	Q9GZM5				3.55523e+07
Q9GZP0;Q9GZP0-2	Q9GZP0;Q9GZP0-2				1.01243e+06
Q9GZP4;Q9GZP4-2	Q9GZP4;Q9GZP4-2				6.25264e+06
Q9GZV7	Q9GZV7				735867
Q9GZX3	Q9GZX3				1.63068e+06
Q9GZX9	Q9GZX9				1.07616e+07
Q9H008	Q9H008;Q9H008-2				1.568e+06
Q9H019;Q9H019-2;Q9H019-3	Q9H019;Q9H019-2;Q9H019-3				6.81224e+06
Q9H0Q3;Q9H0Q3-2	Q9H0Q3;Q9H0Q3-2				6.84843e+06
Q9H0R4;Q9H0R4-2	Q9H0R4;Q9H0R4-2				1.41382e+06
Q9H173	Q9H173				2.34393e+06
Q9H1U4	Q9H1U4				5.8524e+06
Q9H1Z8	Q9H1Z8				3.93967e+07
Q9H251;Q9H251-2;Q9H251-3;Q9H251-4;Q9H251-8	Q9H251;Q9H251-2;Q9H251-3;Q9H251-4;Q9H251-8				440261
Q9H254;Q9H254-2;Q9H254-4	O43707;Q9H254;Q9H254-2;Q9H254-4				3.65411e+06
Q9H299	Q9H299				4.30008e+06
Q9H2A7	Q9H2A7				1.82634e+07
Q9H2B2;Q9H2B2-2	Q9H2B2;Q9H2B2-2				9.38047e+06
Q9H2E6;Q9H2E6-2	Q9H2E6;Q9H2E6-2				6.12125e+06
Q9H2G2	Q9H2G2;Q9H2G2-2				4.18354e+06
Q9H2X0;Q9H2X0-5	Q9H2X0;Q9H2X0-5				4.00397e+06
Q9H3G5	Q9H3G5				2.5513e+07
Q9H3T2;Q9H3T2-3	Q9H3T2;Q9H3T2-3				914663
Q9H3T3;Q9H3T3-3	Q9H3T3;Q9H3T3-3				3.92383e+06
Q9H492;Q9H492-2	Q9GZQ8;Q9H492;A6NCE7;Q9H492-2				2.39628e+06
Q9H4D0	Q9H4D0				7.89414e+06
Q9H4F8;Q9H4F8-2	Q9H4F8;Q9H4F8-2				2.02865e+06
Q9H6B4	Q9H6B4				3.72196e+06
Q9H6X2;Q9H6X2-2;Q9H6X2-3;Q9H6X2-4;Q9H6X2-5;Q9H6X2-6	Q9H6X2;Q9H6X2-2;Q9H6X2-3;Q9H6X2-4;Q9H6X2-5;Q9H6X2-6				1.03598e+07
Q9H741	Q9H741				1.53329e+06
Q9H7Y0	Q9H7Y0;Q9H7Y0-2				1.80714e+06
Q9H8J5	Q9H8J5				7.00314e+06
Q9H8L6	Q9H8L6				3.66283e+06
Q9H8Y8;Q9H8Y8-2;Q9H8Y8-3	Q9H8Y8;Q9H8Y8-2;Q9H8Y8-3				653459
Q9H9S5	Q9H9S5				762010
Q9HAR2;Q9HAR2-2;Q9HAR2-3;Q9HAR2-4	Q9HAR2;Q9HAR2-2;Q9HAR2-3;Q9HAR2-4				6.64972e+06
Q9HAT2;Q9HAT2-2	Q9HAT2;Q9HAT2-2				1.61649e+07
Q9HBR0	Q9HBR0				5.50105e+06
Q9HBT6	Q9HBT6				2.44754e+06
Q9HBW1	Q9HBW1				2.74625e+06
Q9HC38-2	Q9HC38;Q9HC38-2;Q9HC38-3				965156
Q9HC56;Q9HC56-2	Q9HC56;Q9HC56-2				9.28089e+06
Q9HCB6	Q9HCB6				9.07403e+06
Q9HCK4;Q9HCK4-2;Q9HCK4-3	Q9HCK4;Q9HCK4-2;Q9HCK4-3				6.5577e+06
Q9HCU0	Q9HCU0				7.64567e+06
Q9HCU4	Q9HCU4				1.39842e+07
Q9HDB5;Q9HDB5-2;Q9HDB5-4	Q9HDB5;Q9Y4C0;Q9HDB5-2;Q9HDB5-4;Q9Y4C0-3				3.25342e+07
Q9HDC9;Q9HDC9-2	Q9HDC9;Q9HDC9-2				1.08088e+06
Q9NP80;Q9NP80-2;Q9NP80-3	Q9NP80;Q9NP80-2;Q9NP80-3				2.69276e+07
Q9NPC4	Q9NPC4				1.8092e+06
Q9NPD7	Q9NPD7				1.00703e+07
Q9NPG4	Q9NPG4				4.38843e+06
Q9NPH3;Q9NPH3-2;Q9NPH3-5	Q9NPH3;Q9NPH3-2;Q9NPH3-3;Q9NPH3-5				3.89007e+06
Q9NPR2;Q9NPR2-2	Q9NPR2;Q9NPR2-2				1.88702e+08
Q9NQ36;Q9NQ36-2;Q9NQ36-3	Q9NQ36;Q9NQ36-2;Q9NQ36-3				1.33544e+06
Q9NQ79;Q9NQ79-2;Q9NQ79-3	Q9NQ79;Q9NQ79-2;Q9NQ79-3				1.42099e+08
Q9NQS3;Q9NQS3-2;Q9NQS3-3	Q9NQS3;Q9NQS3-2;Q9NQS3-3				4.1397e+06
Q9NQX5	Q9NQX5				2.2028e+06
Q9NQX7	Q9NQX7;Q9NQX7-2				772851
Q9NR34	Q9NR34				9.42284e+06
Q9NRB3	Q9NRB3				787237
Q9NRN5	Q9NRN5;Q9NRN5-2				1.95408e+07
Q9NRR1	Q9NRR1				9.82734e+06
Q9NS00;Q9NS00-2	Q9NS00;Q9NS00-2				1.28568e+06
Q9NS84	Q9NS84				331855
Q9NS85	Q9NS85;Q9NS85-2				2.47463e+06
Q9NS98	Q9NS98				1.89344e+07
Q9NSC7	Q9NSC7				2.88587e+06
Q9NT22;Q9NT22-2	Q9NT22;Q9NT22-2				7.42278e+06
Q9NT99	Q9NT99				3.60517e+07
Q9NTU7	Q9NTU7				8.90962e+06
Q9NUQ9	Q9NUQ9				4.86598e+06
Q9NX62	Q9NX62				5.53873e+07
Q9NY15	Q9NY15				1.0613e+06
Q9NY33;Q9NY33-2;Q9NY33-4	Q9NY33;Q9NY33-2;Q9NY33-4				1.10966e+06
Q9NY47;Q9NY47-2;Q9NY47-3;Q9NY47-4;Q9NY47-5	Q9NY47;Q9NY47-2;Q9NY47-3;Q9NY47-4;Q9NY47-5				5.5192e+06
Q9NY72	Q9NY72				5.21637e+06
Q9NY97;Q9NY97-2	Q9NY97;Q9NY97-2				1.69016e+07
Q9NYQ8	Q9NYQ8				2.34144e+07
Q9NYU2;Q9NYU2-2	Q9NYU2;Q9NYU2-2				62101.5
Q9NYX4	Q9NYX4				1.41678e+07
Q9NZ08;Q9NZ08-2	Q9NZ08;Q9NZ08-2				1.50754e+06
Q9NZ53	Q9NZ53				1.63914e+07
Q9NZ72;Q9NZ72-2	Q9NZ72;Q9NZ72-2				1.24659e+06
Q9NZ94;Q9NZ94-2;Q9NZ94-3	Q9NZ94;Q9NZ94-2;Q9NZ94-3				713804
Q9NZC2;Q9NZC2-2;Q9NZC2-3	Q9NZC2;Q9NZC2-2;Q9NZC2-3				6.86317e+06
Q9NZK5	Q9NZK5				7.40121e+06
Q9NZP8	Q9NZP8				6.30946e+07
Q9NZR2	Q9NZR2				3.68282e+06
Q9NZU1	Q9NZU1				1.14342e+06
Q9P0K1;Q9P0K1-2;Q9P0K1-3;Q9P0K1-4;Q9P0K1-5	Q9P0K1;Q9P0K1-2;Q9P0K1-3;Q9P0K1-4;Q9P0K1-5				5.46696e+07
Q9P0K9	Q9P0K9				1.22845e+07
Q9P0L0;Q9P0L0-2	Q9P0L0;Q9P0L0-2				5.2645e+06
Q9P121-4	Q9P121;Q9P121-3;Q9P121-2;Q9P121-4				1.0306e+08
Q9P232	Q9P232				3.43345e+06
Q9P2E7;Q9P2E7-2	Q9P2E7;Q9P2E7-2				1.06107e+07
Q9P2S2	P58401;Q9P2S2				4.0124e+07
Q9UBG0	Q9UBG0				1.30488e+06
Q9UBP4	Q9UBP4				6.60784e+08
Q9UBQ6	Q9UBQ6				7.44799e+07
Q9UBR2	Q9UBR2				2.74805e+07
Q9UBX1	Q9UBX1				1.52509e+07
Q9UBX5	Q9UBX5				2.18722e+07
Q9UBX7;Q9UBX7-1;Q9UBX7-3;Q9UBX7-4	Q9UBX7;Q9UBX7-1;Q9UBX7-3;Q9UBX7-4				4.15461e+06
Q9UD71;Q9UD71-2	Q9UD71;Q9UD71-2				244378
Q9UEW3;Q9UEW3-2	Q9UEW3;Q9UEW3-2				5.74479e+06
Q9UF11;Q9UF11-2;Q9UF11-3;Q9UF11-4	Q9UF11;Q9UF11-2;Q9UF11-3;Q9UF11-4				5.8963e+06
Q9UFP1	Q9UFP1				1.29817e+06
Q9UGM5;Q9UGM5-2	Q9UGM5;Q9UGM5-2				8.05457e+06
Q9UHC6	Q9UHC6				3.12684e+07
Q9UHD9	Q9UHD9				131630
Q9UHF0;Q9UHF0-2;Q9UHF0-3	Q9UHF0;Q9UHF0-2;Q9UHF0-3				2.70437e+06
Q9UHG2	Q9NPY3;Q9UHG2				3.31475e+08
Q9UHG3;Q9UHG3-2	Q9UHG3;Q9UHG3-2				5.36094e+06
Q9UHI8	Q9UHI8				471333
Q9UHL4	Q9UHL4				2.3246e+07
Q9UIB8;Q9UIB8-2;Q9UIB8-3;Q9UIB8-4;Q9UIB8-5;Q9UIB8-6	Q9UIB8;Q9UIB8-2;Q9UIB8-3;Q9UIB8-4;Q9UIB8-5;Q9UIB8-6				5.19525e+06
Q9UIQ6;Q9UIQ6-2;Q9UIQ6-3	Q9UIQ6;Q9UIQ6-2;Q9UIQ6-3				756882
Q9UIW2	Q9UIW2				1.44492e+06
Q9UJ14	Q9UJ14				1.83654e+06
Q9UJ90	Q9UJ90				6.58846e+06
Q9UJ99	Q9UJ99				5.15431e+06
Q9UJA9	Q9UJA9				6.63034e+06
Q9UJH8	Q9UJH8				6.30464e+06
Q9UJJ9	Q9UJJ9				2.77175e+07
Q9UK55	Q9UK55				5.27343e+06
Q9UKB5	Q9UKB5				607374
Q9UKJ1-3	Q9UKJ1;Q9UKJ1-2;Q9UKJ1-3;Q9UKJ1-4				1.42759e+06
Q9UKM7	Q9UKM7				3.92608e+06
Q9UKQ2;Q9UKQ2-2	Q9UKQ2;Q9UKQ2-2				1.56394e+06
Q9UKU6	Q9UKU6				513554
Q9UKU9;Q9UKU9-2	Q9UKU9;Q9UKU9-2				497310
Q9UKZ4;Q9UKZ4-2	Q9UKZ4;Q9UKZ4-2				548964
Q9ULB1-2;Q9ULB1-3	P58400;Q9ULB1-2;Q9ULB1-3				4.06861e+07
Q9ULB4	Q9ULB4				660915
Q9ULF5	Q9ULF5				1.74516e+07
Q9ULH4	Q9ULH4				1.05399e+06
Q9ULI3;Q9ULI3-2	Q9ULI3;Q9ULI3-2				7.69558e+06
Q9ULI4	Q9ULI4				1.36624e+06
Q9ULL4;Q9ULL4-2	Q9ULL4;Q9ULL4-2				2.01201e+06
Q9ULP0-3;Q9ULP0-6	Q9ULP0-3;Q9ULP0-6				1.6915e+07
Q9ULZ9;Q9ULZ9-2	Q9ULZ9;Q9ULZ9-2				868968
Q9UM22	Q9UM22				5.96088e+06
Q9UM47	Q9UM47				1.38124e+06
Q9UMF0	Q9UMF0				2.06957e+07
Q9UMX0;Q9UMX0-2;Q9UMX0-4	Q9UMX0;Q9UMX0-2;Q9UMX0-4				182026
Q9UMX5	Q9UMX5				2.03978e+07
Q9UN36;Q9UN36-2;Q9UN36-3;Q9UN36-6	Q9UN36;Q9UN36-2;Q9UN36-3;Q9UN36-5;Q9UN36-6				1.02802e+07
Q9UN70;Q9UN70-2	Q9UN70;Q9UN70-2				2.76138e+06
Q9UNN8	Q9UNN8				6.55458e+06
Q9UNW1	Q9UNW1;Q9UNW1-4				4.19937e+07
Q9UP79	Q9UP79				1.47198e+06
Q9UPU3	Q9UPU3				2.16076e+07
Q9UQ52	Q9UQ52				5.48512e+06
Q9UQM7;Q9UQM7-2	Q9UQM7;Q9UQM7-2				1.5362e+07
Q9Y240	Q9Y240				1.53909e+07
Q9Y274	Q9Y274;Q9Y274-2				1.08621e+07
Q9Y279;Q9Y279-2	Q9Y279;Q9Y279-2				4.01712e+06
Q9Y287	Q9Y287;Q9Y287-2				1.00942e+07
Q9Y2E5	Q9Y2E5;Q9Y2E5-2				2.53676e+06
Q9Y2G1;Q9Y2G1-2	Q9Y2G1;Q9Y2G1-2				394973
Q9Y2I2;Q9Y2I2-1;Q9Y2I2-2;Q9Y2I2-4;Q9Y2I2-5;Q9Y2I2-6	Q9Y2I2;Q9Y2I2-1;Q9Y2I2-2;Q9Y2I2-4;Q9Y2I2-5;Q9Y2I2-6				1.27468e+07
Q9Y2T3;Q9Y2T3-3	Q9Y2T3;Q9Y2T3-2;Q9Y2T3-3				2.93825e+07
Q9Y2Z0;Q9Y2Z0-2	Q9Y2Z0;Q9Y2Z0-2				1.2485e+06
Q9Y334;Q9Y334-2	Q9Y334;Q9Y334-2				2.16894e+06
Q9Y3D6	Q9Y3D6				208672
Q9Y4C0-4	Q9HDB5-3;Q9HDB5-4;Q9Y4C0-4				3.10417e+07
Q9Y4L1	Q9Y4L1				1.73415e+07
Q9Y5F6-2	Q9Y5F6;Q9Y5F6-2				2.3917e+07
Q9Y5I4;Q9Y5I4-2	Q9Y5I4;Q9Y5I4-2				2.26133e+07
Q9Y5L2	Q9Y5L2				5.46556e+06
Q9Y5Y7	Q9Y5Y7				3.03411e+07
Q9Y617	Q9Y617;Q9Y617-2				3.3404e+06
Q9Y639;Q9Y639-1;Q9Y639-3;Q9Y639-4;Q9Y639-5	Q9Y639;Q9Y639-1;Q9Y639-3;Q9Y639-4;Q9Y639-5				2.10452e+08
Q9Y646	Q9Y646				9.98291e+07
Q9Y653;Q9Y653-2;Q9Y653-3	Q9Y653;Q9Y653-2;Q9Y653-3;Q9Y653-4;Q9Y653-5				4.71946e+07
Q9Y696	Q9Y696				6.44071e+06
Q9Y6C2	Q9Y6C2;Q9Y6C2-2				1.10243e+06
Q9Y6N6	Q9Y6N6				2.46458e+06
Q9Y6N7;Q9Y6N7-2;Q9Y6N7-3;Q9Y6N7-4;Q9Y6N7-5;Q9Y6N7-6	Q9HCK4;Q9Y6N7;Q9Y6N7-2;Q9Y6N7-3;Q9Y6N7-4;Q9Y6N7-5;Q9Y6N7-6;Q9HCK4-2;Q9HCK4-3				1.21433e+07
Q9Y6N8	Q9Y6N8				5.88894e+06
Q9Y6R7	Q9Y6R7				5.75229e+07
Q9Y6X5	Q9Y6X5				2.15883e+06
Q9Y6Y8;Q9Y6Y8-2	Q9Y6Y8;Q9Y6Y8-2				3.66727e+07
