Protein.Group	Protein.Ids	Protein.Names	Genes	First.Protein.Description	/fs/pool/pool-mann-projects/Johannes/Jakob_AD_CSF_data/Berlin_cohort_Sweden_speclib_OBO/All_Raw/20190228_QX1_PhGe_SA_EASY12-10_Deigendesch_D8_129182061.mzML
A0A075B6H7;A0A0C4DH55;P01624	P01624;A0A075B6H7;A0A0C4DH55				8.13916e+08
A0A075B6H9	A0A075B6H9				8.48366e+07
A0A075B6I0	A0A075B6I0				5.48214e+07
A0A075B6I1	A0A075B6I1				4.14711e+07
A0A075B6J1;A0A0A0MRZ9	A0A075B6J1;A0A0A0MRZ9				4.99843e+06
A0A075B6K2	A0A075B6K2				2.67132e+06
A0A075B6K4	A0A075B6K0;A0A075B6K4				7.92267e+06
A0A075B6K5	A0A075B6K5				1.66692e+07
A0A075B6P5;P01615	P01615;A0A075B6P5				1.47849e+08
A0A075B6R2	A0A075B6R2				3.45348e+07
A0A075B6R9;A0A0C4DH68	A0A075B6R9;A0A0C4DH68				4.82033e+07
A0A075B6S2	A0A075B6S2;A2NJV5				4.76813e+08
A0A087WSY6	A0A087WSY6				3.06864e+08
A0A087WW87;P01614	P01614;A0A087WW87				8.67995e+06
A0A0A0MRZ8;P04433	P04433;A0A0A0MRZ8				7.5289e+08
A0A0A0MS15	A0A0A0MS15				2.87056e+07
A0A0A0MT36;A0A0C4DH26	A0A0A0MT36;A0A0C4DH26				2.07479e+06
A0A0A0MT89	A0A0A0MT89				1.82972e+07
A0A0B4J1U7	A0A0B4J1U7				4.25765e+07
A0A0B4J1V0	A0A0B4J1V0				2.81028e+08
A0A0B4J1V2	A0A0B4J1V2				1.1147e+07
A0A0B4J1X5	P01764;P01768;P01772;P01767;A0A0B4J1X5;A0A0C4DH42;P0DP02;P0DP03				1.54414e+08
A0A0B4J1Y8	A0A0B4J1Y8				6.32225e+07
A0A0B4J1Y9	A0A0B4J1Y9				5.28655e+06
A0A0C4DH24	A0A0C4DH24				1.09993e+07
A0A0C4DH25	A0A0C4DH25				3.01139e+07
A0A0C4DH33	A0A0C4DH33				3.3023e+06
A0A0C4DH34	A0A0C4DH34				2.60312e+07
A0A0C4DH35	A0A0C4DH35				4.37218e+06
A0A0C4DH36	A0A0C4DH36				1.2581e+07
A0A0C4DH38	A0A0C4DH38;A0A0J9YXX1				1.24201e+08
A0A0C4DH43	P01814;A0A0C4DH43				6.18911e+06
A0A0C4DH67	A0A0C4DH67				1.69457e+08
A0A0C4DH72;A0A0C4DH73;P01597;P01611;P04432	P01597;P01611;P04432;A0A0C4DH72;A0A0C4DH73				3.50378e+07
A0A0G2JS06	A0A0G2JS06				1.50038e+07
A0A0J9YX35	A0A0J9YX35				2.55631e+07
A0A0J9YXX1	A0A0J9YXX1				2.34771e+07
A0M8Q6	P0CG04;P0DOY2;P0DOY3;A0M8Q6;P0CF74;B9A064;P0DOX8				2.37526e+08
A1L4H1	A1L4H1				3.43195e+07
A5D6W6	A5D6W6				3.11446e+06
A6BM72;A6BM72-2;A6BM72-4	A6BM72;A6BM72-2;A6BM72-4				1.82373e+06
A6NCE7;Q9GZQ8	Q9GZQ8;A6NCE7				1.15431e+06
A6NGN9	A6NGN9				9.22372e+06
A6NL88	A6NL88				2.25241e+06
A6NLU5	A6NLU5				2.48482e+07
A6NMY6;P07355;P07355-2	A6NMY6;P07355;P07355-2				28447.9
B1AJZ9;B1AJZ9-4	B1AJZ9;B1AJZ9-4				403026
B4DS77;B4DS77-2;B4DS77-3	B4DS77;B4DS77-2;B4DS77-3				869058
B9A064;P0DOX8	B9A064;P0DOX8				4.76345e+08
C9JVW0	C9JVW0				8.80405e+06
I3L3R5	I3L3R5				731676
O00115;O00115-2	O00115;O00115-2				5.51693e+06
O00142;O00142-2;O00142-3;O00142-4;O00142-5;O00142-6	O00142;O00142-2;O00142-3;O00142-4;O00142-5;O00142-6				6.53225e+07
O00187;O00187-2	O00187;O00187-2				1.929e+06
O00264	O00264;O15173;O15173-2				4.55935e+06
O00299	O00299				2.21246e+06
O00339;O00339-2;O00339-3	O00339;O00339-2;O00339-3				3.47571e+06
O00391	O00391;O00391-2				3.89123e+07
O00451	O00451;O00451-2;O00451-3				1.9463e+07
O00461	O00461				1.0857e+07
O00462	O00462				9.55095e+06
O00468-6	O00468-6;O00468-7				1.55218e+07
O00533	O00533;O00533-2				2.13962e+08
O00533-2	O00533-2				1.29519e+07
O00560;O00560-2;O00560-3	O00560;O00560-2;O00560-3				1.49372e+06
O00567	O00567				753779
O00584	O00584				1.34209e+07
O00754;O00754-2	O00754;O00754-2				4.13563e+06
O14498	O14498				1.05774e+08
O14514	O14514				1.48974e+06
O14522;O14522-1	O14522;O14522-1				2.10644e+06
O14525;O14525-2;O14525-3	O14525;O14525-2;O14525-3				334302
O14594	O14594				2.01148e+08
O14657	O14657				170624
O14672	O14672				4.96748e+06
O14745	O14745				448502
O14773	O14773				3.27354e+07
O14786;O14786-2;O14786-3	O14786;O14786-2;O14786-3				1.13127e+07
O14791-2	O14791;O14791-2;O14791-3				2.59324e+07
O14793	O14793				1.78378e+06
O14917;O14917-2	O14917;O14917-2				3.36358e+06
O14960	O14960				1.27676e+06
O15031	O15031				1.55184e+07
O15041;O15041-2	O15041;O15041-2				470756
O15197;O15197-3	O15197;O15197-3				1.00132e+07
O15204;O15204-2	O15204;O15204-2				3.70274e+06
O15230	O15230				3.0216e+06
O15232;O15232-2	O15232;O15232-2				3.01764e+06
O15240	O15240				1.88996e+08
O15335	O15335				8.67331e+06
O15354	O15354				1.25513e+07
O15394	O15394;O15394-2				3.77575e+07
O15466;O15466-2	O15466;O15466-2				3.03708e+06
O15540;O15540-2	O15540;O15540-2				4.63487e+06
O43157	O43157;O43157-2;O43157-3				3.97418e+06
O43173	O43173				5.27865e+06
O43278;O43278-2	O43278;O43278-2				3.58876e+06
O43286	O43286				3.36958e+06
O43291	O43291				1.14057e+07
O43300	O43300				3.97089e+06
O43405;O43405-2	O43405;O43405-2				3.35067e+07
O43493;O43493-3;O43493-5;O43493-7	O43493;O43493-3;O43493-5;O43493-7				4.41158e+07
O43505	O43505				5.19697e+08
O43508	O43508;O43508-2				1.18302e+06
O43508-2	O75888;O43508-2;O75888-2;O75888-4;O75888-5				2.92209e+06
O43529	O43529				1.35572e+07
O43556;O43556-3;O43556-4	O43556;O43556-3;O43556-4				1.24634e+07
O43567	O43567;O43567-2				2.10329e+06
O43827	O43827				3.06984e+06
O43852;O43852-2;O43852-3;O43852-4;O43852-5;O43852-9	O43852;O43852-10;O43852-11;O43852-12;O43852-13;O43852-14;O43852-2;O43852-3;O43852-4;O43852-5;O43852-6;O43852-7;O43852-8;O43852-9				2.50553e+06
O43854;O43854-2	O43854;O43854-2				578059
O43866	O43866				1.68456e+07
O43909	O43909				885778
O43916	O43916				2.61923e+06
O60241;O60241-2;O60241-3;O60241-4	O60241;O60241-2;O60241-3;O60241-4				2.29043e+07
O60242	O60242				2.17349e+06
O60243	O60243				7.75415e+06
O60245;O60245-2	O60245;O60245-2				2.54186e+06
O60279	O60279				2.9982e+07
O60294	O60294				1.95351e+07
O60462;O60462-2;O60462-3;O60462-4;O60462-5	O60462;O60462-2;O60462-3;O60462-4;O60462-5;O60462-6				1.35241e+07
O60476	O60476				6.88345e+06
O60512	O60512				1.08088e+06
O60565	O60565				372557
O60568	O60568				3.76316e+06
O60613	O60613				2.61806e+06
O60883	O60883				1.06505e+08
O60888-3	O60888;O60888-2;O60888-3				4.64923e+07
O60939	O60939				2.60125e+06
O75063	O75063				4.12306e+06
O75071	O75071				8.19067e+06
O75077;O75077-2;O75077-3	O75077;O75077-2;O75077-3				3.64019e+06
O75078	O75078;O75078-2				7.39901e+06
O75083	O75083;O75083-3				401128
O75093	O75093				1.78625e+07
O75144;O75144-2	O75144;O75144-2;O75144-3				2.02234e+07
O75173;O75173-2	O75173;O75173-2				1.57279e+07
O75326	O75326;O75326-2				6.80623e+07
O75354;O75354-2;O75354-3	O75354;O75354-2;O75354-3				1.39132e+06
O75368	O75368				1.14554e+06
O75467;Q6AW86	O75467;Q6AW86				5.46677e+06
O75493	O75493				8.13267e+06
O75503	O75503				9.54727e+06
O75509	O75509				2.46107e+07
O75592;O75592-2	O75592;O75592-2				1.25616e+07
O75629	O75629				2.69011e+06
O75636;O75636-2	O75636;O75636-2				912410
O75711	O75711				4.03993e+08
O75752	O75752				6.91469e+06
O75781;O75781-2	O75781;O75781-2				1.23337e+06
O75787;O75787-2	O75787;O75787-2				2.9434e+07
O75874	O75874				1.06588e+06
O75882-2;O75882-3	O75882;O75882-2;O75882-3				2.04071e+07
O75973	O75973				1.60297e+06
O75976	O75976				3.14286e+06
O76013;O76013-2;O76014;O76015;P02533;P05783;P08727;P08779;P13645;P13646;P13646-2;P13646-3;P19012;Q04695;Q14525;Q14532;Q15323;Q2M2I5;Q7Z3Y7;Q92764	O76013;O76013-2;O76014;O76015;P02533;P05783;P08727;P08779;P13645;P13646;P19012;Q04695;Q14525;Q14532;Q15323;Q2M2I5;Q7Z3Y7;Q92764;P13646-2;P13646-3				1.17761e+06
O76061	O76061				5.85561e+06
O76070	O76070				4.76185e+06
O94760	O94760				1.09794e+07
O94766;O94766-2	O94766;O94766-2				1.34259e+06
O94769	O94769;O94769-2				2.88437e+07
O94772;O94772-2	O94772;O94772-2				9.72838e+07
O94779;O94779-2;O94779-4	O94779;O94779-2;O94779-4				873457
O94856-11	O94856;O94856-10;O94856-11;O94856-12;O94856-13;O94856-3;O94856-4;O94856-5;O94856-6;O94856-7;O94856-8;O94856-9				6.30838e+07
O94856-12;O94856-4;O94856-9	O94856-12;O94856-4;O94856-9				750788
O94910;O94910-2	O94910;O94910-2				1.20946e+07
O94919	O94919				5.48261e+07
O94985	O94985				2.17031e+06
O94985-2	O94985;O94985-2				4.89229e+08
O94991	O94991;O94991-2				5.26516e+06
O95084;O95084-2	O95084;O95084-2				3.46059e+06
O95157	O95157				1.60517e+06
O95158	O95158				2.03141e+07
O95185;O95185-2	O95185;O95185-2				2.58931e+06
O95196;O95196-2	O95196;O95196-2				6.2894e+06
O95206;O95206-2	O95206;O95206-2				7.1399e+06
O95297;O95297-2;O95297-3;O95297-4	O95297;O95297-2;O95297-3;O95297-4				1.04903e+06
O95390	O95390				4.23349e+06
O95428;O95428-5;O95428-6	O95428;O95428-3;O95428-4;O95428-5;O95428-6				8.96315e+06
O95445	O95445;O95445-2				4.71085e+07
O95445-2	O95445-2				2.04365e+06
O95450;O95450-2	O95450;O95450-2				1.64553e+06
O95467	O95467				5.61968e+06
O95497	O95497				6.20194e+06
O95502	O95502				1.24302e+08
O95633;O95633-2	O95633;O95633-2				3.65967e+06
O95803;O95803-3;Q9H3R1	O95803;Q9H3R1;O95803-2;O95803-3				2.53044e+06
O95841	O95841				89810.4
O95865	O95865				967566
O95881	O95881				398250
O95897	O95897				1.88548e+06
O95967	O95967				2.08517e+07
O95980	O95980				1.56338e+07
O95998	O95998;O95998-4				1.44277e+07
P00338;P00338-3	P00338;P00338-3;P00338-4				1.64122e+07
P00352	P00352				786763
P00390;P00390-2;P00390-3;P00390-4;P00390-5	P00390;P00390-2;P00390-3;P00390-4;P00390-5				4.82234e+06
P00441	P00441				7.55973e+08
P00450	P00450				6.4691e+08
P00488	P00488				8.52954e+06
P00492	P00492				2.15798e+06
P00505	P00505;P00505-2				1.10605e+07
P00533;P00533-3;P00533-4	P00533;P00533-3;P00533-4				2.21475e+06
P00558	P00558;P00558-2				1.19856e+07
P00734	P00734				1.33383e+08
P00736	P00736				1.47398e+08
P00738	P00738;P00738-2				7.21768e+08
P00739	P00739;P00739-2				1.00473e+09
P00740;P00740-2	P00740;P00740-2				1.52075e+07
P00742	P00742				3.29021e+07
P00746	P00746				6.05217e+07
P00747	P00747				3.56531e+08
P00748	P00748				7.02598e+07
P00751	P00751;P00751-2				2.71583e+08
P01008	P01008				1.33628e+09
P01009	P01009;P01009-2;P01009-3				8.23931e+09
P01011	P01011				1.22011e+09
P01019	P01019				7.29577e+08
P01023	P01023				8.77198e+08
P01024	P01024				1.32018e+09
P01031	P01031				7.58056e+07
P01033	P01033				6.24003e+07
P01034	P01034				3.40926e+09
P01042	P01042;P01042-2;P01042-3				7.09362e+08
P01042-2;P01042-3	P01042-2;P01042-3				4.19595e+08
P01127;P01127-2	P01127;P01127-2				4.07137e+07
P01210	P01210				9.36067e+07
P01213	P01213				5.47308e+06
P01236	P01236				1.63888e+06
P01258;P01258-2;P06881	P01258;P06881;P10092;P01258-2				2.93577e+06
P01303	P01303				6.829e+06
P01344;P01344-2;P01344-3	P01344;P01344-2;P01344-3				4.52759e+07
P01591	P01591				5.34021e+07
P01593;P01594	P01593;P01594				5.64804e+07
P01599	P01599;A0A0C4DH72				4.91972e+06
P01602	P01602				5.75277e+06
P01619	P01619				1.52705e+09
P01700	P01700				9.48455e+07
P01701	P01701;P01714				7.04628e+07
P01705	P01705				7.15823e+06
P01706	P01706				5.63217e+06
P01709	P01706;P01709;P0DOX8				8.51928e+07
P01714	P01714				8.61507e+06
P01717	P01717				3.18956e+08
P01721	P01721				1.54683e+07
P01742	P01742				4.86551e+06
P01768;P0DP03	P01768;P01772;P0DP02;P0DP03				6.07369e+07
P01780	P01780				1.18434e+08
P01817	P01817				2.12115e+07
P01833	P01833				4.16665e+06
P01834	P01834				9.95753e+08
P01859	P01859;P01859-1				1.35635e+09
P01860	P01860;P01860-1				1.52147e+08
P01861;P01861-1	P01861;P01861-1				2.88494e+08
P01871;P01871-1	P01871;P0DOX6;P01871-1				1.73089e+08
P01876;P01876-1	P01876;P01876-1				4.042e+08
P01889	P01889;P04439;P04439-2				5.6883e+06
P01903;P01906	P01903;P01906				236801
P02042;P68871	P02042;P68871				1.60968e+06
P02144	P02144				2.94349e+06
P02452	P02452				3.62855e+07
P02461	P02461;P02461-2				1.47613e+07
P02647	P02647				1.50772e+10
P02649	P02649				4.57734e+09
P02652	P02652				1.2758e+09
P02654	P02654				1.86162e+08
P02655	P02655				2.78477e+07
P02656	P02656				2.17647e+08
P02671;P02671-2	P02671;P02671-2				3.94409e+08
P02675	P02675				2.42294e+08
P02679;P02679-2	P02679;P02679-2				1.73935e+08
P02741	P02741				3.53949e+06
P02743	P02743				1.27937e+07
P02745	P02745				3.46413e+08
P02746	P02746				3.25853e+08
P02747	P02747				1.48896e+08
P02748	P02748				9.50733e+07
P02749	P02749				1.22199e+08
P02750	P02750				3.69032e+08
P02751;P02751-1	P02751;P02751-1;P02751-10;P02751-11;P02751-12;P02751-13;P02751-14;P02751-16;P02751-17;P02751-2;P02751-3;P02751-4;P02751-5;P02751-6;P02751-7;P02751-8;P02751-9				4.11141e+08
P02753	P02753				1.69652e+08
P02760	P02760				1.05414e+08
P02763	P02763				2.41748e+09
P02765	P02765				2.08818e+09
P02766	P02766				4.53986e+09
P02768	P02768				3.48221e+10
P02774;P02774-3	P02774;P02774-2;P02774-3				2.23755e+09
P02786	P02786				4.229e+06
P02787	P02787				9.50858e+09
P02788;P02788-2	P02788;P02788-2				6.10706e+06
P02790	P02790				3.83047e+09
P02792	P02792				4.09883e+06
P02794	P02794				6.37686e+06
P03950	P03950				8.68937e+06
P03951;P03951-2	P03951;P03951-2				8.82176e+06
P03952	P03952				3.39315e+07
P04003	P04003				6.49428e+06
P04004	P04004				1.27043e+09
P04040	P04040				279979
P04062;P04062-2;P04062-4;P04062-5	P04062;P04062-2;P04062-4;P04062-5				2.31329e+06
P04066	P04066				1.1154e+07
P04070;P04070-2	P04070;P04070-2				7.07714e+06
P04075	P04075;P04075-2				6.09905e+07
P04080	P04080				4.53851e+06
P04085;P04085-2	P04085;P04085-2				9.95279e+06
P04114	P04114				9.55232e+07
P04156	P04156				4.49123e+08
P04179	P04179;P04179-2;P04179-3;P04179-4				3.66867e+08
P04180	P04180				4.26013e+07
P04196	P04196				4.40456e+08
P04211	P04211;A0A075B6I9				2.21404e+08
P04216	P04216				8.12584e+08
P04217	P04217;P04217-2				8.404e+08
P04217-2	P04217-2				5.14719e+06
P04264	P04264				2.38251e+07
P04271	P04271				3.21463e+06
P04275	P04275				3.43192e+06
P04278	P04278;P04278-2;P04278-3;P04278-4;P04278-5				1.86159e+07
P04350;P07437;P68371	P04350;P07437;P68371				1.27283e+06
P04406	P04406;P04406-2				2.11187e+07
P04439;P04439-2	P01893;P04439;P04439-2				3.75664e+06
P04746	P04746;P0DTE7;P0DTE8;P0DUB6;P19961;P19961-2;P04746-2				2.80035e+06
P04792	P04792				1.74364e+06
P05023;P05023-2;P05023-4	P05023;P05023-2;P05023-4				1.10043e+06
P05060	P05060				8.645e+08
P05067;P05067-11;P05067-7;P05067-8;P05067-9	P05067;P05067-4;P05067-10;P05067-11;P05067-3;P05067-5;P05067-6;P05067-7;P05067-8;P05067-9				1.40361e+09
P05090	P05090				4.92715e+09
P05107	P05107				381898
P05121;P05121-2	P05121;P05121-2				201087
P05154	P05154				2.62786e+07
P05155;P05155-3	P05155;P05155-2;P05155-3				8.12669e+08
P05156	P05156				3.41487e+07
P05160	P05160				3.46085e+06
P05362	P05362				2.47571e+06
P05408;P05408-2	P05408;P05408-2				4.2141e+08
P05413	P05413				2.00251e+06
P05451;P48304	P05451;P48304				510168
P05452	P05452				1.63559e+08
P05543	P05543				7.03563e+07
P05546	P05546				1.51942e+08
P05556;P05556-2;P05556-3;P05556-4;P05556-5	P05556;P05556-2;P05556-5;P05556-3;P05556-4				1.35661e+06
P05937	P05937;P05937-2				7.95222e+06
P06276	P06276				6.8562e+06
P06307	P06307				6.945e+07
P06310	P06310				2.33152e+08
P06312	P06312				4.25533e+08
P06331	P01824;P01825;P06331;A0A0C4DH41;P0DP06;P0DP08				7.58221e+07
P06396	P06396;P06396-2;P06396-3;P06396-4				2.46863e+09
P06396-2	P06396-2				5.64339e+06
P06681	P06681;P06681-2;P06681-3				1.00199e+08
P06702	P06702				477124
P06703	P06703				2.83558e+06
P06727	P06727				1.00311e+09
P06733	P06733;P06733-2				7.44336e+06
P06744;P06744-2	P06744;P06744-2				4.17686e+06
P06753;P06753-2;P06753-3;P06753-4;P06753-5;P06753-6;P67936;P67936-2	P06753;P07951;P09493;P09493-10;P67936;P07951-2;P09493-5;P06753-2;P06753-3;P09493-2;P09493-3;P09493-4;P09493-6;P09493-7;P09493-8;P09493-9;P06753-4;P06753-5;P06753-6;P07951-3;P67936-2				1.38789e+06
P06865	P06865				2.41323e+07
P07093-2;P07093-3	P07093;P07093-2;P07093-3				3.84962e+06
P07108;P07108-2;P07108-3;P07108-4;P07108-5;P07108-6	P07108;P07108-2;P07108-3;P07108-4;P07108-5;P07108-6				1.1781e+07
P07195	P00338;P07195;P07864;Q6ZMR3;P00338-3;P00338-2;P00338-4;P00338-5				3.29763e+07
P07196	P07196				484763
P07225	P07225				1.56809e+08
P07237	P07237				3.03965e+06
P07307;P07307-2;P07307-3	P07307;P07307-3;P07307-2				848867
P07333	P07333;P07333-2				8.19807e+07
P07339	P07339				2.30937e+08
P07357	P07357				7.94037e+07
P07358	P07358				1.41134e+08
P07360	P07360				2.71156e+07
P07451	P07451				54284.7
P07492	P07492;P07492-2;P07492-3				1.27037e+06
P07585	P07585				4.80556e+07
P07602;P07602-2;P07602-3	P07602;P07602-2;P07602-3				2.24314e+08
P07686	P07686				1.1899e+07
P07711	P07711;P07711-3				2.15153e+07
P07737	P07737				1.99647e+06
P07858	P07858				7.38167e+07
P07900;P07900-2	P07900;P08238;P07900-2				1.33857e+06
P07942	P07942				7.64696e+06
P07996	P07996				3.20553e+06
P07998	P07998				1.37582e+07
P08123	P08123				7.8957e+07
P08133;P08133-2	P08133;P08133-2				283110
P08174;P08174-2;P08174-3;P08174-4;P08174-5;P08174-6;P08174-7	P08174;P08174-2;P08174-3;P08174-4;P08174-5;P08174-6;P08174-7				4.679e+07
P08185	P08185				4.21368e+08
P08195;P08195-2;P08195-3;P08195-4;P08195-5	P08195;P08195-4;P08195-2;P08195-3;P08195-5				9.57568e+06
P08253	P08253;P08253-2;P08253-3				2.80926e+07
P08294	P08294				3.07023e+08
P08493;P08493-2	P08493;P08493-2				3.35511e+07
P08571	P08571				3.03875e+08
P08572	P08572				2.15478e+06
P08581;P08581-2	P08581;P08581-2				1.39864e+06
P08582	P08582				4.3249e+06
P08603	P08603				3.71823e+08
P08637	P08637				1.54905e+07
P08670	P08670				2.75236e+06
P08697	P08697;P08697-2				3.43083e+08
P08758	P08758				2.40094e+06
P08833	P08833				1.34971e+06
P09104	P09104;P09104-2				1.3008e+07
P09172	P09172				4.90159e+06
P09211	P09211				5.38762e+06
P09382	P09382				9.89315e+06
P09417;P09417-2	P09417;P09417-2				1.55099e+07
P09486	P09486				1.65857e+08
P09603	P09603;P09603-2;P09603-3				5.43033e+07
P09619	P09619;P09619-2				6.38611e+07
P09622	P09622;P09622-2				3.74266e+06
P09668	P09668				3.33393e+07
P09871	P09871				9.64586e+07
P09958	P09958				1.59659e+06
P09960;P09960-4	P09960;P09960-2;P09960-3;P09960-4				2.48014e+06
P09972	P04075;P09972;P04075-2				2.80091e+07
P0C0L4;P0C0L4-2	P0C0L4;P0C0L4-2				1.39016e+08
P0C0L5	P0C0L4;P0C0L5;P0C0L4-2				9.81741e+08
P0C6S8	P0C6S8				863347
P0CG47;P0CG48;P62979;P62987	P0CG47;P0CG48;P62979;P62987				1.33851e+08
P0DJI8;P0DJI9	P0DJI8;P0DJI9				1.86273e+06
P0DMQ5	P0DMQ5				1.63233e+07
P0DMV8;P0DMV8-2;P0DMV9	P0DMV8;P0DMV9;P0DMV8-2				2.62035e+06
P0DOX2	P01876;P01877;P01876-1;P01877-1;P0DOX2				2.3955e+09
P0DOX3	P0DOX3				3.11806e+07
P0DOX5	P01857;P01859;P0DOX5;P01857-1;P01859-1				1.02287e+10
P0DOX7	P01834;P0DOX7				1.07299e+09
P0DOY3	P0DOY2;P0DOY3				1.26963e+09
P0DP23;P0DP24;P0DP25	P0DP23;P0DP24;P0DP25;P27482				1.76293e+06
P0DP58	P0DP58				1.56248e+08
P0DTE1	P0DTE1				1.87373e+07
P10124	P10124				6.3196e+06
P10153	P10153				2.66988e+07
P10253	P10253				5.65897e+06
P10321;P10321-2	P10321;P10321-2				2.71314e+06
P10451-3	P10451-3				2.23165e+07
P10451-5	P10451;P10451-4;P10451-5				5.57916e+08
P10586;P10586-2	P10586;P10586-2				1.24727e+07
P10599	P10599;P10599-2				2.15789e+07
P10619;P10619-2	P10619;P10619-2				1.32791e+06
P10636;P10636-2;P10636-3;P10636-4;P10636-5;P10636-6;P10636-7;P10636-8;P10636-9	P10636;P10636-8;P10636-6;P10636-2;P10636-3;P10636-4;P10636-5;P10636-7;P10636-9				794328
P10643	P10643				1.01949e+08
P10644;P10644-2	P10644;P10644-2				626060
P10645	P10645				5.11166e+08
P10721;P10721-2	P10721;P10721-2				1.35862e+07
P10745	P10745				796991
P10768	P10768				3.1676e+06
P10909-6	P10909;P10909-4;P10909-6;P10909-2;P10909-3;P10909-5				3.56559e+09
P11021	P11021				1.17719e+07
P11047	P11047				5.6342e+06
P11117	P11117				2.72557e+06
P11142	P11142;P54652;P11142-2				2.84705e+06
P11226	P11226				579590
P11279	P11279				1.09681e+07
P11362;P11362-2;P11362-20;P11362-21;P11362-7;P11362-8;P11362-9	P11362;P11362-10;P11362-11;P11362-12;P11362-13;P11362-14;P11362-16;P11362-18;P11362-19;P11362-2;P11362-20;P11362-21;P11362-3;P11362-4;P11362-5;P11362-6;P11362-7;P11362-8;P11362-9				5.57786e+07
P11464-4	P11464-4				1.04937e+07
P11597	P11597;P11597-2				3.16298e+06
P11684	P11684				4.53154e+06
P11717	P11717				9.29734e+06
P12107;P12107-2;P12107-3;P12107-4	P12107;P12107-2;P12107-3;P12107-4				808046
P12109	P12109				7.20915e+07
P12110	P12110;P12110-2;P12110-3				3.83716e+06
P12111	P12111				1.5149e+06
P12111-4	P12111;P12111-2;P12111-4				1.32897e+07
P12259	P12259				6.21638e+07
P12277	P12277				1.23916e+06
P12314;Q92637;Q92637-3	P12314;Q92637;Q92637-3				1.36636e+07
P12318;P12318-2	P12318;P12318-2				6.95667e+06
P12821;P12821-2	P12821;P12821-3;P12821-2;P12821-4				1.32751e+06
P12830;P12830-2	P12830;P12830-2				3.82929e+06
P12955;P12955-2	P12955;P12955-2;P12955-3				5.3156e+06
P13473;P13473-2;P13473-3	P13473;P13473-2;P13473-3				1.45298e+08
P13489	P13489				859229
P13497;P13497-2;P13497-3;P13497-4;P13497-5;P13497-6	P13497;P13497-2;P13497-3;P13497-4;P13497-5;P13497-6				1.94358e+06
P13521	P13521				8.12587e+07
P13591	P13591;P13591-1;P13591-3;P13591-4;P13591-5;P13591-6				2.43293e+08
P13591-3	P13591-1;P13591-3;P13591-4				1.84084e+08
P13598	P13598				6.07355e+06
P13611;P13611-5	P13611;P13611-2;P13611-3;P13611-4;P13611-5				2.76339e+07
P13637;P13637-2;P13637-3	P13637;P13637-2;P13637-3				1.87026e+06
P13667	P13667				655432
P13671	P13671				7.34835e+07
P13693	P13693				675805
P13796	P13796				5.66482e+06
P13797;P13797-2;P13797-3	P13797;P13797-2;P13797-3				673894
P13987;P13987-2	P13987;P13987-2				1.09677e+08
P14136	P14136				566713
P14138;P14138-2	P14138;P14138-2				3.23002e+06
P14151;P14151-2	P14151;P14151-2				9.52043e+06
P14174	P14174				1.58187e+07
P14209;P14209-3	P14209;P14209-3				2.87525e+06
P14314-2	P14314;P14314-2				1.00334e+07
P14384	P14384				1.91962e+06
P14415	P14415				4.32772e+06
P14543	P14543;P14543-2				9.3321e+06
P14618-2	P14618;P14618-2;P14618-3				5.94704e+07
P14618;P14618-3	P14618;P14618-3				1.10387e+06
P14621	P14621				4.94469e+06
P14625	P14625				5.96416e+06
P14778	P14778				93831.9
P15086	P15085;P15086				3.60317e+06
P15090	P15090				4.30766e+06
P15121	P15121				1.19602e+06
P15144	P15144				2.86558e+06
P15151;P15151-2;P15151-3;P15151-4	P15151;P15151-2;P15151-3;P15151-4				6.7829e+06
P15169	P15169				5.82965e+06
P15259	P15259				276981
P15289;P15289-2	P15289;P15289-2				3.88083e+06
P15291;P15291-2	P15291;P15291-2				1.09337e+07
P15502;P15502-1;P15502-10;P15502-12;P15502-13;P15502-2;P15502-4;P15502-5;P15502-6;P15502-7;P15502-9	P15502;P15502-1;P15502-10;P15502-12;P15502-13;P15502-2;P15502-4;P15502-5;P15502-6;P15502-7;P15502-9				1.58458e+06
P15531;P15531-2	P15531;P22392;P22392-2;P15531-2				4.15951e+06
P15586;P15586-2	P15586;P15586-2				3.24512e+06
P15848;P15848-2	P15848;P15848-2				312250
P15907;P15907-2	P15907;P15907-2				234619
P16035	P16035				3.9989e+07
P16070;P16070-10;P16070-11;P16070-12;P16070-13;P16070-14;P16070-15;P16070-16;P16070-17;P16070-18;P16070-3;P16070-4;P16070-5;P16070-6;P16070-7;P16070-8;P16070-9	P16070;P16070-10;P16070-11;P16070-12;P16070-13;P16070-14;P16070-15;P16070-16;P16070-17;P16070-18;P16070-3;P16070-4;P16070-5;P16070-6;P16070-7;P16070-8;P16070-9				1.64373e+08
P16112;P16112-2;P16112-3	P16112;P16112-2;P16112-3				3.44147e+06
P16152	P16152				3.66862e+06
P16278;P16278-3	P16278;P16278-3				1.08425e+06
P16519;P16519-2;P16519-3	P16519;P16519-2;P16519-3				8.69953e+06
P16870;P16870-2	P16870;P16870-2				1.1212e+08
P16930;P16930-2	P16930;P16930-2				226185
P16949	P16949;P16949-2				6.37944e+06
P17174	P17174				3.88472e+07
P17405;P17405-4	P17405;P17405-4				1.30573e+06
P17600;P17600-2	P17600;P17600-2				1.29506e+06
P17677;P17677-2	P17677;P17677-2				4.11073e+06
P17813;P17813-2	P17813;P17813-2				2.78431e+06
P17900	P17900				6.85283e+07
P17931	P17931				5.72558e+06
P17936;P17936-2	P17936;P17936-2				9.43079e+06
P18065	P18065				1.28626e+08
P18075	P18075				372188
P18206;P18206-2	P18206;P18206-2				79533.5
P18428	P18428				1.0253e+07
P18669	P15259;P18669				1.17357e+07
P19021;P19021-5;P19021-6	P19021;P19021-3;P19021-4;P19021-2;P19021-5;P19021-6				6.421e+07
P19022	P19022;P19022-2				1.37672e+08
P19320	P19320;P19320-2;P19320-3				1.49654e+07
P19367;P19367-2;P19367-3;P19367-4	P19367;P19367-2;P19367-3;P19367-4				1.94142e+06
P19652	P19652				3.35224e+09
P19823	P19823				1.75022e+08
P19827	P19827;P19827-2				6.00925e+07
P19835	P19835				3.42465e+06
P20062;P20062-2	P20062;P20062-2				4.58551e+07
P20138;P20138-2	P20138;P20138-2				1.5712e+06
P20366;P20366-2;P20366-3;P20366-4	P20366;P20366-2;P20366-3;P20366-4				3.01079e+07
P20382	P20382				1.5547e+06
P20396	P20396				1.35304e+06
P20472	P20472				1.85188e+07
P20618	P20618				1.15316e+06
P20742	P20742;P20742-2				4.93423e+06
P20774	P20774				1.98316e+08
P20827	P20827;P20827-2				1.58295e+07
P20908;P20908-2	P20908;P20908-2				1.22707e+06
P20916;P20916-2;P20916-3	P20916;P20916-2;P20916-3				1.05027e+07
P20933	P20933				6.82624e+07
P21333;P21333-2	P21333;P21333-2				1.39785e+06
P21554	P21554				3.56068e+06
P21579	P21579				2.04008e+06
P21589;P21589-2	P21589;P21589-2				441838
P21802;P21802-16;P21802-2;P21802-5;P21802-6;P21802-8	P21802;P21802-3;P21802-15;P21802-16;P21802-17;P21802-18;P21802-19;P21802-2;P21802-20;P21802-21;P21802-22;P21802-4;P21802-5;P21802-6;P21802-8				7.72277e+06
P21810	P21810				2.46502e+06
P21860;P21860-3;P21860-4	P21860;P21860-3;P21860-4				773913
P21926	P21926				1.23225e+06
P22004	P22004				1.89378e+06
P22061;P22061-2	P22061;P22061-2				9.84984e+06
P22105;P22105-1;P22105-4	P22105;P22105-1;P22105-4				1.78876e+07
P22303;P22303-2;P22303-4	P22303;P22303-2;P22303-3;P22303-4				2.56325e+06
P22304	P22304;P22304-2;P22304-3				3.09299e+07
P22352	P22352				8.01944e+07
P22607;P22607-2;P22607-3;P22607-4	P22607;P22607-2;P22607-3;P22607-4				2.49808e+07
P22676	P22676				3.70084e+06
P22692;P22692-2	P22692;P22692-2				9.18811e+07
P22748	P22748				8.68974e+06
P22792	P22792				1.52903e+07
P22891;P22891-2	P22891;P22891-2				2.35561e+06
P22897	P22897				4.66094e+06
P23083	P23083;A0A0C4DH31				2.19227e+06
P23142	P23142				1.95849e+08
P23142-4	P23142-4				4.98643e+08
P23284	P23284				1.92412e+07
P23435	P23435				1.13825e+08
P23468	P10586;P23468;P10586-2;P23468-3;P23468-4;P23468-5;P23468-6;P23468-7				1.58125e+07
P23468-7	P23468-4;P23468-5;P23468-6;P23468-7				4.088e+06
P23470;P23470-2	P23470;P23470-2				1.73375e+07
P23471;P23471-2	P23471;P23471-2;P23471-3				3.38821e+07
P23515	P23515				2.96607e+08
P23528	P23528				1.02704e+06
P23560;P23560-2;P23560-3;P23560-4;P23560-5	P23560;P23560-2;P23560-3;P23560-4;P23560-5				5.49664e+06
P23582	P23582				6.84618e+07
P24043	P24043				1.02212e+07
P24592	P24592				4.30342e+08
P24593	P24593				2.59664e+07
P25189;P25189-2	P25189;P25189-2				4.91895e+06
P25311	P25311				4.44036e+08
P25713	P25713				7.2677e+06
P25774;P25774-2	P25774;P25774-2				1.71949e+07
P25788;P25788-2	P25788;P25788-2				170636
P26022	P26022				174119
P26038	P26038				5.86113e+06
P26572	P26572				6.51142e+06
P26927	P26927;Q2TV78;Q2TV78-2				7.0365e+06
P26992	P26992				7.63454e+07
P27169	P27169				4.61005e+07
P27658	P27658				1.20314e+06
P27797	P27797				3.70545e+07
P27824;P27824-2	P27824;P27824-2;P27824-3				1.36477e+07
P28074;P28074-2	P28074;P28074-2				721994
P28161;P28161-2	P28161;P28161-2				710438
P28799;P28799-2;P28799-3	P28799;P28799-2;P28799-3				1.18528e+06
P28827;P28827-2	P28827;P28827-2				1.97937e+06
P28838;P28838-2	P28838;P28838-2				463050
P29120;P29120-2	P29120;P29120-2				1.28264e+07
P29218;P29218-3	P29218;P29218-3;P29218-2				2.366e+06
P29279;P29279-2	P29279;P29279-2				419072
P29401;P29401-2	P29401;P29401-2				2.5405e+06
P29622	P29622				8.80357e+07
P29762	P29762				3.18915e+06
P29966	P29966				5.9583e+06
P30041	P30041				3.825e+06
P30086	P30086				5.92172e+07
P30101	P30101				6.46657e+06
P30530;P30530-2	P30530;P30530-2				2.20139e+07
P30711	P30711				446087
P30740	P30740;P50452;P50453;O75830;P30740-2;P50452-2				973728
P30990	P30990				974206
P31146	P31146				1.04736e+06
P31150	P31150				1.16882e+07
P31321	P31321				668947
P31431;P31431-2	P31431;P31431-2				399171
P31946;P31946-2	P31946;P31946-2				2.94538e+06
P32004;P32004-2;P32004-3	P32004;P32004-2;P32004-3				1.2232e+07
P32119	P32119				1.68133e+07
P32926	P32926				585307
P33151	P33151;P33151-2				1.25933e+07
P33908	P33908				5.45548e+07
P34059	P34059				7.13146e+06
P34096	P34096				8.02079e+06
P34741	P34741				1.97321e+06
P35052	P35052				1.76284e+07
P35080	P35080				1.15836e+06
P35237	P35237				2.02569e+06
P35318	P35318				6.27121e+06
P35442	P35442				8.57239e+06
P35443	P35443				2.12444e+07
P35527	P35527				2.06289e+07
P35542	P35542				2.61921e+08
P35555	P35555				1.04927e+07
P35590	P35590				3.04124e+06
P35613;P35613-2	P35613;P35613-2;P35613-3;P35613-4				1.01385e+07
P35858;P35858-2	P35858;P35858-2				2.46528e+07
P35908	P35908				662360
P36222	P36222				8.59308e+07
P36871;P36871-2	P36871;P36871-2;P36871-3				2.96028e+06
P36955	P36955				7.10032e+08
P36957;P36957-2	P36957;P36957-2				9.85173e+07
P36980	P36980				3.09128e+07
P37173;P37173-2	P37173;P37173-2				4.69863e+06
P37837;P37837-2	P37837;P37837-2				4.0393e+06
P37840;P37840-2	P37840;Q16143;P37840-2				2.62122e+06
P38571;P38571-2	P38571;P38571-2				3.84716e+06
P39059	P39059				6.16818e+06
P39060;P39060-1;P39060-2	P39060;P39060-1;P39060-2				3.8518e+07
P40189	P40189;P40189-3				1.5741e+07
P40925;P40925-3	P40925;P40925-2;P40925-3				2.84727e+07
P40926	P40926;P40926-2				3.04696e+06
P40967;P40967-2;P40967-4;P40967-5	P40967;P40967-2;P40967-4;P40967-5				699834
P41217;P41217-2;P41217-3	P41217;P41217-2;P41217-3				1.1093e+07
P41222	P41222				1.54798e+10
P41271;P41271-2	P41271;P41271-2				1.11576e+08
P42262;P42262-2;P42262-3;P42262-4	P42262;P42262-2;P42262-3;P42262-4				1.56954e+06
P42658;P42658-2	P42658;P42658-2				6.55595e+06
P42785	P42785;P42785-2				3.6543e+07
P42857;P42857-2	P42857;P42857-2				3.93386e+06
P43004;P43004-2;P43004-3	P43004;P43004-2;P43004-3				4.44662e+06
P43121	P43121;P43121-2				4.67411e+07
P43146	P43146				1.0408e+07
P43234	P43234				2.10905e+06
P43251;P43251-2;P43251-3;P43251-4	P43251;P43251-2;P43251-3;P43251-4				1.1407e+08
P43652	P43652				3.93594e+08
P45877	P45877				8.01398e+06
P46459	P46459				5.38814e+06
P47972	P47972				2.02509e+07
P48058;P48058-2	P48058;P48058-2				2.26998e+07
P48061;P48061-2;P48061-3;P48061-4;P48061-5;P48061-6	P48061;P48061-2;P48061-3;P48061-4;P48061-5;P48061-6				2.15972e+07
P48066;P48066-2	P48066;P48066-2				409313
P48147	P48147				643089
P48637	P48637				4.93858e+06
P48723	P48723				8.63651e+06
P48740-2;P48740-4	P48740-2;P48740-4				9.68017e+06
P48740-3	P48740;P48740-2;P48740-3;P48740-4				1.02166e+07
P48745	P48745				1.86329e+07
P49221	P49221				1.36553e+07
P49257	P49257				7.96077e+06
P49418;P49418-2	P49418;P49418-2				1.79411e+06
P49588;P49588-2	P49588;P49588-2				123987
P49641	P49641;P49641-1;P49641-2				2.45929e+07
P49747;P49747-2	P49747;P49747-2				7.60031e+06
P49908	P49908				2.94324e+07
P50281	P50281				1.87282e+06
P50395;P50395-2	P50395;P50395-2				1.61596e+06
P50895	P50895				3.11871e+06
P50993	P05023;P13637;P20648;P50993;P05023-2;P05023-3;P05023-4;P13637-2;P13637-3				2.19777e+06
P51674;P51674-2;P51674-3	P51674;P51674-2;P51674-3				2.44317e+06
P51688	P51688				677596
P51693	P51693;P51693-2				4.51051e+08
P51693-2	P51693-2				5.32229e+06
P51805	P51805				419391
P51884	P51884				9.73458e+07
P51888	P51888				3.2361e+07
P52566	P52566				647420
P52758	P52758				476254
P52799	P52799				3.3428e+06
P52803	P52803				2.02663e+07
P52848	P52848				1.30321e+06
P53041	P53041				1.57562e+06
P53634	P53634				1.52786e+07
P54108;P54108-2;P54108-3	P54108;P54108-2;P54108-3				3.27055e+07
P54253	P54253				2.76076e+09
P54289-2;P54289-3	P54289;P54289-2;P54289-3;P54289-4;P54289-5				3.41966e+07
P54727	P54725;P54727;P54725-2;P54725-3				3.52179e+06
P54764	P54764;P54764-2				4.24886e+07
P54802	P54802				5.92672e+06
P54803	P54803;P54803-3;P54803-4;P54803-5				2.46396e+06
P55058	P55058;P55058-2;P55058-3;P55058-4				2.76514e+08
P55083;P55083-2	P55083;P55083-2				2.01539e+07
P55087;P55087-2	P55087;P55087-2				3.18314e+06
P55103	P55103				947094
P55268	P55268				7.37683e+06
P55283;P55283-2	P55283;P55283-2				8.70867e+06
P55285;P55285-2	P55285;P55285-2				4.84055e+06
P55286	P55286				6.67794e+06
P55287;P55287-2	P55287;P55287-2				8.83848e+06
P55290;P55290-4	P55290;P55290-2;P55290-3;P55290-4;P55290-5				1.21268e+08
P55291	P55291				2.08266e+07
P55786;P55786-2	P55786;P55786-2				1.18229e+07
P55957;P55957-2	P55957;P55957-2;P55957-4				750939
P56159;P56159-2	P56159;P56159-2				1.04837e+07
P56817;P56817-2;P56817-3;P56817-4	P56817;P56817-2;P56817-3;P56817-4				2.30075e+06
P58215	P58215				1.05697e+06
P58400	P58400;P58400-1				5.07136e+06
P58401	P58401				5.70214e+06
P58417	O95156;P58417				3.40823e+07
P60174;P60174-3	P60174;P60174-3;P60174-4				2.33714e+07
P60520	O95166;P60520;Q9H0R8;Q9H0R8-2				2.48597e+06
P60709;P63261	P60709;P63261				7.009e+07
P60900;P60900-2	P60900;P60900-2				103958
P61006;P61006-2;P61026;P62820;Q92928;Q92930;Q9H0U4	P51153;P59190;P61006;P61026;P62820;Q92930;Q9H0U4;Q92928;P61006-2;P62820-2;P62820-3;P59190-2				643155
P61106	P61106				1.04585e+06
P61204;P61204-2;P84077;P84085	P18085;P61204;P84077;P84085;P61204-2				772018
P61278	P61278				5.05406e+07
P61626	P61626				6.48654e+07
P61769	P61769				2.05796e+09
P61812;P61812-2	P61812;P61812-2				966816
P61916	P61916;P61916-2				1.07014e+08
P61970	P61970				7.23059e+06
P61981	P61981				2.74807e+06
P62258;P62258-2	P62258;P62258-2				8.86693e+06
P62328	P62328;P63313				8.21203e+06
P62937	P62937				1.22022e+07
P62942	P62942				3.19858e+06
P62993	P62993;P62993-2				2.26986e+06
P63010;P63010-2;P63010-3	P63010;P63010-2;Q10567;Q10567-3;P63010-3;Q10567-2;Q10567-4				6.50305e+06
P63104	P63104;P63104-2				1.25612e+08
P63208	P63208;P63208-2				3.86647e+06
P63241;P63241-2;Q6IS14;Q9GZV4	P63241;Q9GZV4;Q6IS14;P63241-2				76913.9
P63302	P63302				1.36483e+06
P68032;P68133	P62736;P63267;P68032;P68133				3.89915e+06
P68036;P68036-2;P68036-3	P68036;A0A1B0GUS4;P68036-2;P68036-3				2.35191e+06
P68363;Q71U36;Q71U36-2;Q9BQE3	P0DPH7;P0DPH8;P68363;P68366;Q6PEY2;Q71U36;Q9BQE3;Q9NY65;P0DPH7-2;P68363-2;P68366-2;Q71U36-2;Q9NY65-2				687699
P69849;Q15155;Q5JPE7;Q5JPE7-2	P69849;Q15155;Q5JPE7;Q5JPE7-2;Q5JPE7-3				1.19957e+06
P69905	P69905				788548
P78310;P78310-2;P78310-5;P78310-6;P78310-7	P78310;P78310-2;P78310-4;P78310-5;P78310-6;P78310-7				2.63234e+06
P78324;P78324-2	P78324;Q9P1W8;Q5TFQ8;P78324-2;P78324-4;Q9P1W8-2;Q9P1W8-3;Q9P1W8-4				5.41342e+07
P78417;P78417-3	P78417;P78417-3				2.79504e+06
P78509	P78509;P78509-2;P78509-3				4.91725e+07
P78536;P78536-2	P78536;P78536-2				2.02353e+06
P78539;P78539-2;P78539-3;P78539-5	P78539;P78539-2;P78539-3;P78539-4;P78539-5				2.87719e+06
P78563;P78563-2;P78563-3;P78563-4;P78563-5;P78563-6	P78563;P78563-4;P78563-2;P78563-3;P78563-5;P78563-6				2.18752e+07
P80108	P80108				1.0867e+07
P80188;P80188-2	P80188;P80188-2				1.45065e+06
P80303;P80303-2	P80303;P80303-2				8.41308e+06
P80723	P80723;P80723-2				1.05267e+07
P80748	P80748				8.3767e+07
P81605;P81605-2	P81605;P81605-2				641059
P98095;P98095-2	P98095;P98095-2				7.78612e+06
P98153;P98153-2;P98153-3	P98153;P98153-2;P98153-3				3.83172e+06
P98155;P98155-2	P98155;P98155-2				686124
P98160	P98160				3.7274e+07
P98172	P98172				4.11546e+06
P98173;P98173-2;P98173-3	P98173;P98173-2;P98173-3				4.17324e+06
P99999	P99999				1.17582e+07
Q00973	Q00973;Q00973-2;Q00973-3				2.65977e+06
Q01459	Q01459				2.06552e+07
Q01469	Q01469				1.14629e+07
Q01995	Q01995				1.18303e+07
Q02246	Q02246				3.67179e+07
Q02487;Q02487-2	Q02487;Q02487-2				8.75809e+06
Q02790	Q02790				478581
Q02809;Q02809-2	Q02809;Q02809-2				6.78412e+06
Q02818	Q02818				3.96272e+07
Q03167;Q03167-2	Q03167;Q03167-2				1.64426e+07
Q04721	Q04721				7.16725e+06
Q04756	Q04756				9.48062e+06
Q04760;Q04760-2	Q04760;Q04760-2				3.47086e+06
Q05707;Q05707-2	Q05707;Q05707-2;Q05707-3				5.46251e+06
Q05996;Q05996-2	Q05996;Q05996-2				2.07799e+06
Q06033;Q06033-2	Q06033;Q06033-2				1.97258e+07
Q06418	Q06418				1.50971e+07
Q06481	Q06481;Q06481-3;Q06481-6				8.77316e+07
Q06828	Q06828				6.09874e+07
Q06830	Q06830				1.09892e+07
Q07092;Q07092-2	Q07092;Q07092-2				3.08552e+06
Q07954	Q07954				2.15994e+07
Q08174;Q08174-2	Q08174;Q08174-2				9.62138e+06
Q08345;Q08345-5	Q08345;Q08345-2;Q08345-4;Q08345-5;Q08345-6				2.44453e+07
Q08380	Q08380				2.5075e+08
Q08431;Q08431-4	Q08431;Q08431-3;Q08431-4				5.13666e+06
Q08554;Q08554-2	Q08554;Q08554-2				4.59115e+06
Q08629	Q08629				1.69799e+07
Q08ET2	O15389;Q08ET2				9.76945e+06
Q09328	Q09328				1.8568e+06
Q09666	Q09666				269931
Q0P6D2	Q0P6D2;Q0P6D2-2				1.13123e+07
Q10469	Q10469				3.01134e+06
Q10471	Q10471				9.86276e+06
Q10472	Q10472;Q8IUC8;Q8IUC8-3;Q8IUC8-2				1.16085e+07
Q10588	Q10588;Q10588-2				5.1012e+06
Q12765;Q12765-2;Q12765-3	Q12765;Q12765-2;Q12765-3				1.07475e+06
Q12794;Q12794-2;Q12794-7	Q12794;Q12794-2;Q12794-4;Q12794-7				3.45891e+06
Q12797;Q12797-10	Q12797;Q12797-10				3.54959e+06
Q12805;Q12805-2;Q12805-3;Q12805-4;Q12805-5	Q12805;Q12805-2;Q12805-3;Q12805-4;Q12805-5				4.09907e+08
Q12841;Q12841-2	Q12841;Q12841-2				1.13867e+07
Q12860	Q12860;Q12860-2				2.10947e+08
Q12866	Q12866				1.48512e+07
Q12907	Q12907				8.6762e+07
Q12913;Q12913-3	Q12913;Q12913-2;Q12913-3				2.88384e+06
Q13093	Q13093				229946
Q13162	Q13162				94163.7
Q13214;Q13214-2	Q13214;Q13214-2				5.12641e+06
Q13217	Q13217				3.06917e+06
Q13228;Q13228-4	Q13228;Q13228-2;Q13228-3;Q13228-4				2.99116e+07
Q13231;Q13231-2;Q13231-3	Q13231;Q13231-2;Q13231-3;Q13231-4				3.92964e+06
Q13232	Q13232				1.19033e+06
Q13275-2	Q13275;Q13275-2				1.10246e+06
Q13308;Q13308-2;Q13308-3;Q13308-4;Q13308-5;Q13308-6	Q13308;Q13308-2;Q13308-3;Q13308-4;Q13308-5;Q13308-6				445184
Q13332-2;Q13332-6	Q13332;Q13332-2;Q13332-3;Q13332-4;Q13332-5;Q13332-6;Q13332-7				1.46373e+07
Q13404;Q13404-1;Q13404-2;Q13404-7	Q13404;Q13404-1;Q13404-2;Q13404-6;Q13404-7				1.97932e+06
Q13421-2;Q13421-3;Q13421-4	Q13421;Q13421-2;Q13421-3;Q13421-4				2.44252e+06
Q13433	Q13433				519555
Q13443;Q13443-2	Q13443;Q13443-2				7.66148e+06
Q13444;Q13444-10;Q13444-12;Q13444-2;Q13444-3;Q13444-4;Q13444-5;Q13444-6;Q13444-7;Q13444-8;Q13444-9	Q13444;Q13444-2;Q13444-10;Q13444-11;Q13444-12;Q13444-3;Q13444-4;Q13444-5;Q13444-6;Q13444-7;Q13444-8;Q13444-9				1.20413e+06
Q13449	Q13449				4.40788e+08
Q13508;Q13508-2;Q13508-3	Q13508;Q13508-2;Q13508-3				2.15599e+07
Q13510;Q13510-2	Q13510;Q13510-2;Q13510-3				1.01015e+07
Q13554;Q13554-2;Q13554-3;Q13554-4;Q13554-5;Q13554-7;Q13554-8	Q13554;Q13554-3;Q13554-2;Q13554-4;Q13554-5;Q13554-6;Q13554-7;Q13554-8				9.4484e+06
Q13634;Q13634-2	Q13634;Q13634-2				6.32259e+06
Q13641	Q13641				2.19369e+06
Q13683;Q13683-10;Q13683-13;Q13683-3;Q13683-7;Q13683-9	Q13683;Q13683-10;Q13683-13;Q13683-3;Q13683-7;Q13683-9				5.8012e+06
Q13740;Q13740-2	Q13740;Q13740-2;Q13740-3				3.04663e+07
Q13790	Q13790				5.13771e+06
Q13822-3	Q13822;Q13822-3				7.10557e+08
Q13867	Q13867				1.56596e+06
Q14019	Q14019				2.73658e+06
Q14112;Q14112-2	Q14112;Q14112-2				1.74028e+07
Q14118	Q14118				1.67361e+08
Q14126	Q14126				1.13465e+07
Q14165	Q14165				5.91294e+06
Q14242;Q14242-2	Q14242;Q14242-2				4.78007e+06
Q14257;Q14257-2	Q14257;Q14257-2				2.37858e+06
Q14314	Q14314				9.05148e+06
Q14315;Q14315-2	Q14315;Q14315-2				1.55046e+06
Q14393;Q14393-1;Q14393-3;Q14393-4;Q14393-5	Q14393;Q14393-1;Q14393-3;Q14393-4;Q14393-5				8.64097e+06
Q14515	Q14515;Q14515-2				5.38452e+08
Q14517	Q14517				1.20638e+06
Q14520;Q14520-2	Q14520;Q14520-2				2.73689e+07
Q14563	Q14563				1.53612e+06
Q14574;Q14574-2	Q14574;Q14574-2				4.37458e+06
Q14624	Q14624				2.79074e+08
Q14696	Q14696				2.67817e+06
Q14697;Q14697-2	Q14697;Q14697-2				1.03968e+07
Q14766;Q14766-2;Q14766-3	Q14766;Q14766-2;Q14766-3;Q14766-4;Q14766-5				6.34685e+06
Q14767	Q14767				7.73134e+06
Q14894	Q14894				2.71385e+06
Q14956;Q14956-2	Q14956;Q14956-2				1.37095e+06
Q14982;Q14982-2;Q14982-3;Q14982-4	Q14982;Q14982-2;Q14982-3;Q14982-4				2.16882e+07
Q14C87	Q14C87;Q14C87-2				7.61146e+06
Q14DG7	Q14DG7;Q14DG7-2				3.54381e+06
Q15084;Q15084-2;Q15084-3;Q15084-4;Q15084-5	Q15084;Q15084-2;Q15084-3;Q15084-4;Q15084-5				2.01781e+06
Q15113	Q15113				5.94557e+07
Q15121;Q15121-2	Q15121;Q15121-2				763556
Q15165;Q15165-1;Q15165-3	Q15165;Q15165-1;Q15165-3				338286
Q15166	Q15166				1.87599e+07
Q15223;Q15223-2;Q15223-3	Q15223;Q15223-2;Q15223-3				9.21812e+06
Q15257;Q15257-2;Q15257-3	Q15257;Q15257-2;Q15257-3				789071
Q15262;Q15262-2;Q15262-3;Q15262-4	Q15262;Q15262-2;Q15262-3;Q15262-4				3.14e+06
Q15293;Q15293-2	Q15293;Q15293-2				2.23854e+07
Q15375;Q15375-2;Q15375-4	Q15375;Q15375-2;Q15375-4				4.73578e+06
Q15459;Q15459-2	Q15459;Q15459-2				988719
Q15465	Q15465				6.43674e+06
Q15582	Q15582				7.24394e+07
Q15768	Q15768				4.49325e+06
Q15782;Q15782-5;Q15782-6	Q15782;Q15782-5;Q15782-6				6.40804e+06
Q15818	Q15818				1.56403e+08
Q15846	Q15846				1.41585e+06
Q15848	Q15848				1.74529e+07
Q15904	Q15904				1.54636e+08
Q16270	Q16270;Q16270-2				9.03174e+08
Q16288;Q16288-2;Q16288-3;Q16288-4;Q16288-5	Q16288;Q16288-2;Q16288-3;Q16288-4;Q16288-5				9.07383e+06
Q16363;Q16363-2	Q16363;Q16363-2				1.63689e+06
Q16394	Q16394				1.23732e+06
Q16531	Q16531				3.936e+06
Q16568	Q16568				3.30422e+06
Q16581	Q16581				2.39932e+06
Q16610;Q16610-4	Q16610;Q16610-2;Q16610-3;Q16610-4				3.07818e+07
Q16620;Q16620-2;Q16620-3;Q16620-4;Q16620-5;Q16620-6	Q16620;Q16620-2;Q16620-3;Q16620-4;Q16620-5;Q16620-6				1.17668e+07
Q16627;Q16627-2	Q16627;Q16627-2				6.3637e+06
Q16651	Q16651;Q16651-2				1.15838e+06
Q16653;Q16653-10;Q16653-11;Q16653-13;Q16653-2;Q16653-3;Q16653-5;Q16653-6;Q16653-7;Q16653-8;Q16653-9	Q16653;Q16653-10;Q16653-11;Q16653-13;Q16653-2;Q16653-3;Q16653-5;Q16653-6;Q16653-7;Q16653-8;Q16653-9				5.8824e+06
Q16658	Q16658				1.90768e+07
Q16674	Q16674				9.45694e+06
Q16706	Q16706				2.14208e+07
Q16769	Q16769				6.3964e+07
Q16775;Q16775-2	Q16775;Q16775-2				958655
Q16799	Q16799;Q16799-2				1.21505e+06
Q16849	Q16849;Q16849-3;Q16849-2				4.02795e+07
Q16880	Q16880				2.72093e+06
Q16881;Q16881-2;Q16881-3;Q16881-4;Q16881-5;Q16881-6;Q16881-7	Q16881;Q16881-4;Q16881-5;Q16881-2;Q16881-3;Q16881-6;Q16881-7				1.46108e+06
Q16891;Q16891-2;Q16891-3;Q16891-4	Q16891;Q16891-2;Q16891-3;Q16891-4				2.17451e+06
Q17RC7	Q17RC7				1.14773e+08
Q24JP5;Q24JP5-2	Q24JP5;Q24JP5-2;Q24JP5-3				2.51887e+07
Q2TAL6	Q2TAL6				1.8156e+06
Q2UY09	Q2UY09;Q2UY09-2;Q2UY09-3				1.08028e+06
Q495W5	Q495W5;Q495W5-2				6.47051e+06
Q4G0P3	Q4G0P3;Q4G0P3-10;Q4G0P3-5;Q4G0P3-6;Q4G0P3-8				3.33065e+07
Q4G148;Q4G148-2	Q4G148;Q4G148-2				734778
Q4KWH8;Q4KWH8-3;Q4KWH8-4	Q4KWH8;Q4KWH8-2;Q4KWH8-3;Q4KWH8-4				1.36532e+07
Q504Y0;Q504Y0-2;Q504Y0-3;Q504Y0-4;Q504Y0-5	Q504Y0;Q504Y0-2;Q504Y0-3;Q504Y0-4;Q504Y0-5				324527
Q53EL9;Q53EL9-3	Q53EL9;Q53EL9-2;Q53EL9-3				7.20423e+07
Q53RD9;Q53RD9-2;Q53RD9-3;Q53RD9-4	Q53RD9;Q53RD9-2;Q53RD9-3;Q53RD9-4				2.11622e+07
Q562R1	Q562R1				3.14021e+07
Q5BIV9	Q5BIV9				1.30527e+07
Q5BLP8;Q5BLP8-2;Q5BLP8-3	Q5BLP8;Q5BLP8-2;Q5BLP8-3				7.34716e+06
Q5FWE3;Q5FWE3-3	Q5FWE3;Q5FWE3-3				6.62261e+07
Q5JRA6;Q5JRA6-2	Q5JRA6;Q5JRA6-2				2.19482e+06
Q5KU26	Q5KU26				2.90439e+07
Q5R3F8	Q5R3F8				1.23571e+06
Q5SZK8;Q5SZK8-2	Q5SZK8;Q5SZK8-2				1.05091e+06
Q5T848	Q5T848				1.07682e+07
Q5VSG8	Q5VSG8				4.21963e+06
Q5VU43;Q5VU43-3;Q5VU43-4	Q5VU43;Q5VU43-3;Q5VU43-4				3.38138e+06
Q5VU97	Q5VU97				7.438e+06
Q5VUB5	Q5VUB5				568025
Q5VV43;Q5VV43-2;Q5VV43-3;Q5VV43-4	Q5VV43;Q5VV43-2;Q5VV43-3;Q5VV43-4				1.36712e+06
Q5VWW1;Q5VWW1-2;Q5VWW1-3	Q5VWW1;Q5VWW1-2;Q5VWW1-3				1.54579e+06
Q641Q3	Q641Q3;Q641Q3-2				1.71282e+07
Q658N2	Q658N2				3.99782e+06
Q68BL7;Q68BL7-2;Q68BL7-3	Q68BL7;Q68BL7-2;Q68BL7-3				6.23182e+06
Q68D85	Q68D85				1.3118e+06
Q6E0U4;Q6E0U4-16;Q6E0U4-2;Q6E0U4-3;Q6E0U4-4;Q6E0U4-5;Q6E0U4-6;Q6E0U4-7	Q6E0U4;Q6E0U4-16;Q6E0U4-2;Q6E0U4-3;Q6E0U4-4;Q6E0U4-5;Q6E0U4-6;Q6E0U4-7				2.5351e+06
Q6EMK4	Q6EMK4				1.2156e+07
Q6FHJ7	Q6FHJ7				7.38574e+06
Q6GTX8;Q6GTX8-2;Q6GTX8-3;Q6GTX8-4;Q6ISS4;Q6ISS4-2	Q6GTX8;Q6ISS4;Q6GTX8-2;Q6GTX8-3;Q6GTX8-4;Q6ISS4-2				1.2958e+07
Q6IEE7	Q6IEE7				880605
Q6IS24	Q6IS24				2.92918e+06
Q6MZW2	Q6MZW2;Q6MZW2-2;Q6MZW2-3				1.16408e+07
Q6NUJ2	Q6NUJ2				4.51363e+06
Q6NW40	Q6NW40				3.26659e+07
Q6P1N9	Q6P1N9				5.47624e+06
Q6P4E1;Q6P4E1-2;Q6P4E1-5	Q6P4E1;Q6P4E1-2;Q6P4E1-3;Q6P4E1-5				9.19477e+06
Q6P9A2	Q6P9A2				3.24231e+06
Q6PCB0	Q6PCB0				657854
Q6PUV4	O14810;Q6PUV4				621136
Q6RVD6	Q6RVD6				1.19265e+06
Q6UVK1	Q6UVK1				6.04469e+06
Q6UVY6;Q6UVY6-2	Q6UVY6;Q6UVY6-2				921110
Q6UW01	Q6UW01				8.85009e+07
Q6UWH4;Q6UWH4-2	Q6UWH4;Q6UWH4-2;Q6UWH4-3				7.37634e+06
Q6UWP8	Q6UWP8;Q6UWP8-2				463962
Q6UWR7	Q6UWR7				7.26755e+06
Q6UWY5	Q6UWY5				3.10193e+06
Q6UX15;Q6UX15-2	Q6UX15;Q6UX15-2				6.18281e+06
Q6UX71	Q6UX71;Q6UX71-2				3.72708e+07
Q6UX72	Q6UX72				3.39431e+06
Q6UX73;Q6UX73-2	Q6UX73;Q6UX73-2				4.02084e+07
Q6UXB8	Q6UXB8;Q6UXB8-2				5.80918e+07
Q6UXD5-3;Q6UXD5-5	Q6UXD5;Q6UXD5-2;Q6UXD5-3;Q6UXD5-4;Q6UXD5-5;Q6UXD5-6				7.96218e+08
Q6UXH9;Q6UXH9-2	Q6UXH9;Q6UXH9-2;Q6UXH9-3				2.00568e+06
Q6UXI9;Q6UXI9-3;Q6UXI9-4;Q6UXI9-5;Q6UXI9-6	Q6UXI9;Q6UXI9-2;Q6UXI9-3;Q6UXI9-4;Q6UXI9-5;Q6UXI9-6				1.78955e+06
Q6UXK2	Q6UXK2				1.49733e+06
Q6UXK5	Q6UXK5				4.17034e+06
Q6UXZ4;Q6UXZ4-2	Q6UXZ4;Q6UXZ4-2				4.24007e+06
Q6UY14;Q6UY14-2;Q6UY14-3	Q6UY14;Q6UY14-3;Q6UY14-2				1.77929e+06
Q6YHK3	Q6YHK3;Q6YHK3-2;Q6YHK3-4				3.5852e+06
Q6ZMI3;Q6ZMI3-2	Q6ZMI3;Q6ZMI3-2				9.5411e+06
Q6ZMP0;Q6ZMP0-2	Q6ZMP0;Q6ZMP0-2				1.27642e+06
Q6ZN30;Q6ZN30-2	Q6ZN30;Q6ZN30-2				1.2546e+06
Q6ZRP7	Q6ZRP7				4.47649e+07
Q6ZSJ9;Q6ZSJ9-2;Q6ZSJ9-3	Q6ZSJ9;Q6ZSJ9-2;Q6ZSJ9-3				4.89763e+07
Q6ZVL6;Q6ZVL6-2	Q6ZVL6;Q6ZVL6-2				8.6023e+06
Q76KP1	Q76KP1				743426
Q76LX8;Q76LX8-2;Q76LX8-3;Q76LX8-4	Q76LX8;Q76LX8-2;Q76LX8-3;Q76LX8-4				528626
Q7L014	Q7L014				7.18999e+07
Q7L0X0	Q7L0X0				1.58983e+06
Q7LFX5	Q7LFX5				6.40478e+06
Q7LGC8	Q7LGC8				1.96994e+06
Q7Z304	Q7Z304				531772
Q7Z3B1	Q7Z3B1;Q7Z3B1-2				7.99958e+07
Q7Z3D4	Q7Z3D4				1.34836e+06
Q7Z553;Q7Z553-2;Q7Z553-3	Q7Z553;Q7Z553-2;Q7Z553-3				3.17828e+06
Q7Z5A7;Q7Z5A7-2	Q7Z5A7;Q7Z5A7-2;Q7Z5A7-3				1.84772e+07
Q7Z5L0	Q7Z5L0				830209
Q7Z5L3	Q7Z5L3				3.05831e+06
Q7Z5L7;Q7Z5L7-2;Q7Z5L7-3;Q7Z5L7-4	Q7Z5L7;Q7Z5L7-2;Q7Z5L7-3;Q7Z5L7-4				3.95096e+06
Q7Z7H5;Q7Z7H5-3	Q7Z7H5;Q7Z7H5-2;Q7Z7H5-3				6.31586e+06
Q7Z7M0	Q7Z7M0;Q7Z7M0-2				6.52977e+07
Q7Z7M8	Q7Z7M8				597359
Q7Z7M9	Q7Z7M9				1.40859e+06
Q86SF2	Q86SF2				9.02185e+06
Q86SR1	Q86SR1;Q86SR1-2;Q86SR1-4				9.18692e+06
Q86TY3;Q86TY3-2	Q86TY3;Q86TY3-2				4.00704e+07
Q86UD1	Q86UD1				9.66945e+06
Q86UN2	Q86UN2				7.90639e+06
Q86UN3	Q86UN3;Q86UN3-2				1.82281e+07
Q86UP0;Q86UP0-2	Q86UP0;Q86UP0-2				6.78346e+06
Q86UW8	Q86UW8				978314
Q86UX2	Q86UX2;Q86UX2-2;Q86UX2-3				3.82985e+07
Q86V85	Q86V85				1.10729e+06
Q86VB7;Q86VB7-2;Q86VB7-3;Q86VB7-4	Q86VB7;Q86VB7-2;Q86VB7-3;Q86VB7-4				2.72265e+07
Q86VV8;Q86VV8-3	Q86VV8;Q86VV8-3				2.67199e+06
Q86VZ4	Q86VZ4				7.72231e+06
Q86X29;Q86X29-2;Q86X29-3;Q86X29-4;Q86X29-5;Q86X29-6	Q86X29;Q86X29-2;Q86X29-3;Q86X29-4;Q86X29-5;Q86X29-6				7.09059e+06
Q86XR7-2;Q9Y3B3;Q9Y3B3-2	Q9Y3B3;Q86XR7-2;Q9Y3B3-2				2.46328e+06
Q86Y38	Q86Y38				4.12334e+06
Q86Y82	Q86Y82				1.71573e+06
Q86YD3;Q86YD3-2;Q86YD3-4;Q86YD3-5	Q86YD3;Q86YD3-2;Q86YD3-3;Q86YD3-4;Q86YD3-5				1.06404e+07
Q86YT9;Q86YT9-2;Q86YT9-3;Q86YT9-4	Q86YT9;Q86YT9-2;Q86YT9-3;Q86YT9-4				2.49311e+06
Q8IUC8	Q8IUC8;Q8IUC8-3;Q8IUC8-2				6.92273e+06
Q8IUK5;Q8IUK5-2;Q8IUK5-3	Q8IUK5;Q8IUK5-2;Q8IUK5-3;Q8IUK5-4				1.86007e+07
Q8IUK8	Q8IUK8				1.80943e+07
Q8IUX7	Q8IUX7;Q8IUX7-2				8.61311e+06
Q8IV08	Q8IV08				1.6908e+07
Q8IW52	Q8IW52				9.02655e+06
Q8IWT1	Q8IWT1;Q8IWT1-2				3.87059e+06
Q8IWU5;Q8IWU5-2	Q8IWU5;Q8IWU5-2				3.94074e+07
Q8IWV2	Q8IWV2				7.01863e+06
Q8IWY4	Q8IWY4				3.42781e+06
Q8IXL6	Q8IXL6;Q8IXL6-2				2.55753e+07
Q8IYJ0;Q8IYJ0-2	Q8IYJ0;Q8IYJ0-2				2.90854e+07
Q8IYS5-2;Q8IYS5-3;Q8IYS5-6	Q8IYS5;Q8IYS5-2;Q8IYS5-3;Q8IYS5-4;Q8IYS5-5;Q8IYS5-6;Q8IYS5-7				1.33881e+07
Q8IZA0;Q8IZA0-2	Q8IZA0;Q8IZA0-2				1.30222e+07
Q8IZJ3;Q8IZJ3-2	Q8IZJ3;Q8IZJ3-2				971457
Q8IZP7	Q8IZP7				9.3003e+06
Q8IZS8	Q8IZS8;Q8IZS8-2;Q8IZS8-3				2.77466e+06
Q8N114;Q8N114-2	Q8N114;Q8N114-2				3.85352e+07
Q8N126;Q8N126-2	Q8N126;Q8N126-2;Q8N126-3				8.36337e+07
Q8N149;Q8N149-2;Q8N149-3;Q8N149-4	Q8N149;Q8N149-2;Q8N149-3;Q8N149-4				3.85559e+06
Q8N2Q7;Q8N2Q7-2	Q8N2Q7;Q8N2Q7-2				1.74303e+06
Q8N2S1;Q8N2S1-2;Q8N2S1-3	Q8N2S1;Q8N2S1-2;Q8N2S1-3				2.02384e+07
Q8N3D4	Q8N3D4				206208
Q8N3G9;Q8N3G9-2;Q8N3G9-3	Q8N3G9;Q8N3G9-2;Q8N3G9-3				765462
Q8N3J2	Q8N3J2				3.09188e+07
Q8N3J6;Q8N3J6-2;Q8N3J6-3;Q8N3J6-4;Q8N3J6-5	Q8N3J6;Q8N3J6-2;Q8N3J6-3;Q8N3J6-4;Q8N3J6-5				1.4935e+07
Q8N3T1	Q8N3T1				1.97559e+06
Q8N3T6	Q8N3T6				7.78494e+06
Q8N428	Q8N428;Q8N428-2				6.36022e+06
Q8N436	Q8N436				5.16373e+06
Q8N474	Q8N474				2.15377e+06
Q8N475;Q8N475-2	Q8N475;Q8N475-2;Q8N475-3				5.3314e+06
Q8N608;Q8N608-2;Q8N608-3;Q8N608-4	Q8N608;Q8N608-2;Q8N608-3;Q8N608-4				1.71783e+06
Q8N6C5;Q8N6C5-2;Q8N6C5-4	Q8N6C5;Q8N6C5-2;Q8N6C5-4				4.38159e+06
Q8N967	Q8N967				2.90608e+06
Q8N9I0	Q8N9I0				2.3296e+06
Q8NBI6	Q8NBI6				7.23977e+06
Q8NBJ4;Q8NBJ4-2	Q8NBJ4;Q8NBJ4-2				2.74103e+07
Q8NBP7	Q8NBP7				3.51442e+06
Q8NBS9;Q8NBS9-2	Q8NBS9;Q8NBS9-2				1.21359e+06
Q8NC42	Q8NC42				1.15526e+06
Q8NCC3	Q8NCC3;Q8NCC3-2				3.66033e+06
Q8NCL4	Q8NCL4				2.73612e+06
Q8NCW5;Q8NCW5-2	Q8NCW5;Q8NCW5-2				3.63312e+06
Q8NCW6	Q8NCW6				652133
Q8NEP3;Q8NEP3-2;Q8NEP3-3	Q8NEP3;Q8NEP3-2;Q8NEP3-3				2.83782e+09
Q8NES3;Q8NES3-3	Q8NES3;Q8NES3-3				2.75749e+07
Q8NEY1;Q8NEY1-2;Q8NEY1-3;Q8NEY1-4;Q8NEY1-6;Q8NEY1-7	Q8NEY1;Q8NEY1-2;Q8NEY1-3;Q8NEY1-4;Q8NEY1-6;Q8NEY1-7				1.25259e+08
Q8NFL0	Q8NFL0				411303
Q8NFP4;Q8NFP4-2	Q8NFP4;Q8NFP4-2				2.44575e+06
Q8NFT8	Q8NFT8				2.6391e+06
Q8NFY4;Q8NFY4-6	Q8NFY4;Q8NFY4-6				7.04928e+06
Q8NFZ4	Q8N0W4;Q8N2Q7;Q8NFZ3;Q8NFZ4;Q8NFZ3-2;Q8N0W4-2;Q8N2Q7-2				7.92416e+06
Q8NFZ8	Q8NFZ8				9.97372e+07
Q8NHP8	Q8NHP8;Q8NHP8-2				6.95461e+06
Q8NHQ9	Q8NHQ9				5.35949e+08
Q8TAB3;Q8TAB3-2;Q8TAB3-3	Q8TAB3;Q8TAB3-2;Q8TAB3-3				1.62573e+06
Q8TAG5;Q8TAG5-2	Q8TAG5;Q8TAG5-2				3.60986e+07
Q8TBP5	Q8TBP5				2.24697e+07
Q8TCZ2	Q8TCZ2;Q8TCZ2-2;Q8TCZ2-3;Q8TCZ2-5;Q8TCZ2-6				6.47024e+07
Q8TDQ0;Q8TDQ0-2	Q8TDQ0;Q8TDQ0-2				3.80692e+06
Q8TEA8	Q8TEA8				1.90972e+06
Q8TER0;Q8TER0-5	Q8TER0;Q8TER0-3;Q8TER0-4;Q8TER0-5				1.74184e+07
Q8TEU8	Q8TEU8				7.33498e+07
Q8WUJ3	Q8WUJ3;Q8WUJ3-2				4.67885e+06
Q8WVN6	Q8WVN6				3.82665e+06
Q8WVQ1;Q8WVQ1-3	Q8WVQ1;Q8WVQ1-2;Q8WVQ1-3				4.33915e+07
Q8WWX9	Q8WWX9				3.61146e+06
Q8WX77	Q8WX77				2.13132e+06
Q8WXD2	Q8WXD2				1.65166e+08
Q8WXD2-2	Q8WXD2-2				5.39947e+06
Q8WY21;Q8WY21-2;Q8WY21-3;Q8WY21-4	Q8WY21;Q8WY21-2;Q8WY21-3;Q8WY21-4				6.54519e+06
Q8WYK1	Q8WYK1				5.03423e+06
Q8WZ75;Q8WZ75-2;Q8WZ75-3	Q8WZ75;Q8WZ75-2;Q8WZ75-3				6.70712e+06
Q8WZA1	Q8WZA1;Q8WZA1-2				3.26517e+07
Q92484;Q92484-2	Q92484;Q92484-2				1.69799e+06
Q92485	Q92485				1.79607e+07
Q92520	Q92520				3.12711e+08
Q92542;Q92542-2	Q92542;Q92542-2				2.87197e+06
Q92563	Q92563				3.74127e+07
Q92626	Q92626;Q92626-2				688981
Q92673	Q92673				1.79217e+07
Q92692;Q92692-2	Q92692;Q92692-2				2.29703e+06
Q92729;Q92729-2;Q92729-3;Q92729-4	Q92729;Q92729-2;Q92729-3;Q92729-4				1.48573e+06
Q92743	Q92743				7.56997e+06
Q92752	Q92752;Q92752-2				1.08003e+07
Q92765	Q92765				1.95727e+07
Q92820	Q92820				1.90095e+07
Q92823;Q92823-2;Q92823-5	Q92823;Q92823-2;Q92823-3;Q92823-4;Q92823-5;Q92823-6				3.30709e+08
Q92832;Q92832-2	Q92832;Q92832-2				2.40185e+06
Q92854	Q92854;Q92854-2				4.75286e+06
Q92859;Q92859-2;Q92859-3;Q92859-4	Q92859;Q92859-2;Q92859-3;Q92859-4				3.81752e+07
Q92876	Q92876;Q92876-2				3.54501e+08
Q92896;Q92896-2;Q92896-3	Q92896;Q92896-2;Q92896-3				1.38233e+06
Q92911	Q92911				4.5412e+06
Q92932-2	Q92932;Q92932-2;Q92932-3;Q92932-4				1.53836e+07
Q92935	Q92935				408549
Q92945;Q96AE4;Q96AE4-2	Q92945;Q96AE4;Q96AE4-2				2.13337e+07
Q92954;Q92954-2;Q92954-3;Q92954-4;Q92954-5;Q92954-6	Q92954;Q92954-2;Q92954-3;Q92954-4;Q92954-5;Q92954-6				2.09132e+07
Q93063;Q93063-2;Q93063-3	Q93063;Q93063-2;Q93063-3				3.82556e+06
Q93091	Q93091				3.18805e+06
Q969H8	Q969H8				3.65178e+06
Q969P0;Q969P0-3	Q969P0;Q969P0-3				6.67171e+07
Q969T9	Q969T9				1.95228e+07
Q96AP7	Q96AP7				9.60032e+06
Q96AQ1;Q96AQ1-2;Q96LY2;Q96LY2-2	Q96LY2;Q96LY2-2;Q96AQ1;Q96AQ1-2				2.08056e+06
Q96AQ6;Q96AQ6-2	Q96AQ6;Q96AQ6-2;Q96AQ6-3				1.57064e+06
Q96B86;Q96B86-3;Q96B86-4	Q96B86;Q96B86-3;Q96B86-4				1.2475e+07
Q96BY9	Q96BY9				3.13919e+06
Q96BZ4	Q96BZ4				1.9409e+07
Q96CW9;Q96CW9-2	Q96CW9;Q96CW9-2				451346
Q96EG1	Q96EG1				453589
Q96FE5;Q96FE5-2	Q96FE5;Q7L985;Q96FE5-2				7.32703e+06
Q96FE7-4	Q96FE7;Q96FE7-2;Q96FE7-4;Q96FE7-5				1.85999e+07
Q96FJ2	P63167;Q96FJ2				2.98234e+07
Q96GD0	Q6ZT62;Q96GD0;Q6ZT62-2				272842
Q96GW7	Q96GW7;Q96GW7-2				2.80966e+08
Q96HD1;Q96HD1-2	Q96HD1;Q96HD1-2				4.58787e+06
Q96HU1;Q96HU1-2	Q96HU1;Q96HU1-2				4.58458e+06
Q96ID5	Q96ID5				4.68504e+06
Q96IU4	Q96IU4				2.1702e+06
Q96IY4	Q96IY4;Q96IY4-2				4.70469e+07
Q96JF0	Q96JF0;Q96JF0-2				1.48697e+07
Q96JQ0	Q96JQ0				2.04891e+06
Q96KN2	Q96KN2				6.36894e+08
Q96KR4;Q96KR4-3	Q96KR4;Q96KR4-3				1.67594e+06
Q96MK3	Q96MK3				401475
Q96MU8;Q96MU8-2;Q96MU8-3	Q96MU8;Q96MU8-2;Q96MU8-3				789121
Q96NZ9	Q96NZ9;Q96NZ9-2;Q96NZ9-4				1.06658e+07
Q96P44;Q96P44-3	Q96P44;Q96P44-3				1.08953e+06
Q96PD2;Q96PD2-2	Q96PD2;Q96PD2-2				5.51903e+06
Q96PD5	Q96PD5;Q96PD5-2				1.40323e+08
Q96PQ0	Q96PQ0				1.84629e+07
Q96PX8	Q96PX8				1.4431e+07
Q96RW7;Q96RW7-2	Q96RW7;Q96RW7-2				698683
Q96S96	Q96S96				7.87362e+07
Q96SM3	Q96SM3				1.33335e+06
Q99435;Q99435-2;Q99435-3;Q99435-4	Q99435;Q99435-2;Q99435-3;Q99435-4				2.6379e+08
Q99497	Q99497				9.50927e+06
Q99519	Q99519				8.46403e+06
Q99523	Q99523;Q99523-2				1.09661e+07
Q99538;Q99538-2;Q99538-3	Q99538;Q99538-2;Q99538-3				1.91696e+06
Q99574	Q99574				3.40512e+07
Q99584	Q99584				497625
Q99650;Q99650-2	Q99650;Q99650-2				806789
Q99674	Q99674;Q99674-2				2.25485e+07
Q99715;Q99715-4	Q99715;Q99715-2;Q99715-4				6.49209e+06
Q99784	Q99784;Q99784-3;Q99784-5				6.66311e+06
Q99946	Q99946				1.08175e+07
Q99969	Q99969				4.57046e+07
Q99972	Q99972				3.20266e+06
Q99983	Q99983				2.65515e+07
Q99985	Q99985				7.46559e+06
Q9BQ16	Q9BQ16;Q9BQ16-1;Q9BQ16-4;Q9BQ16-5;Q9BQ16-6;Q9BQ16-7;Q9BQ16-8				7.11463e+06
Q9BQT9;Q9BQT9-2	Q9BQT9;Q9BQT9-2				1.49752e+08
Q9BRA2	Q9BRA2				1.85799e+06
Q9BRK3;Q9BRK3-2;Q9BRK3-3	Q9BRK3;Q9BRK3-2;Q9BRK3-3				4.84182e+06
Q9BRK5	Q9BRK5;Q9BRK5-2;Q9BRK5-5				3.55682e+07
Q9BS26	Q9BS26				247315
Q9BSG5;Q9BSG5-2;Q9BSG5-3	Q9BSG5;Q9BSG5-2;Q9BSG5-3				3.80121e+06
Q9BTY2	Q9BTY2				1.3383e+07
Q9BU40-4;Q9BU40-5	Q9BU40;Q9BU40-3;Q9BU40-4;Q9BU40-5				8.96922e+06
Q9BUD6	Q9BUD6				7.33713e+06
Q9BUJ0	Q9BUJ0				6.66521e+06
Q9BUN1	Q9BUN1				1.488e+07
Q9BWP8;Q9BWP8-10;Q9BWP8-2;Q9BWP8-3;Q9BWP8-4;Q9BWP8-5;Q9BWP8-6;Q9BWP8-7;Q9BWP8-8;Q9BWP8-9	Q9BWP8;Q9BWP8-10;Q9BWP8-2;Q9BWP8-3;Q9BWP8-4;Q9BWP8-5;Q9BWP8-6;Q9BWP8-7;Q9BWP8-8;Q9BWP8-9				1.18786e+06
Q9BWQ8	Q9BWQ8				1.42525e+07
Q9BWS9;Q9BWS9-2;Q9BWS9-3	Q9BWS9;Q9BWS9-2;Q9BWS9-3				997871
Q9BX67;Q9BX67-2	Q9BX67;Q9BX67-2				6.13002e+06
Q9BXJ0	Q9BXJ0				1.223e+07
Q9BXJ1;Q9BXJ1-2	Q9BXJ1;Q9BXJ1-2				6.95277e+06
Q9BXJ3	Q9BXJ3				4.60639e+06
Q9BXJ4;Q9BXJ4-2;Q9BXJ4-3	Q9BXJ4;Q9BXJ4-2;Q9BXJ4-3				9.48738e+06
Q9BXP8	Q9BXP8;Q9BXP8-2				1.05082e+06
Q9BY67;Q9BY67-2;Q9BY67-3;Q9BY67-4;Q9BY67-5	Q9BY67;Q9BY67-2;Q9BY67-3;Q9BY67-4;Q9BY67-5				7.12622e+07
Q9BYH1;Q9BYH1-5;Q9BYH1-6;Q9BYH1-7	Q9BYH1;Q9BYH1-2;Q9BYH1-3;Q9BYH1-4;Q9BYH1-5;Q9BYH1-6;Q9BYH1-7				5.01257e+07
Q9BYJ0	Q9BYJ0				1.03485e+06
Q9BZC7;Q9BZC7-2;Q9BZC7-3;Q9BZC7-4	Q9BZC7;Q9BZC7-2;Q9BZC7-3;Q9BZC7-4				3.14292e+07
Q9BZR6	Q9BZR6				2.40509e+07
Q9C0A0	Q9C0A0;Q96NU0;Q9BZ76;Q9BZ76-2;Q96NU0-2;Q9C0A0-2				2.90438e+07
Q9GZM5	Q9GZM5				6.45336e+07
Q9GZP0;Q9GZP0-2	Q9GZP0;Q9GZP0-2				1.05944e+06
Q9GZP4;Q9GZP4-2	Q9GZP4;Q9GZP4-2				4.78527e+06
Q9GZV7	Q9GZV7				4.22817e+06
Q9GZX3	Q9GZX3				1.16148e+06
Q9GZX9	Q9GZX9				1.10556e+07
Q9H0Q3;Q9H0Q3-2	Q9H0Q3;Q9H0Q3-2				8.08363e+06
Q9H0R4;Q9H0R4-2	Q9H0R4;Q9H0R4-2				1.46126e+06
Q9H156;Q9H156-2	Q9H156;Q9H156-2				2.69603e+06
Q9H173	Q9H173				3.62996e+06
Q9H1U4	Q9H1U4				9.69736e+06
Q9H1Z8	Q9H1Z8				7.31023e+07
Q9H251;Q9H251-2;Q9H251-3;Q9H251-4;Q9H251-8	Q9H251;Q9H251-2;Q9H251-3;Q9H251-4;Q9H251-8				747320
Q9H299	Q9H299				2.5543e+06
Q9H2A7	Q9H2A7				1.09629e+07
Q9H2B2;Q9H2B2-2	Q9H2B2;Q9H2B2-2				7.2366e+06
Q9H2E6;Q9H2E6-2	Q9H2E6;Q9H3T3;Q9H2E6-2;Q9H3T3-3				4.13597e+06
Q9H2X0;Q9H2X0-5	Q9H2X0;Q9H2X0-5				3.37658e+06
Q9H3G5	Q9H3G5				3.1642e+07
Q9H3S3	Q9H3S3				1.41309e+06
Q9H3T2;Q9H3T2-3	Q9H3T2;Q9H3T2-3				1.03585e+06
Q9H3T3;Q9H3T3-3	Q9H3T3;Q9H3T3-3				3.77403e+06
Q9H492;Q9H492-2	Q9GZQ8;Q9H492;A6NCE7;Q9H492-2				1.4747e+06
Q9H4A4	Q9H4A4				36010.2
Q9H4D0	Q9H4D0				6.97127e+06
Q9H4F8;Q9H4F8-2	Q9H4F8;Q9H4F8-2				4.71419e+06
Q9H6B4	Q9H6B4				3.3285e+06
Q9H6X2;Q9H6X2-2;Q9H6X2-3;Q9H6X2-4;Q9H6X2-5;Q9H6X2-6	Q9H6X2;Q9H6X2-2;Q9H6X2-3;Q9H6X2-4;Q9H6X2-5;Q9H6X2-6				7.31232e+06
Q9H741	Q9H741				2.15545e+06
Q9H7Y0	Q9H7Y0				1.86773e+06
Q9H8J5;Q9H8J5-2	Q9H8J5;Q9H8J5-2				7.35736e+06
Q9H8L6	Q9H8L6				8.08384e+06
Q9H9S5	Q9H9S5				766542
Q9HAR2;Q9HAR2-2;Q9HAR2-3;Q9HAR2-4	Q9HAR2;Q9HAR2-2;Q9HAR2-3;Q9HAR2-4				6.58912e+06
Q9HAT2	Q9HAT2;Q9HAT2-2				2.69841e+07
Q9HBR0	Q9HBR0				5.18496e+06
Q9HBT6	Q9HBT6				2.3006e+06
Q9HC38;Q9HC38-2	Q9HC38;Q9HC38-2;Q9HC38-3				1.40259e+06
Q9HC56;Q9HC56-2	Q9HC56;Q9HC56-2				1.02304e+07
Q9HC57	Q9HC57				3.5018e+06
Q9HCB6	Q9HCB6				7.56041e+06
Q9HCK4;Q9HCK4-2;Q9HCK4-3	Q9HCK4;Q9HCK4-2;Q9HCK4-3				2.44512e+06
Q9HCU0	Q9HCU0				7.65233e+06
Q9HCU4	Q9HCU4				2.45104e+07
Q9HDB5;Q9HDB5-2;Q9HDB5-4	Q9HDB5;Q9Y4C0;Q9HDB5-2;Q9HDB5-4;Q9Y4C0-3				4.39682e+07
Q9HDC9;Q9HDC9-2	Q9HDC9;Q9HDC9-2				1.23953e+06
Q9NP80;Q9NP80-2;Q9NP80-3	Q9NP80;Q9NP80-2;Q9NP80-3				2.87103e+07
Q9NPC4	Q9NPC4				2.88333e+06
Q9NPD7	Q9NPD7				4.63585e+06
Q9NPG4	Q9NPG4				3.48131e+06
Q9NPH3;Q9NPH3-2;Q9NPH3-5	Q9NPH3;Q9NPH3-2;Q9NPH3-3;Q9NPH3-5				2.03611e+06
Q9NPR2;Q9NPR2-2	Q9NPR2;Q9NPR2-2				3.13412e+07
Q9NQ38;Q9NQ38-2;Q9NQ38-3	Q9NQ38;Q9NQ38-2;Q9NQ38-3				1.77687e+06
Q9NQ79;Q9NQ79-2;Q9NQ79-3	Q9NQ79;Q9NQ79-2;Q9NQ79-3				1.10148e+08
Q9NQX5	Q9NQX5				3.39171e+06
Q9NR34	Q9NR34				8.46605e+06
Q9NRB3	Q9NRB3				903825
Q9NRN5	Q9NRN5;Q9NRN5-2				1.6031e+07
Q9NRR1	Q9NRR1				1.10454e+07
Q9NS00;Q9NS00-2	Q9NS00;Q9NS00-2				1.36848e+06
Q9NS85	Q9NS85;Q9NS85-2				4.96662e+06
Q9NS98	Q9NS98				2.52055e+07
Q9NSC7	Q9NSC7				2.33212e+06
Q9NT22;Q9NT22-2	Q9NT22;Q9NT22-2				520144
Q9NT99	Q9NT99				1.58804e+07
Q9NTU7	Q9NTU7				4.53901e+06
Q9NUQ9	Q9NUQ9				793460
Q9NX62	Q9NX62				6.4306e+07
Q9NY15	Q9NY15				1.25027e+06
Q9NY33;Q9NY33-4	Q9NY33;Q9NY33-2;Q9NY33-4				1.02183e+06
Q9NY47;Q9NY47-2;Q9NY47-3;Q9NY47-4;Q9NY47-5	Q9NY47;Q9NY47-2;Q9NY47-3;Q9NY47-4;Q9NY47-5				6.62554e+06
Q9NY72	Q9NY72				6.34621e+06
Q9NY97;Q9NY97-2	Q9NY97;Q9NY97-2				1.74422e+07
Q9NYQ8	Q9NYQ8				1.63977e+07
Q9NYX4	Q9NYX4				1.33298e+07
Q9NZ08;Q9NZ08-2	Q9NZ08;Q9NZ08-2				2.26715e+06
Q9NZ53	Q9NZ53				7.72637e+06
Q9NZ72;Q9NZ72-2	Q9NZ72;Q9NZ72-2				1.50248e+06
Q9NZ94;Q9NZ94-2;Q9NZ94-3	Q9NZ94;Q9NZ94-2;Q9NZ94-3				1.87358e+06
Q9NZC2;Q9NZC2-2;Q9NZC2-3	Q9NZC2;Q9NZC2-2;Q9NZC2-3				4.57632e+06
Q9NZK5	Q9NZK5				3.98191e+06
Q9NZP8	Q9NZP8				3.49595e+07
Q9NZR2	Q9NZR2				3.14523e+06
Q9NZU1	Q9NZU1				7.22974e+06
Q9P0K1;Q9P0K1-2;Q9P0K1-3;Q9P0K1-4;Q9P0K1-5	Q9P0K1;Q9P0K1-2;Q9P0K1-3;Q9P0K1-4;Q9P0K1-5				4.83906e+07
Q9P0K9	Q9P0K9				2.04293e+07
Q9P0L0;Q9P0L0-2	Q9P0L0;Q9P0L0-2				5.27237e+06
Q9P121-4	Q9P121;Q9P121-3;Q9P121-2;Q9P121-4				2.11822e+08
Q9P232	Q9P232				4.92215e+06
Q9P2E7;Q9P2E7-2	Q9P2E7;Q9P2E7-2				2.8709e+06
Q9P2S2	P58401;Q9P2S2				6.48461e+07
Q9UBB9	Q9UBB9				6.45768e+06
Q9UBG0	Q9UBG0				3.87803e+06
Q9UBP4	Q9UBP4				6.19938e+08
Q9UBQ6	Q9UBQ6				6.94955e+07
Q9UBR2	Q9UBR2				3.98088e+07
Q9UBX1	Q9UBX1				1.16886e+07
Q9UBX5	Q9UBX5				2.32437e+07
Q9UBX7;Q9UBX7-1;Q9UBX7-3;Q9UBX7-4	Q9UBX7;Q9UBX7-1;Q9UBX7-3;Q9UBX7-4				6.66927e+06
Q9UD71;Q9UD71-2	Q9UD71;Q9UD71-2				264172
Q9UEW3;Q9UEW3-2	Q9UEW3;Q9UEW3-2				4.03634e+06
Q9UF11;Q9UF11-2;Q9UF11-3;Q9UF11-4	Q9UF11;Q9UF11-2;Q9UF11-3;Q9UF11-4				6.51704e+06
Q9UFP1	Q9UFP1				1.94949e+06
Q9UGM5;Q9UGM5-2	Q9UGM5;Q9UGM5-2				7.09659e+06
Q9UGT4	Q9UGT4				1.43488e+06
Q9UHC6	Q9UHC6				2.42013e+07
Q9UHD9	Q9UHD9				936529
Q9UHF0;Q9UHF0-2;Q9UHF0-3	Q9UHF0;Q9UHF0-2;Q9UHF0-3				4.08059e+06
Q9UHG2	Q9UHG2				2.35479e+08
Q9UHG3;Q9UHG3-2	Q9UHG3;Q9UHG3-2				2.37521e+06
Q9UHL4	Q9UHL4				1.82524e+07
Q9UI15	Q9UI15				302422
Q9UI40;Q9UI40-2	Q9UI40;Q9UI40-2				2.67535e+06
Q9UIB8;Q9UIB8-2;Q9UIB8-3;Q9UIB8-4;Q9UIB8-5;Q9UIB8-6	Q9UIB8;Q9UIB8-2;Q9UIB8-3;Q9UIB8-4;Q9UIB8-5;Q9UIB8-6				1.5804e+06
Q9UIW2	Q9UIW2				1.48482e+06
Q9UJ14	Q9UJ14				5.71233e+06
Q9UJ90	Q9UJ90				1.08658e+07
Q9UJ99	Q9UJ99				3.7945e+06
Q9UJA9	Q9UJA9				7.73604e+06
Q9UJH8	Q9UJH8				1.52042e+07
Q9UJJ9	Q9UJJ9				1.01603e+07
Q9UK55	Q9UK55				2.85607e+06
Q9UKB5	Q9UKB5				1.49989e+06
Q9UKJ1-3	Q9UKJ1;Q9UKJ1-2;Q9UKJ1-3;Q9UKJ1-4				1.5753e+06
Q9UKM7	Q9UKM7				5.30436e+06
Q9UKQ2;Q9UKQ2-2	Q9UKQ2;Q9UKQ2-2				931765
Q9UKU6	Q9UKU6				716191
Q9UKU9	Q9UKU9;Q9UKU9-2				5.0839e+06
Q9UKZ4;Q9UKZ4-2	Q9UKZ4;Q9UKZ4-2				741438
Q9ULB1-2;Q9ULB1-3	P58400;Q9ULB1-2;Q9ULB1-3				1.39421e+08
Q9ULB4	Q9ULB4				1.89879e+06
Q9ULF5	Q9ULF5				1.95158e+07
Q9ULI3;Q9ULI3-2	Q9ULI3;Q9ULI3-2				1.08634e+07
Q9ULL4;Q9ULL4-2	Q9ULL4;Q9ULL4-2				4.20019e+06
Q9ULP0-3;Q9ULP0-6	Q9ULP0-3;Q9ULP0-6				750768
Q9ULZ9;Q9ULZ9-2	Q9ULZ9;Q9ULZ9-2				871463
Q9UM22	Q9UM22				8.73846e+06
Q9UM47	Q9UM47				1.59228e+06
Q9UMF0	Q9UMF0				1.64566e+07
Q9UMX0;Q9UMX0-2;Q9UMX0-4	Q9UMX0;Q9UMX0-2;Q9UMX0-4				221473
Q9UMX5	Q9UMX5				7.38238e+06
Q9UN36-2;Q9UN36-6	Q9UN36;Q9UN36-2;Q9UN36-3;Q9UN36-5;Q9UN36-6				1.05201e+07
Q9UN70;Q9UN70-2	Q9UN70;Q9UN70-2				3.05963e+06
Q9UNN8	Q9UNN8				1.39971e+07
Q9UNW1	Q9UNW1;Q9UNW1-4				9.23252e+06
Q9UP79	Q9UP79				1.77427e+06
Q9UPU3	Q9UPU3				8.21734e+06
Q9UQ52	Q9UQ52				5.81607e+06
Q9UQM7;Q9UQM7-2	Q9UQM7;Q9UQM7-2				8.52832e+06
Q9Y240	Q9Y240				9.64129e+06
Q9Y274	Q9Y274;Q9Y274-2				5.06755e+06
Q9Y279;Q9Y279-2	Q9Y279;Q9Y279-2				4.70793e+06
Q9Y287	Q9Y287;Q9Y287-2				9.40121e+06
Q9Y2E5	Q9Y2E5;Q9Y2E5-2				1.82558e+06
Q9Y2G1;Q9Y2G1-2	Q9Y2G1;Q9Y2G1-2				98302.3
Q9Y2I2;Q9Y2I2-1;Q9Y2I2-2;Q9Y2I2-4;Q9Y2I2-5;Q9Y2I2-6	Q9Y2I2;Q9Y2I2-1;Q9Y2I2-2;Q9Y2I2-4;Q9Y2I2-5;Q9Y2I2-6				9.54687e+06
Q9Y2T3;Q9Y2T3-3	Q9Y2T3;Q9Y2T3-2;Q9Y2T3-3				2.3367e+07
Q9Y2Z0;Q9Y2Z0-2	Q9Y2Z0;Q9Y2Z0-2				1.29835e+06
Q9Y334;Q9Y334-2	Q9Y334;Q9Y334-2				392438
Q9Y4C0-4	Q9HDB5-3;Q9HDB5-4;Q9Y4C0-4				4.0776e+07
Q9Y4L1	Q9Y4L1				9.93375e+06
Q9Y5F6-2	Q9Y5F6;Q9Y5F6-2				1.08698e+08
Q9Y5I4;Q9Y5I4-2	Q9Y5I4;Q9Y5I4-2				1.31985e+07
Q9Y5L2	Q9Y5L2				5.99576e+06
Q9Y5Y7	Q9Y5Y7				5.24563e+07
Q9Y617	Q9Y617;Q9Y617-2				4.18612e+06
Q9Y639;Q9Y639-1;Q9Y639-3;Q9Y639-4;Q9Y639-5	Q9Y639;Q9Y639-1;Q9Y639-3;Q9Y639-4;Q9Y639-5				7.26198e+06
Q9Y646	Q9Y646				5.21865e+07
Q9Y653;Q9Y653-2;Q9Y653-3	Q9Y653;Q9Y653-2;Q9Y653-3;Q9Y653-4;Q9Y653-5				3.64325e+07
Q9Y696	Q9Y696				2.94694e+06
Q9Y6C2	Q9Y6C2;Q9Y6C2-2				491588
Q9Y6N6	Q9Y6N6				3.88911e+06
Q9Y6N7;Q9Y6N7-2;Q9Y6N7-3;Q9Y6N7-4;Q9Y6N7-5;Q9Y6N7-6	Q9HCK4;Q9Y6N7;Q9Y6N7-2;Q9Y6N7-3;Q9Y6N7-4;Q9Y6N7-5;Q9Y6N7-6;Q9HCK4-2;Q9HCK4-3				1.95757e+07
Q9Y6N8	Q9Y6N8				3.94687e+06
Q9Y6R7	Q9Y6R7				3.3328e+07
Q9Y6X5	Q9Y6X5				2.6104e+06
Q9Y6Y8;Q9Y6Y8-2	Q9Y6Y8;Q9Y6Y8-2				3.68791e+07
