Protein.Group	Protein.Ids	Protein.Names	Genes	First.Protein.Description	/fs/pool/pool-mann-projects/Johannes/Jakob_AD_CSF_data/Berlin_cohort_Sweden_speclib_OBO/All_Raw/20190228_QX1_PhGe_SA_EASY12-10_Deigendesch_B2_79114832.mzML
A0A075B6H7;A0A0C4DH55;P01624	P01624;A0A075B6H7;A0A0C4DH55				3.30868e+08
A0A075B6I0	A0A075B6I0				3.77477e+07
A0A075B6I9	A0A075B6I9				7.36202e+07
A0A075B6J9	A0A075B6J9				1.45919e+06
A0A075B6K5	A0A075B6K5				1.17888e+07
A0A075B6P5;P01615	P01615;A0A075B6P5				1.541e+08
A0A075B6Q5	A0A075B6Q5				2.58519e+06
A0A075B6R2	A0A075B6R2				1.41999e+07
A0A075B6R9;A0A0C4DH68	A0A075B6R9;A0A0C4DH68				1.62667e+07
A0A075B6S2	A0A075B6S2;A2NJV5				1.20275e+08
A0A075B6S5	A0A075B6S5;A0A0C4DH67;A0A0C4DH69				4.17908e+07
A0A087WSX0	A0A087WSX0;A0A0G2JS06				2.05387e+06
A0A087WSY6	A0A087WSY6				1.43759e+08
A0A087WW87;P01614	P01614;A0A087WW87				120781
A0A0A0MRZ8;P04433	P04433;A0A0A0MRZ8				6.92424e+07
A0A0A0MS15	A0A0A0MS15				1.0351e+07
A0A0A0MT36;A0A0C4DH26	A0A0A0MT36;A0A0C4DH26				1.06375e+06
A0A0A0MT89	A0A0A0MT89				2.28113e+06
A0A0B4J1U7	A0A0B4J1U7				2.04037e+06
A0A0B4J1V0	A0A0B4J1V0				1.12697e+06
A0A0B4J1V2	A0A0B4J1V2				1.27444e+06
A0A0B4J1X5	P01764;P01768;P01772;P01767;A0A0B4J1X5;A0A0C4DH42;P0DP02;P0DP03				4.4835e+07
A0A0B4J1Y8	A0A0B4J1Y8				3.35728e+06
A0A0B4J1Y9	A0A0B4J1Y9				4.03866e+07
A0A0C4DH24	A0A0C4DH24				9.3736e+06
A0A0C4DH25	A0A0C4DH25				2.59693e+07
A0A0C4DH33	A0A0C4DH33				144696
A0A0C4DH34	A0A0C4DH34				1.6527e+07
A0A0C4DH36	A0A0C4DH36				7.18527e+06
A0A0C4DH38	A0A0C4DH38				1.22423e+07
A0A0C4DH43	A0A0C4DH43				2.90722e+06
A0A0C4DH72	P01599;A0A0C4DH72				9.09077e+06
A0A0J9YX35	A0A0J9YX35				4.58479e+06
A0A0J9YXX1	A0A0C4DH38;A0A0J9YXX1				1.12579e+07
A0A2R8Y619;O60814;P06899;P23527;P33778;P57053;P58876;P62807;Q16778;Q5QNW6;Q5QNW6-2;Q8N257;Q93079;Q96A08;Q99877;Q99879;Q99880	O60814;P06899;P23527;P33778;P57053;P58876;P62807;Q16778;Q5QNW6;Q8N257;Q93079;Q96A08;Q99877;Q99879;Q99880;A0A2R8Y619;Q5QNW6-2				322360
A0M8Q6	P0CG04;P0DOY2;P0DOY3;A0M8Q6;P0CF74;B9A064;P0DOX8				8.17533e+07
A1L4H1	A1L4H1				3.82728e+06
A2RU67	A2RU67				671500
A5D6W6	A5D6W6				2.46215e+06
A6BM72;A6BM72-2;A6BM72-4	A6BM72;A6BM72-2;A6BM72-4				2.48755e+06
A6NCE7;Q9GZQ8	Q9GZQ8;Q9H492;A6NCE7;Q9H492-2				677545
A6NDG6	A6NDG6				12440.3
A6NGN9	A6NGN9				1.09403e+07
A6NL88	A6NL88				3.8618e+06
A6NLU5	A6NLU5				1.21797e+07
A8MTW9	A8MTW9				3.75309e+06
B4DS77;B4DS77-2;B4DS77-3	B4DS77;B4DS77-2;B4DS77-3				225409
B9A064;P0DOX8	B9A064;P0DOX8				1.91827e+08
C9JVW0	C9JVW0				9.58175e+06
I3L3R5	I3L3R5				576872
O00115;O00115-2	O00115;O00115-2				3.699e+06
O00142;O00142-2;O00142-3;O00142-4;O00142-5;O00142-6	O00142;O00142-2;O00142-3;O00142-4;O00142-5;O00142-6				4.94274e+07
O00187;O00187-2	O00187;O00187-2				841121
O00244	O00244				1.35489e+06
O00264	O00264;O15173;O15173-2				5.06776e+06
O00299	O00299				551446
O00339;O00339-2;O00339-3	O00339;O00339-2;O00339-3				1.60497e+06
O00391	O00391;O00391-2				2.66472e+07
O00451	O00451;O00451-2;O00451-3				1.9708e+07
O00461	O00461				1.01194e+07
O00462	O00462				4.23536e+06
O00468-6	O00468-6;O00468-7				2.04389e+07
O00533	O00533				9.64286e+06
O00533-2	O00533;O00533-2				3.24045e+08
O00560;O00560-2;O00560-3	O00560;O00560-2;O00560-3				1.0786e+06
O00584	O00584				5.42009e+06
O00754;O00754-2	O00754;O00754-2				1.86274e+06
O14498	O14498				4.44426e+07
O14514	O14514				2.57732e+06
O14522;O14522-1	O14522;O14522-1				1.33537e+06
O14594	O14594				1.44577e+08
O14668;O14668-2	O14668;O14668-2				1.23657e+06
O14672	O14672				4.68241e+06
O14773	O14773				8.77466e+06
O14786;O14786-2;O14786-3	O14786;O14786-2;O14786-3				6.84164e+06
O14791-2	O14791;O14791-2;O14791-3				5.77939e+06
O14793	O14793				440783
O14917;O14917-2	O14917;O14917-2				5.31411e+06
O15031	O15031				1.81976e+07
O15041;O15041-2	O15041;O15041-2				102027
O15126;O15126-2	O15126;O15126-2				1.5933e+06
O15197;O15197-3	O15197;O15197-3				4.25738e+06
O15204;O15204-2	O15204;O15204-2				2.01294e+06
O15230	O15230				3.62248e+06
O15232;O15232-2	O15232;O15232-2				2.8015e+06
O15240	O15240				2.05518e+08
O15335	O15335				4.23437e+06
O15354	O15354				5.34906e+07
O15394	O15394;O15394-2				7.98685e+07
O15400;O15400-2	O15400;O15400-2				2.07962e+06
O15466;O15466-2	O15466;O15466-2				2.7203e+06
O15540;O15540-2	O15540;O15540-2				1.38875e+06
O43155	O43155				751422
O43157	O43157;O43157-2;O43157-3				5.5925e+06
O43173	O43173				3.9376e+06
O43240	O43240				562513
O43278;O43278-2	O43278;O43278-2				1.9435e+06
O43286	O43286				260077
O43291	O43291				1.06413e+07
O43300	O43300				2.77252e+06
O43405;O43405-2	O43405;O43405-2				3.35876e+07
O43493;O43493-3;O43493-5;O43493-7	O43493;O43493-3;O43493-5;O43493-4;O43493-6;O43493-7				2.64034e+07
O43504	O43504				655044
O43505	O43505				7.17132e+08
O43508-2	O75888;O43508-2;O75888-2;O75888-4;O75888-5				3.04349e+06
O43529	O43529				9.10362e+06
O43556;O43556-3;O43556-4	O43556;O43556-3;O43556-4				7.09654e+06
O43567	O43567				8.41111e+06
O43581-2;O43581-3;O43581-5	O43581-2;O43581-3;O43581-5				554884
O43827	O43827				3.39669e+06
O43852;O43852-2;O43852-3;O43852-4;O43852-5;O43852-9	O43852;O43852-10;O43852-11;O43852-12;O43852-13;O43852-14;O43852-2;O43852-3;O43852-4;O43852-5;O43852-6;O43852-7;O43852-8;O43852-9				1.38026e+06
O43854;O43854-2	O43854;O43854-2				104783
O43866	O43866				4.70162e+06
O43897;O43897-2	O43897;O43897-2				1.28011e+06
O43909	O43909				345361
O43916	O43916				1.73919e+06
O60241;O60241-2;O60241-3;O60241-4	O60241;O60241-2;O60241-3;O60241-4				7.80194e+06
O60242	O60242				1.89024e+06
O60243	O60243				1.50554e+06
O60245;O60245-2	O60245;O60245-2				4.55475e+06
O60279	O60279				2.18227e+07
O60291;O60291-2;O60291-3;O60291-4	O60291;O60291-2;O60291-3;O60291-4				4.21361e+06
O60449;O60449-2;O60449-3	O60449;O60449-2;O60449-3				575664
O60462;O60462-2;O60462-3;O60462-4;O60462-5	O60462;O60462-2;O60462-3;O60462-4;O60462-5;O60462-6				8.24916e+06
O60476	O60476				3.89526e+06
O60512	O60512				1.15204e+06
O60565	O60565				621252
O60568	O60568				5.25326e+06
O60613	O60613				2.03587e+06
O60883	O60883				1.22087e+08
O60888-3	O60888;O60888-2;O60888-3				4.18597e+07
O60939	O60939				3.58532e+06
O75063	O75063				4.19188e+06
O75071	O75071				4.52013e+06
O75077;O75077-2;O75077-3	O75077;O75077-2;O75077-3				3.60358e+06
O75078	O75078;O75078-2				5.22377e+06
O75083	O75083;O75083-3				2.87014e+06
O75084;Q14332	O75084;Q14332				58807.7
O75093	O75093				4.39934e+07
O75144;O75144-2	O75144;O75144-2;O75144-3				2.08529e+07
O75173;O75173-2	O75173;O75173-2				8.42102e+06
O75223	O75223;O75223-3				655269
O75326	O75326;O75326-2				3.45514e+07
O75340;O75340-2	O75340;O75340-2				202324
O75347	O75347;O75347-2				1.2893e+06
O75354;O75354-2;O75354-3	O75354;O75354-2;O75354-3				738608
O75368	O75368				3.13494e+06
O75467;Q6AW86	O75467;Q6AW86				1.72793e+07
O75487;O75487-2	O75487;O75487-2				1.54952e+06
O75493	O75493				4.96673e+06
O75503	O75503				2.30918e+06
O75509	O75509				2.42526e+07
O75594	O75594				193290
O75629	O75629				754566
O75636;O75636-2	O75636;O75636-2				634232
O75711	O75711				1.44529e+08
O75752	O75752				3.52555e+06
O75781;O75781-2	O75781;O75781-2				5.93033e+06
O75787;O75787-2	O75787;O75787-2				1.1206e+07
O75828	O75828				899185
O75874	O75874				842070
O75882;O75882-2;O75882-3	O75882;O75882-2;O75882-3				1.23919e+07
O75973	O75973				639198
O75976	O75976				1.81743e+06
O76061	O76061				5.33077e+06
O76070	O76070				2.51624e+06
O94760	O94760;O94760-2				1.2527e+07
O94766	O94766;Q9NPZ5				1.27417e+06
O94769	O94769;O94769-2				1.04524e+07
O94772;O94772-2	O94772;O94772-2				7.92412e+07
O94779;O94779-2	O94779;O94779-2				1.27645e+06
O94856-11	O94856;O94856-10;O94856-11;O94856-12;O94856-13;O94856-3;O94856-4;O94856-5;O94856-6;O94856-7;O94856-8;O94856-9				3.50412e+07
O94856-12;O94856-4;O94856-9	O94856-12;O94856-4;O94856-9				2.17709e+06
O94910	O94910;O94910-2				2.98965e+07
O94919	O94919				5.33149e+07
O94973;O94973-2	O94973;O94973-2				183570
O94985	O94985				2.09045e+06
O94985-2	O94985;O94985-2				3.53432e+08
O94991	O94991;O94991-2				4.85291e+06
O95084;O95084-2	O95084;O95084-2				1.5509e+06
O95157	O95157				1.44891e+06
O95158	O95158				1.77485e+07
O95159	O95159				478271
O95185;O95185-2	O95185;O95185-2				4.27596e+06
O95196;O95196-2	O95196;O95196-2				1.43505e+07
O95206;O95206-2	O95206;O95206-2				3.57142e+06
O95297;O95297-2;O95297-3;O95297-4	O95297;O95297-2;O95297-3;O95297-4				1.25027e+06
O95336	O95336				194426
O95390	O95390				2.72942e+06
O95428;O95428-5;O95428-6	O95428;O95428-2;O95428-4;O95428-5;O95428-6				7.74732e+06
O95445	O95445;O95445-2				3.61719e+06
O95450;O95450-2	O95450;O95450-2				1.90925e+06
O95467	O95467				361532
O95477	O95477				1.0986e+06
O95479;O95479-2	O95479;O95479-2				395794
O95490;O95490-2;O95490-3;O95490-4;O95490-5;O95490-6;O95490-7	O95490;O95490-2;O95490-3;O95490-4;O95490-5;O95490-6;O95490-7				882439
O95497	O95497				2.2499e+06
O95502	O95502				1.0149e+08
O95633;O95633-2	O95633;O95633-2				3.35082e+06
O95841	O95841				1.43345e+06
O95865	O95865				1.69355e+06
O95897	O95897				671090
O95967	O95967				1.06445e+07
O95970;O95970-3	O95970;O95970-3				1.10164e+06
O95980	O95980				3.744e+06
P00338;P00338-3	P00338;P00338-3;P00338-4				2.16364e+07
P00352	P00352				1.02762e+06
P00390;P00390-2;P00390-3;P00390-4;P00390-5	P00390;P00390-2;P00390-3;P00390-4;P00390-5				2.58885e+06
P00441	P00441				5.21789e+08
P00450	P00450				1.26105e+08
P00488	P00488				3.12165e+06
P00492	P00492				4.08353e+06
P00505	P00505;P00505-2				6.7835e+06
P00533;P00533-3;P00533-4	P00533;P00533-2;P00533-3;P00533-4				1.70035e+06
P00558	P00558;P00558-2				5.90327e+06
P00734	P00734				2.87198e+07
P00736	P00736				1.39336e+08
P00738	P00738;P00738-2				4.62632e+08
P00739	P00739;P00739-2				1.31282e+06
P00740;P00740-2	P00740;P00740-2				3.81697e+06
P00742	P00742				3.33247e+07
P00746	P00746				3.18302e+07
P00747	P00747				1.15358e+08
P00748	P00748				1.88111e+07
P00751	P00751;P00751-2				1.06129e+08
P00915	P00915				1.6686e+06
P01008	P01008				5.03373e+08
P01009	P01009;P01009-2;P01009-3				5.48606e+09
P01011	P01011				7.98742e+08
P01019	P01019				7.45982e+08
P01023	P01023				3.8163e+08
P01024	P01024				1.01864e+09
P01031	P01031				2.36718e+07
P01033	P01033				1.21441e+08
P01034	P01034				3.54295e+09
P01036;P01037	P01036;P01037				1.30764e+06
P01042	P01042;P01042-2;P01042-3				8.30912e+07
P01042-2;P01042-3	P01042-2;P01042-3				8.38004e+07
P01127;P01127-2	P01127;P01127-2				4.37987e+07
P01210	P01210				7.7221e+07
P01213	P01213				6.17698e+06
P01236	P01236				59520.9
P01258;P01258-2;P06881	P01258;P06881;P10092;P01258-2				1.53636e+06
P01282;P01282-2	P01282;P01282-2				1.45513e+06
P01303	P01303				6.11792e+06
P01344;P01344-2;P01344-3	P01344;P01344-2;P01344-3				5.07733e+06
P01591	P01591				1.0633e+07
P01593;P01594	P01593;P01594				2.50483e+07
P01599	P01599				396803
P01602	P01602				2.65094e+06
P01619	P01619				4.86913e+08
P01700	P01700				6.23478e+07
P01701	P01701				2.06029e+07
P01705	P01705				2.212e+06
P01709	P01709				1.59064e+06
P01714	P01714				1.45234e+06
P01717	P01717;P01718				3.50021e+07
P01721	P01699;P01700;P01706;P01709;P01721;P01703;A0A075B6J9;P0DOX8				3.05425e+07
P01742	P01742				2.02235e+07
P01768;P0DP02;P0DP03	P01768;P01772;P0DP02;P0DP03				1.63915e+07
P01780	P01780				4.13863e+07
P01817	P01817				7.9764e+06
P01833	P01833				1.92896e+06
P01834	P01834				3.03119e+08
P01859;P01859-1	P01859;P01859-1				1.47185e+09
P01860;P01860-1	P01860;P01860-1				1.30546e+07
P01861;P01861-1	P01861;P01861-1				1.91362e+08
P01871;P01871-1	P01871;P0DOX6;P01871-1				4.71087e+07
P01876;P01876-1	P01876;P01876-1				2.28617e+08
P01889	P01889;P04439;P04439-2				5.55736e+06
P01911;P04440	P01911;P04440				2.50631e+06
P02042	P02042				1.8517e+06
P02144	P02144				544606
P02452	P02452				3.9537e+07
P02461	P02461;P02461-2				1.37126e+07
P02511	P02511				1.15812e+06
P02647	P02647				2.55924e+09
P02649	P02649				3.64721e+09
P02652	P02652				4.51194e+08
P02654	P02654				9.38197e+07
P02655	P02655				6.97887e+06
P02656	P02656				1.09454e+07
P02671	P02671;P02671-2				1.08178e+08
P02675	P02675				7.12001e+07
P02679;P02679-2	P02679;P02679-2				1.07177e+08
P02686;P02686-3;P02686-4;P02686-5;P02686-6	P02686;P02686-3;P02686-4;P02686-5;P02686-6				636867
P02743	P02743				4.02634e+06
P02745	P02745				1.10722e+08
P02746	P02746				1.55544e+08
P02747	P02747				3.56472e+08
P02748	P02748				4.685e+07
P02749	P02749				7.39402e+07
P02750	P02750				9.06278e+07
P02751;P02751-1	P02751;P02751-1;P02751-10;P02751-11;P02751-12;P02751-13;P02751-14;P02751-16;P02751-17;P02751-2;P02751-3;P02751-4;P02751-5;P02751-6;P02751-7;P02751-8;P02751-9				6.17135e+08
P02753	P02753				7.26339e+07
P02760	P02760				8.25208e+07
P02763	P02763				9.45692e+08
P02765	P02765				7.95932e+08
P02766	P02766				1.98311e+09
P02768	P02768				1.99693e+10
P02774;P02774-3	P02774;P02774-2;P02774-3				6.37975e+08
P02786	P02786				2.14945e+06
P02787	P02787				8.87759e+09
P02788;P02788-2	P02788;P02788-2				5.32037e+06
P02790	P02790				1.68134e+09
P02792	P02792				2.98729e+06
P02794	P02794				3.49924e+06
P02818	P02818				2.25907e+06
P03950	P03950				4.31642e+06
P03951;P03951-2	P03951;P03951-2				3.78599e+06
P03952	P03952				1.36662e+07
P04003	P04003				2.76402e+06
P04004	P04004				7.81142e+08
P04040	P04040				188982
P04062;P04062-2;P04062-4;P04062-5	P04062;P04062-2;P04062-4;P04062-5				3.60624e+06
P04066	P04066				4.87554e+06
P04070;P04070-2	P04070;P04070-2				3.4377e+06
P04075	P04075;P04075-2				6.59807e+07
P04080	P04080				6.32307e+06
P04083	P04083				48401.6
P04085;P04085-2	P04085;P04085-2				1.15761e+07
P04114	P04114				9.63861e+06
P04156	P04156				4.67958e+08
P04179	P04179;P04179-2;P04179-3;P04179-4				1.42983e+07
P04180	P04180				2.9021e+07
P04196	P04196				8.64104e+07
P04216	P04216				2.87815e+08
P04217	P04217;P04217-2				2.10454e+08
P04217-2	P04217-2				926524
P04264	P04259;P04264				2.02997e+07
P04271	P04271				1.50996e+06
P04275	P04275				4.57402e+06
P04278	P04278;P04278-5				7.99519e+06
P04406	P04406;P04406-2				1.84905e+07
P04439;P04439-2	P01893;P04439;P04439-2				3.89587e+06
P04746	P04746;P0DTE7;P0DTE8;P0DUB6;P19961;P19961-2;P04746-2				1.38371e+06
P04792	P04792				1.35052e+06
P04908;P0C0S5;P0C0S8;P16104;P20671;Q16777;Q6FI13;Q71UI9;Q71UI9-2;Q71UI9-5;Q7L7L0;Q8IUE6;Q93077;Q96KK5;Q96QV6;Q99878;Q9BTM1;Q9BTM1-2	P04908;P0C0S5;P0C0S8;P16104;P20671;Q16777;Q6FI13;Q71UI9;Q7L7L0;Q8IUE6;Q93077;Q96KK5;Q96QV6;Q99878;Q9BTM1;Q71UI9-2;Q71UI9-5;Q9BTM1-2				761031
P05023;P05023-2;P05023-4	P05023;P05023-2;P05023-4				758779
P05026;P05026-2	P05026;P05026-2				1.33586e+06
P05060	P05060				3.73724e+08
P05067;P05067-11;P05067-8	P05067;P05067-4;P05067-10;P05067-11;P05067-3;P05067-5;P05067-6;P05067-7;P05067-8;P05067-9				6.74647e+08
P05090	P05090				3.07237e+09
P05107	P05107				258074
P05121	P05121				789334
P05154	P05154				2.194e+07
P05155;P05155-3	P05155;P05155-2;P05155-3				4.65966e+08
P05156	P05156				1.54425e+07
P05160	P05160				1.57625e+06
P05362	P05362				1.25203e+06
P05408;P05408-2	P05408;P05408-2				4.98832e+08
P05413	P05413				9.97881e+06
P05452	P05452				8.00399e+07
P05543	P05543				2.36201e+07
P05546	P05546				6.52319e+07
P05556;P05556-2;P05556-3;P05556-4;P05556-5	P05556;P05556-2;P05556-5;P05556-3;P05556-4				1.93502e+06
P05937	P05937;P05937-2				5.2529e+06
P05997	P05997				1.70784e+06
P06276	P06276				5.28588e+06
P06307	P06307				4.9507e+07
P06310	P06310				9.90131e+07
P06312	P06312				1.67335e+08
P06331	P01824;P01825;P06331;A0A0C4DH41;P0DP06;P0DP08				8.48328e+07
P06396	P06396;P06396-2;P06396-3;P06396-4				6.0939e+08
P06396-2	P06396-2				2.73244e+06
P06681	P06681;P06681-2;P06681-3				3.40417e+07
P06703	P06703				4.68963e+06
P06727	P06727				3.4218e+08
P06733	P06733;P06733-2				9.10687e+06
P06744;P06744-2	P06744;P06744-2				3.57829e+06
P06865	P06865				1.02562e+07
P07093-2;P07093-3	P07093;P07093-2;P07093-3				4.31999e+06
P07108;P07108-2;P07108-3;P07108-4;P07108-5	P07108;P07108-2;P07108-3;P07108-4;P07108-5;P07108-6				1.80342e+07
P07195	P00338;P07195;P07864;Q6ZMR3;P00338-3;P00338-2;P00338-4;P00338-5				4.09502e+07
P07225	P07225				7.05405e+07
P07237	P07237				2.41866e+06
P07311	P07311				1.69125e+06
P07333	P07333;P07333-2				8.56405e+07
P07339	P07339				1.06407e+08
P07357	P07357				2.46052e+07
P07358	P07358				2.25293e+07
P07359	P07359				728397
P07360	P07360				1.03106e+07
P07437;P68371	P04350;P07437;P68371				319257
P07451	P07451				60776.1
P07585	P07585				2.44325e+07
P07602;P07602-2;P07602-3	P07602;P07602-2;P07602-3				4.18072e+07
P07686	P07686				4.78522e+06
P07711	P07711;P07711-3				1.26368e+07
P07737	P07737				4.52305e+06
P07858	P07858				4.80161e+07
P07900;P07900-2	P07900;P07900-2				1.63179e+06
P07942	P07942				4.16009e+06
P07951-3;P09493-6;P09493-7;P09493-8	P06753;P07951;P09493;P09493-10;P67936;P07951-2;P09493-5;P06753-2;P06753-3;P09493-2;P09493-3;P09493-4;P09493-6;P09493-7;P09493-8;P09493-9;P06753-4;P06753-5;P06753-6;P07951-3;P67936-2				388309
P07996	P07996;P07996-2				8.6952e+06
P07998	P07998				2.86126e+07
P08123	P08123				6.01253e+07
P08133;P08133-2	P08133;P08133-2				95141
P08174;P08174-2;P08174-3;P08174-4;P08174-5;P08174-6;P08174-7	P08174;P08174-2;P08174-3;P08174-4;P08174-5;P08174-6;P08174-7				1.92586e+07
P08185	P08185				8.49969e+07
P08195;P08195-2;P08195-3;P08195-4;P08195-5	P08195;P08195-4;P08195-2;P08195-3;P08195-5				7.53809e+06
P08238	P07900;P08238;Q14568;Q58FF8;P07900-2				1.45857e+06
P08253	P08253;P08253-2;P08253-3				4.6448e+07
P08294	P08294				1.42551e+08
P08493-2	P08493;P08493-2				3.23838e+07
P08571	P08571				1.63701e+08
P08572	P08572				8.04093e+06
P08581;P08581-2	P08581;P08581-2				1.36019e+06
P08582	P08582;P08582-2				1.47896e+06
P08603	P08603				1.78916e+08
P08637	P08637				8.64941e+06
P08670	P08670;P17661				4.52512e+06
P08697	P08697;P08697-2				1.525e+08
P08758	P08758				1.50293e+06
P08833	P08833				561115
P09104	P09104;P09104-2				8.43421e+06
P09172	P09172				224998
P09211	P09211				5.9324e+06
P09382	P09382				1.3065e+07
P09417;P09417-2	P09417;P09417-2				1.71174e+07
P09486	P09486				8.67739e+07
P09603	P09603				8.22921e+07
P09619	P09619;P09619-2				3.99412e+06
P09622	P09622;P09622-2				2.58314e+06
P09668	P09668				2.06982e+07
P09871	P09871				1.31249e+08
P09936	P09936				4.28614e+06
P09958	P09958				1.15021e+06
P09960;P09960-4	P09960;P09960-2;P09960-3;P09960-4				727451
P09972	P04075;P09972;P04075-2				2.46123e+07
P0C0L4;P0C0L4-2	P0C0L4;P0C0L4-2				9.97412e+07
P0C0L5	P0C0L4;P0C0L5;P0C0L4-2				5.5499e+08
P0C6S8	P0C6S8				1.1879e+06
P0CF74	P0CF74				309528
P0CG47;P0CG48	P0CG47;P0CG48;P62979;P62987				2.15848e+08
P0DMQ5	P0DMQ5				1.58839e+07
P0DMV8;P0DMV8-2;P0DMV9	P0DMV8;P0DMV9;P0DMV8-2				3.15138e+06
P0DOX2	P01876;P01877;P01876-1;P01877-1;P0DOX2				2.00179e+08
P0DOX3	P0DOX3				1.3553e+07
P0DOX5	P0DOX5				3.19453e+09
P0DOX7	P01834;P0DOX7				3.40772e+08
P0DOY2;P0DOY3	P0CG04;P0DOY2;P0DOY3;B9A064;P0DOX8				2.8768e+08
P0DP23;P0DP24;P0DP25	P0DP23;P0DP24;P0DP25;P27482				2.12599e+06
P0DP58	P0DP58				1.721e+08
P0DTE1	P0DTE1				1.04437e+06
P10124	P10124				4.65056e+06
P10153	P10153				8.7972e+06
P10253	P10253				2.76186e+06
P10321;P10321-2	P10321;P10321-2				681372
P10451-3	P10451-3				6.21199e+06
P10451-5	P10451;P10451-4;P10451-5				5.53156e+08
P10451;P10451-4	P10451;P10451-4				2.57187e+06
P10586;P10586-2	P10586;P23468;P10586-2;P23468-3;P23468-4;P23468-5;P23468-6;P23468-7				1.50769e+07
P10599	P10599;P10599-2				2.00266e+07
P10619;P10619-2	P10619;P10619-2				531893
P10636-2;P10636-6	P10636;P10636-8;P10636-6;P10636-2;P10636-3;P10636-4;P10636-5;P10636-7				1.97464e+06
P10643	P10643				9.09192e+07
P10644;P10644-2	P10644;P10644-2				1.28019e+06
P10645	P10645				5.92595e+08
P10721;P10721-2	P10721;P10721-2				3.69812e+06
P10745	P10745				2.50172e+06
P10768	P10768				2.86715e+06
P10909-6	P10909;P10909-4;P10909-6;P10909-2;P10909-3;P10909-5				4.27319e+09
P10915	P10915				340235
P11021	P11021				1.13972e+07
P11047	P11047				4.18159e+06
P11117	P11117				1.74154e+06
P11142	P11142				1.65388e+07
P11215;P11215-2	P11215;P11215-2				251418
P11226	P11226				141730
P11279	P11279;P11279-2				1.12787e+07
P11362-16	P11362;P11362-10;P11362-11;P11362-16;P11362-2;P11362-20;P11362-3;P11362-4;P11362-8;P11362-9				4.60775e+06
P11362-21;P11362-7	P11362;P11362-10;P11362-11;P11362-12;P11362-13;P11362-14;P11362-16;P11362-18;P11362-19;P11362-2;P11362-20;P11362-21;P11362-3;P11362-4;P11362-5;P11362-6;P11362-7;P11362-8;P11362-9				2.93567e+07
P11464-4	P11464-4				2.26193e+06
P11597	P11597;P11597-2				1.58962e+06
P11717	P11717				3.23873e+06
P12107;P12107-2;P12107-3;P12107-4	P12107;P12107-2;P12107-3;P12107-4				710052
P12109	P12109				4.64051e+07
P12110	P12110;P12110-2;P12110-3				6.4916e+06
P12111	P12111;P12111-2;P12111-4				4.6761e+07
P12111-4	P12111-4				996341
P12259	P12259				9.54032e+06
P12272;P12272-2;P12272-3	P12272;P12272-2;P12272-3				1.51164e+06
P12277	P12277				2.35555e+06
P12314;Q92637;Q92637-3	P12314;Q92637;Q92637-3				7.52184e+06
P12318;P12318-2	P12318;P31994;P31995;P12318-2;P31994-2;P31994-3;P31994-4;P31994-5;P31995-2;P31995-3;P31995-4				1.49905e+07
P12821;P12821-2	P12821;P12821-3;P12821-2;P12821-4				2.25592e+06
P12830;P12830-2	P12830;P12830-2				2.26684e+06
P12955;P12955-2	P12955;P12955-2;P12955-3				2.36173e+06
P13385;P51864	P13385;P51864				1.45959e+06
P13473;P13473-2;P13473-3	P13473;P13473-2;P13473-3				4.36784e+07
P13489	P13489				933705
P13497;P13497-2;P13497-3;P13497-4;P13497-5;P13497-6	P13497;P13497-2;P13497-3;P13497-4;P13497-5;P13497-6				2.66924e+06
P13521	P13521				8.25772e+07
P13591	P13591;P13591-1;P13591-3;P13591-4;P13591-5;P13591-6				2.46202e+08
P13591-3	P13591-1;P13591-3;P13591-4				4.37674e+07
P13598	P13598				3.43398e+06
P13611;P13611-5	P13611;P13611-2;P13611-3;P13611-4;P13611-5				1.75977e+07
P13637;P13637-2;P13637-3	P13637;P13637-2;P13637-3				2.40031e+06
P13639	P13639;Q15029;Q15029-2;Q15029-3				356753
P13645	P13645				1.28854e+07
P13647	P13647				466216
P13667	P13667				755118
P13671	P13671				1.9428e+07
P13693	P13693				138607
P13747	P13747				1.91383e+06
P13796	P13796;P13796-2				3.47107e+06
P13797;P13797-2;P13797-3	P13797;P13797-2;P13797-3				341111
P13987;P13987-2	P13987;P13987-2				1.32884e+08
P14136;P14136-2;P14136-3	P14136;P14136-3;P14136-2				508788
P14138;P14138-2	P14138;P14138-2				3.4158e+06
P14151;P14151-2	P14151;P14151-2				1.81646e+06
P14174	P14174				7.11502e+06
P14207	P14207				1.21969e+06
P14209;P14209-3	P14209;P14209-3				1.58444e+06
P14314-2	P14314;P14314-2				1.21232e+07
P14324;P14324-2	P14324;P14324-2				462203
P14384	P14384				1.13884e+06
P14415	P14415				3.71511e+06
P14543	P14543;P14543-2				1.57567e+07
P14618-2	P14618;P14618-2;P14618-3				3.74666e+07
P14618;P14618-3	P14618;P14618-3				1.76806e+06
P14621	P14621				1.06411e+07
P14625	P14625;Q58FF3				9.48653e+06
P15086	P15085;P15086				2.78484e+06
P15090	P15090				2.64364e+06
P15121	P15121				1.12526e+06
P15144	P15144				2.46971e+06
P15151;P15151-2;P15151-3;P15151-4	P15151;P15151-2;P15151-3;P15151-4				2.1146e+06
P15169	P15169				2.56696e+07
P15289;P15289-2	P15289;P15289-2				1.53842e+06
P15291;P15291-2	P15291;P15291-2				6.00496e+06
P15502-1;P15502-2;P15502-4;P15502-5	P15502-1;P15502-2;P15502-4;P15502-5				3.48986e+06
P15509;P15509-2;P15509-3;P15509-5;P15509-7	P15509;P15509-3;P15509-2;P15509-5;P15509-7;P15509-8				4.73514e+06
P15529;P15529-10;P15529-11;P15529-12;P15529-13;P15529-14;P15529-15;P15529-2;P15529-3;P15529-4;P15529-5;P15529-6;P15529-7;P15529-8;P15529-9	P15529;P15529-3;P15529-10;P15529-11;P15529-12;P15529-13;P15529-14;P15529-15;P15529-16;P15529-2;P15529-4;P15529-5;P15529-6;P15529-7;P15529-8;P15529-9				1.14917e+06
P15531;P15531-2	P15531;P22392;O60361;P22392-2;P15531-2				2.3456e+06
P15586;P15586-2	P15586;P15586-2				2.63224e+06
P15848;P15848-2	P15848;P15848-2				49088.3
P16035	P16035				2.83487e+07
P16070;P16070-10;P16070-11;P16070-12;P16070-13;P16070-14;P16070-15;P16070-16;P16070-17;P16070-18;P16070-3;P16070-4;P16070-5;P16070-6;P16070-7;P16070-8;P16070-9	P16070;P16070-10;P16070-11;P16070-12;P16070-13;P16070-14;P16070-15;P16070-16;P16070-17;P16070-18;P16070-3;P16070-4;P16070-5;P16070-6;P16070-7;P16070-8;P16070-9				9.39286e+07
P16083	P16083				429109
P16112;P16112-2	P16112;P16112-2;P16112-3				5.9681e+06
P16152	P16152				3.98862e+06
P16234;P16234-3	P16234;P16234-2;P16234-3				1.02499e+06
P16278;P16278-3	P16278;P16278-2;P16278-3				371260
P16519;P16519-2;P16519-3	P16519;P16519-2;P16519-3				4.34246e+06
P16870;P16870-2	P16870;P16870-2				8.62566e+07
P16930	P16930				356740
P16949;P16949-2	P16949;P16949-2				9.32806e+06
P17050	P17050				1.15122e+06
P17174	P17174				2.85284e+07
P17405;P17405-4	P17405;P17405-4				1.07413e+06
P17600;P17600-2	P17600;P17600-2				4.25146e+06
P17677;P17677-2	P17677;P17677-2				2.54476e+06
P17813;P17813-2	P17813;P17813-2				1.26751e+06
P17900	P17900				3.14966e+08
P17931	P17931				1.99774e+06
P17936;P17936-2	P17936;P17936-2				3.25945e+06
P18065	P18065				1.94641e+08
P18075	P18075				50058.8
P18206;P18206-2	P18206;P18206-2				1.92575e+06
P18428	P18428				6.14813e+06
P18669	P18669				7.71447e+06
P19021;P19021-5;P19021-6	P19021;P19021-3;P19021-4;P19021-2;P19021-5;P19021-6				1.00083e+08
P19022	P19022;P19022-2				1.73804e+08
P19256;P19256-2;P19256-3	P19256;P19256-2;P19256-3				1.23942e+06
P19320	P19320;P19320-2;P19320-3				1.7177e+07
P19367;P19367-2;P19367-3;P19367-4	P19367;P19367-2;P19367-3;P19367-4				1.90835e+06
P19652	P19652				1.57033e+09
P19823	P19823				4.88827e+07
P19827	P19827;P19827-2				3.3503e+07
P19835	P19835				730862
P20062	P20062				1.14688e+07
P20138;P20138-2	P20138;P20138-2				741251
P20340;P20340-2;Q9NRW1	P20340;Q9NRW1;P20340-2;P20340-3				490214
P20366;P20366-2	P20366;P20366-2;P20366-3;P20366-4				7.00311e+06
P20382	P20382				723539
P20472	P20472				1.81304e+07
P20618	P20618				605498
P20742	P20742				227861
P20774	P20774				1.26671e+08
P20827	P20827;P20827-2				1.18591e+07
P20908;P20908-2	P20908;P20908-2				1.51157e+06
P20916;P20916-2;P20916-3	P20916;P20916-2;P20916-3				5.34614e+06
P20933	P20933				4.18108e+07
P21333;P21333-2	P21333;P21333-2				4.68387e+06
P21554	P21554				710576
P21579	P21579				4.97987e+06
P21583;P21583-2;P21583-3	P21583;P21583-2;P21583-3				1.23266e+06
P21802;P21802-16;P21802-2;P21802-5;P21802-6;P21802-8	P21802;P21802-3;P21802-14;P21802-15;P21802-16;P21802-17;P21802-18;P21802-19;P21802-2;P21802-23;P21802-5;P21802-6;P21802-8				1.14933e+07
P21810	P21810				3.53331e+07
P21860;P21860-4	P21860;P21860-4				1.02273e+06
P21926	P21926				1.48361e+06
P22004	P22004				1.41172e+06
P22061;P22061-2	P22061;P22061-2				9.75102e+06
P22105;P22105-1;P22105-4	P22105;P22105-1;P22105-4				1.2812e+07
P22303	P22303;P22303-3				1.79289e+06
P22304	P22304;P22304-2;P22304-3				2.09542e+07
P22352	P22352				6.42724e+07
P22607;P22607-2;P22607-3;P22607-4	P22455;P22607;P22455-2;P22607-2;P22607-3;P22607-4				1.10492e+07
P22676	P22676				952627
P22692;P22692-2	P22692;P22692-2				8.50134e+07
P22748	P22748				9.49488e+06
P22792	P22792				4.9544e+06
P22794;P22794-2	P22794;P22794-2				2.40623e+06
P22891;P22891-2	P22891;P22891-2				699191
P22897	P22897				6.26656e+06
P23083	P23083;P01743;A0A0C4DH29;A0A0C4DH31;A0A0C4DH33;A0A0J9YVY3;P0DP01				1.1404e+08
P23142	P23142				1.1341e+08
P23142-4	P23142-4				3.20664e+08
P23284	P23284				2.65699e+07
P23435	P23435				3.15132e+07
P23468	P23468;P23468-2;P23468-3;P23468-4;P23468-5;P23468-6;P23468-7				2.0292e+07
P23468-2	P23468-2				497253
P23468-7	P23468-4;P23468-5;P23468-6;P23468-7				981364
P23470;P23470-2	P23470;P23470-2				1.19159e+07
P23471;P23471-2	P23471;P23471-2;P23471-3				5.07478e+07
P23515	P23515				1.49447e+08
P23528	P23528				6.60792e+06
P23560;P23560-2;P23560-3;P23560-4;P23560-5	P23560;P23560-2;P23560-3;P23560-4;P23560-5				5.0443e+06
P23582	P23582				6.78822e+07
P24043	P24043				1.06847e+07
P24592	P24592				1.72381e+08
P24593	P24593				2.22314e+07
P24821;P24821-4	P24821;P24821-2;P24821-3;P24821-4;P24821-5;P24821-6				1.8577e+06
P25189;P25189-2	P25189;P25189-2				2.97057e+06
P25311	P25311				1.07478e+08
P25713	P25713				7.71185e+06
P25774;P25774-2	P25774;P25774-2				4.65313e+06
P26038	P26038				4.57875e+06
P26447	P26447				979162
P26572	P26572				7.45176e+06
P26641;P26641-2	P26641;P26641-2				769000
P26927	P26927;Q2TV78;Q2TV78-2				4.4597e+06
P26992	P26992				5.48579e+07
P27169	P27169				1.16854e+07
P27348	P27348				342547
P27658	P27658				1.72833e+06
P27797	P27797				4.16061e+07
P27824;P27824-2	P27824;P27824-2;P27824-3				8.36049e+06
P28066	P28066				453051
P28074;P28074-2	P28074;P28074-2				243203
P28161;P28161-2	P28161;P28161-2				7.95972e+06
P28300	P28300				5.22193e+06
P28482	P28482				514569
P28799;P28799-2;P28799-3	P28799;P28799-2;P28799-3				412646
P28827;P28827-2	P28827;P28827-2				1.22871e+06
P28838;P28838-2	P28838;P28838-2				133762
P29120;P29120-2	P29120;P29120-2				1.45055e+07
P29218;P29218-3	P29218;P29218-3;P29218-2				6.13352e+06
P29279;P29279-2	P29279;P29279-2				1.11019e+06
P29323;P29323-2;P29323-3	P29323;P29323-3;P29323-2				776427
P29401;P29401-2	P29401;P29401-2				1.63404e+06
P29622	P29622				4.23026e+07
P29762	P29762				1.93935e+06
P29966	P29966				8.25268e+06
P30041	P30041				4.14483e+06
P30043	P30043				1.01407e+06
P30044;P30044-2	P30044;P30044-2;P30044-3				414555
P30046	P30046				4.67029e+06
P30048;P30048-2	P30048;P30048-2				1.65758e+06
P30086	P30086				5.29443e+07
P30101	P30101				1.12827e+07
P30530;P30530-2	P30530;P30530-2				2.1872e+07
P30531	P30531				1.8396e+07
P30711	P30711				224396
P30740	P30740				1.09014e+06
P30990	P30990				606037
P31146	P31146				682453
P31150	P31150				1.06597e+07
P31153	P31153				860889
P31321	P31321				703994
P31946;P31946-2	P31946;P31946-2				3.25782e+06
P31948;P31948-2;P31948-3	P31948;P31948-2;P31948-3				357858
P32004;P32004-2;P32004-3	P32004;P32004-2;P32004-3				8.92802e+06
P32119	P32119				1.1227e+07
P32926	P32926				1.1444e+06
P33151	P33151;P33151-2				4.99603e+06
P33908	P33908				4.40167e+07
P34059	P34059				6.09296e+06
P34096	P34096				6.40914e+06
P34741	P34741				924990
P34932	P34932				186872
P34949;P34949-2	P34949;P34949-2				827603
P35052	P35052				9.63708e+06
P35080	P35080				666653
P35237	P35237				3.04838e+06
P35318	P35318				5.95941e+06
P35442	P35442				3.79416e+06
P35443	P35443				1.04822e+07
P35527	P35527				6.70929e+06
P35542	P35542				2.79318e+07
P35555	P35555				4.41116e+06
P35590	P35590				2.10355e+06
P35613;P35613-2	P35613;P35613-2;P35613-3;P35613-4				1.19321e+07
P35749;P35749-2;P35749-3;P35749-4	P35749;P35749-2;P35749-3;P35749-4				363825
P35858;P35858-2	P35858;P35858-2				8.37032e+06
P35908	P35908				2.66008e+06
P35968;P35968-2;P35968-3	P35968;P35968-2;P35968-3				1.21207e+06
P36222	P36222				2.4275e+08
P36269;P36269-2;P36269-3	P36269;P36269-2;P36269-3				632327
P36871;P36871-2	P36871;P36871-2				3.06274e+06
P36955	P36955				3.87154e+08
P36957	P36957;P36957-2				1.9866e+07
P36980	P36980				2.95433e+07
P37173;P37173-2	P37173;P37173-2				5.0094e+06
P37235;P61601;P84074	P37235;P61601;P84074				205480
P37802;P37802-2	P37802;P37802-2				1.66275e+06
P37837;P37837-2	P37837;P37837-2				2.21681e+07
P38571;P38571-2	P38571;P38571-2				3.94815e+06
P39059	P39059				7.56945e+06
P39060;P39060-1;P39060-2	P39060;P39060-1;P39060-2				1.40532e+07
P39748;P39748-2	P39748;P39748-2				1.28712e+06
P40121;P40121-2	P40121;P40121-2				1.88172e+06
P40189	P40189;P40189-3				2.07576e+07
P40925;P40925-3	P40925;P40925-2;P40925-3				3.86573e+07
P40926	P40926;P40926-2				2.08994e+06
P40967;P40967-2;P40967-4;P40967-5	P40967;P40967-2;P40967-4;P40967-5				446590
P41217;P41217-2;P41217-3	P41217;P41217-2;P41217-3				1.78786e+07
P41222	P41222				1.47176e+10
P41271;P41271-2	P41271;P41271-2				6.64182e+07
P42262;P42262-2;P42262-3	P42262;P42262-2;P42262-3;P42262-4				2.35221e+06
P42658;P42658-2	P42658;P42658-2				1.2086e+08
P42785	P42785;P42785-2				1.10236e+07
P42857;P42857-2	P42857;P42857-2				2.88924e+06
P43004;P43004-2;P43004-3	P43004;P43004-2;P43004-3				1.09314e+06
P43121	P43121;P43121-2				4.40496e+07
P43146	P43146				8.39394e+06
P43234	P43234				2.35194e+06
P43251;P43251-2;P43251-3;P43251-4	P43251;P43251-2;P43251-3;P43251-4				7.87364e+07
P43652	P43652				5.459e+07
P45877	P45877				1.26272e+07
P46108;P46108-2	P46108;P46108-2				579995
P46459	P46459				3.68405e+06
P47972	P47972				7.44526e+06
P48058;P48058-2	P48058;P48058-2				1.45644e+07
P48061;P48061-2;P48061-3;P48061-4;P48061-5;P48061-6	P48061;P48061-2;P48061-3;P48061-4;P48061-5;P48061-6				9.68047e+06
P48066;P48066-2	P48066;P48066-2				264036
P48147	P48147				1.33413e+06
P48163	P48163				409000
P48539	P48539				1.24245e+07
P48551;P48551-2;P48551-3	P48551;P48551-2;P48551-3				77673.3
P48637	P48637;P48637-2				4.54941e+06
P48723	P48723				4.44151e+06
P48740	P48740				81278.8
P48740-2;P48740-4	P48740-2;P48740-4				2.50829e+06
P48740-3	P48740;P48740-2;P48740-3;P48740-4				5.87955e+06
P48745	P48745				5.15624e+06
P49221	P49221				8.93874e+06
P49257	P49257				6.53672e+06
P49418;P49418-2	P49418;P49418-2				1.21709e+06
P49641	P49641;P49641-1;P49641-2				1.43055e+07
P49747;P49747-2	P49747;P49747-2				7.28248e+06
P49908	P49908				2.15404e+07
P50238	P50238				3.2963e+06
P50281	P50281				5.0915e+06
P50395;P50395-2	P50395;P50395-2				2.44331e+06
P50502	P50502;Q8NFI4				1.9086e+06
P50750-2	P50750-2				1.33361e+06
P50895	P50895				1.85489e+06
P50897	P50897;P50897-2				1.32665e+06
P50993	P05023;P13637;P20648;P50993;P05023-2;P05023-3;P05023-4;P13637-2;P13637-3				1.39518e+06
P51674;P51674-2;P51674-3	P51674;P51674-2;P51674-3				377483
P51688	P51688				140082
P51693	P51693;P51693-2				6.13435e+08
P51693-2	P51693-2				1.11791e+07
P51805	P51805				171589
P51884	P51884				8.40547e+07
P51888	P51888				1.62285e+07
P52565;P52565-2	P52565;P52565-2				534958
P52566	P52566				987742
P52758	P52758				4.22821e+06
P52797	P52797				1.11981e+06
P52799	P52799				7.46146e+06
P52803	P52803				1.02294e+07
P52848	P52848				1.74611e+06
P53041	P53041				924212
P53634	P53634				5.92626e+06
P54108;P54108-2;P54108-3	P54108;P54108-2;P54108-3				1.62242e+07
P54253	P54253				1.00036e+08
P54289-2;P54289-3	P54289;P54289-2;P54289-3;P54289-4;P54289-5				3.32128e+07
P54652	P54652				1.2548e+06
P54727	P54725;P54727;P54725-2;P54725-3				2.80067e+06
P54764	P54764;P54764-2				4.93125e+07
P54802	P54802				3.69754e+06
P54803	P54803;P54803-3;P54803-4;P54803-5				1.22269e+06
P55058	P55058;P55058-2;P55058-3;P55058-4				1.32735e+08
P55083;P55083-2	P55083;P55083-2				3.76941e+07
P55087;P55087-2	P55087;P55087-2				5.74518e+06
P55103	P55103				34923.6
P55268	P55268				4.58018e+06
P55283;P55283-2	P55283;P55283-2				1.8057e+07
P55285;P55285-2	P55285;P55285-2				7.0847e+06
P55286	P55286;P55287;P55289;Q9ULB5;P55287-2;P55289-2				9.24808e+06
P55287;P55287-2	P55287;P55287-2				4.8002e+06
P55290;P55290-4	P55290;P55290-2;P55290-3;P55290-4;P55290-5				1.72421e+08
P55291	P55291				8.67468e+06
P55774	P55774				406924
P55786	P55786;A6NEC2;P55786-2				3.64735e+06
P55854;P55854-2;P61956;P61956-2;Q6EEV6	P55854;P61956;Q6EEV6;P55854-2;P61956-2				1.54552e+06
P55957;P55957-2	P55957;P55957-2;P55957-4				376222
P56159;P56159-2	P56159;P56159-2				8.40193e+06
P56817;P56817-2	P56817;P56817-2;P56817-3;P56817-4;P56817-5;P56817-6				2.19879e+06
P57087;P57087-2;P57087-3	P57087;P57087-2;P57087-3				2.75699e+06
P58215	P58215;P58215-2;P58215-3				1.25002e+06
P58400	P58400;P58400-1				5.10889e+06
P58401	P58401				2.67345e+06
P58417	O95156;P58417				7.78052e+06
P59190;P59190-2	P51153;P59190;P61006;P61026;P62820;Q92930;Q9H0U4;Q92928;P61006-2;P62820-2;P62820-3;P59190-2				1.05682e+06
P60174;P60174-3	P60174;P60174-3;P60174-4				1.82866e+07
P60520	O95166;P60520;Q9H0R8;Q9H0R8-2				923737
P60660;P60660-2	P60660;P60660-2				761936
P60709;P63261	P60709;P63261				1.037e+08
P60983	O60234;P60983				2.46209e+06
P61088	P61088				1.46009e+06
P61204;P61204-2;P84077;P84085	P18085;P61204;P84077;P84085;P61204-2				695733
P61266;P61266-2	P61266;P61266-2				1.01686e+06
P61278	P61278				2.34288e+07
P61604	P61604				1.61106e+06
P61626	P61626				5.43477e+07
P61769	P61769				2.09876e+09
P61812;P61812-2	P61812;P61812-2				14777.1
P61916	P61916;P61916-2				1.59206e+08
P61970	P61970				2.92496e+06
P61981	P61981				8.7082e+06
P62258	P62258;P62258-2				6.75724e+06
P62328	P62328;P63313				1.54341e+07
P62736;P63267	P62736;P63267;P68032;P68133				3.40335e+06
P62805	P62805				253384
P62873;P62873-2;P62879	P16520;P62873;P62879;P16520-2;P62873-2				1.36603e+06
P62937	P62937				1.85368e+07
P62942	P62942				5.42704e+06
P62993	P62993;P62993-2				2.80553e+06
P63010;P63010-2;P63010-3	P63010;P63010-2;Q10567;Q10567-3;P63010-3;Q10567-2;Q10567-4				9.82808e+06
P63104	P63104;P63104-2				1.15464e+07
P63167	P63167;Q96FJ2				5.0372e+06
P63208	P63208;P63208-2				5.84762e+06
P63302	P63302				1.51511e+06
P68036	P68036;A0A1B0GUS4;P68036-2;P68036-3				2.3566e+06
P68104;Q5VTE0	P68104;Q05639;Q5VTE0				2.22583e+06
P68363;Q71U36;Q71U36-2;Q9BQE3	P0DPH7;P0DPH8;P68363;P68366;Q6PEY2;Q71U36;Q9BQE3;P0DPH7-2;P68363-2;P68366-2;Q71U36-2				216756
P68871	P02042;P68871				1.50052e+08
P69849;Q15155;Q5JPE7;Q5JPE7-2	P69849;Q15155;Q5JPE7;Q5JPE7-2;Q5JPE7-3				773570
P69905	P69905				9.25737e+07
P78310;P78310-2;P78310-5;P78310-6;P78310-7	P78310;P78310-2;P78310-4;P78310-5;P78310-6;P78310-7				1.92907e+06
P78324;P78324-2;P78324-4	P78324;Q5TFQ8;P78324-2;P78324-4				3.58994e+07
P78330	P78330				702584
P78417	P78417;P78417-3				3.90034e+06
P78504	P78504;P78504-2				649047
P78509;P78509-2;P78509-3	P78509;P78509-2;P78509-3				4.36817e+07
P78536;P78536-2	P78536;P78536-2				1.03082e+06
P78539;P78539-2;P78539-3;P78539-5	P78539;P78539-2;P78539-3;P78539-4;P78539-5				1.53742e+06
P78563;P78563-2;P78563-3;P78563-4;P78563-5;P78563-6	P78563;P78563-4;P78563-2;P78563-3;P78563-5;P78563-6				1.12842e+07
P80108	P80108				3.15857e+06
P80188;P80188-2	P80188;P80188-2				1.45847e+06
P80303;P80303-2	P80303;P80303-2				2.29955e+06
P80723	P80723;P80723-2				1.5667e+07
P80748	P80748				3.16894e+07
P81605;P81605-2	P81605;P81605-2				743979
P84157	P84157;P84157-2;P84157-3				469263
P98095;P98095-2	P98095;P98095-2				8.2398e+06
P98153;P98153-2;P98153-3	P98153;P98153-2;P98153-3				1.87837e+06
P98155;P98155-2	P98155;P98155-2				242125
P98160	P98160				8.04705e+07
P98172	P98172				1.32664e+06
P98173;P98173-2;P98173-3	P98173;P98173-2;P98173-3				642572
P99999	P99999				4.22206e+06
Q00169	Q00169				181831
Q00973	Q00973;Q00973-2;Q00973-3				2.77797e+06
Q01082	Q01082				696634
Q01459	Q01459				7.98261e+06
Q01469	Q01469				4.98071e+06
Q01814;Q01814-2;Q01814-3;Q01814-4;Q01814-5;Q01814-6;Q01814-7;Q01814-8	Q01814;Q01814-2;Q01814-3;Q01814-4;Q01814-5;Q01814-6;Q01814-7;Q01814-8				4.56208e+06
Q01973;Q01973-3;Q01974	Q01973;Q01974;Q01973-3				422965
Q01995	Q01995				2.36276e+07
Q02246	Q02246				6.85351e+07
Q02487;Q02487-2	Q02487;Q02487-2				6.87777e+06
Q02790	Q02790				272050
Q02809;Q02809-2	Q02809;Q02809-2				6.94011e+06
Q02818	Q02818				4.03787e+07
Q02985;Q02985-2	Q02985;Q92496;Q02985-2;Q92496-2;Q92496-3				1.01039e+07
Q03167;Q03167-2	Q03167;Q03167-2				1.17779e+07
Q03591	Q03591				444239
Q04721	Q04721				4.53053e+06
Q04756	Q04756				3.3136e+06
Q04760;Q04760-2	Q04760;Q04760-2				2.44523e+06
Q05193;Q05193-2;Q05193-3;Q05193-5;Q9UQ16;Q9UQ16-2;Q9UQ16-3;Q9UQ16-4	Q05193;Q9UQ16;Q05193-2;Q05193-3;Q05193-5;Q9UQ16-2;Q9UQ16-3;Q9UQ16-4				686460
Q05707;Q05707-2	Q05707;Q05707-2;Q05707-3				3.43243e+06
Q05996;Q05996-2	Q05996;Q05996-2				6.14281e+06
Q06033;Q06033-2	Q06033;Q06033-2				4.53656e+06
Q06418	Q06418				1.22366e+07
Q06481	Q06481;Q06481-3;Q06481-6				7.77184e+07
Q06828	Q06828				2.54272e+07
Q06830	Q06830;Q13162				1.64359e+07
Q07092;Q07092-2	Q07092;Q07092-2				2.75962e+06
Q07507	Q07507				1.6732e+06
Q07699;Q07699-2	Q07699;Q07699-2				2.10427e+06
Q07954	Q07954				7.84889e+06
Q08174;Q08174-2	Q08174;Q08174-2				1.00543e+07
Q08209;Q08209-2;Q08209-3;Q08209-5	P16298;Q08209;Q08209-2;P16298-2;P16298-3;P16298-4;Q08209-3;Q08209-5				3.99293e+06
Q08345;Q08345-5	Q08345;Q08345-2;Q08345-4;Q08345-5;Q08345-6				8.9006e+06
Q08380	Q08380				1.15371e+08
Q08397	Q08397				1.95702e+06
Q08431;Q08431-4	Q08431;Q08431-3;Q08431-4				5.92453e+06
Q08554;Q08554-2	Q08554;Q08554-2				2.04656e+06
Q08629	Q08629				1.13666e+07
Q08ET2	O15389;Q08ET2				1.27226e+07
Q09327	Q09327				4.67078e+06
Q09328	Q09328				1.48751e+06
Q0P6D2	Q0P6D2;Q0P6D2-2				3.46021e+06
Q10469	Q10469				3.20396e+06
Q10471	Q10471				1.08444e+07
Q10472	Q10472;Q8IUC8;Q8IUC8-3;Q8IUC8-2				7.22316e+06
Q10588	Q10588;Q10588-2				4.42152e+06
Q10589;Q10589-2	Q10589;Q10589-2				521238
Q12765;Q12765-2;Q12765-3	Q12765;Q12765-2;Q12765-3				674327
Q12794;Q12794-2;Q12794-7	Q12794;Q12794-2;Q12794-3;Q12794-7				1.92979e+06
Q12797;Q12797-10	Q12797;Q12797-10				2.85694e+06
Q12805;Q12805-2;Q12805-3;Q12805-4;Q12805-5	Q12805;Q12805-2;Q12805-3;Q12805-4;Q12805-5				1.2407e+08
Q12841;Q12841-2	Q12841;Q12841-2				1.08046e+07
Q12860	Q12860;Q12860-2				1.05882e+08
Q12866	Q12866				2.35851e+06
Q12907	Q12907				9.64645e+07
Q12913;Q12913-3	Q12913;Q12913-2;Q12913-3				3.02254e+06
Q13093	Q13093				754612
Q13214;Q13214-2	Q13214;Q13214-2				3.02865e+06
Q13217	Q13217				1.61008e+06
Q13228;Q13228-4	Q13228;Q13228-2;Q13228-3;Q13228-4				2.14991e+07
Q13231;Q13231-3	Q13231;Q13231-2;Q13231-3;Q13231-4				5.52655e+06
Q13232	Q13232				1.12424e+06
Q13275-2	Q13275;Q13275-2				714239
Q13308;Q13308-2;Q13308-3;Q13308-4;Q13308-5;Q13308-6	Q13308;Q13308-2;Q13308-3;Q13308-4;Q13308-5;Q13308-6				905915
Q13332-2;Q13332-6	Q13332;Q13332-2;Q13332-3;Q13332-4;Q13332-5;Q13332-6;Q13332-7				3.61887e+07
Q13332-5	Q13332-5;Q13332-7				7.87031e+06
Q13404;Q13404-1;Q13404-2;Q13404-7	Q13404;Q13404-1;Q13404-2;Q13404-6;Q13404-7				2.92558e+06
Q13421-2;Q13421-3;Q13421-4	Q13421;Q13421-2;Q13421-3;Q13421-4				2.67146e+06
Q13433	Q13433				845622
Q13443;Q13443-2	Q13443;Q13443-2				1.56362e+06
Q13444;Q13444-10;Q13444-11;Q13444-12;Q13444-2;Q13444-3;Q13444-4;Q13444-5;Q13444-6;Q13444-7;Q13444-8;Q13444-9	Q13444;Q13444-2;Q13444-10;Q13444-11;Q13444-12;Q13444-3;Q13444-4;Q13444-5;Q13444-6;Q13444-7;Q13444-8;Q13444-9				587083
Q13449	Q13449				4.2895e+08
Q13501;Q13501-2	Q13501;Q13501-2				1.52194e+06
Q13508;Q13508-2;Q13508-3	Q13508;Q13508-2;Q13508-3				1.78057e+07
Q13510;Q13510-2	Q13510;Q13510-2;Q13510-3				6.97482e+06
Q13519;Q13519-2	Q13519;Q13519-2				593799
Q13554;Q13554-2;Q13554-3;Q13554-4;Q13554-5;Q13554-7;Q13554-8	Q13554;Q13554-3;Q13554-2;Q13554-4;Q13554-5;Q13554-6;Q13554-7;Q13554-8				4.46941e+06
Q13555;Q13555-10;Q13555-11;Q13555-2;Q13555-3;Q13555-4;Q13555-5;Q13555-6;Q13555-7;Q13555-8;Q13555-9	Q13555;Q13555-5;Q13555-10;Q13555-11;Q13555-2;Q13555-3;Q13555-4;Q13555-6;Q13555-7;Q13555-8;Q13555-9				1.78068e+06
Q13557;Q13557-10;Q13557-11;Q13557-12;Q13557-3;Q13557-4;Q13557-5;Q13557-6;Q13557-8;Q13557-9	Q13557;Q13557-8;Q13557-10;Q13557-11;Q13557-12;Q13557-3;Q13557-4;Q13557-5;Q13557-6;Q13557-9				2.68611e+06
Q13634;Q13634-2	Q13634;Q13634-2				8.44183e+06
Q13641	Q13641				797384
Q13683;Q13683-10;Q13683-13;Q13683-3;Q13683-7;Q13683-9	Q13683;Q13683-10;Q13683-13;Q13683-3;Q13683-7;Q13683-9				3.106e+06
Q13740;Q13740-2	Q13740;Q13740-2;Q13740-3				2.9567e+07
Q13790	Q13790				1.57193e+06
Q13822-3	Q13822;Q13822-3				3.22814e+08
Q13867	Q13867				5.1337e+06
Q14019	Q14019				8.52905e+06
Q14112;Q14112-2	Q14112;Q14112-2				8.7961e+06
Q14114;Q14114-2;Q14114-3;Q14114-4	Q14114;Q14114-3;Q14114-2;Q14114-4				1.26477e+06
Q14118	Q14118				1.83829e+08
Q14126	Q14126				7.3057e+06
Q14165	Q14165				6.67497e+06
Q14242;Q14242-2	Q14242;Q14242-2				2.24411e+06
Q14257;Q14257-2	Q14257;Q14257-2				1.20816e+06
Q14314	Q14314				7.99296e+06
Q14315;Q14315-2	Q14315;Q14315-2				3.73883e+06
Q14393;Q14393-1;Q14393-3;Q14393-4;Q14393-5	Q14393;Q14393-1;Q14393-3;Q14393-4;Q14393-5				1.05431e+07
Q14515	Q14515;Q14515-2				3.03732e+08
Q14517	Q14517;Q8TDW7;Q8TDW7-1				1.11227e+06
Q14520;Q14520-2	Q14520;Q14520-2				5.6224e+06
Q14563	Q14563				1.4243e+06
Q14566	Q14566				5.07021e+06
Q14574;Q14574-2	Q14574;Q14574-2				2.17789e+06
Q14624	Q14624				7.64983e+07
Q14696	Q14696				841917
Q14697;Q14697-2	Q14697;Q14697-2				7.07299e+06
Q14766	Q14766;Q14766-4				7.48738e+06
Q14767	Q14767				7.84543e+06
Q14894	Q14894				1.24746e+06
Q14956;Q14956-2	Q14956;Q14956-2				2.45703e+06
Q14982;Q14982-2;Q14982-3;Q14982-4	Q14982;Q14982-2;Q14982-3;Q14982-4				4.32819e+07
Q14C87	Q14C87;Q14C87-2				7.9582e+06
Q14CZ8	Q14CZ8				3.60307e+06
Q14DG7	Q14DG7;Q14DG7-2				3.70248e+06
Q15063;Q15063-3;Q15063-5	Q15063;Q15063-2;Q15063-3;Q15063-4;Q15063-5;Q15063-6;Q15063-7				1.57908e+06
Q15084;Q15084-2;Q15084-3;Q15084-4;Q15084-5	Q15084;Q15084-2;Q15084-3;Q15084-4;Q15084-5				1.11799e+06
Q15113	Q15113				6.06848e+07
Q15121;Q15121-2	Q15121;Q15121-2				28791
Q15166	Q15166				4.56542e+06
Q15223;Q15223-2;Q15223-3	Q15223;Q15223-2;Q15223-3				1.29634e+07
Q15256;Q15256-5	Q15256;Q15256-5				3.96649e+06
Q15257;Q15257-2;Q15257-3	Q15257;Q15257-2;Q15257-3				1.01172e+06
Q15262;Q15262-2;Q15262-3;Q15262-4	Q15262;Q15262-2;Q15262-3;Q15262-4				2.76734e+06
Q15293;Q15293-2	Q15293;Q15293-2				1.27024e+07
Q15303;Q15303-2;Q15303-3;Q15303-4	Q15303;Q15303-2;Q15303-3;Q15303-4				2.12238e+06
Q15375;Q15375-4	Q15375;Q15375-2;Q15375-4				3.28204e+06
Q15459;Q15459-2	Q15459;Q15459-2				1.40215e+06
Q15465	Q15465				2.1951e+06
Q15582	Q15582				4.77321e+07
Q15768	Q15768				4.07754e+06
Q15782;Q15782-6	Q15782;Q15782-6				5.39827e+06
Q15818	Q15818				3.88119e+07
Q15828	Q15828				3.78297e+06
Q15846	Q15846				1.08604e+06
Q15847	Q15847				1.30575e+06
Q15848	Q15848				5.81566e+06
Q15904	Q15904				1.12657e+08
Q16143	Q16143				1.74085e+06
Q16270	Q16270;Q16270-2				6.11062e+08
Q16288;Q16288-2;Q16288-3;Q16288-4;Q16288-5	Q16288;Q16288-2;Q16288-3;Q16288-4;Q16288-5				9.77758e+06
Q16363;Q16363-2	Q16363;Q16363-2				3.69036e+06
Q16394	Q16394				534084
Q16531	Q16531				2.00369e+06
Q16555;Q16555-2	Q16555;Q16555-2				1.6472e+06
Q16568	Q16568				6.83878e+06
Q16581	Q16581				4.44901e+06
Q16610;Q16610-4	Q16610;Q16610-2;Q16610-4				4.86271e+07
Q16620;Q16620-2;Q16620-3;Q16620-4;Q16620-5;Q16620-6	Q16620;Q16620-2;Q16620-3;Q16620-4;Q16620-5;Q16620-6				1.31381e+07
Q16623;Q16623-2;Q16623-3	Q16623;Q16623-2;Q16623-3				64146.9
Q16627;Q16627-2	Q16627;Q16627-2				4.84575e+06
Q16651	Q16651;Q16651-2				3.82954e+06
Q16653;Q16653-10;Q16653-11;Q16653-13;Q16653-2;Q16653-3;Q16653-5;Q16653-6;Q16653-7;Q16653-8;Q16653-9	Q16653;Q16653-10;Q16653-11;Q16653-13;Q16653-2;Q16653-3;Q16653-5;Q16653-6;Q16653-7;Q16653-8;Q16653-9				1.60435e+07
Q16658	Q16658				1.47279e+07
Q16674	Q16674				5.90347e+06
Q16706	Q16706				9.16803e+06
Q16769	Q16769				2.44813e+07
Q16775;Q16775-2	Q16775;Q16775-2				1.7312e+06
Q16799	Q16799				669846
Q16849	Q16849;Q16849-3;Q16849-2				2.37228e+07
Q16853;Q16853-2	Q16853;Q16853-2				1.50198e+06
Q16880	Q16880				1.00259e+07
Q16881;Q16881-2;Q16881-3;Q16881-4;Q16881-5;Q16881-6;Q16881-7	Q16881;Q16881-4;Q16881-5;Q16881-2;Q16881-3;Q16881-6;Q16881-7				786649
Q16891;Q16891-2;Q16891-3;Q16891-4	Q16891;Q16891-2;Q16891-3;Q16891-4				468239
Q17RC7	Q17RC7				1.55178e+07
Q24JP5;Q24JP5-2	Q24JP5;Q24JP5-2;Q24JP5-3				2.81718e+07
Q2TAL6	Q2TAL6				2.46514e+06
Q2UY09	Q2UY09;Q2UY09-2;Q2UY09-3				2.86962e+06
Q495W5;Q495W5-2	Q495W5;Q495W5-2				2.79641e+06
Q496H8	Q496H8				158333
Q4G148;Q4G148-2	Q4G148;Q4G148-2				67553.4
Q4KWH8;Q4KWH8-3;Q4KWH8-4	Q4KWH8;Q4KWH8-2;Q4KWH8-3;Q4KWH8-4				4.50999e+06
Q53EL9;Q53EL9-3	Q53EL9;Q53EL9-2;Q53EL9-3				6.19931e+07
Q53RD9;Q53RD9-2;Q53RD9-3;Q53RD9-4	Q53RD9;Q53RD9-2;Q53RD9-3;Q53RD9-4				9.33063e+06
Q53RT3;Q53RT3-2	Q53RT3;Q53RT3-2				1.01938e+06
Q562R1	Q562R1				3.70391e+07
Q58EX2;Q58EX2-2;Q58EX2-3;Q58EX2-4	Q58EX2;Q58EX2-2;Q58EX2-3;Q58EX2-4				254034
Q58FF6	Q58FF6				669586
Q5BIV9	Q5BIV9				1.54161e+07
Q5BLP8;Q5BLP8-2;Q5BLP8-3	Q5BLP8;Q5BLP8-2;Q5BLP8-3				2.73662e+07
Q5FWE3;Q5FWE3-3	Q5FWE3;Q5FWE3-3				2.91099e+07
Q5IJ48;Q5IJ48-2;Q5IJ48-3	Q5IJ48;Q5IJ48-2;Q5IJ48-3				1.45205e+06
Q5JRA6;Q5JRA6-2	Q5JRA6;Q5JRA6-2				1.44288e+06
Q5JS37;Q5JS37-2	Q5JS37;Q5JS37-2				382979
Q5JTV8;Q5JTV8-3	Q5JTV8;Q5JTV8-3				446260
Q5JZY3;Q5JZY3-2;Q5JZY3-3	Q5JZY3;Q5JZY3-2;Q5JZY3-3				3.78791e+06
Q5KU26	Q5KU26				3.34102e+07
Q5R3F8	Q5R3F8				1.93694e+06
Q5SGD2;Q5SGD2-2;Q5SGD2-3	Q5SGD2;Q5SGD2-2;Q5SGD2-3				1.31376e+06
Q5SRI9	Q5SRI9				1.3038e+06
Q5SZK8	Q5SZK8;Q5SZK8-2				2.94915e+06
Q5T848	Q5T848				6.61658e+06
Q5TAX3;Q5TAX3-2	Q5TAX3;Q5TAX3-2				9.41989e+06
Q5VSG8	Q5VSG8				6.24709e+06
Q5VU97	Q5VU97				5.67112e+06
Q5VUB5	Q5VUB5				1.24202e+06
Q5VV43;Q5VV43-2;Q5VV43-4	Q5VV43;Q5VV43-2;Q5VV43-4				1.86028e+06
Q5VV63	Q5VV63				341232
Q5VWW1;Q5VWW1-2;Q5VWW1-3	Q5VWW1;Q5VWW1-2;Q5VWW1-3				3.79999e+06
Q641Q3;Q641Q3-2	Q641Q3;Q641Q3-2				5.41191e+06
Q658N2	Q658N2				6.28004e+06
Q68BL7;Q68BL7-2;Q68BL7-3	Q68BL7;Q68BL7-2;Q68BL7-3				8.82519e+06
Q68D85	Q68D85				2.08917e+06
Q6E0U4;Q6E0U4-16;Q6E0U4-2;Q6E0U4-3;Q6E0U4-4;Q6E0U4-5;Q6E0U4-6;Q6E0U4-7	Q6E0U4;Q6E0U4-16;Q6E0U4-2;Q6E0U4-3;Q6E0U4-4;Q6E0U4-5;Q6E0U4-6;Q6E0U4-7				1.01045e+06
Q6EMK4	Q6EMK4				1.49692e+07
Q6FHJ7	Q6FHJ7				2.51588e+06
Q6GTX8;Q6GTX8-2;Q6GTX8-3;Q6GTX8-4;Q6ISS4;Q6ISS4-2	Q6GTX8;Q6ISS4;Q6GTX8-2;Q6GTX8-3;Q6GTX8-4;Q6ISS4-2				1.0739e+07
Q6IBS0	Q6IBS0				431212
Q6IEE7	Q6IEE7				659880
Q6IS24	Q6IS24				2.33223e+06
Q6MZW2	Q6MZW2;Q6MZW2-2;Q6MZW2-3				6.2139e+06
Q6NUJ2	Q6NUJ2				1.95476e+06
Q6NW40	Q6NW40				8.36734e+06
Q6P179;Q6P179-3	Q6P179;Q6P179-2;Q6P179-3;Q6P179-4				762132
Q6P1N9	Q6P1N9				4.18153e+06
Q6P4E1;Q6P4E1-5	Q6P4E1;Q6P4E1-2;Q6P4E1-5				1.30416e+07
Q6P9A2	Q6P9A2				2.75155e+06
Q6PCB0	Q6PCB0				1.05518e+06
Q6PUV4	O14810;Q6PUV4				1.43286e+06
Q6RVD6	Q6RVD6				3.35662e+06
Q6UVK1	Q6UVK1				7.55872e+06
Q6UVY6;Q6UVY6-2	Q6UVY6;Q6UVY6-2				2.04242e+06
Q6UW01	Q6UW01				1.09177e+07
Q6UW78	Q6UW78				453791
Q6UWH4;Q6UWH4-2	Q6UWH4;Q6UWH4-2;Q6UWH4-3				7.08194e+06
Q6UWP8	Q6UWP8;Q6UWP8-2				81571.3
Q6UWR7	Q6UWR7				4.07186e+06
Q6UWY5	Q6UWY5				2.21217e+06
Q6UX15;Q6UX15-2	Q6UX15;Q6UX15-2				2.94623e+06
Q6UX71	Q6UX71;Q6UX71-2				3.90582e+07
Q6UX72	Q6UX72				1.83816e+06
Q6UX73;Q6UX73-2	Q6UX73;Q6UX73-2				5.32937e+07
Q6UXB8	Q6UXB8;Q6UXB8-2				2.24675e+07
Q6UXD5-3;Q6UXD5-5	Q6UXD5;Q6UXD5-2;Q6UXD5-3;Q6UXD5-4;Q6UXD5-5;Q6UXD5-6				3.53723e+07
Q6UXF1;Q6UXF1-2	Q6UXF1;Q6UXF1-2				435721
Q6UXH1;Q6UXH1-2;Q6UXH1-3;Q6UXH1-4;Q6UXH1-5;Q6UXH1-6	Q6UXH1;Q6UXH1-2;Q6UXH1-3;Q6UXH1-4;Q6UXH1-5;Q6UXH1-6				579926
Q6UXH9;Q6UXH9-2	Q6UXH9;Q6UXH9-2;Q6UXH9-3				3.3405e+06
Q6UXI9;Q6UXI9-3;Q6UXI9-4;Q6UXI9-5;Q6UXI9-6	Q6UXI9;Q6UXI9-2;Q6UXI9-3;Q6UXI9-4;Q6UXI9-5;Q6UXI9-6				1.20056e+06
Q6UXK2	Q6UXK2				2.63975e+06
Q6UXK5	Q6UXK5				2.1039e+06
Q6UXZ4;Q6UXZ4-2	Q6UXZ4;Q6UXZ4-2				3.89264e+06
Q6YHK3	Q6YHK3;Q6YHK3-2;Q6YHK3-4				6.93948e+06
Q6ZMI3;Q6ZMI3-2	Q6ZMI3;Q6ZMI3-2				7.20032e+06
Q6ZMP0;Q6ZMP0-2	Q6ZMP0;Q6ZMP0-2				2.27924e+06
Q6ZN30;Q6ZN30-2	Q6ZN30;Q6ZN30-2				1.28116e+06
Q6ZN44;Q6ZN44-2	Q6ZN44;Q6ZN44-2				283240
Q6ZRP7	Q6ZRP7				3.33688e+06
Q6ZSJ9;Q6ZSJ9-2;Q6ZSJ9-3	Q6ZSJ9;Q6ZSJ9-2;Q6ZSJ9-3				6.05476e+07
Q6ZU80	Q6ZU80				208133
Q6ZVL6;Q6ZVL6-2	Q6ZVL6;Q6ZVL6-2				8.27066e+06
Q76KP1	Q76KP1				1.00563e+06
Q7KYR7;Q7KYR7-1;Q7KYR7-4;Q7KYR7-6;Q8WVV5;Q8WVV5-2;Q8WVV5-3	Q7KYR7;Q8WVV5;Q7KYR7-4;Q7KYR7-1;Q7KYR7-5;Q7KYR7-6;Q8WVV5-2;Q8WVV5-3				1.52729e+06
Q7L0X0	Q7L0X0				1.32012e+06
Q7L266;Q7L266-2	Q7L266;Q7L266-2				222121
Q7LFX5	Q7LFX5				1.15618e+07
Q7LGC8	Q7LGC8				802957
Q7Z304	Q7Z304				1.12928e+06
Q7Z3B1	Q7Z3B1;Q7Z3B1-2				1.08676e+08
Q7Z3D4	Q7Z3D4				639937
Q7Z553;Q7Z553-3	Q7Z553;Q7Z553-2;Q7Z553-3				2.36301e+06
Q7Z5A7;Q7Z5A7-2	Q7Z5A7;Q7Z5A7-2;Q7Z5A7-3				1.57272e+07
Q7Z5L0	Q7Z5L0				1.54491e+06
Q7Z5L7;Q7Z5L7-2;Q7Z5L7-3	Q7Z5L7;Q7Z5L7-2;Q7Z5L7-3;Q7Z5L7-4				3.44949e+06
Q7Z5N4;Q7Z5N4-3	Q7Z5N4;Q7Z5N4-3				15069.7
Q7Z7G0;Q7Z7G0-2;Q7Z7G0-3;Q7Z7G0-4	Q7Z7G0;Q7Z7G0-2;Q7Z7G0-3;Q7Z7G0-4				632619
Q7Z7H5;Q7Z7H5-3	Q7Z7H5;Q7Z7H5-2;Q7Z7H5-3				3.51971e+06
Q7Z7M0	Q7Z7M0;Q7Z7M0-2				3.66478e+07
Q7Z7M9	Q7Z7M9				7.23386e+06
Q86SF2	Q86SF2				7.95387e+06
Q86SJ2	Q86SJ2				221030
Q86SR1	Q86SR1;Q86SR1-2;Q86SR1-3				7.81265e+06
Q86TH1	Q86TH1				472080
Q86TY3;Q86TY3-2	Q86TY3;Q86TY3-2				1.83986e+07
Q86UD1	Q86UD1				7.34003e+06
Q86UN2	Q86UN2				6.01918e+06
Q86UN3	Q86UN3				1.89491e+07
Q86UP0;Q86UP0-2	Q86UP0;Q86UP0-2				6.74329e+06
Q86UW8	Q86UW8				2.97887e+06
Q86UX2	Q86UX2;Q86UX2-2;Q86UX2-3				2.54367e+07
Q86V85	Q86V85				408204
Q86VB7;Q86VB7-2;Q86VB7-3;Q86VB7-4	Q86VB7;Q86VB7-2;Q86VB7-3;Q86VB7-4				1.88334e+07
Q86VV8;Q86VV8-2;Q86VV8-3;Q86VV8-4	Q86VV8;Q86VV8-2;Q86VV8-4;Q86VV8-3				8.92964e+06
Q86VZ4	Q86VZ4				4.77111e+06
Q86X29;Q86X29-2;Q86X29-3;Q86X29-4;Q86X29-5;Q86X29-6	Q86X29;Q86X29-2;Q86X29-3;Q86X29-4;Q86X29-5;Q86X29-6				4.92925e+06
Q86XR7-2;Q9Y3B3;Q9Y3B3-2	Q9Y3B3;Q86XR7-2;Q9Y3B3-2				1.27858e+06
Q86Y38	Q86Y38				2.42377e+06
Q86Y82	Q86Y82				2.01673e+06
Q86YD3;Q86YD3-2;Q86YD3-4;Q86YD3-5	Q86YD3;Q86YD3-2;Q86YD3-3;Q86YD3-4;Q86YD3-5				8.3001e+06
Q86YT9;Q86YT9-2;Q86YT9-3;Q86YT9-4	Q86YT9;Q86YT9-2;Q86YT9-3;Q86YT9-4				267720
Q86YZ3	Q86YZ3				137269
Q8IUC8	Q8IUC8;Q8IUC8-3;Q8IUC8-2				5.60306e+06
Q8IUK5;Q8IUK5-2;Q8IUK5-3	Q8IUK5;Q8IUK5-2;Q8IUK5-3;Q8IUK5-4				1.1069e+07
Q8IUK8	Q8IUK8				2.78946e+07
Q8IUX7	Q8IUX7;Q8IUX7-2				1.55006e+07
Q8IV08	Q8IV08				1.52986e+07
Q8IW52	Q8IW52				1.07907e+07
Q8IWT1	Q8IWT1;Q8IWT1-2				2.51413e+06
Q8IWU5;Q8IWU5-2	Q8IWU5;Q8IWU5-2				4.8369e+07
Q8IWV2	Q8IWV2				4.68236e+06
Q8IWY4	Q8IWY4				850395
Q8IWZ6;Q8IWZ6-2	Q8IWZ6;Q8IWZ6-2				1.58825e+06
Q8IXL6	Q8IXL6;Q8IXL6-2				7.93388e+06
Q8IYJ0;Q8IYJ0-2	Q8IYJ0;Q8IYJ0-2				4.2059e+07
Q8IYS5-2;Q8IYS5-3;Q8IYS5-6	Q8IYS5;Q8IYS5-2;Q8IYS5-3;Q8IYS5-4;Q8IYS5-5;Q8IYS5-6;Q8IYS5-7				2.69928e+06
Q8IZA0;Q8IZA0-2	Q8IZA0;Q8IZA0-2				4.38538e+06
Q8IZJ1;Q8IZJ1-2	Q8IZJ1;Q8IZJ1-2				1.88579e+06
Q8IZJ3;Q8IZJ3-2	Q8IZJ3;Q8IZJ3-2				863528
Q8IZP7	Q8IZP7				8.85735e+06
Q8IZS8	Q8IZS8;Q8IZS8-2;Q8IZS8-3				2.20255e+07
Q8IZU9;Q8IZU9-2	Q8IZU9;Q8IZU9-2				212408
Q8N111	Q8N111				1.50332e+06
Q8N114;Q8N114-2	Q8N114;Q8N114-2				2.25542e+07
Q8N126;Q8N126-2	Q8N126;Q8N126-2				5.13199e+07
Q8N128;Q8N128-2	Q8N128;Q8N128-2				764807
Q8N129	Q8N129				513638
Q8N149;Q8N149-2;Q8N149-3;Q8N149-4	Q8N149;Q8N149-2;Q8N149-3;Q8N149-4				4.49685e+06
Q8N2Q7;Q8N2Q7-2	Q8N2Q7;Q8N2Q7-2				5.28086e+06
Q8N2S1;Q8N2S1-2;Q8N2S1-3	Q8N2S1;Q8N2S1-2;Q8N2S1-3				1.23572e+07
Q8N3G9;Q8N3G9-2;Q8N3G9-3	Q8N3G9;Q8N3G9-2;Q8N3G9-3				176454
Q8N3J2	Q8N3J2				3.51656e+07
Q8N3J6;Q8N3J6-2;Q8N3J6-3;Q8N3J6-4;Q8N3J6-5	Q8N3J6;Q8N3J6-2;Q8N3J6-3;Q8N3J6-4;Q8N3J6-5				1.49161e+07
Q8N3T1	Q8N3T1				930627
Q8N3T6	Q8N3T6				4.04019e+06
Q8N428	Q8N428;Q8N428-2				2.29632e+06
Q8N436	Q8N436				1.03507e+06
Q8N474	Q8N474				667427
Q8N475;Q8N475-2	Q8N475;Q8N475-2;Q8N475-3				4.78029e+06
Q8N608;Q8N608-2;Q8N608-3;Q8N608-4	Q8N608;Q8N608-2;Q8N608-3;Q8N608-4				656114
Q8N6C5;Q8N6C5-2;Q8N6C5-4	Q8N6C5;Q8N6C5-2;Q8N6C5-4				2.39573e+06
Q8N8Z6;Q8N8Z6-2	Q8N8Z6;Q8N8Z6-2				732075
Q8N967	Q8N967				1.63641e+06
Q8N9I0	Q8N9I0				1.02465e+06
Q8NBI6	Q8NBI6				4.67613e+06
Q8NBJ4;Q8NBJ4-2	Q8NBJ4;Q8NBJ4-2				2.24809e+07
Q8NBP7	Q8NBP7				1.51626e+06
Q8NBS9;Q8NBS9-2	Q8NBS9;Q8NBS9-2				1.74787e+06
Q8NC42	Q8NC42				712915
Q8NCC3	Q8NCC3;Q8NCC3-2				2.76517e+06
Q8NCH0	Q8NCH0				659837
Q8NCL4	Q8NCL4				9.63188e+06
Q8NCT1	Q8NCT1				1.69546e+06
Q8NCW5;Q8NCW5-2	Q8NCW5;Q8NCW5-2				4.91496e+06
Q8NDA2;Q8NDA2-2;Q8NDA2-4	Q8NDA2;Q8NDA2-2;Q8NDA2-4				257679
Q8NEP3;Q8NEP3-2;Q8NEP3-3	Q8NEP3;Q8NEP3-2;Q8NEP3-3				1.75021e+09
Q8NES3;Q8NES3-3	Q8NES3;Q8NES3-3				1.30043e+07
Q8NFL0	Q8NFL0				324078
Q8NFP4;Q8NFP4-2	Q8NFP4;Q8NFP4-2				1.47541e+06
Q8NFT8	Q8NFT8				74278.9
Q8NFY4;Q8NFY4-6	Q8NFY4;Q8NFY4-2;Q8NFY4-3;Q8NFY4-4;Q8NFY4-5;Q8NFY4-6;Q8NFY4-8				3.95949e+06
Q8NFZ4	Q8N0W4;Q8N2Q7;Q8NFZ3;Q8NFZ4;Q8NFZ3-2;Q8N0W4-2;Q8N2Q7-2				1.02019e+07
Q8NFZ8	Q8NFZ8				5.88187e+07
Q8NHL6;Q8NHL6-2;Q8NHL6-3;Q8NHL6-4;Q8NHL6-5	Q8NHL6;Q8NHL6-5;Q8NHL6-2;Q8NHL6-3;Q8NHL6-4				1.36073e+06
Q8NHP8	Q8NHP8;Q8NHP8-2				5.44367e+06
Q8NHQ9	Q8NHQ9				3.20573e+08
Q8TAB3;Q8TAB3-2;Q8TAB3-3	Q8TAB3;Q8TAB3-2;Q8TAB3-3				1.06251e+06
Q8TAG5;Q8TAG5-2	Q8TAG5;Q8TAG5-2				9.8751e+07
Q8TBP5	Q8TBP5				2.04452e+07
Q8TCZ2	Q8TCZ2;Q8TCZ2-2;Q8TCZ2-3;Q8TCZ2-5;Q8TCZ2-6				1.13272e+08
Q8TDF5;Q8TDF5-1;Q8TDF5-2	Q8TDF5;Q8TDF5-1;Q8TDF5-2				830862
Q8TDQ0;Q8TDQ0-2	Q8TDQ0;Q8TDQ0-2				3.77233e+06
Q8TEA8	Q8TEA8				2.23475e+06
Q8TER0;Q8TER0-5	Q8TER0;Q8TER0-3;Q8TER0-4;Q8TER0-5				8.62099e+06
Q8TEU8	Q8TEU8				3.61621e+07
Q8WUJ3	Q8WUJ3;Q8WUJ3-2				4.17128e+06
Q8WVN6	Q8WVN6				2.76907e+06
Q8WVQ1;Q8WVQ1-3	Q8WVQ1;Q8WVQ1-2;Q8WVQ1-3				8.29089e+06
Q8WWX9	Q8WWX9				5.63246e+06
Q8WX77	Q8WX77				1.29247e+06
Q8WXD2	Q8WXD2				1.73855e+08
Q8WXD2-2	Q8WXD2-2				9.3899e+06
Q8WY21;Q8WY21-2;Q8WY21-3;Q8WY21-4	Q8WY21;Q8WY21-2;Q8WY21-3;Q8WY21-4				9.04626e+06
Q8WYK1	Q8WYK1				2.37458e+06
Q8WZ75;Q8WZ75-2	Q8WZ75;Q8WZ75-2;Q8WZ75-3				3.82057e+06
Q8WZA1	Q8WZA1;Q8WZA1-2				3.88803e+07
Q92484;Q92484-2	Q92484;Q92484-2				1.04564e+06
Q92485	Q92485				1.29446e+07
Q92520	Q92520				4.77495e+08
Q92542;Q92542-2	Q92542;Q92542-2				2.29494e+06
Q92563	Q92563				3.06767e+07
Q92597;Q92597-2;Q92597-3	Q92597;Q92597-2;Q92597-3				592574
Q92673	Q92673				1.95813e+07
Q92692;Q92692-2	Q92692;Q92692-2				2.10215e+06
Q92729;Q92729-2;Q92729-3;Q92729-4	Q92729;Q92729-2;Q92729-3;Q92729-4				577560
Q92743	Q92743				9.96802e+06
Q92752	Q92752;Q92752-2				7.45211e+06
Q92765	Q92765				1.09162e+07
Q92820	Q92820				9.68412e+06
Q92823;Q92823-2;Q92823-5	Q92823;Q92823-2;Q92823-3;Q92823-4;Q92823-5;Q92823-6				1.78605e+08
Q92832;Q92832-2	Q92832;Q92832-2				1.1551e+06
Q92854	Q92854;Q92854-2				3.03897e+06
Q92859;Q92859-2;Q92859-3;Q92859-4	Q92859;Q92859-2;Q92859-3;Q92859-4				2.97539e+07
Q92876	Q92876;Q92876-2				3.73864e+08
Q92896;Q92896-2;Q92896-3	Q92896;Q92896-2;Q92896-3				1.45279e+06
Q92911	Q92911				1.00376e+06
Q92932-2	Q92932;Q92932-2;Q92932-3;Q92932-4				1.03279e+07
Q92935	Q92935				192384
Q92945;Q96AE4;Q96AE4-2	Q92945;Q96AE4;Q96AE4-2				5.16346e+06
Q92954;Q92954-2;Q92954-5;Q92954-6	Q92954;Q92954-2;Q92954-3;Q92954-4;Q92954-5;Q92954-6				8.56753e+06
Q93063;Q93063-2;Q93063-3	Q93063;Q93063-2;Q93063-3				2.5668e+06
Q93091	Q93091				4.327e+06
Q969H8	Q969H8				3.0688e+06
Q969P0;Q969P0-3	Q969P0;Q969P0-3				2.96713e+07
Q969T9	Q969T9;Q969T9-2				1.07406e+07
Q969Z4	Q969Z4				1.33158e+06
Q96AP7	Q96AP7				8.4448e+06
Q96AQ1;Q96AQ1-2;Q96LY2;Q96LY2-2	Q96LY2;Q96LY2-2;Q96AQ1;Q96AQ1-2				162315
Q96AQ6;Q96AQ6-2	Q96AQ6;Q96AQ6-2;Q96AQ6-3				1.25435e+06
Q96B86;Q96B86-3;Q96B86-4	Q96B86;Q96B86-3;Q96B86-4				1.67814e+07
Q96BY9	Q96BY9				1.72625e+06
Q96BZ4	Q96BZ4				5.03375e+06
Q96CG8;Q96CG8-3	Q96CG8;Q96CG8-3				751954
Q96CW9;Q96CW9-2	Q96CW9;Q96CW9-2				165275
Q96CX2	Q96CX2;Q68DU8				1.63383e+06
Q96DZ1;Q96DZ1-2;Q96DZ1-3	Q96DZ1;Q96DZ1-2;Q96DZ1-3				108264
Q96EG1	Q96EG1				1.15341e+06
Q96EU7	Q96EU7				111944
Q96FE5;Q96FE5-2	Q96FE5;Q7L985;Q96FE5-2				6.69121e+06
Q96FE7-4	Q96FE7;Q96FE7-2;Q96FE7-4;Q96FE7-5				2.89848e+07
Q96GD0	Q96GD0				396992
Q96GW7	Q96GW7;Q96GW7-2				2.72505e+08
Q96HD1;Q96HD1-2	Q96HD1;Q96HD1-2				5.08671e+06
Q96HU1;Q96HU1-2	Q96HU1;Q96HU1-2				1.95956e+06
Q96HY6;Q96HY6-2	Q96HY6;Q96HY6-2				664381
Q96ID5	Q96ID5				1.81858e+07
Q96IU4	Q96IU4;Q96IU4-2				1.72906e+06
Q96IY4	Q96IY4;Q96IY4-2				5.44304e+06
Q96JA1	Q96JA1;Q96JA1-2				2.57724e+06
Q96JF0	Q96JF0;Q96JF0-2				1.73938e+07
Q96JP9	Q96JP9				171913
Q96JQ0	Q96JQ0				1.62132e+06
Q96KN2	Q96KN2				7.48989e+08
Q96KR4;Q96KR4-3	Q96KR4;Q96KR4-3				1.19462e+06
Q96MC2	Q96MC2				1.9032e+07
Q96MK3	Q96MK3				337558
Q96MU8;Q96MU8-2;Q96MU8-3	Q96MU8;Q96MU8-2;Q96MU8-3				448454
Q96NZ9	Q96NZ9;Q96NZ9-2;Q96NZ9-4				7.6524e+06
Q96P44;Q96P44-3	Q96P44;Q96P44-3				1.0026e+06
Q96PD2;Q96PD2-2	Q96PD2;Q96PD2-2				2.16642e+06
Q96PD5	Q96PD5;Q96PD5-2				4.36018e+07
Q96PQ0	Q96PQ0				1.2044e+07
Q96PX8	Q96PX8				8.21911e+06
Q96RW7;Q96RW7-2	Q96RW7;Q96RW7-2				694341
Q96S96	Q96S96				1.01382e+08
Q96SM3	Q96SM3				554230
Q99435;Q99435-2;Q99435-3;Q99435-4	Q99435;Q99435-2;Q99435-3;Q99435-4				1.30835e+08
Q99497	Q99497				2.54338e+07
Q99519	Q99519				2.17038e+06
Q99523	Q99523;Q99523-2				4.24995e+06
Q99538	Q99538				835836
Q99574	Q99574				2.05488e+07
Q99584	Q99584				57729.6
Q99590;Q99590-2	Q99590;Q99590-2				3.47948e+06
Q99650;Q99650-2	Q99650;Q99650-2				495549
Q99674	Q99674;Q99674-3				3.74248e+07
Q99715;Q99715-4	Q99715;Q99715-2;Q99715-4				2.29455e+06
Q99784	Q99784;Q99784-3;Q99784-5				3.72705e+06
Q99946	Q99946				5.51469e+06
Q99969	Q99969				2.91924e+07
Q99972	Q99972				2.71034e+06
Q99983	Q99983				2.2059e+07
Q99985	Q99985				742851
Q9BQ16	Q9BQ16;Q9BQ16-1;Q9BQ16-4;Q9BQ16-5;Q9BQ16-6;Q9BQ16-7;Q9BQ16-8				1.06854e+07
Q9BQT9;Q9BQT9-2	Q9BQT9;Q9BQT9-2				6.48364e+07
Q9BRA2	Q9BRA2				1.72234e+06
Q9BRK3;Q9BRK3-2;Q9BRK3-3	Q9BRK3;Q9BRK3-2;Q9BRK3-3;Q9BRK3-4				3.32828e+06
Q9BRK5	Q9BRK5;Q9BRK5-2;Q9BRK5-5				1.53273e+07
Q9BS26	Q9BS26				2.80781e+06
Q9BSG5;Q9BSG5-2;Q9BSG5-3	Q9BSG5;Q9BSG5-2;Q9BSG5-3				3.72217e+06
Q9BTY2	Q9BTY2				1.42377e+07
Q9BU40;Q9BU40-4;Q9BU40-5	Q9BU40;Q9BU40-3;Q9BU40-4;Q9BU40-5				2.71627e+06
Q9BUD6	Q9BUD6				3.31835e+06
Q9BUJ0	Q9BUJ0				3.28523e+06
Q9BV94;Q9BV94-2	Q9BV94;Q9BV94-2				956839
Q9BVH7	Q9BVH7				1.2631e+06
Q9BWP8;Q9BWP8-10;Q9BWP8-2;Q9BWP8-3;Q9BWP8-4;Q9BWP8-5;Q9BWP8-6;Q9BWP8-7;Q9BWP8-8;Q9BWP8-9	Q9BWP8;Q9BWP8-10;Q9BWP8-2;Q9BWP8-3;Q9BWP8-4;Q9BWP8-5;Q9BWP8-6;Q9BWP8-7;Q9BWP8-8;Q9BWP8-9				3.95818e+06
Q9BWQ8	Q9BWQ8				7.08265e+06
Q9BWS9;Q9BWS9-2;Q9BWS9-3	Q9BWS9;Q9BWS9-2;Q9BWS9-3				1.36631e+06
Q9BX67;Q9BX67-2	Q9BX67;Q9BX67-2				8.22209e+06
Q9BXJ0	Q9BXJ0				9.2866e+06
Q9BXJ1;Q9BXJ1-2	Q9BXJ1;Q9BXJ1-2				3.85233e+06
Q9BXJ3	Q9BXJ3				5.57108e+06
Q9BXJ4;Q9BXJ4-2;Q9BXJ4-3	Q9BXJ4;Q9BXJ4-2;Q9BXJ4-3				4.66116e+06
Q9BXP8	Q9BXP8				704557
Q9BXX0	Q9BXX0				508920
Q9BY67;Q9BY67-2;Q9BY67-3;Q9BY67-4;Q9BY67-5	Q9BY67;Q9BY67-2;Q9BY67-3;Q9BY67-4;Q9BY67-5				5.07125e+07
Q9BYH1;Q9BYH1-5;Q9BYH1-6;Q9BYH1-7	Q9BYH1;Q9BYH1-2;Q9BYH1-3;Q9BYH1-4;Q9BYH1-5;Q9BYH1-6;Q9BYH1-7				5.67544e+07
Q9BYJ0	Q9BYJ0				419875
Q9BZC7;Q9BZC7-2;Q9BZC7-3;Q9BZC7-4	Q9BZC7;Q9BZC7-2;Q9BZC7-3;Q9BZC7-4				1.69931e+07
Q9BZM5	Q9BZM5				1.27206e+06
Q9BZR6	Q9BZR6				1.20961e+07
Q9C0A0	Q9C0A0;Q96NU0;Q9BZ76;Q9BZ76-2;Q96NU0-2;Q9C0A0-2				2.3095e+07
Q9GZM5	Q9GZM5				4.16973e+07
Q9GZP0;Q9GZP0-2	Q9GZP0;Q9GZP0-2				331276
Q9GZP4;Q9GZP4-2	Q9GZP4;Q9GZP4-2				3.32943e+06
Q9GZT8;Q9GZT8-2	Q9GZT8;Q9GZT8-2;Q9GZT8-3				319275
Q9GZV7	Q9GZV7				3.69928e+06
Q9GZX3	Q9GZX3				289758
Q9GZX9	Q9GZX9				4.42822e+06
Q9H008	Q9H008;Q9H008-2				1.04501e+06
Q9H0Q3;Q9H0Q3-2	Q9H0Q3;Q9H0Q3-2				3.33314e+06
Q9H0R4;Q9H0R4-2	Q9H0R4;Q9H0R4-2				1.10005e+06
Q9H0X4;Q9H0X4-2	Q9H0X4;Q9H0X4-2				108843
Q9H156;Q9H156-2	Q9H156;Q9H156-2				860631
Q9H173	Q9H173				1.68678e+06
Q9H1U4	Q9H1U4				6.99625e+06
Q9H1Z8	Q9H1Z8				3.84069e+07
Q9H251;Q9H251-2;Q9H251-3;Q9H251-4;Q9H251-8	Q9H251;Q9H251-2;Q9H251-3;Q9H251-4;Q9H251-8				414705
Q9H299	Q9H299				2.24018e+06
Q9H2A7	Q9H2A7				7.06639e+06
Q9H2B2;Q9H2B2-2	Q9H2B2;Q9H2B2-2				8.31047e+06
Q9H2E6;Q9H2E6-2	Q9H2E6;Q9H2E6-2				6.78592e+06
Q9H2X0;Q9H2X0-5	Q9H2X0;Q9H2X0-5				2.71096e+06
Q9H2X9;Q9H2X9-2	Q9H2X9;Q9H2X9-2				900543
Q9H3G5	Q9H3G5				6.78237e+06
Q9H3S3	Q9H3S3				523826
Q9H3T3;Q9H3T3-3	Q9H3T3;Q9H3T3-3				1.28906e+06
Q9H461	Q9H461				387976
Q9H4D0	Q9H4D0				2.77204e+06
Q9H4F8;Q9H4F8-2	Q9H4F8;Q9H4F8-2				6.77173e+06
Q9H6B4	Q9H6B4				2.45943e+06
Q9H6X2;Q9H6X2-2;Q9H6X2-3;Q9H6X2-4;Q9H6X2-5;Q9H6X2-6	Q9H6X2;Q9H6X2-2;Q9H6X2-3;Q9H6X2-4;Q9H6X2-5;Q9H6X2-6				2.864e+06
Q9H741	Q9H741				1.65142e+06
Q9H7Y0	Q9H7Y0;Q9H7Y0-2				1.03326e+06
Q9H8J5	Q9H8J5				5.10363e+06
Q9H8L6	Q9H8L6				6.54973e+06
Q9H8Y8;Q9H8Y8-2;Q9H8Y8-3	Q9H8Y8;Q9H8Y8-2;Q9H8Y8-3				698593
Q9H9S5	Q9H9S5				471178
Q9HAR2;Q9HAR2-2;Q9HAR2-3;Q9HAR2-4	Q9HAR2;Q9HAR2-2;Q9HAR2-3;Q9HAR2-4				5.04096e+06
Q9HAT2	Q9HAT2;Q9HAT2-2				8.8196e+06
Q9HB40	Q9HB40;Q9HB40-2				567268
Q9HBR0	Q9HBR0				2.27321e+07
Q9HBT6	Q9HBT6				1.72565e+06
Q9HBW1	Q9HBW1				1.38639e+06
Q9HC38-2	Q9HC38;Q9HC38-2;Q9HC38-3				1.20169e+07
Q9HC56;Q9HC56-2	Q9HC56;Q9HC56-2				5.96484e+06
Q9HC57	Q9HC57				1.68273e+07
Q9HCB6	Q9HCB6				7.39829e+06
Q9HCK4;Q9HCK4-2;Q9HCK4-3	Q9HCK4;Q9HCK4-2;Q9HCK4-3				3.20566e+06
Q9HCL0;Q9HCL0-2	Q9HCL0;Q9HCL0-2				134856
Q9HCU0	Q9HCU0				5.40153e+06
Q9HCU4	Q9HCU4				2.81638e+07
Q9HDB5;Q9HDB5-2;Q9HDB5-4	Q9HDB5;Q9Y4C0;Q9HDB5-2;Q9HDB5-4;Q9Y4C0-3				1.33691e+07
Q9HDC9;Q9HDC9-2	Q9HDC9;Q9HDC9-2				564090
Q9NP80;Q9NP80-2;Q9NP80-3	Q9NP80;Q9NP80-2;Q9NP80-3				7.55109e+06
Q9NP84	Q9NP84				1.55983e+06
Q9NPC4	Q9NPC4				937933
Q9NPD7	Q9NPD7				5.87454e+06
Q9NPG4	Q9NPG4				2.41528e+06
Q9NPH3;Q9NPH3-2;Q9NPH3-5	Q9NPH3;Q9NPH3-2;Q9NPH3-3;Q9NPH3-5				3.35768e+06
Q9NPR2;Q9NPR2-2	Q9NPR2;Q9NPR2-2				9.6185e+06
Q9NQ30	Q9NQ30				767030
Q9NQ79;Q9NQ79-2;Q9NQ79-3	Q9NQ79;Q9NQ79-2;Q9NQ79-3				1.28715e+08
Q9NQS3;Q9NQS3-2;Q9NQS3-3	Q9NQS3;Q9NQS3-2;Q9NQS3-3				1.61433e+06
Q9NQX5	Q9NQX5				2.4736e+06
Q9NQX7	Q9NQX7;Q9NQX7-2				633652
Q9NR34	Q9NR34				4.25052e+06
Q9NRB3	Q9NRB3				747437
Q9NRN5	Q9NRN5;Q9NRN5-2				1.69407e+07
Q9NRR1	Q9NRR1				2.22707e+07
Q9NS00;Q9NS00-2	Q9NS00;Q9NS00-2				696118
Q9NS84	Q9NS84				88788.1
Q9NS85	Q9NS85;Q9NS85-2				3.61764e+06
Q9NS98	Q9NS98				1.80272e+07
Q9NSC7	Q9NSC7				3.32888e+06
Q9NT22	Q9NT22;Q9NT22-2				1.54721e+06
Q9NT99	Q9NT99				1.46017e+07
Q9NTU7	Q9NTU7				1.65608e+07
Q9NUQ9	Q9NUQ9				1.61024e+06
Q9NX62	Q9NX62				6.29253e+07
Q9NY15	Q9NY15				1.10238e+06
Q9NY33;Q9NY33-4	Q9NY33;Q9NY33-4				1.78786e+06
Q9NY47-2;Q9NY47-3;Q9NY47-4	Q9NY47-2;Q9NY47-3;Q9NY47-4				4.99104e+06
Q9NY72	Q9NY72				7.63182e+06
Q9NY97;Q9NY97-2	Q9NY97;Q9NY97-2				7.66133e+06
Q9NYQ7;Q9NYQ7-2	Q9NYQ7;Q9NYQ7-2				817478
Q9NYQ8	Q9NYQ8				1.17124e+07
Q9NYX4	Q9NYX4				2.13915e+07
Q9NZ08;Q9NZ08-2	Q9NZ08;Q9NZ08-2				1.44411e+06
Q9NZ53	Q9NZ53				1.0783e+07
Q9NZ72;Q9NZ72-2	Q9NZ72;Q9NZ72-2				1.32357e+06
Q9NZ94;Q9NZ94-2;Q9NZ94-3	Q9NZ94;Q9NZ94-2;Q9NZ94-3				229578
Q9NZC2;Q9NZC2-2;Q9NZC2-3	Q9NZC2;Q9NZC2-2;Q9NZC2-3				6.69659e+06
Q9NZD2	Q9NZD2				364557
Q9NZK5	Q9NZK5				2.80929e+06
Q9NZN1	Q9NZN1				3.45143e+06
Q9NZP8	Q9NZP8				1.54154e+07
Q9NZR2	Q9NZR2				2.63423e+06
Q9NZU1	Q9NZU1				3.05895e+06
Q9P0K1;Q9P0K1-2;Q9P0K1-3;Q9P0K1-4;Q9P0K1-5	Q9P0K1;Q9P0K1-2;Q9P0K1-3;Q9P0K1-4;Q9P0K1-5				4.99269e+07
Q9P0K9	Q9P0K9				1.3821e+07
Q9P0L0;Q9P0L0-2	Q9P0L0;Q9P0L0-2				3.98311e+06
Q9P0S2	Q9P0S2				567188
Q9P121-4	Q9P121;Q9P121-3;Q9P121-2;Q9P121-4				1.23188e+08
Q9P232	Q9P232				5.42805e+06
Q9P2E7;Q9P2E7-2	Q9P2E7;Q9P2E7-2				4.97538e+06
Q9P2S2	P58401;Q9P2S2				2.09355e+07
Q9UBG0	Q9UBG0				1.44948e+06
Q9UBP4	Q9UBP4				4.64872e+08
Q9UBQ6	Q9UBQ6				7.51864e+06
Q9UBR2	Q9UBR2				1.5856e+07
Q9UBV2;Q9UBV2-2	Q9UBV2;Q9UBV2-2				1.31877e+06
Q9UBX1	Q9UBX1				1.02586e+07
Q9UBX5	Q9UBX5				2.61196e+07
Q9UBX7;Q9UBX7-1;Q9UBX7-3;Q9UBX7-4	Q9UBX7;Q9UBX7-1;Q9UBX7-3;Q9UBX7-4				1.77764e+06
Q9UD71;Q9UD71-2	Q9UD71;Q9UD71-2				249308
Q9UEW3;Q9UEW3-2	Q9UEW3;Q9UEW3-2				1.20699e+06
Q9UF11;Q9UF11-2;Q9UF11-3;Q9UF11-4	Q9UF11;Q9UF11-2;Q9UF11-3;Q9UF11-4				6.74676e+06
Q9UF33	Q9UF33				1.20387e+06
Q9UFP1	Q9UFP1				1.32708e+06
Q9UGM5;Q9UGM5-2	Q9UGM5;Q9UGM5-2				4.95101e+06
Q9UGT4	Q9UGT4				314417
Q9UGV2;Q9UGV2-2;Q9UGV2-3	Q9UGV2;Q9UGV2-2;Q9UGV2-3				866716
Q9UHC6	Q9UHC6				1.51024e+07
Q9UHD9	Q9UHD9				1.00468e+06
Q9UHF0;Q9UHF0-2;Q9UHF0-3	Q9UHF0;Q9UHF0-2;Q9UHF0-3				3.29094e+06
Q9UHG2	Q9NPY3;Q9UHG2				1.5827e+08
Q9UHG3;Q9UHG3-2	Q9UHG3;Q9UHG3-2				4.38612e+06
Q9UHI8	Q9UHI8				481163
Q9UHL4	Q9UHL4				1.27398e+07
Q9UHY7	Q9UHY7				661761
Q9UI15	Q9UI15				1.17118e+06
Q9UIB8;Q9UIB8-2;Q9UIB8-3;Q9UIB8-4;Q9UIB8-5;Q9UIB8-6	Q9UIB8;Q9UIB8-2;Q9UIB8-3;Q9UIB8-4;Q9UIB8-5;Q9UIB8-6				2.01523e+06
Q9UIW2	P51805;Q9UIW2				860970
Q9UJ14	Q9UJ14				2.87236e+06
Q9UJ90	Q9UJ90				1.56615e+06
Q9UJ99	Q9UJ99				5.26248e+06
Q9UJA9	Q9UJA9				3.99786e+06
Q9UJH8	Q9UJH8				5.04088e+06
Q9UJJ9	Q9UJJ9				9.31677e+06
Q9UJQ1;Q9UJQ1-2	Q9UJQ1;Q9UJQ1-2				2.49755e+06
Q9UK22	Q9UK22				1.18699e+06
Q9UK28	Q9UK28				1.08986e+06
Q9UK55	Q9UK55				794009
Q9UKB5	Q9UKB5				1.30304e+06
Q9UKJ1-3	Q9UKJ1;Q9UKJ1-2;Q9UKJ1-3;Q9UKJ1-4				4.26097e+06
Q9UKM7	Q9UKM7				2.71281e+06
Q9UKQ2;Q9UKQ2-2	Q9UKQ2;Q9UKQ2-2				2.11774e+06
Q9UKU6	Q9UKU6				1.79211e+06
Q9UKU9	Q9UKU9;Q9UKU9-2				5.1881e+06
Q9UKY0	Q9UKY0				199625
Q9ULB1-2;Q9ULB1-3	P58400;Q9ULB1-2;Q9ULB1-3				4.41624e+07
Q9ULB4	Q9ULB4				2.71114e+06
Q9ULB5	Q9ULB5				2.95446e+06
Q9ULF5	Q9ULF5				1.6517e+07
Q9ULH4	Q9ULH4				1.11841e+06
Q9ULI3;Q9ULI3-2	Q9ULI3;Q9ULI3-2				1.80768e+07
Q9ULI4	Q9ULI4				390333
Q9ULL4;Q9ULL4-2	Q9ULL4;Q9ULL4-2				1.79058e+06
Q9ULP0-3;Q9ULP0-6	Q9ULP0;Q9ULP0-2;Q9ULP0-3;Q9ULP0-4;Q9ULP0-5;Q9ULP0-6;Q9ULP0-7;Q9ULP0-8				4.15667e+06
Q9ULX7	Q9ULX7				2.29433e+06
Q9ULZ9	Q9ULZ9;Q9ULZ9-2				1.0646e+06
Q9UM21;Q9UM21-2	Q9UM21;Q9UM21-2				486570
Q9UM22	Q9UM22;Q9UM22-3				8.99422e+06
Q9UM47	Q9UM47				321534
Q9UMF0	Q9UMF0				1.70991e+07
Q9UMX5	Q9UMX5				3.66878e+06
Q9UN36-2;Q9UN36-6	Q9UN36;Q9UN36-2;Q9UN36-3;Q9UN36-5;Q9UN36-6				2.0853e+07
Q9UN67;Q9Y5E1	Q9UN67;Q9Y5E1				384492
Q9UN70;Q9UN70-2	Q9UN70;Q9UN70-2				2.60033e+06
Q9UNN8	Q9UNN8				3.12271e+06
Q9UNW1	Q9UNW1;Q9UNW1-4				8.32378e+06
Q9UP79	Q9UP79				1.79393e+06
Q9UPU3	Q9UPU3				3.21648e+07
Q9UQ52	Q9UQ52				4.7702e+06
Q9UQM7;Q9UQM7-2	Q9UQM7;Q9UQM7-2				7.12304e+06
Q9Y240	Q9Y240				8.68641e+06
Q9Y274	Q9Y274;Q9Y274-2				2.90035e+06
Q9Y279;Q9Y279-2	Q9Y279;Q9Y279-2				3.03399e+06
Q9Y287	Q9Y287;Q9Y287-2				1.14063e+07
Q9Y2C2	Q9Y2C2				484577
Q9Y2E5	Q9Y2E5;Q9Y2E5-2				2.10001e+06
Q9Y2G1;Q9Y2G1-2	Q9Y2G1;Q9Y2G1-2				161958
Q9Y2I2;Q9Y2I2-1;Q9Y2I2-2;Q9Y2I2-4;Q9Y2I2-5;Q9Y2I2-6	Q9Y2I2;Q9Y2I2-1;Q9Y2I2-2;Q9Y2I2-4;Q9Y2I2-5;Q9Y2I2-6				7.87108e+06
Q9Y2T3;Q9Y2T3-3	Q9Y2T3;Q9Y2T3-2;Q9Y2T3-3				1.53714e+07
Q9Y2Z0;Q9Y2Z0-2	Q9Y2Z0;Q9Y2Z0-2				570344
Q9Y334;Q9Y334-2	Q9Y334;Q9Y334-2				692659
Q9Y3D6	Q9Y3D6				99696.2
Q9Y4C0-4	Q9HDB5-3;Q9HDB5-4;Q9Y4C0-4				3.48548e+07
Q9Y4L1	Q9Y4L1				8.44394e+06
Q9Y5F6-2	Q9Y5F6;Q9Y5F6-2				1.53793e+07
Q9Y5F7;Q9Y5F7-2	Q9Y5F7;Q9Y5F7-2				604033
Q9Y5I4;Q9Y5I4-2	Q9Y5I4;Q9Y5I4-2				6.52061e+06
Q9Y5L2	Q9Y5L2				5.38933e+06
Q9Y5R5;Q9Y5R5-3	Q9Y5R5;Q9Y5R5-3				302398
Q9Y5Y7	Q9Y5Y7				1.84339e+07
Q9Y617	Q9Y617;Q9Y617-2				3.56338e+06
Q9Y625	Q9Y625				1.60694e+06
Q9Y639;Q9Y639-1;Q9Y639-3;Q9Y639-4;Q9Y639-5	Q9Y639;Q9Y639-1;Q9Y639-3;Q9Y639-4;Q9Y639-5				4.20562e+06
Q9Y646	Q9Y646				4.90533e+07
Q9Y653;Q9Y653-2;Q9Y653-3	Q9Y653;Q9Y653-2;Q9Y653-3;Q9Y653-4;Q9Y653-5				5.01788e+07
Q9Y696	Q9Y696				4.24052e+06
Q9Y6C2	Q9Y6C2;Q9Y6C2-2				991480
Q9Y6N6	Q9Y6N6				1.29406e+06
Q9Y6N7;Q9Y6N7-2;Q9Y6N7-4	Q9Y6N7;Q9Y6N7-2;Q9Y6N7-3;Q9Y6N7-4;Q9Y6N7-5;Q9Y6N7-6				2.14814e+07
Q9Y6N8	Q9Y6N8				2.47357e+06
Q9Y6R7	Q9Y6R7				5.79172e+07
Q9Y6X5	Q9Y6X5				2.02513e+06
Q9Y6Y8;Q9Y6Y8-2	Q9Y6Y8;Q9Y6Y8-2				3.26395e+07
