Protein.Group	Protein.Ids	Protein.Names	Genes	First.Protein.Description	/fs/pool/pool-mann-projects/Johannes/Jakob_AD_CSF_data/Berlin_cohort_Sweden_speclib_OBO/All_Raw/20190228_QX1_PhGe_SA_EASY12-10_Deigendesch_F10_190102946_repeat.mzML
A0A075B6H7;A0A0C4DH55;P01624	P01624;A0A075B6H7;A0A0C4DH55				5.79632e+08
A0A075B6H9	A0A075B6H9				3.65684e+06
A0A075B6I0	A0A075B6I0				2.43516e+07
A0A075B6I1	A0A075B6I1				7.02142e+06
A0A075B6I9	A0A075B6I9				9.23259e+07
A0A075B6J9	A0A075B6J9				5.61563e+07
A0A075B6K4	A0A075B6K0;A0A075B6K4				5.98658e+06
A0A075B6K5	A0A075B6K5				1.18336e+07
A0A075B6P5;P01615	P01615;A0A075B6P5				1.28639e+08
A0A075B6R2	A0A075B6R2				1.58381e+06
A0A075B6R9;A0A0C4DH68	A0A075B6R9;A0A0C4DH68				5.04853e+07
A0A075B6S2	A0A075B6S2;A2NJV5				4.16866e+08
A0A087WSX0	A0A087WSX0;A0A0G2JS06				7.52997e+06
A0A087WSY6	A0A087WSY6				2.01665e+08
A0A087WW87;P01614	P01614;A0A087WW87				9.05906e+06
A0A0A0MRZ8;P04433	P04433;A0A0A0MRZ8				2.08699e+08
A0A0A0MS15	A0A0A0MS15				5.68101e+07
A0A0A0MT36	A0A0A0MT36;A0A0C4DH26				1.50385e+06
A0A0A0MT89	A0A0A0MT89				1.05679e+07
A0A0B4J1U7	A0A0B4J1U7				1.15271e+07
A0A0B4J1V0	A0A0B4J1V0				1.08182e+06
A0A0B4J1V2	A0A0B4J1V2				6.92223e+06
A0A0B4J1X5	P01764;P01768;P01772;P01767;A0A0B4J1X5;A0A0C4DH42;P0DP02;P0DP03				1.78861e+08
A0A0B4J1Y8	A0A0B4J1Y8				2.52952e+06
A0A0B4J1Y9	A0A0B4J1Y9				1.53461e+08
A0A0B4J2D9;P0DP09	A0A0B4J2D9;P0DP09				2.15666e+06
A0A0C4DH25	A0A0C4DH25				5.33713e+07
A0A0C4DH30	A0A0C4DH30				1.18017e+06
A0A0C4DH33	A0A0C4DH33				5.49709e+08
A0A0C4DH34	A0A0C4DH34				2.1541e+07
A0A0C4DH35	A0A0C4DH35				1.09616e+07
A0A0C4DH36	A0A0C4DH36				1.28774e+07
A0A0C4DH38	A0A0C4DH38;A0A0J9YXX1				3.21316e+07
A0A0C4DH43	A0A0C4DH43				1.18618e+07
A0A0C4DH67	A0A0C4DH67				2.4798e+07
A0A0C4DH72;A0A0C4DH73;P01597;P01611;P04432	P01597;P01611;P04432;A0A0C4DH72;A0A0C4DH73				2.41762e+07
A0A0J9YX35	A0A0J9YX35				1.47443e+07
A0A0J9YXX1	A0A0J9YXX1				3.98853e+06
A0M8Q6	P0CG04;P0DOY2;P0DOY3;A0M8Q6;P0CF74;B9A064;P0DOX8				1.27259e+08
A1L4H1	A1L4H1				2.41924e+06
A2RU67	A2RU67				1.0564e+06
A5D6W6	A5D6W6				1.15163e+06
A6BM72;A6BM72-2;A6BM72-4	A6BM72;A6BM72-2;A6BM72-4				725409
A6NCE7;Q9GZQ8	Q9GZQ8;Q9H492;A6NCE7;Q9H492-2				725651
A6NGN9	A6NGN9				8.24176e+06
A6NL88	A6NL88				1.47318e+06
A6NLU5	A6NLU5				1.07152e+07
A6NNZ2;P04350;P07437;P68371;Q13509;Q13509-2;Q13885;Q3ZCM7;Q9BUF5;Q9BVA1;Q9H4B7	A6NNZ2;P04350;P07437;P68371;Q13509;Q13885;Q3ZCM7;Q9BUF5;Q9BVA1;Q9H4B7;Q13509-2				317840
A8MTW9	A8MTW9				1.51028e+06
B1AJZ9;B1AJZ9-4	B1AJZ9;B1AJZ9-4				178373
B4DS77;B4DS77-2;B4DS77-3	B4DS77;B4DS77-2;B4DS77-3				135336
B9A064;P0DOX8	B9A064;P0DOX8				5.27455e+08
C9JVW0	C9JVW0				3.11512e+06
I3L3R5	I3L3R5				302562
O00142;O00142-2;O00142-3;O00142-4;O00142-5;O00142-6	O00142;O00142-2;O00142-3;O00142-4;O00142-5;O00142-6				2.63851e+07
O00264	O00264;O15173;O15173-2				1.40234e+08
O00299	O00299				467049
O00339;O00339-2;O00339-3	O00339;O00339-2;O00339-3				1.52839e+06
O00391	O00391;O00391-2				2.35754e+07
O00451	O00451;O00451-2;O00451-3				7.40454e+06
O00461	O00461				2.38749e+06
O00462	O00462				3.23385e+06
O00468-6	O00468-6;O00468-7				7.2682e+06
O00533	O00533;O00533-2				1.25753e+08
O00533-2	O00533-2				6.70661e+06
O00560;O00560-2;O00560-3	O00560;O00560-2;O00560-3				443121
O00584	O00584				7.28594e+06
O00754;O00754-2	O00754;O00754-2				1.74394e+06
O14498	O14498				2.57468e+07
O14514	O14514				1.76154e+06
O14522;O14522-1	O14522;O14522-1				333206
O14594	O14594				9.96301e+07
O14668;O14668-2	O14668;O14668-2				532731
O14672	O14672				4.92823e+06
O14773	O14773				7.13046e+06
O14786;O14786-2;O14786-3	O14786;O14786-2;O14786-3				5.55978e+06
O14791-2	O14791;O14791-2;O14791-3				2.5012e+07
O14793	O14793				817426
O14810	O14810;Q6PUV4				3.48176e+06
O14917;O14917-2	O14917;O14917-2				2.65875e+06
O14960	O14960				62014.6
O15031	O15031				1.40104e+07
O15204;O15204-2	O15204;O15204-2				1.50058e+06
O15230	O15230				1.43823e+06
O15232;O15232-2	O15232;O15232-2				1.88845e+06
O15240	O15240				1.8475e+08
O15335	O15335				3.09629e+06
O15354	O15354				1.36201e+07
O15394	O15394;O15394-2				2.64896e+07
O15466;O15466-2	O15466;O15466-2				1.01846e+06
O43155	O43155				386943
O43157	O43157;O43157-2;O43157-3				2.5848e+06
O43173	O43173				1.68962e+06
O43278;O43278-2	O43278;O43278-2				1.30646e+06
O43286	O43286				478411
O43291	O43291				3.7109e+06
O43300	O43300				2.3128e+06
O43405;O43405-2	O43405;O43405-2				1.85765e+07
O43493;O43493-3;O43493-5;O43493-7	O43493;O43493-3;O43493-5;O43493-7				2.74857e+07
O43505	O43505				3.67667e+08
O43508	O43508;O43508-2				641216
O43529	O43529				6.55111e+06
O43556;O43556-3;O43556-4	O43556;O43556-3;O43556-4				7.67192e+06
O43567	O43567				8.0685e+06
O43581;O43581-2;O43581-3;O43581-4;O43581-5;O43581-6	O43581;O43581-2;O43581-3;O43581-4;O43581-5;O43581-6				371116
O43827	O43827				4.6731e+06
O43852;O43852-10;O43852-11;O43852-12;O43852-13;O43852-14;O43852-2;O43852-3;O43852-4;O43852-5;O43852-6;O43852-7;O43852-8;O43852-9	O43852;O43852-10;O43852-11;O43852-12;O43852-13;O43852-14;O43852-2;O43852-3;O43852-4;O43852-5;O43852-6;O43852-7;O43852-8;O43852-9				755391
O43854;O43854-2	O43854;O43854-2				145457
O43866	O43866				6.57543e+06
O43916	O43916				758600
O60241;O60241-2;O60241-3;O60241-4	O60241;O60241-2;O60241-3;O60241-4				8.8513e+06
O60242	O60242				908526
O60243	O60243				2.67993e+06
O60245;O60245-2	O60245;O60245-2				1.58489e+06
O60279	O60279				2.37302e+07
O60291;O60291-2;O60291-3;O60291-4	O60291;O60291-2;O60291-3;O60291-4				479695
O60449;O60449-2;O60449-3	O60449;O60449-2;O60449-3				582511
O60462;O60462-2;O60462-3;O60462-4;O60462-5	O60462;O60462-2;O60462-3;O60462-4;O60462-5;O60462-6				5.76696e+06
O60476	O60476				2.59532e+06
O60512	O60512				1.60091e+06
O60568	O60568				1.35911e+06
O60613	O60613				1.95947e+06
O60883	O60883				5.78046e+07
O60888-3	O60888;O60888-2;O60888-3				2.66359e+07
O75063	O75063				1.78279e+06
O75071	O75071				2.79581e+06
O75077;O75077-2;O75077-3	O75077;O75077-2;O75077-3				3.30548e+06
O75078	O75078;O75078-2				3.16134e+06
O75083	O75083;O75083-3				1.32033e+06
O75084;Q14332	O75084;Q14332				463072
O75144;O75144-2	O75144;O75144-2;O75144-3				2.54594e+07
O75173;O75173-2	O75173;O75173-2				6.47192e+06
O75326	O75326;O75326-2				2.74019e+07
O75339	O75339				524021
O75354;O75354-2;O75354-3	O75354;O75354-2;O75354-3				580647
O75368	O75368				1.07806e+06
O75487;O75487-2	O75487;O75487-2				233606
O75493	O75493				8.50579e+06
O75503	O75503				3.15379e+06
O75509	O75509				1.16399e+07
O75629	O75629				335786
O75636;O75636-2	O75636;O75636-2				4.369e+06
O75711	O75711				9.44808e+07
O75752	O75752				2.84912e+06
O75787;O75787-2	O75787;O75787-2				8.71987e+06
O75828	O75828				742213
O75874	O75874				353443
O75882;O75882-2;O75882-3	O75882;O75882-2;O75882-3				1.2887e+07
O75973	O75973				311148
O75976	O75976				7.868e+06
O76061	O76061				2.84597e+06
O76070	O76070				1.51989e+06
O94760	O94760				2.48945e+06
O94766	O94766;Q9NPZ5				2.36109e+06
O94769	O94769;O94769-2				9.41131e+06
O94772;O94772-2	O94772;O94772-2				3.94366e+07
O94779;O94779-2;O94779-4	O94779;O94779-2;O94779-4				373422
O94856;O94856-11;O94856-13;O94856-6;O94856-7	O94856;O94856-10;O94856-11;O94856-12;O94856-13;O94856-3;O94856-4;O94856-5;O94856-6;O94856-7;O94856-8;O94856-9				2.64074e+07
O94910;O94910-2	O94910;O94910-2				4.15975e+06
O94919	O94919				3.08022e+07
O94933	O94933				446188
O94973;O94973-2	O94973;O94973-2				125573
O94985	O94985				1.20013e+06
O94985-2	O94985;O94985-2				1.5991e+08
O94991	O94991;O94991-2				6.54137e+06
O95157	O95157				6.28409e+06
O95158	O95158				9.29402e+06
O95185;O95185-2	O95185;O95185-2				1.42246e+06
O95196;O95196-2	O95196;O95196-2				3.78829e+06
O95206;O95206-2	O95206;O95206-2				3.13258e+06
O95297;O95297-2;O95297-3	O95297;O95297-2;O95297-3;O95297-4				591128
O95390	O95390				2.61158e+06
O95428;O95428-5;O95428-6	O95428;O95428-3;O95428-4;O95428-5;O95428-6				5.01844e+06
O95445	O95445				2.26956e+06
O95445-2	O95445;O95445-2				1.47703e+07
O95450;O95450-2	O95450;O95450-2				971752
O95467	O95467				1.37893e+06
O95497	O95497				1.89313e+06
O95502	O95502				9.1641e+07
O95633;O95633-2	O95633;O95633-2				2.36529e+06
O95803;O95803-3;Q9H3R1	O95803;Q9H3R1;O95803-2;O95803-3				2.45444e+06
O95881	O95881				69571.1
O95967	O95967				6.76448e+06
O95980	O95980				1.05659e+07
O95998	O95998;O95998-4				9.42496e+06
P00338;P00338-3	P00338;P00338-3;P00338-4				1.06538e+07
P00390;P00390-2;P00390-3;P00390-4;P00390-5	P00390;P00390-2;P00390-3;P00390-4;P00390-5				1.68895e+06
P00441	P00441				2.07558e+08
P00450	P00450				1.33284e+08
P00488	P00488				2.14637e+06
P00492	P00492				1.41858e+06
P00505	P00505;P00505-2				3.25237e+06
P00533;P00533-3;P00533-4	P00533;P00533-3;P00533-4				732150
P00558	P00558;P07205;P00558-2				4.63925e+06
P00734	P00734				7.79275e+07
P00736	P00736				9.34299e+07
P00738	P00738;P00738-2				7.05189e+08
P00739	P00739;P00739-2				1.69516e+06
P00740;P00740-2	P00740;P00740-2				4.31927e+06
P00742	P00742				1.97198e+07
P00746	P00746				2.63585e+07
P00747	P00747				1.72054e+08
P00748	P00748				6.82581e+07
P00751	P00751;P00751-2				1.8479e+08
P00915	P00915				970603
P01008	P01008				1.029e+09
P01009	P01009;P01009-2;P01009-3				5.25032e+09
P01011	P01011				9.96347e+08
P01019	P01019				1.79659e+08
P01023	P01023;P20742;P20742-2				3.29048e+08
P01024	P01024				1.13249e+09
P01031	P01031				5.71894e+07
P01033	P01033				3.51322e+07
P01034	P01034				1.49999e+10
P01036;P01037	P01036;P01037				465161
P01042	P01042;P01042-2;P01042-3				1.00176e+08
P01042-2;P01042-3	P01042-2;P01042-3				1.15314e+08
P01127;P01127-2	P01127;P01127-2				2.78277e+07
P01210	P01210				4.14473e+07
P01213	P01213				4.55195e+06
P01236	P01236				103209
P01258;P01258-2	P01258;P06881;P10092;P01258-2				1.66098e+06
P01282;P01282-2	P01282;P01282-2				735940
P01303	P01303				4.98579e+06
P01344;P01344-2;P01344-3	P01344;P01344-2;P01344-3				5.32078e+06
P01591	P01591				7.32986e+06
P01593;P01594	P01593;P01594				2.17551e+07
P01599	P01599;A0A0C4DH72				3.92474e+06
P01602	P01602				7.08332e+06
P01619	P01619				5.97898e+08
P01700	P01700				9.22219e+07
P01703	P01703				3.26926e+06
P01706	P01706				4.39032e+06
P01709	P01706;P01709;P0DOX8				2.36752e+07
P01714	P01714				1.22551e+07
P01715	P01715				6.57e+06
P01717	P01717				1.10304e+08
P01721	P01721				4.01187e+06
P01742	P01742				9.5577e+07
P01768;P0DP03	P01768;P01772;P0DP02;P0DP03				3.7522e+07
P01780	P01780				1.22693e+08
P01817	P01817				5.27553e+06
P01833	P01833				529225
P01834	P01834				6.00825e+08
P01859	P01859;P01859-1				2.74882e+09
P01860	P01860;P01860-1				8.62646e+07
P01861;P01861-1	P01861;P01861-1				9.79074e+07
P01871;P01871-1	P01871;P0DOX6;P01871-1				6.53742e+07
P01876;P01876-1	P01876;P01876-1				6.49537e+08
P01889	P01889;P01893;P04439;P13747;P17693;P17693-2;P17693-5;P17693-6;P04439-2				2.9947e+06
P01893;P04439;P04439-2	P01893;P04439;P04439-2				278450
P01903;P01906	P01903;P01906				1.14057e+06
P01911	P01911				1.73447e+06
P02144	P02144				4.18073e+06
P02452	P02452				1.88305e+07
P02461	P02461;P02461-2				8.59829e+06
P02511	P02511				678383
P02647	P02647				4.89021e+09
P02649	P02649				2.46921e+09
P02652	P02652				1.03421e+09
P02654	P02654				1.34396e+08
P02655	P02655				1.64817e+07
P02656	P02656				8.9738e+07
P02671	P02671;P02671-2				4.13045e+08
P02675	P02675				3.24062e+08
P02679;P02679-2	P02679;P02679-2				2.92197e+08
P02686;P02686-3;P02686-4;P02686-5;P02686-6	P02686;P02686-3;P02686-4;P02686-5;P02686-6				152791
P02741	P02741;P02741-2				1.14365e+06
P02743	P02743				2.15224e+07
P02745	P02745				1.12479e+08
P02746	P02746				1.37206e+08
P02747	P02747				4.53311e+07
P02748	P02748				4.11078e+07
P02749	P02749				1.15867e+08
P02750	P02750				9.12242e+07
P02751;P02751-1	P02751;P02751-1;P02751-10;P02751-11;P02751-12;P02751-13;P02751-14;P02751-16;P02751-17;P02751-2;P02751-3;P02751-4;P02751-5;P02751-6;P02751-7;P02751-8;P02751-9				2.84018e+08
P02753	P02753				1.12126e+08
P02760	P02760				7.16292e+07
P02763	P02763				2.08467e+09
P02765	P02765				9.04783e+08
P02766	P02766				3.68134e+09
P02768	P02768				1.7158e+10
P02774;P02774-3	P02774;P02774-2;P02774-3				4.6718e+08
P02786	P02786				2.17186e+06
P02787	P02787				3.69987e+09
P02788;P02788-2	P02788;P02788-2				3.85826e+06
P02790	P02790				2.55014e+09
P02792	P02792				2.19129e+06
P02794	P02794				4.13667e+06
P03950	P03950				2.29462e+06
P03951;P03951-2	P03951;P03951-2				5.64707e+06
P03952	P03952				3.03571e+07
P04003	P04003				7.236e+06
P04004	P04004				7.22533e+08
P04062;P04062-2;P04062-4;P04062-5	P04062;P04062-2;P04062-4;P04062-5				3.3239e+06
P04066	P04066				2.0214e+06
P04070;P04070-2	P04070;P04070-2				6.02597e+06
P04075;P04075-2	P04075;P04075-2				2.25775e+07
P04080	P04080				3.91332e+06
P04085;P04085-2	P04085;P04085-2				8.87647e+06
P04114	P04114				1.31929e+07
P04156	P04156				3.96698e+08
P04179	P04179;P04179-2;P04179-3;P04179-4				6.63987e+06
P04180	P04180				2.29555e+07
P04196	P04196				1.39851e+08
P04211	P04211				1.58595e+06
P04216	P04216				2.7998e+08
P04217	P04217;P04217-2				3.84691e+08
P04217-2	P04217-2				1.88002e+06
P04264	P04259;P04264				5.42511e+06
P04271	P04271				1.94113e+06
P04275	P04275				1.43035e+06
P04278;P04278-5	P04278;P04278-2;P04278-3;P04278-4;P04278-5				4.74242e+06
P04406	P04406;P04406-2				1.82047e+07
P04746	P04746;P0DTE7;P0DTE8;P0DUB6;P19961;P19961-2;P04746-2				1.38582e+06
P04792	P04792				2.02889e+06
P05023;P05023-2;P05023-4	P05023;P05023-2;P05023-4				194743
P05026;P05026-2	P05026;P05026-2				699629
P05060	P05060				5.46048e+08
P05067;P05067-11;P05067-7;P05067-8;P05067-9	P05067;P05067-4;P05067-10;P05067-11;P05067-3;P05067-5;P05067-6;P05067-7;P05067-8;P05067-9				6.68137e+08
P05090	P05090				3.32995e+09
P05121	P05121				377653
P05154	P05154				1.03391e+07
P05155;P05155-3	P05155;P05155-2;P05155-3				4.5201e+08
P05156	P05156				3.12254e+07
P05160	P05160				1.40489e+06
P05362	P05362				1.64987e+06
P05408;P05408-2	P05408;P05408-2				1.52419e+08
P05413	P05413				5.65986e+06
P05452	P05452				6.22704e+07
P05543	P05543				2.10914e+07
P05546	P05546				6.3954e+07
P05556;P05556-2;P05556-3;P05556-4;P05556-5	P05556;P05556-2;P05556-5;P05556-3;P05556-4				848488
P05937	P05937;P05937-2				4.03372e+06
P05997	P05997				980333
P06276	P06276				6.67126e+06
P06280	P06280				415989
P06307	P06307				1.58745e+07
P06310	P06310				9.91098e+07
P06312	P06312				2.02092e+08
P06331	P01824;P01825;P06331;A0A0C4DH41;P0DP06;P0DP08				4.87691e+07
P06396	P06396;P06396-2;P06396-3;P06396-4				8.00682e+08
P06396-2	P06396-2				1.9475e+06
P06681	P06681;P06681-2;P06681-3				2.8108e+07
P06702	P06702				641253
P06703	P06703				3.19519e+06
P06727	P06727				2.32103e+08
P06732	P06732				252716
P06733	P06733;P06733-2				7.49007e+06
P06744;P06744-2	P06744;P06744-2				1.72253e+06
P06865	P06865				7.39446e+06
P07093-2;P07093-3	P07093;P07093-2;P07093-3				3.59519e+06
P07108;P07108-2;P07108-3;P07108-4;P07108-5	P07108;P07108-2;P07108-3;P07108-4;P07108-5;P07108-6				8.10828e+06
P07195	P00338;P07195;P07864;Q6ZMR3;P00338-3;P00338-2;P00338-4;P00338-5				2.40641e+07
P07225	P07225				5.09826e+07
P07237	P07237				2.51555e+06
P07307;P07307-2;P07307-3	P07307;P07307-3;P07307-2				197265
P07311	P07311				1.15483e+06
P07333	P07333;P07333-2				7.42818e+07
P07339	P07339				1.32338e+08
P07357	P07357				2.51457e+07
P07358	P07358				5.3231e+07
P07359	P07359				154716
P07360	P07360				1.64409e+07
P07451	P07451				444601
P07585	P07585				1.4011e+07
P07602;P07602-2;P07602-3	P07602;P07602-2;P07602-3				2.07303e+07
P07686	P07686				1.00916e+07
P07711	P07711;P07711-3				1.17622e+07
P07737	P07737				1.94833e+06
P07858	P07858				3.36992e+07
P07900;P07900-2	P07900;P08238;P07900-2				807244
P07942	P07942				6.91151e+06
P07988	P07988				672554
P07996	P07996;P07996-2				5.37574e+06
P07998	P07998				5.26327e+06
P08123	P08123				1.21401e+07
P08133;P08133-2	P08133;P08133-2				178037
P08174;P08174-2;P08174-3;P08174-4;P08174-5;P08174-6;P08174-7	P08174;P08174-2;P08174-3;P08174-4;P08174-5;P08174-6;P08174-7				1.2368e+07
P08185	P08185				1.24907e+08
P08195;P08195-2;P08195-3;P08195-4;P08195-5	P08195;P08195-4;P08195-2;P08195-3;P08195-5				5.33286e+06
P08253	P08253;P08253-2;P08253-3				3.15189e+07
P08294	P08294				1.39226e+08
P08493-2	P08493;P08493-2				2.35688e+07
P08571	P08571				1.52643e+08
P08572	P08572				1.18596e+06
P08581;P08581-2	P08581;P08581-2				498558
P08582	P08582				1.16213e+06
P08603	P08603				1.99475e+08
P08637	P08637				3.53034e+06
P08670	P05787;P08670;P08729;P17661;P41219;Q9NSB2;P05787-2;P41219-2				2.47763e+06
P08697	P08697;P08697-2				1.40535e+08
P08758	P08758				861762
P09104	P09104;P09104-2				4.86451e+06
P09172	P09172				2.03116e+06
P09211	P09211				3.93495e+06
P09382	P09382				5.81821e+06
P09417;P09417-2	P09417;P09417-2				9.46447e+06
P09486	P09486				7.55102e+07
P09603	P09603;P09603-2;P09603-3				4.27197e+07
P09619	P09619;P09619-2				3.15736e+06
P09622;P09622-3	P09622;P09622-2;P09622-3				1.13259e+06
P09668	P09668				2.13628e+07
P09871	P09871				7.33953e+07
P09936	P09936				2.74706e+06
P09960;P09960-4	P09960;P09960-2;P09960-3;P09960-4				1.00837e+06
P09972	P04075;P09972;P04075-2				1.00192e+07
P0C0L4;P0C0L4-2	P0C0L4;P0C0L4-2				1.06077e+08
P0C0L5	P0C0L4;P0C0L5;P0C0L4-2				5.26201e+08
P0C6S8	P0C6S8				804121
P0CG47;P0CG48;P62979;P62987	P0CG47;P0CG48;P62979;P62987				5.2865e+07
P0DJI8;P0DJI9	P0DJI8;P0DJI9				2.53557e+06
P0DMQ5	P0DMQ5				1.86862e+07
P0DMV8;P0DMV8-2;P0DMV9	P0DMV8;P0DMV9;P17066;P34931;P0DMV8-2				3.45647e+06
P0DOX2	P01876;P01877;P01876-1;P01877-1;P0DOX2				9.79664e+08
P0DOX3	P0DOX3				1.14315e+07
P0DOX5	P01857;P01859;P0DOX5;P01857-1;P01859-1				2.80948e+09
P0DOX7	P01834;P0DOX7				6.6098e+08
P0DOY3	P0DOY2;P0DOY3				7.53922e+08
P0DP23;P0DP24;P0DP25	P0DP23;P0DP24;P0DP25;P27482				558359
P0DP58	P0DP58				7.3957e+07
P0DTE1	P0DTE1				4.2738e+06
P10153	P10153				5.94806e+06
P10253	P10253				1.87613e+06
P10321;P10321-2	P10321;P10321-2				927321
P10451-3	P10451-3				4.74998e+06
P10451-5	P10451;P10451-4;P10451-5				2.4938e+08
P10586;P10586-2	P10586;P23468;P10586-2;P23468-3;P23468-4;P23468-5;P23468-6;P23468-7				2.09847e+07
P10599	P10599;P10599-2				8.34902e+06
P10643	P10643				5.53746e+07
P10644;P10644-2	P10644;P10644-2				533079
P10645	P10645				3.16879e+08
P10721;P10721-2	P10721;P10721-2				5.17149e+06
P10768	P10768				1.50271e+06
P10909-6	P10909;P10909-4;P10909-6;P10909-2;P10909-3;P10909-5				2.41721e+09
P11021	P11021				5.16946e+06
P11047	P11047				3.71793e+06
P11117	P11117				936695
P11142	P11142				4.11797e+06
P11226	P11226				232433
P11279	P11279				1.38606e+06
P11362-21;P11362-7	P11362;P11362-10;P11362-11;P11362-12;P11362-13;P11362-14;P11362-16;P11362-18;P11362-19;P11362-2;P11362-20;P11362-21;P11362-3;P11362-4;P11362-5;P11362-6;P11362-7;P11362-8;P11362-9				1.29748e+07
P11597;P11597-2	P11597;P11597-2				927923
P11684	P11684				557306
P11717	P11717				5.73059e+06
P12107;P12107-2;P12107-3;P12107-4	P12107;P12107-2;P12107-3;P12107-4				543889
P12109	P12109				3.29766e+07
P12110	P12110;P12110-2;P12110-3				3.23137e+06
P12111	P12111;P12111-2;P12111-4				1.35081e+07
P12111-4	P12111-4				157278
P12259	P12259				8.19993e+06
P12272;P12272-2;P12272-3	P12272;P12272-2;P12272-3				635762
P12277	P12277				1.15169e+06
P12314;Q92637;Q92637-3	P12314;Q92637;Q92637-3				1.27616e+07
P12318;P12318-2	P12318;P31994;P31995;P12318-2;P31994-2;P31994-3;P31994-4;P31994-5;P31995-2;P31995-3;P31995-4				3.96416e+06
P12821;P12821-2	P12821;P12821-2				1.05245e+06
P12830;P12830-2	P12830;P12830-2				3.1053e+06
P12955;P12955-2	P12955;P12955-2;P12955-3				1.71567e+06
P13473;P13473-2;P13473-3	P13473;P13473-2;P13473-3				2.31482e+07
P13489	P13489				841828
P13497;P13497-2;P13497-3;P13497-4;P13497-5;P13497-6	P13497;P13497-2;P13497-3;P13497-4;P13497-5;P13497-6				1.41918e+06
P13521	P13521				6.47595e+07
P13591	P13591;P13591-1;P13591-3;P13591-4;P13591-5;P13591-6				1.79441e+08
P13591-3	P13591-1;P13591-3;P13591-4				3.55895e+07
P13598	P13598				6.34274e+06
P13611;P13611-5	P13611;P13611-2;P13611-3;P13611-4;P13611-5				6.98584e+06
P13637;P13637-2;P13637-3	P13637;P13637-2;P13637-3				1.50419e+06
P13645	P13645				2.44681e+07
P13647	P13647				943377
P13671	P13671				4.40315e+07
P13693	P13693				115992
P13796	P13796				3.98998e+06
P13797;P13797-2;P13797-3	P13797;P13797-2;P13797-3				261609
P13987;P13987-2	P13987;P13987-2				3.77546e+07
P14136	P14136				2.73156e+06
P14138;P14138-2	P14138;P14138-2				524037
P14151;P14151-2	P14151;P14151-2				4.18996e+06
P14174	P14174				5.2186e+06
P14207	P14207				1.32249e+06
P14209;P14209-3	P14209;P14209-3				917322
P14314-2	P14314;P14314-2				6.24148e+06
P14384	P14384				2.71183e+06
P14415	P14415				3.02694e+06
P14543	P14543;P14543-2				1.34949e+07
P14618-2	P14618;P14618-2;P14618-3				2.44407e+07
P14618;P14618-3	P14618;P14618-3				607315
P14621	P14621				3.12e+06
P14625	P14625;Q58FF3				4.83773e+06
P15086	P15085;P15086				1.95764e+06
P15090	P15090				5.05085e+06
P15121	P15121				616212
P15144	P15144				3.06964e+06
P15151;P15151-2;P15151-3;P15151-4	P15151;P15151-2;P15151-3;P15151-4				2.32474e+06
P15169	P15169				3.38887e+06
P15289;P15289-2	P15289;P15289-2				1.33175e+06
P15291;P15291-2	P15291;P15291-2				5.63413e+06
P15502;P15502-1;P15502-10;P15502-12;P15502-13;P15502-2;P15502-4;P15502-5;P15502-6;P15502-7;P15502-9	P15502;P15502-1;P15502-10;P15502-12;P15502-13;P15502-2;P15502-4;P15502-5;P15502-6;P15502-7;P15502-9				1.20683e+06
P15509;P15509-2;P15509-3;P15509-5;P15509-7	P15509;P15509-3;P15509-2;P15509-5;P15509-7;P15509-8				2.15384e+06
P15531;P15531-2	P15531;P22392;P22392-2;P15531-2				1.56629e+06
P15586;P15586-2	P15586;P15586-2				1.02782e+06
P15848;P15848-2	P15848;P15848-2				30481.6
P16035	P16035				4.24104e+07
P16070;P16070-10;P16070-11;P16070-12;P16070-13;P16070-14;P16070-15;P16070-16;P16070-17;P16070-18;P16070-3;P16070-4;P16070-5;P16070-6;P16070-7;P16070-8;P16070-9	P16070;P16070-10;P16070-11;P16070-12;P16070-13;P16070-14;P16070-15;P16070-16;P16070-17;P16070-18;P16070-3;P16070-4;P16070-5;P16070-6;P16070-7;P16070-8;P16070-9				4.81789e+07
P16083	P16083				672257
P16112;P16112-2	P16112;P16112-2;P16112-3				2.78842e+06
P16152	P16152				1.81515e+06
P16519;P16519-2;P16519-3	P16519;P16519-2;P16519-3				1.40427e+07
P16870;P16870-2	P16870;P16870-2				3.5808e+07
P16930	P16930				1.80662e+06
P16949;P16949-2	P16949;P16949-2				1.92105e+06
P17174	P17174;P17174-2				1.26082e+07
P17405;P17405-2;P17405-3;P17405-4	P17405;P17405-2;P17405-3;P17405-4				212565
P17677;P17677-2	P17677;P17677-2				2.40404e+06
P17813;P17813-2	P17813;P17813-2				1.1501e+06
P17900	P17900				7.01557e+07
P17931	P17931				1.61706e+06
P17936;P17936-2	P17936;P17936-2				5.38739e+06
P18065	P18065				1.16007e+08
P18075	P18075				81256.8
P18206;P18206-2	P18206;P18206-2				1.7841e+07
P18428	P18428				2.91327e+06
P18669	P15259;P18669				4.73959e+06
P19021;P19021-5;P19021-6	P19021;P19021-3;P19021-4;P19021-2;P19021-5;P19021-6				4.91763e+07
P19022	P19022;P19022-2				6.87156e+07
P19320	P19320;P19320-2;P19320-3				9.91334e+06
P19367;P19367-2;P19367-3;P19367-4	P19367;P19367-2;P19367-3;P19367-4				1.11486e+06
P19652	P19652				3.76748e+08
P19823	P19823				5.9646e+07
P19827	P19827;P19827-2				3.1843e+07
P19835	P19835				508623
P20062	P20062				1.15569e+07
P20138;P20138-2;P20138-3	P20138;P20138-2;P20138-3				923155
P20366;P20366-2;P20366-3;P20366-4	P20366;P20366-2;P20366-3;P20366-4				5.44493e+06
P20382	P20382				674028
P20472	P20472				1.29023e+07
P20618	P20618				629759
P20774	P20774				6.29918e+07
P20827	P20827;P20827-2				5.98958e+06
P20908;P20908-2	P20908;P20908-2				739529
P20916;P20916-2;P20916-3	P20916;P20916-2;P20916-3				6.11145e+06
P20933	P20933				8.9294e+06
P21333;P21333-2	P21333;P21333-2				3.17661e+06
P21554	P21554				610680
P21579	P21579				1.12093e+06
P21802;P21802-16;P21802-2;P21802-5;P21802-6;P21802-8	P21802;P21802-3;P21802-14;P21802-15;P21802-16;P21802-17;P21802-18;P21802-19;P21802-2;P21802-23;P21802-5;P21802-6;P21802-8				5.04348e+06
P21810	P21810				604027
P21860;P21860-4	P21860;P21860-4				544640
P21926	P21926				546616
P22004	P22004				1.23206e+06
P22061;P22061-2	P22061;P22061-2				9.37072e+06
P22105;P22105-1;P22105-4	P22105;P22105-1;P22105-4				2.07797e+07
P22303	P22303;P22303-2;P22303-3;P22303-4				1.77338e+06
P22304	P22304;P22304-2;P22304-3				1.05922e+07
P22352	P22352				5.37138e+07
P22607;P22607-2;P22607-3;P22607-4	P22455;P22607;P22455-2;P22607-2;P22607-3;P22607-4				1.11059e+07
P22676	P22676				520654
P22692;P22692-2	P22692;P22692-2				3.42554e+07
P22748	P22748				3.5089e+06
P22792	P22792				8.01094e+06
P22794;P22794-2	P22794;P22794-2				2.62466e+06
P22891;P22891-2	P22891;P22891-2				1.48822e+06
P22897	P22897				3.21804e+06
P23083	P23083				4.46367e+06
P23142	P23142				7.86741e+07
P23142-4	P23142-4				1.78164e+08
P23284	P23284				1.07249e+07
P23435	P23435				2.63184e+07
P23468-2	P23468;P23468-2;P23468-3;P23468-4;P23468-5;P23468-6;P23468-7				8.92308e+06
P23470;P23470-2	P23470;P23470-2				1.05814e+07
P23471;P23471-2	P23471;P23471-2;P23471-3				1.75289e+07
P23515	P23515				7.39618e+07
P23560;P23560-2;P23560-3;P23560-4;P23560-5	P23560;P23560-2;P23560-3;P23560-4;P23560-5				3.72592e+06
P23582	P23582				2.23097e+07
P24043	P24043				8.12349e+06
P24158	P24158				145073
P24592	P24592				1.31174e+08
P24593	P24593				1.32974e+07
P24821;P24821-2;P24821-3;P24821-4;P24821-5;P24821-6	P24821;P24821-2;P24821-3;P24821-4;P24821-5;P24821-6				610698
P25189;P25189-2	P25189;P25189-2				1.75048e+06
P25311	P25311				1.14053e+08
P25713	P25713				1.7447e+06
P25774;P25774-2	P25774;P25774-2				3.9426e+06
P26038	P26038				3.22661e+06
P26447	P26447				1.35799e+06
P26572	P26572				6.51114e+06
P26927	P26927;Q2TV78;Q2TV78-2				3.57533e+06
P26992	P26992				1.18636e+07
P27169	P27169				3.87882e+07
P27658	P27658				420186
P27797	P27797				1.7245e+07
P27824;P27824-2	P27824;P27824-2;P27824-3				4.44619e+06
P28300	P28300				213889
P28482	P28482				294656
P28799;P28799-2;P28799-3	P28799;P28799-2;P28799-3				358019
P28827;P28827-2	P28827;P28827-2				648271
P29120;P29120-2	P29120;P29120-2				6.30374e+06
P29218;P29218-3	P29218;P29218-3;P29218-2				3.7871e+06
P29401;P29401-2	P29401;P29401-2				1.06499e+06
P29622	P29622				4.34919e+07
P29966	P29966				3.94197e+06
P30041	P30041				1.18746e+06
P30043	P30043				735137
P30046	P30046				1.99616e+06
P30086	P30086				2.66528e+07
P30101	P30101				3.97183e+06
P30530;P30530-2	P30530;P30530-2				1.06307e+07
P30711	P30711				214930
P30740	P30740				1.38758e+06
P30990	P30990				725916
P31150	P31150;P50395				4.06851e+06
P31321	P31321				401582
P31946;P31946-2	P31946;P31946-2				2.47961e+06
P32004;P32004-2;P32004-3	P32004;P32004-2;P32004-3				5.12494e+06
P32119	P32119				7.08591e+06
P32926	P32926				343292
P33151	P33151;P33151-2				5.59504e+06
P33908	P33908				2.50674e+07
P34059	P34059				567359
P34096	P34096				4.66108e+06
P34741	P34741				1.19736e+06
P35052	P35052				5.90226e+06
P35080	P35080				552305
P35237	P35237				1.09072e+06
P35318	P35318				3.78011e+06
P35442	P35442				3.88799e+06
P35443	P35443				6.95643e+06
P35527	P35527				2.1216e+06
P35542	P35542				2.07817e+08
P35555	P35555				2.63574e+06
P35590	P35590				1.27408e+06
P35613;P35613-2	P35613;P35613-2;P35613-3;P35613-4				7.02337e+06
P35858;P35858-2	P35858;P35858-2				1.57246e+07
P35908	P35908				3.90163e+06
P36222	P36222				9.71753e+07
P36269;P36269-2;P36269-3	P36269;P36269-2;P36269-3				79752.6
P36871;P36871-2	P36871;P36871-2				1.10938e+06
P36955	P36955				4.17475e+08
P36957;P36957-2	P36957;P36957-2				2.98566e+07
P36980	P36980				141499
P37173;P37173-2	P37173;P37173-2				1.9837e+06
P37802;P37802-2	P37802;P37802-2				923460
P37837;P37837-2	P37837;P37837-2				1.08042e+06
P38571;P38571-2	P38571;P38571-2				1.62441e+06
P39059	P39059				3.12026e+06
P39060;P39060-1;P39060-2	P39060;P39060-1;P39060-2				2.37261e+07
P40189	P40189;P40189-3				1.30417e+07
P40925;P40925-3	P40925;P40925-2;P40925-3				1.59693e+07
P40926	P40926				969783
P40967;P40967-2;P40967-4;P40967-5	P40967;P40967-2;P40967-4;P40967-5				320574
P41217;P41217-2;P41217-3	P41217;P41217-2;P41217-3				2.55471e+06
P41222	P41222				1.5576e+10
P41271;P41271-2	P41271;P41271-2				3.12384e+07
P42262;P42262-2;P42262-3	P42262;P42262-2;P42262-3;P42262-4				2.4128e+06
P42658;P42658-2	P42658;P42658-2				2.91934e+06
P42785	P42785;P42785-2				9.52134e+06
P42857;P42857-2	P42857;P42857-2				1.46748e+06
P43121	P43121;P43121-2				1.44251e+07
P43146	P43146				5.00885e+06
P43234	P43234				1.89571e+06
P43251;P43251-2;P43251-3;P43251-4	P43251;P43251-2;P43251-3;P43251-4				5.42137e+07
P43652	P43652				1.55848e+08
P45877	P45877				3.86653e+06
P46459	P46459				1.99387e+06
P47972	P47972				1.34713e+07
P48058;P48058-2	P48058;P48058-2				1.03773e+07
P48061;P48061-2;P48061-3;P48061-4;P48061-5;P48061-6	P48061;P48061-2;P48061-3;P48061-4;P48061-5;P48061-6				5.29827e+06
P48147	P48147				81199
P48551;P48551-2;P48551-3	P48551;P48551-2;P48551-3				191439
P48637	P48637				1.32689e+06
P48723	P48723				3.58457e+06
P48740-2;P48740-4	P48740-2;P48740-4				2.72185e+06
P48740-3	P48740;P48740-2;P48740-3;P48740-4				5.80139e+06
P48745	P48745				644179
P49221	P49221				3.0879e+06
P49257	P49257				5.97218e+06
P49418;P49418-2	P49418;P49418-2				626141
P49641	P49641;P49641-1;P49641-2				1.44762e+07
P49747;P49747-2	P49747;P49747-2				5.11617e+06
P49908	P49908				1.59824e+07
P50281	P50281				1.085e+06
P50395;P50395-2	P50395;P50395-2				828645
P50895	P50895				1.96898e+06
P50897	P50897;P50897-2				1.43794e+06
P50993	P05023;P13637;P20648;P50993;P05023-2;P05023-3;P05023-4;P13637-2;P13637-3				482794
P51674;P51674-2;P51674-3	P51674;P51674-2;P51674-3				552371
P51693	P51693;P51693-2				3.69026e+08
P51693-2	P51693-2				6.99625e+06
P51884	P51884				6.43468e+07
P51888	P51888				1.09697e+07
P52565;P52565-2	P52565;P52565-2				1.46932e+06
P52758	P52758				660969
P52799	P52799				2.62776e+06
P52803	P52803				4.39635e+06
P52848	P52848				812403
P53041	P53041				162826
P53634	P53634				1.26631e+06
P54108;P54108-2;P54108-3	P54108;P54108-2;P54108-3				4.03224e+06
P54253	P54253				5.7602e+08
P54289-2;P54289-3	P54289;P54289-2;P54289-3;P54289-4;P54289-5				4.3864e+07
P54725;P54725-2;P54725-3;P54727	P54725;P54727;P54725-2;P54725-3				1.59089e+06
P54764	P54764				2.45344e+07
P54802	P54802				1.75926e+06
P54803;P54803-4;P54803-5	P54803;P54803-4;P54803-5				290828
P55056	P55056				290396
P55058	P55058;P55058-2;P55058-3;P55058-4				1.60972e+08
P55083;P55083-2	P55083;P55083-2				5.79423e+06
P55087;P55087-2	P55087;P55087-2				3.28672e+06
P55103	P55103				178690
P55268	P55268				3.75794e+06
P55283;P55283-2	P55283;P55283-2				9.51315e+06
P55285;P55285-2	P55285;P55285-2				4.70611e+06
P55286	P55286;P55287;P55289;Q9ULB5;P55287-2;P55289-2				6.2579e+06
P55287;P55287-2	P55287;P55287-2				4.09058e+06
P55290;P55290-4	P55290;P55290-2;P55290-3;P55290-4;P55290-5				1.28766e+08
P55291	P55291				7.36405e+06
P55786;P55786-2	P55786;P55786-2				1.57794e+06
P55957;P55957-2	P55957;P55957-2;P55957-4				324263
P56159;P56159-2	P56159;P56159-2				4.99943e+06
P56817;P56817-2;P56817-3;P56817-4	P56817;P56817-2;P56817-3;P56817-4				796553
P58215	P58215;P58215-2;P58215-3				374686
P58400	P58400;P58400-1				2.39529e+06
P58401	P58401				1.90958e+06
P58417	O95156;P58417				3.06762e+07
P60174;P60174-3	P60174;P60174-3;P60174-4				7.51861e+06
P60520	O95166;P60520;Q9H0R8;Q9H0R8-2				566586
P60660;P60660-2	P60660;P60660-2				681884
P60709;P63261	P60709;P63261				5.34488e+07
P61088	P61088				630051
P61106	P61106				924175
P61204;P61204-2;P84077;P84085	P61204;P84077;P84085;P61204-2				25736.8
P61278	P61278				2.52474e+07
P61626	P61626				3.16864e+07
P61769	P61769				1.31887e+09
P61916	P61916;P61916-2				6.27923e+07
P61970	P61970				3.10802e+06
P61981	P61981				1.23384e+06
P62258;P62258-2	P62258;P62258-2				5.37879e+06
P62328	P62328;P63313				7.60467e+06
P62736;P63267	P62736;P63267;P68032;P68133				3.9379e+06
P62937	P62937				1.18333e+08
P62942	P62942				1.94458e+06
P62993;P62993-2	P62993;P62993-2				1.31778e+06
P63010;P63010-2;P63010-3	P63010;P63010-2;P63010-3				4.62813e+06
P63104	P63104;P63104-2				3.4936e+06
P63208;P63208-2	P63208;P63208-2				2.05585e+06
P68036;P68036-2;P68036-3	P68036;A0A1B0GUS4;P68036-2;P68036-3				2.02135e+06
P68871	P02042;P68871				4.26159e+07
P69849;Q15155;Q5JPE7;Q5JPE7-2;Q5JPE7-3	P69849;Q15155;Q5JPE7;Q5JPE7-2;Q5JPE7-3				399466
P69905	P69905				8.37408e+07
P78310;P78310-2;P78310-5;P78310-6;P78310-7	P78310;P78310-2;P78310-4;P78310-5;P78310-6;P78310-7				1.40637e+06
P78324;P78324-2	P78324;Q9P1W8;Q5TFQ8;P78324-2;P78324-4;Q9P1W8-2;Q9P1W8-3;Q9P1W8-4				3.09904e+07
P78417;P78417-3	P78417;P78417-3				1.89205e+06
P78504	P78504;P78504-2				350473
P78509	P78509;P78509-2;P78509-3				3.33276e+07
P78539;P78539-2;P78539-3;P78539-5	P78539;P78539-2;P78539-3;P78539-4;P78539-5				1.16188e+06
P79483;Q30154	P79483;Q30154				1.12667e+06
P80108	P80108				1.00106e+07
P80303;P80303-2	P80303;P80303-2				2.51518e+06
P80723	P80723;P80723-2				3.70393e+06
P80748	P80748				4.79018e+07
P81605	P81605				1.43137e+06
P82987;P82987-2	P82987;P82987-2				256594
P98095;P98095-2	P98095;P98095-2				7.63552e+06
P98153;P98153-2;P98153-3	P98153;P98153-2;P98153-3				2.1024e+06
P98155;P98155-2	P98155;P98155-2				359234
P98160	P98160				2.32922e+07
P98173;P98173-2;P98173-3	P98173;P98173-2;P98173-3				1.52959e+06
P99999	P99999				3.35755e+06
Q00973	Q00973;Q00973-2;Q00973-3				2.82446e+06
Q01459	Q01459				5.14017e+06
Q01469	Q01469				5.06651e+06
Q01995	Q01995				1.08696e+07
Q02246	Q02246				4.68598e+07
Q02487;Q02487-2	Q02487;Q02487-2				4.03614e+06
Q02790	Q02790				120805
Q02809;Q02809-2	Q02809;Q02809-2				2.28027e+06
Q02818	Q02818				1.39507e+07
Q02985;Q02985-2	Q02985;Q92496;Q02985-2;Q92496-2;Q92496-3				3.19524e+07
Q03167;Q03167-2	Q03167;Q03167-2				6.6554e+06
Q03591	Q03591				4.07544e+07
Q04721	Q04721				2.17762e+06
Q04756	Q04756				2.7341e+06
Q04760;Q04760-2	Q04760;Q04760-2				2.46238e+06
Q05707;Q05707-2	Q05707;Q05707-2;Q05707-3				2.0276e+06
Q05996;Q05996-2	Q05996;Q05996-2				877731
Q06033;Q06033-2	Q06033;Q06033-2				5.81102e+06
Q06418	Q06418				5.18203e+06
Q06481	Q06481;Q06481-3;Q06481-6				7.26147e+07
Q06828	Q06828				1.84016e+07
Q06830	Q06830;Q13162				4.73192e+06
Q07092;Q07092-2	Q07092;Q07092-2				1.1678e+06
Q07954	Q07954				8.79163e+06
Q08174;Q08174-2	Q08174;Q08174-2				6.18772e+06
Q08345;Q08345-5	Q08345;Q08345-2;Q08345-4;Q08345-5;Q08345-6				9.30603e+07
Q08380	Q08380				6.8281e+07
Q08397	Q08397				1.01716e+06
Q08431;Q08431-4	Q08431;Q08431-3;Q08431-4				3.58137e+06
Q08554;Q08554-2	Q08554;Q08554-2				1.44374e+06
Q08629	Q08629				7.20558e+06
Q08ET2	O15389;Q08ET2				4.35797e+06
Q09328	Q09328				1.36908e+06
Q0P6D2	Q0P6D2				4.35999e+06
Q10469	Q10469				1.20008e+06
Q10471	Q10471				5.12798e+06
Q10472	Q10472;Q8IUC8;Q8IUC8-3;Q8IUC8-2				3.41917e+06
Q10588	Q10588;Q10588-2				1.67319e+06
Q10589;Q10589-2	Q10589;Q10589-2				264036
Q12765;Q12765-2;Q12765-3	Q12765;Q12765-2;Q12765-3				248645
Q12794;Q12794-2;Q12794-7	Q12794;Q12794-2;Q12794-4;Q12794-7				936818
Q12797;Q12797-10	Q12797;Q12797-10				825984
Q12805;Q12805-2;Q12805-3;Q12805-4;Q12805-5	Q12805;Q12805-2;Q12805-3;Q12805-4;Q12805-5				9.51241e+07
Q12841;Q12841-2	Q12841;Q12841-2				3.88067e+06
Q12860	Q12860;Q12860-2				3.38485e+07
Q12866	Q12866				1.5414e+06
Q12907	Q12907				4.05347e+07
Q12913;Q12913-3	Q12913;Q12913-2;Q12913-3				1.25838e+06
Q13201;Q13201-2	Q13201;Q13201-2				646939
Q13214;Q13214-2	Q13214;Q13214-2				956280
Q13217	Q13217				1.4107e+06
Q13228;Q13228-4	Q13228;Q13228-2;Q13228-3;Q13228-4				8.78205e+06
Q13231;Q13231-2;Q13231-3;Q13231-4	Q13231;Q13231-2;Q13231-3;Q13231-4				257802
Q13232	Q13232				276056
Q13275-2	Q13275;Q13275-2				663414
Q13308;Q13308-2;Q13308-3;Q13308-4;Q13308-5;Q13308-6	Q13308;Q13308-2;Q13308-3;Q13308-4;Q13308-5;Q13308-6				557947
Q13332-2;Q13332-6	Q13332;Q13332-2;Q13332-3;Q13332-4;Q13332-5;Q13332-6;Q13332-7				1.24717e+07
Q13332-5	Q13332-5;Q13332-7				1.60888e+06
Q13404;Q13404-1;Q13404-2;Q13404-7	Q13404;Q13404-1;Q13404-2;Q13404-6;Q13404-7				1.46189e+06
Q13421-2;Q13421-3;Q13421-4	Q13421;Q13421-2;Q13421-3;Q13421-4				972624
Q13433	Q13433				569472
Q13443;Q13443-2	Q13443;Q13443-2				3.22928e+06
Q13449	Q13449				2.43675e+08
Q13501;Q13501-2	Q13501;Q13501-2				346060
Q13508;Q13508-2;Q13508-3	Q13508;Q13508-2;Q13508-3				1.12672e+07
Q13510;Q13510-2	Q13510;Q13510-2;Q13510-3				5.49432e+06
Q13519;Q13519-2	Q13519;Q13519-2				1.18782e+06
Q13554;Q13554-2;Q13554-3;Q13554-4;Q13554-5;Q13554-7;Q13554-8	Q13554;Q13554-3;Q13554-2;Q13554-4;Q13554-5;Q13554-6;Q13554-7;Q13554-8				6.32347e+06
Q13555;Q13555-10;Q13555-11;Q13555-2;Q13555-3;Q13555-4;Q13555-5;Q13555-6;Q13555-7;Q13555-8;Q13555-9	Q13555;Q13555-5;Q13555-10;Q13555-11;Q13555-2;Q13555-3;Q13555-4;Q13555-6;Q13555-7;Q13555-8;Q13555-9				2.36797e+06
Q13557;Q13557-10;Q13557-11;Q13557-12;Q13557-3;Q13557-4;Q13557-5;Q13557-6;Q13557-8;Q13557-9	Q13557;Q13557-8;Q13557-10;Q13557-11;Q13557-12;Q13557-3;Q13557-4;Q13557-5;Q13557-6;Q13557-9				856848
Q13634;Q13634-2	Q13634;Q13634-2				8.12552e+06
Q13641	Q13641				4.88048e+06
Q13740;Q13740-2	Q13740;Q13740-2;Q13740-3				1.97692e+07
Q13790	Q13790				4.07406e+06
Q13822-3	Q13822;Q13822-3				2.33591e+08
Q13867	Q13867				486758
Q14019	Q14019				1.49286e+06
Q14112;Q14112-2	Q14112;Q14112-2				2.58587e+07
Q14118	Q14118				1.12308e+08
Q14126	Q14126				3.4738e+06
Q14165	Q14165				3.74407e+06
Q14242;Q14242-2	Q14242;Q14242-2				1.64732e+06
Q14257;Q14257-2	Q14257;Q14257-2				1.06387e+06
Q14314	Q14314				5.9911e+06
Q14315;Q14315-2	Q14315;Q14315-2				1.06846e+07
Q14393;Q14393-1;Q14393-3;Q14393-4;Q14393-5	Q14393;Q14393-1;Q14393-3;Q14393-4;Q14393-5				4.6208e+06
Q14515	Q14515;Q14515-2				2.65442e+08
Q14517	Q14517				437550
Q14520;Q14520-2	Q14520;Q14520-2				1.23641e+07
Q14563	Q14563				973468
Q14574;Q14574-2	Q14574;Q14574-2				2.80367e+06
Q14624	Q14624				8.94004e+07
Q14696	Q14696				1.08271e+06
Q14697;Q14697-2	Q14697;Q14697-2				4.70303e+06
Q14766;Q14766-2;Q14766-3	Q14766;Q14766-2;Q14766-3;Q14766-4;Q14766-5				4.85946e+06
Q14767	Q14767				4.10444e+06
Q14894	Q14894				926423
Q14956;Q14956-2	Q14956;Q14956-2				749883
Q14982;Q14982-2;Q14982-3;Q14982-4	Q14982;Q14982-2;Q14982-3;Q14982-4				1.75172e+07
Q14C87	Q14C87;Q8N3T6				3.04653e+06
Q14CZ8	Q14CZ8				1.36286e+06
Q14DG7	Q14DG7;Q14DG7-2				1.63399e+06
Q15063;Q15063-3;Q15063-5	Q15063;Q15063-2;Q15063-3;Q15063-4;Q15063-5;Q15063-6;Q15063-7				2.09176e+06
Q15084;Q15084-2;Q15084-3;Q15084-4;Q15084-5	Q15084;Q15084-2;Q15084-3;Q15084-4;Q15084-5				814001
Q15113	Q15113				4.6739e+07
Q15121;Q15121-2	Q15121;Q15121-2				23089.7
Q15166	Q15166				1.41251e+07
Q15223;Q15223-2;Q15223-3	Q15223;Q15223-2;Q15223-3				1.19802e+07
Q15256;Q15256-5	Q15256;Q15256-5				1.57919e+06
Q15262;Q15262-2;Q15262-3;Q15262-4	Q15262;Q15262-2;Q15262-3;Q15262-4				1.57739e+06
Q15293;Q15293-2	Q15293;Q15293-2				3.41336e+06
Q15303;Q15303-2;Q15303-3;Q15303-4	Q15303;Q15303-2;Q15303-3;Q15303-4				1.21457e+06
Q15375;Q15375-2;Q15375-4	Q15375;Q15375-2;Q15375-4				1.94301e+06
Q15459;Q15459-2	Q15459;Q15459-2				1.10496e+06
Q15465	Q15465				2.09062e+06
Q15582	Q15582				2.92042e+07
Q15768	Q15768				3.17602e+06
Q15782;Q15782-5;Q15782-6	Q15782;Q15782-5;Q15782-6				5.54581e+06
Q15818	Q15818				7.99168e+07
Q15828	Q15828				879069
Q15846	Q15846				1.1606e+06
Q15847	Q15847				584763
Q15848	Q15848				6.80347e+06
Q15904	Q15904				9.97126e+07
Q16270	Q16270;Q16270-2				4.76988e+08
Q16288;Q16288-2;Q16288-3;Q16288-4;Q16288-5	Q16288;Q16288-2;Q16288-3;Q16288-4;Q16288-5				3.73778e+06
Q16363;Q16363-2	Q16363;Q16363-2				559801
Q16394	Q16394				195609
Q16531	Q16531				641665
Q16555;Q16555-2	Q16555;Q16555-2				165014
Q16568	Q16568				3.53539e+06
Q16581	Q16581				1.25151e+06
Q16610;Q16610-4	Q16610;Q16610-2;Q16610-3;Q16610-4				1.98064e+07
Q16620;Q16620-2;Q16620-3;Q16620-4;Q16620-5;Q16620-6	Q16620;Q16620-2;Q16620-3;Q16620-4;Q16620-5;Q16620-6				8.15334e+06
Q16627;Q16627-2	Q16627;Q16627-2				3.58117e+06
Q16651	Q16651;Q16651-2				415029
Q16653;Q16653-10;Q16653-11;Q16653-13;Q16653-2;Q16653-3;Q16653-5;Q16653-6;Q16653-7;Q16653-8;Q16653-9	Q16653;Q16653-10;Q16653-11;Q16653-13;Q16653-2;Q16653-3;Q16653-5;Q16653-6;Q16653-7;Q16653-8;Q16653-9				5.3829e+06
Q16658	Q16658				1.19549e+06
Q16674	Q16674				3.72896e+06
Q16706	Q16706				2.95144e+06
Q16769	Q16769				1.7787e+07
Q16775;Q16775-2	Q16775;Q16775-2				879096
Q16799	Q16799				651267
Q16849	Q16849;Q16849-3;Q16849-2				2.10608e+07
Q16881;Q16881-2;Q16881-3;Q16881-4;Q16881-5;Q16881-6;Q16881-7	Q16881;Q16881-4;Q16881-5;Q16881-2;Q16881-3;Q16881-6;Q16881-7				624277
Q16891;Q16891-2;Q16891-3;Q16891-4	Q16891;Q16891-2;Q16891-3;Q16891-4				1.20295e+06
Q17RC7	Q17RC7				2.75916e+07
Q24JP5;Q24JP5-2	Q24JP5;Q24JP5-2;Q24JP5-3				9.45184e+06
Q2TAL6	Q2TAL6				626606
Q2UY09	Q2UY09;Q2UY09-2;Q2UY09-3				1.45408e+06
Q495W5;Q495W5-2	Q495W5;Q495W5-2				3.23148e+06
Q496H8	Q496H8				67486.9
Q4G0P3	Q4G0P3;Q4G0P3-10;Q4G0P3-5;Q4G0P3-6;Q4G0P3-8				2.21969e+07
Q4G148;Q4G148-2	Q4G148;Q4G148-2				100402
Q504Y0;Q504Y0-2;Q504Y0-3;Q504Y0-4;Q504Y0-5	Q504Y0;Q504Y0-2;Q504Y0-3;Q504Y0-4;Q504Y0-5				26134.4
Q53EL9;Q53EL9-3	Q53EL9;Q53EL9-2;Q53EL9-3;Q53EL9-4				3.0242e+07
Q53RD9;Q53RD9-2;Q53RD9-3;Q53RD9-4	Q53RD9;Q53RD9-2;Q53RD9-3;Q53RD9-4				7.36173e+06
Q562R1	Q562R1				2.18423e+07
Q58EX2;Q58EX2-2;Q58EX2-3;Q58EX2-4	Q58EX2;Q58EX2-2;Q58EX2-3;Q58EX2-4				448853
Q5BIV9	Q5BIV9				6.05005e+06
Q5BLP8;Q5BLP8-2;Q5BLP8-3	Q5BLP8;Q5BLP8-2;Q5BLP8-3				8.08893e+06
Q5FWE3;Q5FWE3-3	Q5FWE3;Q5FWE3-3				1.66868e+07
Q5IJ48;Q5IJ48-2;Q5IJ48-3	Q5IJ48;Q5IJ48-2;Q5IJ48-3				7.43178e+06
Q5JRA6;Q5JRA6-2	Q5JRA6;Q5JRA6-2				1.90291e+06
Q5JZY3;Q5JZY3-2;Q5JZY3-3	Q5JZY3;Q5JZY3-2;Q5JZY3-3				2.69737e+06
Q5KU26	Q5KU26				1.87536e+07
Q5R3F8	Q5R3F8				872370
Q5SZK8	Q5SZK8;Q5SZK8-2				1.6314e+06
Q5T848	Q5T848				4.08573e+06
Q5VSG8	Q5VSG8				4.37672e+06
Q5VU97	Q5VU97				4.8457e+06
Q5VUB5	Q5VUB5				1.57516e+06
Q5VV43;Q5VV43-2;Q5VV43-3;Q5VV43-4	Q5VV43;Q5VV43-2;Q5VV43-3;Q5VV43-4				828278
Q641Q3;Q641Q3-2	Q641Q3;Q641Q3-2				4.88067e+06
Q658N2	Q658N2				7.35673e+06
Q68BL7;Q68BL7-2;Q68BL7-3	Q68BL7;Q68BL7-2;Q68BL7-3				5.94834e+06
Q68D85	Q68D85				1.09722e+06
Q6E0U4;Q6E0U4-16;Q6E0U4-2;Q6E0U4-3;Q6E0U4-4;Q6E0U4-5;Q6E0U4-6;Q6E0U4-7	Q6E0U4;Q6E0U4-16;Q6E0U4-2;Q6E0U4-3;Q6E0U4-4;Q6E0U4-5;Q6E0U4-6;Q6E0U4-7				546292
Q6EMK4	Q6EMK4				9.8223e+06
Q6GTX8;Q6GTX8-2;Q6GTX8-3;Q6GTX8-4;Q6ISS4;Q6ISS4-2	Q6GTX8;Q6ISS4;Q6GTX8-2;Q6GTX8-3;Q6GTX8-4;Q6ISS4-2				4.59664e+06
Q6IEE7	Q6IEE7				771700
Q6IS24	Q6IS24				907505
Q6JBY9;Q6JBY9-2	Q6JBY9;Q6JBY9-2				56195.5
Q6MZW2	Q6MZW2;Q6MZW2-2;Q6MZW2-3				5.98154e+06
Q6NUJ2	Q6NUJ2				2.16959e+06
Q6NW40	Q6NW40				1.67211e+07
Q6P179;Q6P179-3	Q6P179;Q6P179-2;Q6P179-3;Q6P179-4				540254
Q6P4E1;Q6P4E1-2;Q6P4E1-5	Q6P4E1;Q6P4E1-2;Q6P4E1-5				6.63287e+06
Q6P9A2	Q6P9A2				2.90115e+06
Q6PCB0	Q6PCB0				372684
Q6RVD6	Q6RVD6				706151
Q6UVK1	Q6UVK1				4.79604e+06
Q6UW01	Q6UW01				7.31399e+06
Q6UWH4;Q6UWH4-2	Q6UWH4;Q6UWH4-2;Q6UWH4-3				2.69493e+06
Q6UWP8	Q6UWP8				25746.3
Q6UWR7	Q6UWR7				1.91478e+06
Q6UWY5	Q6UWY5				1.54661e+06
Q6UX15;Q6UX15-2	Q6UX15;Q6UX15-2				1.57275e+06
Q6UX71	Q6UX71;Q6UX71-2				1.26911e+07
Q6UX72	Q6UX72				1.16305e+06
Q6UX73;Q6UX73-2	Q6UX73;Q6UX73-2				2.2234e+07
Q6UXB8	Q6UXB8;Q6UXB8-2				1.64473e+07
Q6UXD5-3;Q6UXD5-5	Q6UXD5;Q6UXD5-2;Q6UXD5-3;Q6UXD5-4;Q6UXD5-5;Q6UXD5-6				3.22393e+07
Q6UXH9;Q6UXH9-2	Q6UXH9;Q6UXH9-2;Q6UXH9-3				1.25546e+06
Q6UXI9;Q6UXI9-2;Q6UXI9-3;Q6UXI9-4;Q6UXI9-5;Q6UXI9-6	Q6UXI9;Q6UXI9-2;Q6UXI9-3;Q6UXI9-4;Q6UXI9-5;Q6UXI9-6				567575
Q6UXK2	Q6UXK2				907661
Q6UXK5	Q6UXK5				2.43994e+06
Q6UXZ4;Q6UXZ4-2	Q6UXZ4;Q6UXZ4-2				1.81849e+06
Q6UY14;Q6UY14-2;Q6UY14-3	Q6UY14;Q6UY14-3;Q6UY14-2				482613
Q6YHK3	Q6YHK3;Q6YHK3-2;Q6YHK3-4				2.43222e+06
Q6ZMI3;Q6ZMI3-2	Q6ZMI3;Q6ZMI3-2				3.75946e+06
Q6ZMP0;Q6ZMP0-2	Q6ZMP0;Q6ZMP0-2				1.31028e+06
Q6ZN30;Q6ZN30-2	Q6ZN30;Q6ZN30-2				838946
Q6ZRP7	Q6ZRP7				2.15891e+06
Q6ZSJ9;Q6ZSJ9-2;Q6ZSJ9-3	Q6ZSJ9;Q6ZSJ9-2;Q6ZSJ9-3				2.36968e+07
Q6ZVL6;Q6ZVL6-2	Q6ZVL6;Q6ZVL6-2				3.61443e+06
Q76KP1	Q76KP1				1.16677e+06
Q7KYR7;Q7KYR7-1;Q7KYR7-4;Q7KYR7-5;Q7KYR7-6;Q8WVV5;Q8WVV5-2;Q8WVV5-3	Q7KYR7;Q8WVV5;Q7KYR7-4;Q7KYR7-1;Q7KYR7-5;Q7KYR7-6;Q8WVV5-2;Q8WVV5-3				709066
Q7LFX5	Q7LFX5;Q7LFX5-2				3.00888e+06
Q7LGC8	Q7LGC8				467036
Q7Z3B1	Q7Z3B1;Q7Z3B1-2				3.44031e+07
Q7Z3D4	Q7Z3D4				234088
Q7Z408;Q7Z408-4	Q7Z408;Q7Z408-4				403844
Q7Z4R8	Q7Z4R8				1.34654e+06
Q7Z553;Q7Z553-3	Q7Z553;Q7Z553-2;Q7Z553-3				1.78113e+06
Q7Z5A7;Q7Z5A7-2	Q7Z5A7;Q7Z5A7-2;Q7Z5A7-3				7.52982e+06
Q7Z5L0	Q7Z5L0				1.46869e+06
Q7Z5L7;Q7Z5L7-2;Q7Z5L7-3	Q7Z5L7;Q7Z5L7-2;Q7Z5L7-3				247128
Q7Z5N4;Q7Z5N4-3	Q7Z5N4;Q7Z5N4-3				60806.2
Q7Z7H5;Q7Z7H5-3	Q7Z7H5;Q7Z7H5-2;Q7Z7H5-3				1.95926e+06
Q7Z7M0	Q7Z7M0;Q7Z7M0-2				2.77807e+07
Q7Z7M8	Q7Z7M8				51379.1
Q86SF2	Q86SF2				2.95753e+06
Q86SR1	Q86SR1;Q86SR1-2;Q86SR1-3				2.91844e+06
Q86TY3;Q86TY3-2	Q86TY3;Q86TY3-2				2.54162e+07
Q86UD1	Q86UD1				6.93866e+06
Q86UN2	Q86UN2				2.47109e+06
Q86UN3	Q86UN3				1.50355e+07
Q86UP0;Q86UP0-2	Q86UP0;Q86UP0-2				4.56998e+06
Q86UW8	Q86UW8				705517
Q86UX2	Q86UX2;Q86UX2-2;Q86UX2-3				2.72093e+07
Q86V85	Q86V85				104845
Q86VB7;Q86VB7-2;Q86VB7-3;Q86VB7-4	Q86VB7;Q86VB7-2;Q86VB7-3;Q86VB7-4				1.23671e+07
Q86VR8	Q86VR8				298092
Q86VV8;Q86VV8-3	Q86VV8;Q86VV8-3				8.48872e+06
Q86VZ4	Q86VZ4				1.98692e+06
Q86X29;Q86X29-2;Q86X29-3;Q86X29-4;Q86X29-5;Q86X29-6	Q86X29;Q86X29-2;Q86X29-3;Q86X29-4;Q86X29-5;Q86X29-6				2.05384e+06
Q86XR7-2;Q9Y3B3;Q9Y3B3-2	Q9Y3B3;Q86XR7-2;Q9Y3B3-2				423009
Q86Y38	Q86Y38				1.29049e+06
Q86Y82	Q86Y82				776206
Q86YD3;Q86YD3-2;Q86YD3-4;Q86YD3-5	Q86YD3;Q86YD3-2;Q86YD3-3;Q86YD3-4;Q86YD3-5				5.7536e+06
Q86YT9;Q86YT9-2;Q86YT9-3;Q86YT9-4	Q86YT9;Q86YT9-2;Q86YT9-3;Q86YT9-4				303950
Q8IUC8;Q8IUC8-2;Q8IUC8-3	Q8IUC8;Q8IUC8-3;Q8IUC8-2				3.9007e+06
Q8IUK5;Q8IUK5-2;Q8IUK5-3	Q8IUK5;Q8IUK5-2;Q8IUK5-3;Q8IUK5-4				6.51595e+06
Q8IUK8	Q8IUK8				9.47422e+06
Q8IUX7	Q8IUX7;Q8IUX7-2				1.10492e+07
Q8IV08	Q8IV08				5.97074e+06
Q8IW52	Q8IW52				4.86172e+06
Q8IWT1	Q8IWT1;Q8IWT1-2				794586
Q8IWU5;Q8IWU5-2	Q8IWU5;Q8IWU5-2				3.44112e+07
Q8IWV2	Q8IWV2				2.11872e+06
Q8IWY4	Q8IWY4				607072
Q8IXL6	Q8IXL6;Q8IXL6-2				2.86451e+06
Q8IYJ0;Q8IYJ0-2	Q8IYJ0;Q8IYJ0-2				3.99597e+07
Q8IYS5-2;Q8IYS5-3;Q8IYS5-6	Q8IYS5;Q8IYS5-2;Q8IYS5-3;Q8IYS5-4;Q8IYS5-5;Q8IYS5-6;Q8IYS5-7				5.10664e+07
Q8IZA0;Q8IZA0-2	Q8IZA0;Q8IZA0-2				3.28734e+06
Q8IZJ1;Q8IZJ1-2	Q8IZJ1;Q8IZJ1-2				719768
Q8IZJ3;Q8IZJ3-2	Q8IZJ3;Q8IZJ3-2				190544
Q8IZP7	Q8IZP7				4.30932e+06
Q8IZS8;Q8IZS8-2	Q8IZS8;Q8IZS8-2;Q8IZS8-3				3.10602e+06
Q8N114;Q8N114-2	Q8N114;Q8N114-2				1.59105e+07
Q8N126;Q8N126-2	Q8N126;Q8N126-2				3.42219e+07
Q8N149;Q8N149-2;Q8N149-3;Q8N149-4	Q8N149;Q8N149-2;Q8N149-3;Q8N149-4				358707
Q8N2Q7;Q8N2Q7-2	Q8N2Q7;Q8N2Q7-2				993043
Q8N2S1;Q8N2S1-2;Q8N2S1-3	Q8N2S1;Q8N2S1-2;Q8N2S1-3				5.32847e+06
Q8N3J2	Q8N3J2				1.09038e+07
Q8N3J6;Q8N3J6-2;Q8N3J6-3;Q8N3J6-4;Q8N3J6-5	Q8N3J6;Q8N3J6-2;Q8N3J6-3;Q8N3J6-4;Q8N3J6-5				6.28776e+06
Q8N3T1	Q8N3T1				796263
Q8N3T6	Q8N3T6				2.80321e+06
Q8N428;Q8N428-2	Q8N428;Q8N428-2				567699
Q8N436	Q8N436				1.31149e+06
Q8N474	Q8N474				599052
Q8N475;Q8N475-2	Q8N475;Q8N475-2;Q8N475-3				2.037e+06
Q8N608;Q8N608-2;Q8N608-3;Q8N608-4	Q8N608;Q8N608-2;Q8N608-3;Q8N608-4				313371
Q8N6C5;Q8N6C5-2;Q8N6C5-4	Q8N6C5;Q8N6C5-2;Q8N6C5-4				1.37853e+06
Q8N8Z6;Q8N8Z6-2	Q8N8Z6;Q8N8Z6-2				453326
Q8N967	Q8N967				491920
Q8N9I0	Q8N9I0				364437
Q8NBI6	Q8NBI6				4.17251e+06
Q8NBJ4;Q8NBJ4-2	Q8NBJ4;Q8NBJ4-2				1.61467e+07
Q8NBJ7;Q8NBJ7-2	Q8NBJ7;Q8NBJ7-2;Q8NBJ7-3				879526
Q8NBP7	Q8NBP7				1.45969e+06
Q8NBS9;Q8NBS9-2	Q8NBS9;Q8NBS9-2				360490
Q8NC42	Q8NC42				427019
Q8NCC3	Q8NCC3;Q8NCC3-2				1.99987e+06
Q8NCH0	Q8NCH0				480336
Q8NCL4	Q8NCL4				4.47373e+06
Q8NCW5;Q8NCW5-2	Q8NCW5;Q8NCW5-2				1.52468e+06
Q8NEP3;Q8NEP3-2;Q8NEP3-3	Q8NEP3;Q8NEP3-2;Q8NEP3-3				1.01945e+09
Q8NES3;Q8NES3-3	Q8NES3;Q8NES3-3				1.09988e+07
Q8NEY1;Q8NEY1-2;Q8NEY1-3;Q8NEY1-4;Q8NEY1-6;Q8NEY1-7	Q8NEY1;Q8NEY1-2;Q8NEY1-3;Q8NEY1-4;Q8NEY1-6;Q8NEY1-7				5.75041e+07
Q8NFL0	Q8NFL0				129814
Q8NFP4;Q8NFP4-2	Q8NFP4;Q8NFP4-2				1.22292e+06
Q8NFT8	Q8NFT8				1.35249e+06
Q8NFY4;Q8NFY4-6	Q8NFY4;Q8NFY4-2;Q8NFY4-3;Q8NFY4-4;Q8NFY4-5;Q8NFY4-6;Q8NFY4-8				3.00625e+06
Q8NFZ4	Q8N0W4;Q8N2Q7;Q8NFZ3;Q8NFZ4;Q8NFZ3-2;Q8N0W4-2;Q8N2Q7-2				5.41637e+06
Q8NFZ8	Q8NFZ8				4.63122e+07
Q8NHP8	Q8NHP8;Q8NHP8-2				3.21729e+06
Q8NHQ9	Q8NHQ9				3.17383e+08
Q8TAB3;Q8TAB3-2;Q8TAB3-3	Q8TAB3;Q8TAB3-2;Q8TAB3-3				343716
Q8TAG5;Q8TAG5-2	Q8TAG5;Q8TAG5-2				4.43457e+07
Q8TBP5	Q8TBP5				1.85806e+07
Q8TCZ2	Q8TCZ2;Q8TCZ2-2;Q8TCZ2-3;Q8TCZ2-5;Q8TCZ2-6				2.62941e+07
Q8TDF5;Q8TDF5-1;Q8TDF5-2	Q8TDF5;Q8TDF5-1;Q8TDF5-2				336070
Q8TEA8	Q8TEA8				2.18224e+06
Q8TER0;Q8TER0-5	Q8TER0;Q8TER0-3;Q8TER0-4;Q8TER0-5				4.79675e+06
Q8TEU8	Q8TEU8				2.19784e+07
Q8WUA8	Q8WUA8				512248
Q8WUJ3	Q8WUJ3;Q8WUJ3-2				1.74327e+06
Q8WVN6	Q8WVN6				4.2659e+06
Q8WVQ1;Q8WVQ1-3	Q8WVQ1;Q8WVQ1-2;Q8WVQ1-3				2.41442e+07
Q8WWX9	Q8WWX9				3.25228e+06
Q8WX77	Q8WX77				921413
Q8WXB1	Q8WXB1				162508
Q8WXD2	Q8WXD2				9.37309e+07
Q8WXD2-2	Q8WXD2-2				2.74551e+06
Q8WY21;Q8WY21-2;Q8WY21-3;Q8WY21-4	Q8WY21;Q8WY21-2;Q8WY21-3;Q8WY21-4				9.26881e+06
Q8WYK1	Q8WYK1				998293
Q8WZ75;Q8WZ75-2;Q8WZ75-3	Q8WZ75;Q8WZ75-2;Q8WZ75-3				3.39676e+06
Q8WZA1	Q8WZA1;Q8WZA1-2				1.66492e+07
Q92484;Q92484-2	Q92484;Q92484-2				433766
Q92485	Q92485				4.78737e+06
Q92520	Q92520				3.51139e+08
Q92542;Q92542-2	Q92542;Q92542-2				931627
Q92563	Q92563				1.01563e+07
Q92673	Q92673				3.22172e+06
Q92692;Q92692-2	Q92692;Q92692-2				1.43805e+06
Q92729;Q92729-2;Q92729-3;Q92729-4	Q92729;Q92729-2;Q92729-3;Q92729-4				351581
Q92743	Q92743				6.68151e+06
Q92752	Q92752;Q92752-2				3.06197e+06
Q92765	Q92765				4.57674e+06
Q92820	Q92820				9.16153e+06
Q92823;Q92823-2;Q92823-5	Q92823;Q92823-2;Q92823-3;Q92823-4;Q92823-5;Q92823-6				1.85181e+08
Q92832;Q92832-2	Q92832;Q92832-2				1.12723e+06
Q92854	Q92854;Q92854-2				2.31585e+06
Q92859;Q92859-2;Q92859-3;Q92859-4	Q92859;Q92859-2;Q92859-3;Q92859-4				1.68019e+07
Q92876	Q92876;Q92876-2				1.49532e+08
Q92896;Q92896-2;Q92896-3	Q92896;Q92896-2;Q92896-3				1.29591e+06
Q92911	Q92911				286539
Q92932-2	Q92932;Q92932-2;Q92932-3;Q92932-4				1.00823e+07
Q92945;Q96AE4;Q96AE4-2	Q92945;Q96AE4;Q96AE4-2				2.82644e+06
Q92954;Q92954-2;Q92954-3;Q92954-4;Q92954-5;Q92954-6	Q92954;Q92954-2;Q92954-3;Q92954-4;Q92954-5;Q92954-6				6.35796e+06
Q93063;Q93063-2;Q93063-3	Q93063;Q93063-2;Q93063-3				992756
Q93091	Q93091				2.06409e+06
Q969H8	Q969H8				3.55551e+06
Q969P0;Q969P0-3	Q969P0;Q969P0-3				1.90847e+07
Q969T9	Q969T9				1.23406e+07
Q969Z4	Q969Z4				429884
Q96AP7	Q96AP7				804507
Q96AQ6;Q96AQ6-2	Q96AQ6;Q96AQ6-2;Q96AQ6-3				954623
Q96B86;Q96B86-3;Q96B86-4	Q96B86;Q96B86-3;Q96B86-4				8.76463e+06
Q96BY9	Q96BY9				827784
Q96BZ4	Q96BZ4				6.60291e+06
Q96CW9;Q96CW9-2	Q96CW9;Q96CW9-2				150941
Q96CX2	Q96CX2;Q68DU8				753067
Q96EG1	Q96EG1				702037
Q96EU7	Q96EU7				57510.8
Q96FE5;Q96FE5-2	Q96FE5;Q7L985;Q96FE5-2				3.16401e+06
Q96FE7-4	Q96FE7;Q96FE7-2;Q96FE7-4;Q96FE7-5				2.49948e+07
Q96FJ2	P63167;Q96FJ2				3.13155e+06
Q96GD0	Q96GD0				569988
Q96GW7	Q96GW7;Q96GW7-2				1.36045e+08
Q96HD1;Q96HD1-2	Q96HD1;Q96HD1-2				2.946e+06
Q96HU1;Q96HU1-2	Q96HU1;Q96HU1-2				930110
Q96ID5	Q96ID5				7.40487e+06
Q96IY4	Q96IY4;Q96IY4-2				1.52148e+07
Q96J42;Q96J42-2	Q96J42;Q96J42-2				616563
Q96JF0	Q96JF0;Q96JF0-2				1.01585e+07
Q96JP9	Q96JP9				176458
Q96JQ0	Q96JQ0				1.06481e+06
Q96KN2	Q96KN2				5.17743e+08
Q96MC2	Q96MC2				2.5711e+07
Q96MK3	Q96MK3				261723
Q96NZ9	Q96NZ9;Q96NZ9-2;Q96NZ9-4				6.96924e+06
Q96P44;Q96P44-3	Q96P44;Q96P44-3				602514
Q96PD2;Q96PD2-2	Q96PD2;Q96PD2-2				574392
Q96PD5	Q96PD5;Q96PD5-2				4.54829e+07
Q96PQ0	Q96PQ0				8.23021e+06
Q96PX8	Q96PX8				4.33119e+06
Q96RW7;Q96RW7-2	Q96RW7;Q96RW7-2				446199
Q96S96	Q96S96				2.31874e+07
Q96SM3	Q96SM3				618267
Q96TC7;Q96TC7-2	Q96TC7;Q96TC7-2				407699
Q99435;Q99435-2;Q99435-3;Q99435-4	Q99435;Q99435-2;Q99435-3;Q99435-4				5.84276e+07
Q99497	Q99497				8.35913e+06
Q99519	Q99519				1.38217e+06
Q99523	Q99523;Q99523-2				2.98973e+06
Q99538	Q99538				427306
Q99574	Q99574				7.99785e+06
Q99650;Q99650-2	Q99650;Q99650-2				368307
Q99674	Q99674;Q99674-2				1.52383e+07
Q99715;Q99715-4	Q99715;Q99715-2;Q99715-4				1.17751e+06
Q99784	Q99784;Q99784-3;Q99784-5				4.35182e+07
Q99946	Q99946				6.18294e+06
Q99969	Q99969				1.52181e+07
Q99972	Q99972				1.47055e+06
Q99983	Q99983				1.29706e+07
Q99985	Q99985				397913
Q9BQ16;Q9BQ16-2	Q9BQ16;Q9BQ16-1;Q9BQ16-2;Q9BQ16-5;Q9BQ16-8;Q9BQ16-9				7.74278e+06
Q9BQT9;Q9BQT9-2	Q9BQT9;Q9BQT9-2				7.09358e+07
Q9BRA2	Q9BRA2				2.03985e+06
Q9BRK3;Q9BRK3-2;Q9BRK3-3	Q9BRK3;Q9BRK3-2;Q9BRK3-3				2.27779e+06
Q9BRK5	Q9BRK5;Q9BRK5-2;Q9BRK5-5				1.66217e+07
Q9BSG5;Q9BSG5-2;Q9BSG5-3	Q9BSG5;Q9BSG5-2;Q9BSG5-3				4.99349e+06
Q9BTY2	Q9BTY2				5.60899e+06
Q9BU40-4;Q9BU40-5	Q9BU40;Q9BU40-3;Q9BU40-4;Q9BU40-5				6.00238e+06
Q9BUD6	Q9BUD6				4.39512e+06
Q9BUJ0	Q9BUJ0				2.88556e+06
Q9BV94;Q9BV94-2	Q9BV94;Q9BV94-2				594148
Q9BWP8;Q9BWP8-10;Q9BWP8-2;Q9BWP8-3;Q9BWP8-4;Q9BWP8-5;Q9BWP8-6;Q9BWP8-7;Q9BWP8-8;Q9BWP8-9	Q9BWP8;Q9BWP8-10;Q9BWP8-2;Q9BWP8-3;Q9BWP8-4;Q9BWP8-5;Q9BWP8-6;Q9BWP8-7;Q9BWP8-8;Q9BWP8-9				1.2115e+06
Q9BWQ8	Q9BWQ8				6.42287e+06
Q9BWS9;Q9BWS9-2;Q9BWS9-3	Q9BWS9;Q9BWS9-2;Q9BWS9-3				673931
Q9BXJ0	Q9BXJ0				5.11702e+06
Q9BXJ1;Q9BXJ1-2	Q9BXJ1;Q9BXJ1-2				3.59325e+06
Q9BXJ3	Q9BXJ3				5.35908e+06
Q9BXJ4;Q9BXJ4-2;Q9BXJ4-3	Q9BXJ4;Q9BXJ4-2;Q9BXJ4-3				2.41237e+06
Q9BXP8	Q9BXP8				448593
Q9BY67;Q9BY67-2;Q9BY67-3;Q9BY67-4;Q9BY67-5	Q9BY67;Q9BY67-2;Q9BY67-3;Q9BY67-4;Q9BY67-5				2.22264e+07
Q9BY76;Q9BY76-2	Q9BY76;Q9BY76-2				98885.9
Q9BYH1;Q9BYH1-5;Q9BYH1-6;Q9BYH1-7	Q9BYH1;Q9BYH1-2;Q9BYH1-3;Q9BYH1-4;Q9BYH1-5;Q9BYH1-6;Q9BYH1-7				2.14662e+07
Q9BYJ0	Q9BYJ0				511956
Q9BZC7;Q9BZC7-2;Q9BZC7-3;Q9BZC7-4	Q9BZC7;Q9BZC7-2;Q9BZC7-3;Q9BZC7-4				1.15013e+07
Q9BZR6	Q9BZR6				1.06594e+07
Q9C0A0	Q9C0A0;Q96NU0;Q9BZ76;Q9BZ76-2;Q96NU0-2;Q9C0A0-2				9.98576e+06
Q9GZM5	Q9GZM5				1.66203e+07
Q9GZP0;Q9GZP0-2	Q9GZP0;Q9GZP0-2				561746
Q9GZP4;Q9GZP4-2	Q9GZP4;Q9GZP4-2				1.08808e+06
Q9GZT8;Q9GZT8-2	Q9GZT8;Q9GZT8-2;Q9GZT8-3				303922
Q9GZV7	Q9GZV7				467772
Q9GZX3	Q9GZX3				155744
Q9GZX9	Q9GZX9				4.69465e+06
Q9H008	Q9H008;Q9H008-2				280964
Q9H0Q3;Q9H0Q3-2	Q9H0Q3;Q9H0Q3-2				2.55559e+06
Q9H0R4;Q9H0R4-2	Q9H0R4;Q9H0R4-2				337065
Q9H156;Q9H156-2	Q9H156;Q9H156-2				708954
Q9H173	Q9H173				965697
Q9H1U4	Q9H1U4				1.03862e+06
Q9H1Z8	Q9H1Z8				1.85699e+07
Q9H251;Q9H251-2;Q9H251-3;Q9H251-4;Q9H251-8	Q9H251;Q9H251-2;Q9H251-3;Q9H251-4;Q9H251-8				396524
Q9H299	Q9H299				2.19905e+06
Q9H2A7	Q9H2A7				2.87341e+06
Q9H2B2;Q9H2B2-2	Q9H2B2;Q9H2B2-2				1.97145e+06
Q9H2E6;Q9H2E6-2	Q9H2E6;Q9H2E6-2				2.43777e+06
Q9H2X0;Q9H2X0-5	Q9H2X0;Q9H2X0-5				1.40902e+06
Q9H3G5	Q9H3G5				9.71648e+06
Q9H3T3;Q9H3T3-3	Q9H3T3;Q9H3T3-3				1.21986e+06
Q9H4D0	Q9H4D0				2.24327e+06
Q9H4F8;Q9H4F8-2	Q9H4F8;Q9H4F8-2				1.13426e+06
Q9H6B4	Q9H6B4				1.34371e+07
Q9H6X2;Q9H6X2-2;Q9H6X2-3;Q9H6X2-4;Q9H6X2-5;Q9H6X2-6	Q9H6X2;Q9H6X2-2;Q9H6X2-3;Q9H6X2-4;Q9H6X2-5;Q9H6X2-6				1.59338e+06
Q9H741	Q9H741				1.05799e+06
Q9H7Y0	Q9H7Y0;Q9H7Y0-2				690302
Q9H8J5	Q9H8J5				3.0573e+06
Q9H8L6	Q9H8L6				5.32156e+06
Q9H9S5	Q9H9S5				371456
Q9HAR2;Q9HAR2-2;Q9HAR2-3;Q9HAR2-4	Q9HAR2;Q9HAR2-2;Q9HAR2-3;Q9HAR2-4				3.45061e+06
Q9HAT2;Q9HAT2-2	Q9HAT2;Q9HAT2-2				9.11801e+06
Q9HBR0	Q9HBR0				2.1948e+06
Q9HBT6	Q9HBT6				3.79175e+06
Q9HC38-2	Q9HC38;Q9HC38-2;Q9HC38-3				318048
Q9HC56;Q9HC56-2	Q9HC56;Q9HC56-2				4.07353e+06
Q9HC57	Q9HC57				5.83561e+06
Q9HCB6	Q9HCB6				4.64762e+06
Q9HCK4;Q9HCK4-2;Q9HCK4-3	Q9HCK4;Q9HCK4-2;Q9HCK4-3				2.50954e+06
Q9HCU0	Q9HCU0				4.0454e+06
Q9HCU4	Q9HCU4				8.90717e+06
Q9HDB5-4	Q9HDB5;Q9Y4C0;Q9HDB5-2;Q9HDB5-4;Q9Y4C0-3				1.83137e+07
Q9HDC9;Q9HDC9-2	Q9HDC9;Q9HDC9-2				148930
Q9NP80;Q9NP80-2;Q9NP80-3	Q9NP80;Q9NP80-2;Q9NP80-3				7.0798e+06
Q9NPC4	Q9NPC4				341197
Q9NPD7	Q9NPD7				1.99584e+06
Q9NPH3;Q9NPH3-2;Q9NPH3-5	Q9NPH3;Q9NPH3-2;Q9NPH3-3;Q9NPH3-5				1.94983e+06
Q9NPR2;Q9NPR2-2	Q9NPR2;Q9NPR2-2				9.48805e+06
Q9NQ79;Q9NQ79-2;Q9NQ79-3	Q9NQ79;Q9NQ79-2;Q9NQ79-3				6.98615e+07
Q9NQX5	Q9NQX5				436112
Q9NR34	Q9NR34				4.27667e+06
Q9NRN5	Q9NRN5;Q9NRN5-2				9.94912e+06
Q9NRR1	Q9NRR1				1.11131e+07
Q9NS85	Q9NS85;Q9NS85-2				1.51812e+06
Q9NS98	Q9NS98				9.47413e+06
Q9NSC7	Q9NSC7				2.17581e+06
Q9NT22;Q9NT22-2	Q9NT22;Q9NT22-2				1.62124e+06
Q9NT99	Q9NT99				9.9594e+06
Q9NTU7	Q9NTU7				4.75661e+06
Q9NUQ9	Q9NUQ9				1.39451e+06
Q9NX62	Q9NX62				3.55119e+07
Q9NY47;Q9NY47-2;Q9NY47-3;Q9NY47-4;Q9NY47-5	Q9NY47;Q9NY47-2;Q9NY47-3;Q9NY47-4;Q9NY47-5				9.68267e+06
Q9NY72	Q9NY72				3.10534e+06
Q9NY97;Q9NY97-2	Q9NY97;Q9NY97-2				7.26087e+06
Q9NYQ8	Q9NYQ8				1.17933e+07
Q9NYX4	Q9NYX4				5.28504e+06
Q9NZ08;Q9NZ08-2	Q9NZ08;Q9NZ08-2				1.47162e+06
Q9NZ53	Q9NZ53				4.04889e+06
Q9NZ72;Q9NZ72-2	Q9NZ72;Q9NZ72-2				507593
Q9NZ94;Q9NZ94-2;Q9NZ94-3	Q9NZ94;Q9NZ94-2;Q9NZ94-3				1.32492e+06
Q9NZC2;Q9NZC2-2;Q9NZC2-3	Q9NZC2;Q9NZC2-2;Q9NZC2-3				3.27339e+06
Q9NZK5	Q9NZK5				1.09283e+07
Q9NZN1	Q9NZN1				1.43314e+06
Q9NZP8	Q9NZP8				1.84669e+07
Q9NZR2	Q9NZR2				1.24644e+06
Q9NZU1	Q9NZU1				2.04691e+06
Q9P0K1;Q9P0K1-2;Q9P0K1-3;Q9P0K1-4;Q9P0K1-5	Q9P0K1;Q9P0K1-2;Q9P0K1-3;Q9P0K1-4;Q9P0K1-5				1.72175e+07
Q9P0K9	Q9P0K9				6.1775e+06
Q9P0L0;Q9P0L0-2	Q9P0L0;Q9P0L0-2				1.91782e+06
Q9P0S2	Q9P0S2				346738
Q9P121-4	Q9P121;Q9P121-3;Q9P121-2;Q9P121-4				8.74515e+07
Q9P232	Q9P232				2.19908e+06
Q9P2E7;Q9P2E7-2	Q9P2E7;Q9P2E7-2				1.33372e+06
Q9P2S2	P58401;Q9P2S2				8.78222e+06
Q9UBG0	Q9UBG0				879993
Q9UBP4	Q9UBP4				4.40743e+08
Q9UBQ6	Q9UBQ6				5.53439e+07
Q9UBR2	Q9UBR2				1.17289e+07
Q9UBX1	Q9UBX1				4.5277e+06
Q9UBX5	Q9UBX5				1.57332e+07
Q9UBX7;Q9UBX7-1;Q9UBX7-3;Q9UBX7-4	Q9UBX7;Q9UBX7-1;Q9UBX7-3;Q9UBX7-4				1.03034e+06
Q9UD71;Q9UD71-2	Q9UD71;Q9UD71-2				98012.8
Q9UEW3;Q9UEW3-2	Q9UEW3;Q9UEW3-2				3.98802e+06
Q9UF11;Q9UF11-2;Q9UF11-3;Q9UF11-4	Q9UF11;Q9UF11-2;Q9UF11-3;Q9UF11-4				3.7418e+06
Q9UFP1	Q9UFP1				233067
Q9UGM5;Q9UGM5-2	Q9UGM5;Q9UGM5-2				7.19418e+06
Q9UGV2;Q9UGV2-2;Q9UGV2-3	Q9UGV2;Q9UGV2-2;Q9UGV2-3				324860
Q9UHC6	Q9UHC6				1.61176e+07
Q9UHF0;Q9UHF0-2;Q9UHF0-3	Q9UHF0;Q9UHF0-2;Q9UHF0-3				2.11973e+06
Q9UHG2	Q9UHG2				1.08928e+08
Q9UHG3;Q9UHG3-2	Q9UHG3;Q9UHG3-2				1.96438e+06
Q9UHL4	Q9UHL4				8.49624e+06
Q9UI15	Q9UI15				261946
Q9UIB8;Q9UIB8-2;Q9UIB8-3;Q9UIB8-4;Q9UIB8-5;Q9UIB8-6	Q9UIB8;Q9UIB8-2;Q9UIB8-3;Q9UIB8-4;Q9UIB8-5;Q9UIB8-6				2.71893e+06
Q9UIW2	O75051;Q9HCM2;Q9UIW2				988351
Q9UJ14	Q9UJ14				1.04038e+06
Q9UJ90	Q9UJ90				1.94813e+06
Q9UJ99	Q9UJ99				1.61695e+06
Q9UJA9	Q9UJA9				2.51608e+06
Q9UJH8	Q9UJH8				4.14229e+06
Q9UJJ9	Q9UJJ9				6.30854e+06
Q9UK55	Q9UK55				1.78538e+06
Q9UKB5	Q9UKB5				648085
Q9UKJ1-3	Q9UKJ1;Q9UKJ1-2;Q9UKJ1-3;Q9UKJ1-4				1.22e+06
Q9UKK9	Q9UKK9				39058.8
Q9UKM7	Q9UKM7				2.12338e+06
Q9UKQ2;Q9UKQ2-2	Q9UKQ2;Q9UKQ2-2				859532
Q9UKU6	Q9UKU6				141817
Q9UKU9	Q9UKU9;Q9UKU9-2				4.69354e+06
Q9ULB1-2;Q9ULB1-3	P58400;Q9ULB1-2;Q9ULB1-3				2.42208e+07
Q9ULB5	Q9ULB5				1.41904e+06
Q9ULF5	Q9ULF5				1.47419e+07
Q9ULI3;Q9ULI3-2	Q9ULI3;Q9ULI3-2				3.38072e+06
Q9ULL4;Q9ULL4-2	Q9ULL4;Q9ULL4-2				1.52263e+06
Q9ULP0-3;Q9ULP0-6	Q9ULP0-3;Q9ULP0-6				1.34913e+06
Q9ULX7	Q9ULX7				1.54656e+06
Q9ULZ9;Q9ULZ9-2	Q9ULZ9;Q9ULZ9-2				278685
Q9UM21;Q9UM21-2	Q9UM21;Q9UM21-2				265932
Q9UM22	Q9UM22;Q9UM22-3				5.81781e+06
Q9UM47	Q9UM47				172752
Q9UMF0	Q9UMF0				9.602e+06
Q9UMX5	Q9UMX5				3.88072e+06
Q9UN36-2;Q9UN36-6	Q9UN36;Q9UN36-2;Q9UN36-3;Q9UN36-5;Q9UN36-6				7.0006e+06
Q9UN67;Q9Y5E1	Q9UN67;Q9Y5E1				140893
Q9UN70;Q9UN70-2	Q9UN70;Q9UN70-2				1.19196e+06
Q9UNN8	Q9UNN8				2.71577e+06
Q9UNW1	Q9UNW1;Q9UNW1-4				2.7025e+06
Q9UP79	Q9UP79				1.40337e+06
Q9UPU3	Q9UPU3				8.29784e+06
Q9UQ52	Q9UQ52				3.71866e+06
Q9UQM7;Q9UQM7-2	Q9UQM7;Q9UQM7-2				2.31623e+06
Q9Y240	Q9Y240				7.61051e+06
Q9Y274	Q9Y274;Q9Y274-2				4.65846e+06
Q9Y279;Q9Y279-2	Q9Y279;Q9Y279-2				1.29498e+06
Q9Y287	Q9Y287;Q9Y287-2				4.08936e+06
Q9Y2E5	Q9Y2E5;Q9Y2E5-2				1.11006e+06
Q9Y2I2;Q9Y2I2-1;Q9Y2I2-2;Q9Y2I2-4;Q9Y2I2-5;Q9Y2I2-6	Q9Y2I2;Q9Y2I2-1;Q9Y2I2-2;Q9Y2I2-4;Q9Y2I2-5;Q9Y2I2-6				3.48927e+06
Q9Y2T3;Q9Y2T3-3	Q9Y2T3;Q9Y2T3-2;Q9Y2T3-3				1.20458e+07
Q9Y334;Q9Y334-2	Q9Y334;Q9Y334-2				2.13874e+06
Q9Y490	Q9Y490				74597.1
Q9Y4C0-4	Q9HDB5-3;Q9HDB5-4;Q9Y4C0-4				2.18689e+07
Q9Y4L1	Q9Y4L1				8.8042e+06
Q9Y5F6-2	Q9Y5F6;Q9Y5F6-2				4.58401e+07
Q9Y5I4;Q9Y5I4-2	Q9Y5I4;Q9Y5I4-2				8.59127e+06
Q9Y5L2	Q9Y5L2				2.80044e+06
Q9Y5Y7	Q9Y5Y7				8.1263e+06
Q9Y617	Q9Y617;Q9Y617-2				1.41079e+06
Q9Y639;Q9Y639-1;Q9Y639-3;Q9Y639-4;Q9Y639-5	Q9Y639;Q9Y639-1;Q9Y639-3;Q9Y639-4;Q9Y639-5				2.01175e+06
Q9Y646	Q9Y646				3.30879e+07
Q9Y653;Q9Y653-2;Q9Y653-3	Q9Y653;Q9Y653-2;Q9Y653-3;Q9Y653-4;Q9Y653-5				1.26375e+07
Q9Y696	Q9Y696				1.83287e+06
Q9Y6C2	Q9Y6C2;Q9Y6C2-2				1.48787e+06
Q9Y6N6	Q9Y6N6				823945
Q9Y6N7;Q9Y6N7-2;Q9Y6N7-4	Q9Y6N7;Q9Y6N7-2;Q9Y6N7-3;Q9Y6N7-4;Q9Y6N7-5;Q9Y6N7-6				1.02921e+07
Q9Y6N8	Q9Y6N8				1.8779e+06
Q9Y6R7	Q9Y6R7				1.53196e+07
Q9Y6X5	Q9Y6X5				1.38427e+06
Q9Y6Y8;Q9Y6Y8-2	Q9Y6Y8;Q9Y6Y8-2				2.3187e+07
