Protein.Group	Protein.Ids	Protein.Names	Genes	First.Protein.Description	/fs/pool/pool-mann-projects/Johannes/Jakob_AD_CSF_data/Berlin_cohort_Sweden_speclib_OBO/All_Raw/20190228_QX1_PhGe_SA_EASY12-10_Deigendesch_A11_129183842.mzML
A0A075B6H7;A0A0C4DH55;P01624	P01624;A0A075B6H7;A0A0C4DH55				3.32292e+08
A0A075B6H9	A0A075B6H9				1.05577e+07
A0A075B6I0	A0A075B6I0				9.70897e+07
A0A075B6I1	A0A075B6I1				1.25102e+07
A0A075B6I9;P04211	P04211;A0A075B6I9				9.17284e+07
A0A075B6J1;A0A0A0MRZ9	A0A075B6J1;A0A0A0MRZ9				2.48396e+06
A0A075B6J9	P01699;P01700;P01706;P01709;P01721;P01703;A0A075B6J9;P0DOX8				5.6926e+07
A0A075B6K0	A0A075B6K0;A0A075B6K4				5.76377e+07
A0A075B6K2	A0A075B6K2				2.20224e+06
A0A075B6K5	A0A075B6K5				5.52287e+06
A0A075B6P5;P01615	P01615;A0A075B6P5				3.93383e+08
A0A075B6R2	A0A075B6R2				1.81197e+07
A0A075B6R9;A0A0C4DH68	A0A075B6R9;A0A0C4DH68				3.16574e+07
A0A075B6S2	A0A075B6S2				2.83149e+06
A0A075B6S5	A0A075B6S5;A0A0C4DH67;A0A0C4DH69				9.59809e+07
A0A087WSX0;A0A0G2JS06	A0A087WSX0;A0A0G2JS06				3.47487e+06
A0A087WSY4	A0A087WSY4				1.28078e+07
A0A087WSY6	A0A087WSY6				2.10401e+08
A0A087WW87;P01614	P01614;A0A087WW87				395256
A0A0A0MRZ8;P04433	P04433;A0A0A0MRZ8				2.84563e+08
A0A0A0MS15	A0A0A0MS15				2.03667e+07
A0A0A0MT36	A0A0A0MT36;A0A0C4DH26				8.54939e+06
A0A0A0MT89	A0A0A0MT89				9.58056e+06
A0A0B4J1U7	A0A0B4J1U7				3.79523e+07
A0A0B4J1V2	A0A0B4J1V2				7.7995e+06
A0A0B4J1X5	P01764;P01768;P01772;P01767;A0A0B4J1X5;A0A0C4DH42;P0DP02;P0DP03				8.4687e+07
A0A0B4J1Y8	A0A0B4J1Y8				8.18365e+06
A0A0B4J1Y9	A0A0B4J1Y9				3.06232e+08
A0A0C4DH25	A0A0C4DH25				2.73694e+07
A0A0C4DH33	A0A0C4DH33				1.1319e+06
A0A0C4DH34	A0A0C4DH34				6.43833e+06
A0A0C4DH35	A0A0C4DH35				3.40619e+06
A0A0C4DH36	A0A0C4DH36				1.01392e+07
A0A0C4DH38	A0A0C4DH38;A0A0J9YXX1				5.63745e+06
A0A0C4DH41;P01824;P01825;P06331;P0DP06;P0DP08	P01824;P01825;P06331;A0A0C4DH41;P0DP06;P0DP08				3.10202e+07
A0A0C4DH72;A0A0C4DH73;P01597;P01611;P04432	P01597;P01611;P04432;A0A0C4DH72;A0A0C4DH73				2.60882e+07
A0A0J9YX35	A0A0J9YX35				1.18031e+07
A0A0J9YXX1	A0A0J9YXX1				3.06068e+06
A0M8Q6	P0CG04;P0DOY2;P0DOY3;A0M8Q6;P0CF74;B9A064;P0DOX8				1.13844e+08
A1L4H1	A1L4H1				7.79459e+06
A2NJV5	A0A075B6S2;A2NJV5				6.82414e+08
A5D6W6	A5D6W6				3.55027e+06
A6BM72;A6BM72-2;A6BM72-4	A6BM72;A6BM72-2;A6BM72-4				2.08983e+06
A6NCE7;Q9GZQ8	Q9GZQ8;A6NCE7				1.18795e+06
A6NGN9	A6NGN9				9.48849e+06
A6NL88	A6NL88				2.44534e+06
A6NLU5	A6NLU5				3.99029e+07
A6NMY6;P07355;P07355-2	A6NMY6;P07355;P07355-2				118725
A8MTW9	A8MTW9				7.90652e+06
B1AJZ9;B1AJZ9-4	B1AJZ9;B1AJZ9-4				2.93236e+06
B4DS77;B4DS77-2;B4DS77-3	B4DS77;B4DS77-2;B4DS77-3				835110
C9JVW0	C9JVW0				2.21606e+07
I3L3R5	I3L3R5				1.9784e+06
O00115;O00115-2	O00115;O00115-2				5.89387e+06
O00142;O00142-2;O00142-3;O00142-4;O00142-5;O00142-6	O00142;O00142-2;O00142-3;O00142-4;O00142-5;O00142-6				6.86395e+07
O00187;O00187-2	O00187;O00187-2				2.38293e+06
O00244	O00244				1.87229e+06
O00264	O00264;O15173;O15173-2				6.29219e+06
O00299	O00299				2.42778e+06
O00339;O00339-2;O00339-3	O00339;O00339-2;O00339-3				3.52717e+06
O00391	O00391;O00391-2				4.44228e+07
O00451	O00451;O00451-2;O00451-3				3.60982e+07
O00461	O00461				1.38702e+07
O00462	O00462				9.53068e+06
O00468-6	O00468-6;O00468-7				3.68779e+07
O00469;O00469-2;O00469-3	O00469;O00469-2;O00469-3				683674
O00499;O00499-10;O00499-11;O00499-2;O00499-3;O00499-4;O00499-5;O00499-6;O00499-7;O00499-8;O00499-9	O00499;O00499-10;O00499-11;O00499-2;O00499-3;O00499-4;O00499-5;O00499-6;O00499-7;O00499-8;O00499-9				514146
O00533	O00533;O00533-2				4.93459e+08
O00533-2	O00533-2				1.7102e+07
O00560;O00560-2;O00560-3	O00560;O00560-2;O00560-3				1.19049e+06
O00567	O00567				885248
O00584	O00584				2.28826e+07
O00754;O00754-2	O00754;O00754-2				6.49902e+06
O14498	O14498				8.30327e+07
O14514	O14514				3.24776e+06
O14522	O14522;O14522-1				4.36099e+06
O14525;O14525-2;O14525-3	O14525;O14525-2;O14525-3				2.61966e+06
O14594	O14594				4.20194e+08
O14657	O14657				479313
O14668;O14668-2	O14668;O14668-2				2.92236e+06
O14672	O14672				7.10837e+06
O14737;O14737-2	O14737;O14737-2				208410
O14745	O14745				435881
O14773	O14773				2.53275e+07
O14786	O14786;O14786-2;O14786-3				1.53896e+07
O14791-2	O14791;O14791-2;O14791-3				2.98806e+07
O14793	O14793				6.47608e+06
O14810	O14810;Q6PUV4				706062
O14917;O14917-2	O14917;O14917-2				6.2205e+06
O14960	O14960				328528
O15031	O15031				5.44816e+07
O15041;O15041-2	O15041;O15041-2				1.27254e+06
O15197;O15197-3	O15197;O15197-3				1.93611e+07
O15204;O15204-2	O15204;O15204-2				2.53709e+06
O15230	O15230				5.46021e+06
O15232;O15232-2	O15232;O15232-2				6.50735e+06
O15240	O15240				3.34222e+08
O15335	O15335				1.21431e+07
O15354	O15354				1.64415e+07
O15394	O15394;O15394-2				8.2586e+07
O15466;O15466-2	O15466;O15466-2				2.818e+06
O15540;O15540-2	O15540;O15540-2				8.26914e+06
O43155	O43155				1.26983e+06
O43157	O43157;O43157-2;O43157-3				1.1585e+07
O43173	O43173				8.50495e+06
O43240	O43240				3.07233e+06
O43278;O43278-2	O43278;O43278-2				3.86681e+06
O43286	O43286				6.62212e+06
O43291	O43291				1.62593e+07
O43300	O43300				9.52914e+07
O43405	O43405;O43405-2				2.65446e+07
O43493;O43493-3;O43493-5;O43493-7	O43493;O43493-3;O43493-5;O43493-7				1.00696e+08
O43504	O43504				1.24006e+06
O43505	O43505				1.19761e+09
O43508-2	O75888;O43508-2;O75888-2;O75888-4;O75888-5				1.0673e+07
O43529	O43529				1.75878e+07
O43556;O43556-3;O43556-4	O43556;O43556-3;O43556-4				1.19145e+07
O43567	O43567				2.15487e+07
O43581-2;O43581-3;O43581-5	O43581-2;O43581-3;O43581-5				1.39961e+06
O43736;O43736-2	O43736;O43736-2				2.34205e+06
O43827	O43827				8.91038e+06
O43852;O43852-2;O43852-3;O43852-4;O43852-5;O43852-9	O43852;O43852-10;O43852-11;O43852-12;O43852-13;O43852-14;O43852-2;O43852-3;O43852-4;O43852-5;O43852-6;O43852-7;O43852-8;O43852-9				2.71658e+06
O43854;O43854-2	O43854;O43854-2				664919
O43866	O43866				1.14084e+07
O43897;O43897-2	O43897;O43897-2				2.14882e+06
O43909	O43909				1.84807e+06
O43916	O43916				4.91195e+06
O60241;O60241-2;O60241-3;O60241-4	O60241;O60241-2;O60241-3;O60241-4				5.62367e+07
O60242	O60242				4.38288e+06
O60243	O60243				8.39931e+06
O60245;O60245-2	O60245;O60245-2				5.22033e+06
O60279	O60279				4.47276e+07
O60291;O60291-2;O60291-3;O60291-4	O60291;O60291-2;O60291-3;O60291-4				5.9884e+06
O60294	O60294				2.30824e+07
O60449;O60449-2;O60449-3	O60449;O60449-2;O60449-3				2.42756e+06
O60462;O60462-2;O60462-3;O60462-4;O60462-5	O60462;O60462-2;O60462-3;O60462-4;O60462-5;O60462-6				1.31742e+07
O60476	O60476				3.49918e+06
O60477	O60477;Q76B58;O60477-3;Q76B58-2				1.50607e+06
O60512	O60512				3.25963e+06
O60565	O60565				865373
O60568	O60568				3.58115e+06
O60613	O60613				5.94609e+06
O60814;P06899;P23527;P33778;P57053;P58876;P62807;Q16778;Q5QNW6;Q5QNW6-2;Q8N257;Q93079;Q96A08;Q99877;Q99879;Q99880	O60814;P06899;P23527;P33778;P57053;P58876;P62807;Q16778;Q5QNW6;Q8N257;Q93079;Q96A08;Q99877;Q99879;Q99880;Q5QNW6-2				4.09656e+06
O60883	O60883				1.50756e+08
O60888-3	O60888;O60888-2;O60888-3				6.35066e+07
O75051;O75051-2	O75051;O75051-2				1.76095e+06
O75063	O75063				6.61625e+06
O75071	O75071				1.55121e+07
O75077;O75077-2;O75077-3	O75077;O75077-2;O75077-3				8.50873e+06
O75078	O75078;O75078-2				1.26826e+07
O75083	O75083;O75083-3				3.02566e+06
O75084;Q14332	O75084;Q14332				520298
O75093	O75093				4.98874e+07
O75144;O75144-2	O75144;O75144-2;O75144-3				2.62858e+07
O75173;O75173-2	O75173;O75173-2				1.36963e+07
O75223	O75223				1.6646e+06
O75326	O75326;O75326-2				5.76388e+07
O75339	O75339				679342
O75354;O75354-2;O75354-3	O75354;O75354-2;O75354-3				1.97645e+06
O75363;O75363-2	O75363;O75363-2				543613
O75368	O75368				3.30034e+06
O75487	O75487;O75487-2				2.63467e+06
O75493	O75493				1.34934e+07
O75503	O75503				6.05529e+06
O75509	O75509				3.21515e+07
O75594	O75594				298618
O75629	O75629				1.39782e+06
O75636;O75636-2	O75636;O75636-2				1.09238e+06
O75711	O75711				7.18135e+08
O75752	O75752				1.2559e+07
O75781;O75781-2	O75781;O75781-2				6.72397e+06
O75787;O75787-2	O75787;O75787-2				7.43977e+07
O75874	O75874				1.69468e+06
O75882-2;O75882-3	O75882;O75882-2;O75882-3				2.67101e+07
O75973	O75973				1.29895e+06
O75976	O75976				3.1239e+06
O76061	O76061				7.52427e+06
O76070	O76070				2.05953e+06
O94760	O94760				8.93824e+06
O94766	O94766;Q9NPZ5				3.15106e+06
O94769	O94769;O94769-2				2.77241e+07
O94772;O94772-2	O94772;O94772-2				1.56069e+08
O94779;O94779-2	O94779;O94779-2				1.37162e+06
O94856-11	O94856;O94856-10;O94856-11;O94856-12;O94856-13;O94856-3;O94856-4;O94856-5;O94856-6;O94856-7;O94856-8;O94856-9				7.99931e+07
O94856-12;O94856-4;O94856-9	O94856-12;O94856-4;O94856-9				1.6215e+06
O94898	O94898				2.05793e+06
O94910;O94910-2	O94910;O94910-2				1.9349e+07
O94919	O94919				5.25445e+07
O94923	O94923				1.9193e+06
O94933	O94933				2.10098e+06
O94973;O94973-2	O94973;O94973-2				988736
O94985	O94985				2.05982e+06
O94985-2	O94985;O94985-2				7.69526e+08
O94991	O94991;O94991-2				1.34525e+07
O95084;O95084-2	O95084;O95084-2				2.20648e+06
O95157	O95157				2.73281e+06
O95158	O95158				3.98762e+07
O95159	O95159				3.18242e+06
O95185;O95185-2	O95185;O95185-2				6.07685e+06
O95196;O95196-2	O95196;O95196-2				1.42331e+07
O95206;O95206-2	O95206;O95206-2				1.41679e+07
O95297;O95297-2;O95297-3	O95297;O95297-2;O95297-3;O95297-4				1.49741e+06
O95390	O95390				1.12602e+07
O95428;O95428-5;O95428-6	O95428;O95428-3;O95428-4;O95428-5;O95428-6				1.1191e+07
O95445	O95445;O95445-2				2.88558e+07
O95450;O95450-2	O95450;O95450-2				2.80805e+06
O95467	O95467				1.63969e+06
O95497	O95497				1.62682e+06
O95502	O95502				2.86597e+08
O95633;O95633-2	O95633;O95633-2				6.12864e+06
O95841	O95841				1.79711e+06
O95865	O95865				2.77803e+06
O95881	O95881				503670
O95897	O95897				1.84457e+06
O95967	O95967				3.30743e+07
O95970;O95970-3	O95970;O95970-3				1.94609e+06
O95980	O95980				8.67349e+06
O95998	O95998;O95998-4				2.0633e+07
P00338;P00338-3	P00338;P00338-3;P00338-4				2.84016e+07
P00352	P00352				1.54322e+06
P00390;P00390-2;P00390-3;P00390-4;P00390-5	P00390;P00390-2;P00390-3;P00390-4;P00390-5				4.68839e+06
P00441	P00441				1.108e+09
P00450	P00450				3.44828e+08
P00488	P00488				2.44966e+06
P00492	P00492				4.27639e+06
P00505	P00505;P00505-2				2.13218e+07
P00533;P00533-3;P00533-4	P00533;P00533-3;P00533-4				3.91239e+06
P00558	P00558;P00558-2				1.37091e+07
P00734	P00734				1.12951e+08
P00736	P00736				1.77828e+08
P00738	P00738;P00738-2				1.24126e+09
P00739	P00739;P00739-2				5.66974e+08
P00740;P00740-2	P00740;P00740-2				6.22134e+06
P00742	P00742				4.27772e+07
P00746	P00746				6.28387e+07
P00747	P00747				1.90868e+08
P00748	P00748				1.72608e+08
P00751	P00751;P00751-2				2.05522e+08
P01008	P01008				1.12612e+09
P01009	P01009;P01009-2;P01009-3				9.47937e+09
P01011	P01011				1.66099e+09
P01019	P01019				4.42061e+08
P01023	P01023				7.77483e+08
P01024	P01024				2.12302e+09
P01031	P01031				5.66938e+07
P01033	P01033				8.95781e+07
P01034	P01034				6.93207e+09
P01042	P01042;P01042-2;P01042-3				6.49899e+08
P01042-2;P01042-3	P01042-2;P01042-3				1.78553e+08
P01127;P01127-2	P01127;P01127-2				6.01252e+07
P01130;P01130-2;P01130-3;P01130-4;P01130-5;P01130-6	P01130;P01130-2;P01130-3;P01130-4;P01130-5;P01130-6				441316
P01210	P01210				1.36275e+08
P01213	P01213				1.74056e+07
P01236	P01236				2.42375e+06
P01258;P01258-2;P06881	P01258;P06881;P01258-2				691212
P01282;P01282-2	P01282;P01282-2				2.39807e+06
P01303	P01303				1.64561e+07
P01344;P01344-2;P01344-3	P01344;P01344-2;P01344-3				2.96852e+07
P01591	P01591				3.69199e+07
P01593;P01594	P01593;P01594				4.09006e+07
P01599	P01599;A0A0C4DH72				7.66706e+06
P01602	P01602				980904
P01619	P01619				1.00528e+09
P01700	P01700				5.25752e+07
P01701	P01701				3.60058e+07
P01709	P01709				1.54255e+07
P01714	P01714				4.17399e+06
P01717;P01718	P01717;P01718				6.06388e+06
P01721	P01721				389237
P01768;P0DP02;P0DP03	P01768;P01772;P0DP02;P0DP03				3.03442e+07
P01780	P01780				8.76545e+07
P01814	P01814				4.02071e+06
P01817	P01817				1.40454e+07
P01833	P01833				1.53459e+06
P01834	P01834				7.37892e+08
P01859;P01859-1	P01859;P01859-1				2.13e+09
P01860;P01860-1	P01860;P01860-1				1.2121e+08
P01861;P01861-1	P01861;P01861-1				1.90418e+08
P01871;P01871-1	P01871;P0DOX6;P01871-1				6.23368e+07
P01876;P01876-1	P01876;P01876-1				1.03479e+09
P01889	P01889;P01893;P04439;P13747;P17693;P17693-2;P17693-5;P17693-6;P04439-2				4.70782e+06
P01903;P01906	P01903;P01906				423821
P01911	P01911				3.91438e+06
P02042;P68871	P02042;P68871				949133
P02144	P02144				1.64615e+06
P02452	P02452				7.27944e+07
P02461	P02461;P02461-2				2.08162e+07
P02647	P02647				9.0068e+09
P02649	P02649				6.7663e+09
P02652	P02652				7.84312e+08
P02654	P02654				8.2061e+07
P02655	P02655				1.69383e+07
P02656	P02656				9.93805e+07
P02671	P02671;P02671-2				5.95581e+08
P02675	P02675				5.6884e+08
P02679;P02679-2	P02679;P02679-2				2.98357e+08
P02686;P02686-3;P02686-4;P02686-5;P02686-6	P02686;P02686-3;P02686-4;P02686-5;P02686-6				938460
P02741	P02741				2.49137e+06
P02743	P02743				1.36775e+07
P02745	P02745				3.36035e+08
P02746	P02746				4.09431e+08
P02747	P02747				1.81993e+08
P02748	P02748				6.34648e+07
P02749	P02749				1.57554e+08
P02750	P02750				2.15431e+08
P02751;P02751-1	P02751;P02751-1;P02751-10;P02751-11;P02751-12;P02751-13;P02751-14;P02751-16;P02751-17;P02751-2;P02751-3;P02751-4;P02751-5;P02751-6;P02751-7;P02751-8;P02751-9				7.0834e+08
P02753	P02753				1.14933e+08
P02760	P02760				7.14113e+07
P02763	P02763				3.2519e+09
P02765	P02765				1.14693e+09
P02766	P02766				5.43197e+09
P02768	P02768				3.143e+10
P02774;P02774-3	P02774;P02774-2;P02774-3				1.20053e+09
P02786	P02786				5.22325e+06
P02787	P02787				1.05985e+10
P02788;P02788-2	P02788;P02788-2				7.65582e+06
P02790	P02790				5.05654e+09
P02792	P02792				7.14155e+06
P02794	P02794				1.16861e+07
P03950	P03950				5.72679e+06
P03951;P03951-2	P03951;P03951-2				8.84111e+06
P03952	P03952				2.79615e+07
P04003	P04003				1.0334e+07
P04004	P04004				7.1146e+08
P04040	P04040				504694
P04062;P04062-2;P04062-4;P04062-5	P04062;P04062-2;P04062-4;P04062-5				4.7452e+06
P04066	P04066				1.4568e+07
P04070;P04070-2	P04070;P04070-2				1.26588e+07
P04075	P04075;P04075-2				9.1786e+07
P04080	P04080				1.00717e+07
P04085;P04085-2	P04085;P04085-2				2.1825e+07
P04114	P04114				1.53411e+08
P04156	P04156				5.8312e+08
P04179	P04179;P04179-2;P04179-3;P04179-4				2.31937e+07
P04180	P04180				5.11747e+07
P04196	P04196				2.67976e+08
P04216	P04216				1.5578e+09
P04217	P04217;P04217-2				3.77872e+08
P04217-2	P04217-2				2.5663e+06
P04264	P04264				7.66564e+06
P04271	P04271				3.85445e+06
P04275	P04275				1.23359e+07
P04278	P04278;P04278-2;P04278-3;P04278-4;P04278-5				8.12618e+06
P04350;P07437;P68371	P04350;P07437;P68371				1.13553e+06
P04406	P04406;P04406-2				5.12329e+07
P04439;P04439-2	P04439;P04439-2				2.31452e+06
P04629;P04629-2;P04629-3;P04629-4	P04629;P04629-2;P04629-3;P04629-4				303038
P04746	P04746;P0DTE7;P0DTE8;P0DUB6;P19961;P19961-2;P04746-2				2.47875e+06
P04792	P04792				1.61865e+06
P04908;P0C0S5;P0C0S8;P16104;P20671;Q16777;Q6FI13;Q71UI9;Q71UI9-2;Q7L7L0;Q93077;Q96KK5;Q96QV6;Q99878;Q9BTM1;Q9BTM1-2	P04908;P0C0S5;P0C0S8;P16104;P20671;Q16777;Q6FI13;Q71UI9;Q7L7L0;Q8IUE6;Q93077;Q96KK5;Q96QV6;Q99878;Q9BTM1;Q71UI9-2;Q71UI9-5;Q9BTM1-2				1.54446e+07
P05023;P05023-2;P05023-4	P05023;P05023-2;P05023-4				1.59469e+06
P05026;P05026-2	P05026;P05026-2				1.61691e+06
P05060	P05060				1.19574e+09
P05067;P05067-11;P05067-8	P05067;P05067-4;P05067-10;P05067-11;P05067-3;P05067-5;P05067-6;P05067-7;P05067-8;P05067-9				2.59266e+09
P05090	P05090				3.76431e+09
P05107	P05107				2.01687e+06
P05109	P05109				582509
P05121	P05121				884656
P05154	P05154				2.75358e+07
P05155;P05155-3	P05155;P05155-2;P05155-3				1.10308e+09
P05156	P05156				3.97673e+07
P05160	P05160				4.66238e+06
P05362	P05362				2.62991e+06
P05408;P05408-2	P05408;P05408-2				3.87754e+08
P05413	P05413				1.59926e+07
P05451	P05451;P48304				1.11755e+06
P05452	P05452				3.29237e+08
P05543	P05543				6.66517e+07
P05546	P05546				1.3559e+08
P05556;P05556-2;P05556-3;P05556-4;P05556-5	P05556;P05556-2;P05556-5;P05556-3;P05556-4				2.56173e+06
P05937	P05937;P05937-2				1.20715e+07
P05997	P05997				4.04016e+06
P06276	P06276				8.76845e+06
P06307	P06307				4.99458e+07
P06310	P06310				4.66139e+07
P06312	P06312				2.79291e+08
P06396	P06396;P06396-2;P06396-3;P06396-4				1.1305e+09
P06396-2	P06396-2				4.06268e+06
P06681	P06681;P06681-2;P06681-3				7.37104e+07
P06702	P06702				1.02869e+06
P06703	P06703				4.74346e+06
P06727	P06727				6.32738e+08
P06733	P06733;P06733-2				1.51558e+07
P06744;P06744-2	P06744;P06744-2				6.20361e+06
P06753;P06753-2;P06753-3;P06753-4;P06753-5;P06753-6;P67936;P67936-2	P06753;P07951;P09493;P09493-10;P67936;P07951-2;P09493-5;P06753-2;P06753-3;P09493-2;P09493-3;P09493-4;P09493-6;P09493-7;P09493-8;P09493-9;P06753-4;P06753-5;P06753-6;P07951-3;P67936-2				2.67114e+06
P06865	P06865				2.91576e+07
P07093-2;P07093-3	P07093;P07093-2;P07093-3				1.18739e+07
P07108;P07108-2;P07108-3;P07108-4;P07108-5	P07108;P07108-2;P07108-3;P07108-4;P07108-5;P07108-6				2.82665e+07
P07195	P00338;P07195;P07864;Q6ZMR3;P00338-3;P00338-2;P00338-4;P00338-5				8.7779e+07
P07225	P07225				1.4219e+08
P07237	P07237				8.45954e+06
P07307;P07307-2;P07307-3	P07307;P07307-3;P07307-2				386648
P07311	P07311				1.80868e+06
P07333	P07333;P07333-2				1.26629e+08
P07339	P07339				2.74991e+08
P07357	P07357				4.36561e+07
P07358	P07358				7.61384e+07
P07360	P07360				1.96929e+07
P07451	P07451				28812.7
P07492	P07492;P07492-2;P07492-3				2.82073e+06
P07585	P07585				5.31674e+07
P07602;P07602-2;P07602-3	P07602;P07602-2;P07602-3				4.46737e+08
P07686	P07686				1.28103e+07
P07711	P07711;P07711-3				5.01455e+07
P07737	P07737				1.06529e+07
P07858	P07858				1.20048e+08
P07900;P07900-2	P07900;P08238;P07900-2				2.50279e+06
P07942	P07942				8.23118e+06
P07996	P07996;P07996-2				9.24164e+06
P07998	P07998				3.70054e+07
P08123	P08123				5.30984e+07
P08174;P08174-2;P08174-3;P08174-4;P08174-5;P08174-6;P08174-7	P08174;P08174-2;P08174-3;P08174-4;P08174-5;P08174-6;P08174-7				6.32071e+07
P08185	P08185				3.36969e+08
P08195;P08195-2;P08195-3;P08195-4;P08195-5	P08195;P08195-4;P08195-2;P08195-3;P08195-5				1.26841e+07
P08236;P08236-2;P08236-3	P08236;P08236-2;P08236-3				1.50856e+06
P08238	P08238;Q58FF7				747538
P08253	P08253;P08253-2;P08253-3				6.27418e+07
P08294	P08294				3.77376e+08
P08493-2	P08493;P08493-2				9.52432e+07
P08571	P08571				4.90879e+08
P08572	P08572				5.37011e+06
P08581;P08581-2	P08581;P08581-2				2.20585e+06
P08582	P08582				3.86739e+06
P08603	P08603				3.85992e+08
P08637	P08637				2.42711e+07
P08670	P08670;P41219;P41219-2				3.93007e+06
P08697	P08697;P08697-2				3.32258e+08
P08758	P08758				3.58803e+06
P09104	P09104;P09104-2				2.04502e+07
P09172	P09172				759266
P09211	P09211				1.20658e+07
P09382	P09382				3.00724e+07
P09417;P09417-2	P09417;P09417-2				2.81657e+07
P09486	P09486				1.81811e+08
P09603	P09603;P09603-2;P09603-3				1.17866e+08
P09619	P09619;P09619-2				4.41078e+07
P09622	P09622;P09622-2				6.64325e+06
P09668	P09668				3.26633e+07
P09871	P09871				2.04154e+08
P09936	P09936				1.25834e+07
P09960;P09960-4	P09960;P09960-2;P09960-3;P09960-4				2.58439e+06
P09972	P04075;P09972;P04075-2				3.70639e+07
P0C0L4;P0C0L4-2	P0C0L4;P0C0L4-2				1.40552e+08
P0C0L5	P0C0L4;P0C0L5;P0C0L4-2				1.01254e+09
P0C6S8	P0C6S8				4.71567e+06
P0CG47;P0CG48;P62979;P62987	P0CG47;P0CG48;P62979;P62987				1.9834e+08
P0DJI8;P0DJI9	P0DJI8;P0DJI9;P0DJI9-2				5.36968e+06
P0DMQ5	P0DMQ5				3.18063e+07
P0DMV8;P0DMV8-2;P0DMV9	P0DMV8;P0DMV9;P0DMV8-2				3.04719e+06
P0DOX2	P01876;P01877;P01876-1;P01877-1;P0DOX2				8.55519e+08
P0DOX3	P0DOX3				2.25477e+07
P0DOX5	P01857;P01859;P0DOX5;P01857-1;P01859-1				1.05684e+10
P0DOX7	P01834;P0DOX7				8.28157e+08
P0DOX8	B9A064;P0DOX8				2.65737e+08
P0DOY2;P0DOY3	P0DOY2;P0DOY3				8.21374e+08
P0DP23;P0DP24;P0DP25	P0DP23;P0DP24;P0DP25;P27482				5.83895e+06
P0DP58	P0DP58				7.94137e+07
P0DTE1	P0DTE1				6.76082e+06
P10124	P10124				1.0195e+07
P10153	P10153				1.48819e+07
P10253	P10253				7.93793e+06
P10321;P10321-2	P10321;P10321-2				2.03624e+06
P10412;P16402;P16403	P10412;P16402;P16403				1.0163e+06
P10451-3	P10451-3				3.31525e+07
P10451-5	P10451;P10451-4;P10451-5				5.61843e+08
P10586;P10586-2	P10586;P10586-2				2.23499e+07
P10599	P10599;P10599-2				1.76186e+07
P10619;P10619-2	P10619;P10619-2				3.2692e+06
P10636-2;P10636-6	P10636;P10636-8;P10636-6;P10636-2;P10636-3;P10636-4;P10636-5;P10636-7;P10636-9				1.02194e+06
P10643	P10643				1.18386e+08
P10644;P10644-2	P10644;P10644-2				1.54332e+06
P10645	P10645				7.8596e+08
P10721;P10721-2	P10721;P10721-2				1.38597e+07
P10745	P10745				4.96758e+06
P10768	P10768				4.47172e+06
P10909-6	P10909;P10909-4;P10909-6;P10909-2;P10909-3;P10909-5				8.924e+09
P11021	P11021				1.92861e+07
P11047	P11047				4.59242e+07
P11117	P11117				4.3652e+06
P11142	P11142				1.69933e+07
P11279	P11279;P11279-2				1.59375e+07
P11362-21;P11362-7	P11362;P11362-10;P11362-11;P11362-12;P11362-13;P11362-14;P11362-16;P11362-18;P11362-19;P11362-2;P11362-20;P11362-21;P11362-3;P11362-4;P11362-5;P11362-6;P11362-7;P11362-8;P11362-9				4.67247e+07
P11464-4	P11464-4				8.66709e+06
P11597;P11597-2	P11597;P11597-2				1.74802e+06
P11717	P11717				5.663e+06
P12107;P12107-2;P12107-3;P12107-4	P12107;P12107-2;P12107-3;P12107-4				972181
P12109	P12109				9.11704e+07
P12110	P12110;P12110-2;P12110-3				6.69691e+06
P12111	P12111				1.11646e+06
P12111-4	P12111;P12111-2;P12111-4				4.67834e+07
P12259	P12259				5.07137e+07
P12272;P12272-2;P12272-3	P12272;P12272-2;P12272-3				4.74843e+06
P12277	P12277				2.33993e+06
P12314;Q92637;Q92637-3	P12314;Q92637;Q92637-3				8.92222e+06
P12318;P12318-2	P12318;P31994;P31995;P12318-2;P31994-2;P31994-3;P31994-4;P31994-5;P31995-2;P31995-3;P31995-4				6.57963e+06
P12821;P12821-2	P12821;P12821-2				2.48773e+06
P12830;P12830-2	P12830;P12830-2				4.29447e+06
P12955;P12955-2	P12955;P12955-2;P12955-3				4.39585e+06
P13473;P13473-2;P13473-3	P13473;P13473-2;P13473-3				2.17311e+08
P13489	P13489				1.33672e+06
P13497;P13497-2;P13497-3;P13497-4;P13497-5;P13497-6	P13497;P13497-2;P13497-3;P13497-4;P13497-5;P13497-6				3.5855e+06
P13521	P13521				2.254e+08
P13591	P13591;P13591-1;P13591-3;P13591-4;P13591-5;P13591-6				3.53373e+08
P13591-3	P13591-1;P13591-3;P13591-4				2.60976e+08
P13598	P13598				8.6496e+06
P13611;P13611-5	P13611;P13611-2;P13611-3;P13611-4;P13611-5				6.67938e+07
P13637;P13637-2;P13637-3	P13637;P13637-2;P13637-3				2.68153e+06
P13667	P13667				2.86562e+06
P13671	P13671				6.15209e+07
P13693	P13693				684883
P13796	P13796				5.8013e+06
P13797;P13797-2;P13797-3	P13797;P13797-2;P13797-3				384562
P13987;P13987-2	P13987;P13987-2				1.2048e+08
P14136	P14136				5.89475e+06
P14138;P14138-2	P14138;P14138-2				4.01775e+06
P14151;P14151-2	P14151;P14151-2				8.54048e+06
P14174	P14174				2.59392e+07
P14207	P14207				3.12733e+06
P14209;P14209-3	P14209;P14209-3				2.71596e+06
P14314-2	P14314;P14314-2				1.79878e+07
P14324;P14324-2	P14324;P14324-2				885421
P14384	P14384				1.72358e+06
P14415	P14415				7.6514e+06
P14543	P14543;P14543-2				2.82688e+07
P14618-2	P14618;P14618-2;P14618-3				1.16775e+08
P14618;P14618-3	P14618;P14618-3				2.75941e+06
P14621	P14621				1.03292e+07
P14625	P14625				1.60533e+07
P14778	P14778				99857.7
P15086	P15085;P15086				3.4141e+06
P15090	P15090				5.51044e+06
P15121	C9JRZ8;P15121;C9JRZ8-2				1.04004e+06
P15144	P15144				3.33177e+06
P15151;P15151-2;P15151-3;P15151-4	P15151;P15151-2;P15151-3;P15151-4				1.04045e+07
P15169	P15169				8.78565e+06
P15289;P15289-2	P15289;P15289-2				6.67609e+06
P15291;P15291-2	P15291;P15291-2				1.65101e+07
P15502;P15502-1;P15502-10;P15502-12;P15502-13;P15502-2;P15502-4;P15502-5;P15502-6;P15502-7;P15502-9	P15502;P15502-1;P15502-10;P15502-12;P15502-13;P15502-2;P15502-4;P15502-5;P15502-6;P15502-7;P15502-9				3.89425e+06
P15509;P15509-2;P15509-3;P15509-4;P15509-5;P15509-7	P15509;P15509-3;P15509-4;P15509-2;P15509-5;P15509-7;P15509-8				5.72725e+06
P15531;P15531-2	P15531;P22392;O60361;P22392-2;P15531-2				7.72274e+06
P15586;P15586-2	P15586;P15586-2				3.47169e+07
P15848;P15848-2	P15848;P15848-2				336032
P15907;P15907-2	P15907;P15907-2				194391
P16035	P16035				1.58626e+08
P16070;P16070-10;P16070-11;P16070-12;P16070-13;P16070-14;P16070-15;P16070-16;P16070-17;P16070-18;P16070-3;P16070-4;P16070-5;P16070-6;P16070-7;P16070-8;P16070-9	P16070;P16070-10;P16070-11;P16070-12;P16070-13;P16070-14;P16070-15;P16070-16;P16070-17;P16070-18;P16070-3;P16070-4;P16070-5;P16070-6;P16070-7;P16070-8;P16070-9				2.21564e+08
P16083	P16083				2.60311e+06
P16112;P16112-2	P16112;P16112-2;P16112-3				4.67585e+06
P16152;P16152-2	P16152;P16152-2				2.57163e+06
P16234;P16234-3	P16234;P16234-2;P16234-3				1.92103e+06
P16278;P16278-3	P16278;P16278-3				973602
P16519;P16519-2;P16519-3	P16519;P16519-2;P16519-3				2.5397e+07
P16870;P16870-2	P16870;P16870-2				1.42705e+08
P16930	P16930;P16930-2				7.76838e+06
P16949;P16949-2	P16949;P16949-2				3.82441e+06
P17174	P17174				9.13968e+07
P17302	P17302				2.14772e+06
P17405;P17405-4	P17405;P17405-4				2.31315e+06
P17600;P17600-2	P17600;P17600-2				4.92373e+06
P17677;P17677-2	P17677;P17677-2				5.82732e+06
P17813;P17813-2	P17813;P17813-2				2.15081e+06
P17900	P17900				1.18321e+08
P17931	P17931				8.16252e+06
P17936;P17936-2	P17936;P17936-2				2.93343e+07
P18065	P18065				1.23091e+08
P18075	P18075				347631
P18206;P18206-2	P18206;P18206-2				2.67774e+06
P18428	P18428				8.27851e+06
P18669	P15259;P18669				1.35564e+07
P19021;P19021-5;P19021-6	P19021;P19021-3;P19021-4;P19021-2;P19021-5;P19021-6				1.77807e+08
P19022	P19022;P19022-2				2.04365e+08
P19256;P19256-2;P19256-3	P19256;P19256-2;P19256-3				2.55561e+06
P19320	P19320;P19320-2;P19320-3				1.30735e+07
P19367;P19367-2;P19367-3;P19367-4	P19367;P19367-2;P19367-3;P19367-4				2.96629e+06
P19652	P19652				1.88009e+09
P19823	P19823				1.44647e+08
P19827	P19827;P19827-2				5.0636e+07
P19835	P19835				1.252e+06
P20062	P20062				4.26429e+07
P20138;P20138-2;P20138-3	P20138;P20138-2;P20138-3				1.94409e+06
P20366;P20366-2;P20366-3;P20366-4	P20366;P20366-2;P20366-3;P20366-4				3.95085e+07
P20382	P20382				3.04914e+06
P20396	P20396				1.67779e+06
P20472	P20472				2.84501e+07
P20618	P20618				3.96897e+06
P20742	P20742;P20742-2				2.6182e+06
P20774	P20774				2.31988e+08
P20827	P20827;P20827-2				3.0354e+07
P20908;P20908-2	P20908;P20908-2				2.20541e+06
P20916;P20916-2;P20916-3	P20916;P20916-2;P20916-3				1.42923e+07
P20933	P20933				9.257e+07
P21333;P21333-2	P21333;P21333-2				2.43283e+06
P21554	P21554				4.29387e+06
P21579	P21579				4.68437e+06
P21583;P21583-2;P21583-3	P21583;P21583-2;P21583-3				2.79503e+06
P21802;P21802-16;P21802-2;P21802-5;P21802-6;P21802-8	P21802;P21802-3;P21802-14;P21802-15;P21802-16;P21802-17;P21802-18;P21802-19;P21802-2;P21802-23;P21802-5;P21802-6;P21802-8				1.95893e+07
P21810	P21810				2.69771e+06
P21860;P21860-4	P21860;P21860-4				1.32053e+06
P22004	P22004				2.02317e+06
P22061;P22061-2	P22061;P22061-2				2.41156e+07
P22105;P22105-1;P22105-4	P22105;P22105-1;P22105-4				2.10155e+07
P22223;P22223-2	P22223;P22223-2				723696
P22303	P22303;P22303-2;P22303-3;P22303-4				4.74226e+06
P22304	P22304;P22304-2;P22304-3				3.15105e+07
P22352	P22352				1.03729e+08
P22607;P22607-2;P22607-3;P22607-4	P22455;P22607;P22455-2;P22607-2;P22607-3;P22607-4				4.04136e+07
P22676	P22676				2.70442e+06
P22692;P22692-2	P22692;P22692-2				1.1174e+08
P22748	P22748				1.61047e+07
P22792	P22792				1.26505e+07
P22794;P22794-2	P22794;P22794-2				8.20171e+06
P22891;P22891-2	P22891;P22891-2				4.91691e+06
P22897	P22897				7.28257e+06
P23083	P23083				1.76899e+06
P23142	P23142				1.42755e+08
P23142-4	P23142-4				6.23762e+08
P23284	P23284				4.3441e+07
P23435	P23435				8.39296e+07
P23468	P10586;P23468;P10586-2;P23468-3;P23468-4;P23468-5;P23468-6;P23468-7				8.4041e+09
P23468-7	P23468-4;P23468-5;P23468-6;P23468-7				4.75609e+06
P23470;P23470-2	P23470;P23470-2				3.41902e+07
P23471;P23471-2	P23471;P23471-2;P23471-3				4.33958e+07
P23515	P23515				3.29689e+08
P23528	P23528				1.70946e+06
P23560;P23560-2;P23560-3;P23560-4;P23560-5	P23560;P23560-2;P23560-3;P23560-4;P23560-5				6.66399e+06
P23582	P23582				1.02602e+08
P24043	P24043				2.88624e+07
P24158	P24158				318055
P24592	P24592				5.50632e+08
P24593	P24593				3.419e+07
P24821;P24821-4	P24821;P24821-2;P24821-3;P24821-4;P24821-5;P24821-6				2.77803e+06
P25189;P25189-2	P25189;P25189-2				4.00102e+06
P25311	P25311				4.0606e+08
P25713	P25713				1.1512e+07
P25774;P25774-2	P25774;P25774-2				1.21455e+07
P25788;P25788-2	P25788;P25788-2				424108
P26022	P26022				193646
P26038	P26038				6.09272e+06
P26447	P26447				2.08957e+06
P26572	P26572				1.80621e+07
P26641;P26641-2	P26641;P26641-2				2.04416e+06
P26927	P26927;Q2TV78;Q2TV78-2				3.94937e+06
P26992	P26992				9.63126e+07
P27169	P27169				6.41306e+07
P27658	P27658				1.2941e+06
P27797	P27797				6.74897e+07
P27824;P27824-2	P27824;P27824-2;P27824-3				1.57509e+07
P28074;P28074-2	P28074;P28074-2				564128
P28300	P28300				970254
P28799;P28799-2;P28799-3	P28799;P28799-2;P28799-3				1.43896e+06
P28827;P28827-2	P28827;P28827-2				5.76326e+06
P28838;P28838-2	P28838;P28838-2				686234
P29120;P29120-2	P29120;P29120-2				1.66085e+07
P29218;P29218-3	P29218;P29218-3;P29218-2				1.29e+07
P29279;P29279-2	P29279;P29279-2				760619
P29323;P29323-2;P29323-3	P29323;P29323-3;P29323-2				1.58957e+06
P29401;P29401-2	P29401;P29401-2				1.08174e+06
P29622	P29622				5.34737e+07
P29966	P29966				6.82568e+06
P30041	P30041				6.24604e+06
P30043	P30043				1.20959e+06
P30044;P30044-2	P30044;P30044-2;P30044-3				1.30817e+06
P30046	P30046				4.64178e+06
P30048;P30048-2	P30048;P30048-2				2.42352e+06
P30086	P30086				1.02142e+08
P30101	P30101				1.13747e+07
P30530;P30530-2	P30530;P30530-2				5.82729e+07
P30711	P30711				859486
P30740	P30740				2.50206e+06
P30990	P30990				1.63828e+06
P31146	P31146				4.04927e+06
P31150	P31150				1.56274e+07
P31153	P31153;P31153-2				1.46326e+06
P31321	P31321				1.30127e+06
P31946;P31946-2	P31946;P31946-2				6.42329e+06
P31948;P31948-2;P31948-3	P31948;P31948-2;P31948-3				647594
P32004;P32004-2;P32004-3	P32004;P32004-2;P32004-3				6.18162e+07
P32119	P32119				2.16775e+07
P32926	P32926				1.2945e+06
P33151	P33151;P33151-2				7.60791e+06
P33908	P33908				6.32592e+07
P34059	P34059				9.42381e+06
P34096	P34096				1.87555e+07
P34741	P34741				3.70556e+06
P34932	P34932				1.32819e+06
P34949	P34949;P34949-2				1.35743e+06
P35030;P35030-2;P35030-3;P35030-4;P35030-5	P35030;P35030-2;P35030-3;P35030-4;P35030-5				3.35713e+06
P35052	P35052				2.19851e+07
P35080	P35080				1.90245e+06
P35237	P35237				3.74448e+06
P35318	P35318				6.29949e+06
P35442	P35442				1.96932e+07
P35443	P35443				2.30071e+07
P35527	P35527				2.96489e+06
P35542	P35542				1.23518e+08
P35555	P35555				1.137e+07
P35579;P35579-2	P35579;P35579-2				97022.1
P35590	P35590				3.93114e+06
P35613;P35613-2;P35613-3;P35613-4	P35613;P35613-2;P35613-3;P35613-4				1.42457e+07
P35625	P35625				637493
P35858;P35858-2	P35858;P35858-2				1.14911e+07
P35908	P35908				2.59466e+06
P36222	P36222				2.58297e+08
P36871;P36871-2	P36871;P36871-2				2.64168e+06
P36955	P36955				1.63356e+09
P36957	P36957;P36957-2				8.07052e+07
P36980	P36980				6.91438e+07
P37173;P37173-2	P37173;P37173-2				6.11601e+06
P37235;P61601;P84074	P37235;P61601;P84074				590944
P37802;P37802-2	P37802;P37802-2				1.44151e+06
P37837;P37837-2	P37837;P37837-2				6.82186e+06
P38571;P38571-2	P38571;P38571-2				2.06529e+06
P39059	P39059				8.01445e+06
P39060;P39060-1;P39060-2	P39060;P39060-1;P39060-2				4.45172e+07
P40121;P40121-2	P40121;P40121-2				1.1579e+06
P40189	P40189;P40189-3				4.60931e+07
P40925;P40925-3	P40925;P40925-3				2.3735e+07
P40926	P40926;P40926-2				5.75108e+06
P40967;P40967-2;P40967-4;P40967-5	P40967;P40967-2;P40967-4;P40967-5				402258
P41217;P41217-2;P41217-3	P41217;P41217-2;P41217-3				5.22736e+06
P41222	P41222				2.04451e+10
P41271;P41271-2	P41271;P41271-2				5.61018e+08
P42262;P42262-2;P42262-3	P42262;P42262-2;P42262-3;P42262-4				3.46791e+06
P42658;P42658-2	P42658;P42658-2				1.47053e+07
P42785	P42785;P42785-2				4.92538e+07
P42857;P42857-2	P42857;P42857-2				5.05679e+06
P43004;P43004-2;P43004-3	P43004;P43004-2;P43004-3				2.10868e+06
P43121	P43121;P43121-2				7.28928e+07
P43146	P43146				1.85092e+07
P43234	P43234				3.23375e+06
P43251;P43251-2;P43251-3;P43251-4	P43251;P43251-2;P43251-3;P43251-4				1.24255e+08
P43652	P43652				2.35907e+08
P45877	P45877				1.28367e+07
P46459	P46459				5.63669e+06
P47972	P47972				3.77595e+07
P48058;P48058-2	P48058;P48058-2				4.84677e+07
P48061;P48061-2;P48061-3;P48061-4;P48061-5;P48061-6	P48061;P48061-2;P48061-3;P48061-4;P48061-5;P48061-6				2.90281e+07
P48066;P48066-2	P48066;P48066-2				563317
P48147	P48147				1.3516e+06
P48163;P48163-2	P48163;P48163-2				904762
P48539	P48539				4.03813e+06
P48637	P48637				4.65742e+06
P48723	P48723				7.93091e+06
P48740-2;P48740-4	P48740-2;P48740-4				1.17071e+07
P48740-3	P48740-3				2.42893e+06
P48745	P48745				2.08407e+07
P49221	P49221				1.1105e+07
P49257	P49257				1.43256e+07
P49418;P49418-2	P49418;P49418-2				3.30376e+06
P49641	P49641;P49641-1;P49641-2				3.20389e+07
P49720	P49720				180759
P49747;P49747-2	P49747;P49747-2				5.88713e+06
P49767	P49767				1.18575e+06
P49908	P49908				4.44205e+07
P50238	P50238				5.49286e+06
P50281	P50281				1.93295e+06
P50395;P50395-2	P50395;P50395-2				2.41817e+06
P50502;Q8NFI4	P50502;Q8NFI4				4.31507e+06
P50895	P50895				4.38134e+06
P50897	P50897;P50897-2				2.07969e+06
P50993	P05023;P13637;P20648;P50993;P05023-2;P05023-3;P05023-4;P13637-2;P13637-3				3.72056e+06
P51674;P51674-2;P51674-3	P51674;P51674-2;P51674-3				1.58065e+06
P51688	P51688				533898
P51693	P51693;P51693-2				1.46759e+09
P51693-2	P51693-2				2.14241e+07
P51805	P51805				5.6271e+06
P51884	P51884				8.21775e+07
P51888	P51888				4.15298e+07
P52565;P52565-2	P52565;P52565-2				1.10242e+06
P52566	P52566				1.74946e+06
P52758	P52758				1.61238e+06
P52797	P52797				4.14975e+06
P52799	P52799				9.909e+06
P52803	P52803				2.56185e+07
P52848	P52848				2.04095e+06
P52943;P52943-2	P52943;P52943-2				769436
P53041	P53041				1.22338e+06
P53634	P53634				1.8486e+07
P54253	P54253				1.4209e+08
P54289-2;P54289-3	P54289;P54289-2;P54289-3;P54289-4;P54289-5				6.91042e+07
P54725;P54725-2;P54725-3	P54725;P54727;P54725-2;P54725-3				5.37743e+06
P54727	P54727				2.25668e+06
P54764	P54764;P54764-2				7.31118e+07
P54802	P54802				8.54078e+06
P54803	P54803;P54803-3;P54803-4;P54803-5				2.48603e+06
P55058	P55058;P55058-2;P55058-3;P55058-4				6.15354e+08
P55083;P55083-2	P55083;P55083-2				3.22947e+07
P55087;P55087-2	P55087;P55087-2				7.14911e+06
P55103	P55103				646084
P55268	P55268				7.54868e+06
P55283	P55283;P55283-2				2.27389e+07
P55285;P55285-2	P55285;P55285-2				1.62316e+07
P55286	P55286				2.98846e+07
P55287;P55287-2	P55287;P55287-2				1.29016e+07
P55289;P55289-2	P55289;P55289-2				2.10806e+06
P55290;P55290-4	P55290;P55290-2;P55290-3;P55290-4;P55290-5				5.08944e+08
P55291	P55291				1.49428e+07
P55786	P55786;P55786-2				1.55047e+07
P55899	P55899				1.16408e+06
P55957;P55957-2	P55957;P55957-2;P55957-4				1.17107e+06
P56159;P56159-2	P56159;P56159-2				8.03992e+06
P56817;P56817-2	P56817;P56817-2;P56817-3;P56817-4;P56817-5;P56817-6				3.73213e+06
P57087;P57087-2;P57087-3	P57087;P57087-2;P57087-3				6.68266e+06
P58215	P58215;P58215-2;P58215-3				1.25018e+06
P58400	P58400;P58400-1				7.8108e+06
P58401	P58401				6.63631e+06
P58417	O95156;P58417				5.76695e+07
P59190;P59190-2	P51153;P59190;P61006;P61026;P62820;Q92930;Q9H0U4;Q92928;P61006-2;P62820-2;P62820-3;P59190-2				1.46679e+06
P60174;P60174-3	P60174;P60174-3;P60174-4				3.22844e+07
P60520	O95166;P60520;Q9H0R8;Q9H0R8-2				3.64023e+06
P60660;P60660-2	P60660;P60660-2				2.56097e+06
P60709;P63261	P60709;P63261				9.42775e+07
P60900;P60900-2	P60900;P60900-2				312884
P60983	O60234;P60983				2.52616e+06
P61018;P61018-2	P20338;P61018;P61018-2				3.17785e+06
P61088	P61088				3.43705e+07
P61204;P61204-2;P84077;P84085	P18085;P61204;P84077;P84085;P61204-2				1.40695e+06
P61266;P61266-2	P61266;P61266-2				5.16458e+06
P61278	P61278				1.12251e+08
P61604	P61604				3.18132e+06
P61626	P61626				1.29907e+08
P61769	P61769				3.35311e+09
P61812;P61812-2	P61812;P61812-2				413412
P61916	P61916;P61916-2				1.54838e+08
P61970	P61970				4.72644e+06
P61981	P61981				2.01639e+07
P62258	P62258;P62258-2				1.45304e+07
P62328	P62328;P63313				1.9297e+07
P62805	P62805				1.10945e+07
P62937	P62937				2.26418e+07
P62942	P62942				3.27204e+06
P62993	P62993;P62993-2				2.8307e+06
P63010;P63010-2;P63010-3	P63010;P63010-2;P63010-3				1.13419e+07
P63104	P63104;P63104-2				1.73349e+08
P63208	P63208;P63208-2				6.66931e+06
P63241;P63241-2;Q6IS14;Q9GZV4	P63241;Q9GZV4;Q6IS14;P63241-2				170158
P63302	P63302				295798
P68032;P68133	P62736;P63267;P68032;P68133				6.46678e+06
P68036;P68036-2;P68036-3	P68036;A0A1B0GUS4;P68036-2;P68036-3				2.69364e+06
P68104;Q05639;Q5VTE0	P68104;Q05639;Q5VTE0				1.32318e+06
P68363;Q71U36;Q71U36-2;Q9BQE3	P0DPH7;P0DPH8;P68363;P68366;Q6PEY2;Q71U36;Q9BQE3;Q9NY65;P0DPH7-2;P68363-2;P68366-2;Q71U36-2;Q9NY65-2				858128
P68431;P84243;Q16695;Q71DI3	P68431;P84243;Q16695;Q6NXT2;Q71DI3;Q5TEC6				3.63569e+06
P69849;Q15155;Q5JPE7;Q5JPE7-2	P69849;Q15155;Q5JPE7;Q5JPE7-2;Q5JPE7-3				1.48579e+06
P69905	P69905				2.03621e+06
P78310;P78310-2;P78310-5;P78310-6;P78310-7	P78310;P78310-2;P78310-4;P78310-5;P78310-6;P78310-7				4.14352e+06
P78324;P78324-2;P78324-4	P78324;Q5TFQ8;P78324-2;P78324-4				1.04302e+08
P78417	P78417;P78417-3				7.06593e+06
P78504;P78504-2	P78504;P78504-2				2.91798e+06
P78509	P78509;P78509-2;P78509-3				6.45838e+07
P78536;P78536-2	P78536;P78536-2				2.05085e+06
P78539;P78539-2;P78539-3;P78539-5	P78539;P78539-2;P78539-3;P78539-4;P78539-5				5.21546e+06
P80108	P80108				1.19946e+07
P80188;P80188-2	P80188;P80188-2				3.64198e+06
P80303;P80303-2	P80303;P80303-2				9.90182e+06
P80723	P80723;P80723-2				2.12305e+07
P80748	P80748				5.00732e+07
P82987;P82987-2	P82987;P82987-2				394084
P84157	P84157;P84157-2;P84157-3				533372
P98095;P98095-2	P98095;P98095-2				1.55707e+07
P98153;P98153-2;P98153-3	P98153;P98153-2;P98153-3				3.7552e+06
P98155;P98155-2	P98155;P98155-2				1.71834e+06
P98160	P98160				1.14447e+08
P98172	P98172				4.50565e+06
P98173;P98173-2;P98173-3	P98173;P98173-2;P98173-3				4.74742e+06
P99999	P99999				1.36136e+07
Q00973	Q00973;Q00973-2;Q00973-3				6.29363e+06
Q01082	Q01082				1.83584e+06
Q01459	Q01459				3.03701e+07
Q01469	Q01469				2.21071e+07
Q01995	Q01995				5.11283e+07
Q02246	Q02246				1.27801e+08
Q02487;Q02487-2	Q02487;Q02487-2				1.36915e+07
Q02790	Q02790				582588
Q02809;Q02809-2	Q02809;Q02809-2				1.84062e+07
Q02818	Q02818				1.02561e+08
Q02985;Q02985-2	Q02985;Q92496;Q02985-2;Q92496-2;Q92496-3				3.56941e+07
Q03167;Q03167-2	Q03167;Q03167-2				2.30366e+07
Q04721	Q04721				1.11245e+07
Q04756	Q04756				5.37347e+06
Q04760;Q04760-2	Q04760;Q04760-2				5.38335e+06
Q05707;Q05707-2	Q05707;Q05707-2;Q05707-3				6.64558e+06
Q05996;Q05996-2	Q05996;Q05996-2				1.11317e+07
Q06033;Q06033-2	Q06033;Q06033-2				8.69351e+06
Q06418	Q06418				2.569e+07
Q06481	Q06481;Q06481-3;Q06481-6				1.76754e+08
Q06828	Q06828				9.16246e+07
Q06830	Q06830				1.54314e+07
Q07092;Q07092-2	Q07092;Q07092-2				3.36764e+06
Q07507	Q07507				4.02955e+06
Q07699;Q07699-2	Q07699;Q07699-2				3.66481e+06
Q07954	Q07954				2.4569e+07
Q08174-2	Q08174;Q08174-2				1.7964e+07
Q08209;Q08209-2;Q08209-3;Q08209-5	P16298;P48454;Q08209;Q08209-2;P16298-2;P16298-3;P16298-4;P48454-2;P48454-3;Q08209-3;Q08209-5				603765
Q08345;Q08345-5	Q08345;Q08345-2;Q08345-4;Q08345-5;Q08345-6				3.96825e+07
Q08380	Q08380				2.6119e+08
Q08431;Q08431-4	Q08431;Q08431-3;Q08431-4				1.74808e+07
Q08554;Q08554-2	Q08554;Q08554-2				3.28069e+06
Q08629	Q08629				3.10393e+07
Q08ET2	O15389;Q08ET2				9.70398e+06
Q09327	Q09327				2.35726e+06
Q09328	Q09328				7.42907e+06
Q09666	Q09666				2.34368e+06
Q0P6D2	Q0P6D2				1.78411e+07
Q10469	Q10469				4.54676e+06
Q10471	Q10471				1.57326e+07
Q10472	Q10472;Q8IUC8;Q8IUC8-3;Q8IUC8-2				1.94706e+07
Q10588	Q10588;Q10588-2				2.97989e+06
Q10589;Q10589-2	Q10589;Q10589-2				569993
Q12765;Q12765-2;Q12765-3	Q12765;Q12765-2;Q12765-3				1.79082e+06
Q12794;Q12794-2;Q12794-7	Q12794;Q12794-2;Q12794-4;Q12794-7				5.58055e+06
Q12797;Q12797-10	Q12797;Q12797-10				5.83282e+06
Q12805;Q12805-2;Q12805-3;Q12805-4;Q12805-5	Q12805;Q12805-2;Q12805-3;Q12805-4;Q12805-5				5.27922e+08
Q12841;Q12841-2	Q12841;Q12841-2				1.34321e+07
Q12860	Q12860;Q12860-2				2.76482e+08
Q12866	Q12866				3.48512e+06
Q12884	Q12884				396066
Q12907	Q12907				1.16524e+08
Q12913;Q12913-3	Q12913;Q12913-2;Q12913-3				4.79546e+06
Q13093	Q13093				2.14233e+06
Q13214;Q13214-2	Q13214;Q13214-2				2.78504e+06
Q13217	Q13217				4.7673e+06
Q13228;Q13228-4	Q13228;Q13228-2;Q13228-3;Q13228-4				5.32454e+07
Q13231;Q13231-3	Q13231;Q13231-2;Q13231-3;Q13231-4				6.41931e+06
Q13232	Q13232				2.14573e+06
Q13275-2	Q13275;Q13275-2				2.87395e+06
Q13308;Q13308-2;Q13308-3;Q13308-4;Q13308-5;Q13308-6	Q13308;Q13308-2;Q13308-3;Q13308-4;Q13308-5;Q13308-6				1.66199e+06
Q13332-2;Q13332-6	Q13332;Q13332-2;Q13332-3;Q13332-4;Q13332-5;Q13332-6;Q13332-7				2.93499e+07
Q13332-5	Q13332-5;Q13332-7				6.17447e+06
Q13404;Q13404-1;Q13404-2;Q13404-7	Q13404;Q13404-1;Q13404-2;Q13404-6;Q13404-7				4.80866e+06
Q13421-2;Q13421-3;Q13421-4	Q13421;Q13421-2;Q13421-3;Q13421-4				4.16736e+06
Q13433	Q13433				2.14028e+06
Q13443;Q13443-2	Q13443;Q13443-2				3.67765e+06
Q13444;Q13444-10;Q13444-12;Q13444-2;Q13444-3;Q13444-4;Q13444-5;Q13444-6;Q13444-7;Q13444-8;Q13444-9	Q13444;Q13444-2;Q13444-10;Q13444-11;Q13444-12;Q13444-3;Q13444-4;Q13444-5;Q13444-6;Q13444-7;Q13444-8;Q13444-9				4.07767e+06
Q13449	Q13449				6.39989e+08
Q13508;Q13508-2;Q13508-3	Q13508;Q13508-2;Q13508-3				3.13326e+07
Q13510;Q13510-2	Q13510;Q13510-2;Q13510-3				1.31539e+07
Q13519;Q13519-2	Q13519;Q13519-2				4.00608e+06
Q13554;Q13554-2;Q13554-3;Q13554-4;Q13554-5;Q13554-7;Q13554-8	Q13554;Q13554-3;Q13554-2;Q13554-4;Q13554-5;Q13554-6;Q13554-7;Q13554-8				1.44131e+07
Q13555;Q13555-10;Q13555-11;Q13555-2;Q13555-3;Q13555-4;Q13555-5;Q13555-6;Q13555-7;Q13555-8;Q13555-9	Q13555;Q13555-5;Q13555-10;Q13555-11;Q13555-2;Q13555-3;Q13555-4;Q13555-6;Q13555-7;Q13555-8;Q13555-9				5.02079e+06
Q13557;Q13557-10;Q13557-11;Q13557-12;Q13557-3;Q13557-4;Q13557-5;Q13557-6;Q13557-8;Q13557-9	Q13557;Q13557-8;Q13557-10;Q13557-11;Q13557-12;Q13557-3;Q13557-4;Q13557-5;Q13557-6;Q13557-9				2.19115e+06
Q13634;Q13634-2	Q13634;Q13634-2				2.49572e+07
Q13641	Q13641				3.62872e+06
Q13683;Q13683-10;Q13683-13;Q13683-3;Q13683-7;Q13683-9	Q13683;Q13683-10;Q13683-13;Q13683-3;Q13683-7;Q13683-9				6.54174e+06
Q13740;Q13740-2	Q13740;Q13740-2;Q13740-3				6.06172e+07
Q13790	Q13790				1.90345e+06
Q13822-3	Q13822;Q13822-3				8.94277e+08
Q13867	Q13867				5.33795e+06
Q14019	Q14019				1.01792e+07
Q14112;Q14112-2	Q14112;Q14112-2				1.25204e+07
Q14114;Q14114-2;Q14114-3;Q14114-4	Q14114;Q14114-3;Q14114-2;Q14114-4				2.23045e+06
Q14118	Q14118				3.21403e+08
Q14126	Q14126				8.85437e+06
Q14165	Q14165				1.08175e+07
Q14213	Q14213				4.31126e+06
Q14242;Q14242-2	Q14242;Q14242-2				5.61487e+06
Q14257;Q14257-2	Q14257;Q14257-2				3.67459e+06
Q14314	Q14314				1.35751e+07
Q14315;Q14315-2	Q14315;Q14315-2				4.25509e+06
Q14393;Q14393-1;Q14393-3;Q14393-4;Q14393-5	Q14393;Q14393-1;Q14393-3;Q14393-4;Q14393-5				1.75027e+07
Q14515	Q14515;Q14515-2				5.5786e+08
Q14517	Q14517				3.68996e+06
Q14520;Q14520-2	Q14520;Q14520-2				3.60737e+07
Q14563	Q14563				2.56857e+06
Q14574;Q14574-2	Q14574;Q14574-2				5.79508e+06
Q14624	Q14624				2.29675e+08
Q14696	Q14696				3.3569e+06
Q14697;Q14697-2	Q14697;Q14697-2				1.79268e+07
Q14766	Q14766;Q14766-4				9.99224e+06
Q14767	Q14767				9.7502e+06
Q14894	Q14894				4.41919e+06
Q14956;Q14956-2	Q14956;Q14956-2				3.27046e+06
Q14982;Q14982-2;Q14982-3;Q14982-4	Q14982;Q14982-2;Q14982-3;Q14982-4				6.88063e+07
Q14C87	Q14C87;Q8N3T6				1.16099e+07
Q14CZ8	Q14CZ8				8.50475e+06
Q14DG7	Q14DG7;Q14DG7-2				6.28031e+06
Q15063-3	Q15063-3;Q15063-4;Q15063-7				2.87914e+07
Q15084;Q15084-2;Q15084-3;Q15084-4;Q15084-5	Q15084;Q15084-2;Q15084-3;Q15084-4;Q15084-5				3.03346e+06
Q15113	Q15113				1.06412e+08
Q15121;Q15121-2	Q15121;Q15121-2				1.54742e+06
Q15165;Q15165-1;Q15165-3	Q15165;Q15165-1;Q15165-3				530583
Q15166	Q15166				1.40324e+07
Q15223;Q15223-2;Q15223-3	Q15223;Q15223-2;Q15223-3				5.70308e+07
Q15256;Q15256-5	Q15256;Q15256-5				4.74849e+07
Q15257;Q15257-2;Q15257-3	Q15257;Q15257-2;Q15257-3				1.3357e+06
Q15262;Q15262-2;Q15262-3;Q15262-4	Q15262;Q15262-2;Q15262-3;Q15262-4				8.33346e+06
Q15293;Q15293-2	Q15293;Q15293-2				1.22785e+07
Q15303;Q15303-2;Q15303-3;Q15303-4	Q15303;Q15303-2;Q15303-3;Q15303-4				4.62605e+06
Q15375;Q15375-2;Q15375-4	Q15375;Q15375-2;Q15375-4				6.49794e+06
Q15459;Q15459-2	Q15459;Q15459-2				944668
Q15465	Q15465				4.68407e+06
Q15582	Q15582				6.98736e+07
Q15768	Q15768				1.09473e+07
Q15782;Q15782-5;Q15782-6	Q15782;Q15782-5;Q15782-6				4.56169e+06
Q15818	Q15818				1.961e+08
Q15828	Q15828				3.26762e+06
Q15846	Q15846				916085
Q15848	Q15848				1.22833e+07
Q15904	Q15904				3.00846e+08
Q16143	Q16143				1.46051e+06
Q16270	Q16270;Q16270-2				3.02992e+08
Q16288;Q16288-2;Q16288-3;Q16288-4;Q16288-5	Q16288;Q16288-2;Q16288-3;Q16288-4;Q16288-5				1.38509e+07
Q16363;Q16363-2	Q16363;Q16363-2				3.86204e+06
Q16394	Q16394				1.43758e+06
Q16531	Q16531				4.00273e+06
Q16555;Q16555-2	Q16555;Q16555-2				1.23781e+06
Q16568	Q16568				1.15695e+07
Q16581	Q16581				6.059e+06
Q16610;Q16610-4	Q16610;Q16610-2;Q16610-3;Q16610-4				6.43684e+07
Q16620;Q16620-2;Q16620-3;Q16620-4;Q16620-5;Q16620-6	Q16620;Q16620-2;Q16620-3;Q16620-4;Q16620-5;Q16620-6				1.5085e+07
Q16623;Q16623-2;Q16623-3	Q16623;Q16623-2;Q16623-3				892248
Q16627;Q16627-2	Q16627;Q16627-2				9.50521e+06
Q16651	Q16651;Q16651-2				1.52435e+06
Q16653;Q16653-10;Q16653-11;Q16653-13;Q16653-2;Q16653-3;Q16653-5;Q16653-6;Q16653-7;Q16653-8;Q16653-9	Q16653;Q16653-10;Q16653-11;Q16653-13;Q16653-2;Q16653-3;Q16653-5;Q16653-6;Q16653-7;Q16653-8;Q16653-9				1.18543e+07
Q16658	Q16658				2.03605e+07
Q16674	Q16674				6.53143e+06
Q16706	Q16706				2.38319e+07
Q16769	Q16769				9.18251e+07
Q16775;Q16775-2	Q16775;Q16775-2				2.94732e+06
Q16799	Q16799;Q16799-2				1.05296e+06
Q16849	Q16849;Q16849-3;Q16849-2				8.3505e+07
Q16853;Q16853-2	Q16853;Q16853-2				1.38534e+06
Q16880	Q16880				6.89637e+06
Q16881;Q16881-2;Q16881-3;Q16881-4;Q16881-5;Q16881-6;Q16881-7	Q16881;Q16881-4;Q16881-5;Q16881-2;Q16881-3;Q16881-6;Q16881-7				1.15728e+06
Q16891;Q16891-2;Q16891-3;Q16891-4	Q16891;Q16891-2;Q16891-3;Q16891-4				1.23393e+06
Q17RC7	Q17RC7				9.06881e+07
Q24JP5;Q24JP5-2	Q24JP5;Q24JP5-2;Q24JP5-3				4.05405e+07
Q2TAL6	Q2TAL6				2.80639e+06
Q2UY09;Q2UY09-2;Q2UY09-3	Q2UY09;Q2UY09-2;Q2UY09-3				5.29558e+06
Q495W5	Q495W5;Q495W5-2				8.69759e+06
Q4G0P3	Q4G0P3;Q4G0P3-10;Q4G0P3-5;Q4G0P3-6;Q4G0P3-8				3.3933e+07
Q4G148;Q4G148-2	Q4G148;Q4G148-2				544024
Q4KWH8;Q4KWH8-3;Q4KWH8-4	Q4KWH8;Q4KWH8-2;Q4KWH8-3;Q4KWH8-4				1.21282e+07
Q4ZHG4;Q4ZHG4-2	Q4ZHG4;Q4ZHG4-2				864422
Q504Y0;Q504Y0-2;Q504Y0-3;Q504Y0-4;Q504Y0-5	Q504Y0;Q504Y0-2;Q504Y0-3;Q504Y0-4;Q504Y0-5				338661
Q53EL9;Q53EL9-3	Q53EL9;Q53EL9-2;Q53EL9-3				1.01316e+08
Q53RD9;Q53RD9-2;Q53RD9-3;Q53RD9-4	Q53RD9;Q53RD9-2;Q53RD9-3;Q53RD9-4				3.6128e+07
Q562R1	Q562R1				5.14569e+07
Q58EX2;Q58EX2-2;Q58EX2-3;Q58EX2-4	Q58EX2;Q58EX2-2;Q58EX2-3;Q58EX2-4				1.36057e+06
Q59EK9;Q59EK9-2;Q59EK9-3;Q59EK9-4	Q59EK9;Q59EK9-3;Q59EK9-2;Q59EK9-4				5.5839e+06
Q5BIV9	Q5BIV9				2.71773e+07
Q5BLP8;Q5BLP8-2;Q5BLP8-3	Q5BLP8;Q5BLP8-2;Q5BLP8-3				1.43849e+07
Q5FWE3;Q5FWE3-3	Q5FWE3;Q5FWE3-3				2.55012e+07
Q5JRA6;Q5JRA6-2	Q5JRA6;Q5JRA6-2				3.38066e+06
Q5JS37;Q5JS37-2	Q5JS37;Q5JS37-2				1.80683e+06
Q5JZY3;Q5JZY3-2;Q5JZY3-3	Q5JZY3;Q5JZY3-2;Q5JZY3-3				4.84037e+06
Q5KU26	Q5KU26				3.8766e+07
Q5R3F8	Q5R3F8				3.58348e+06
Q5SGD2;Q5SGD2-2;Q5SGD2-3	Q5SGD2;Q5SGD2-2;Q5SGD2-3				1.90383e+06
Q5SRI9	Q5SRI9				5.49979e+06
Q5SZK8	Q5SZK8;Q5SZK8-2				2.02599e+06
Q5T848	Q5T848				1.47881e+07
Q5VSG8	Q5VSG8				9.04694e+06
Q5VU97	Q5VU97				1.11852e+07
Q5VUB5	Q5VUB5				2.14434e+06
Q5VV43;Q5VV43-2;Q5VV43-4	Q5VV43;Q5VV43-2;Q5VV43-4				2.47826e+06
Q5VV63	Q5VV63				1.47353e+06
Q5VWW1;Q5VWW1-2;Q5VWW1-3	Q5VWW1;Q5VWW1-2;Q5VWW1-3				3.50711e+06
Q641Q3;Q641Q3-2	Q641Q3;Q641Q3-2				1.36734e+07
Q658N2	Q658N2				1.15535e+07
Q66K79;Q66K79-2;Q66K79-3	Q66K79;Q66K79-2;Q66K79-3				376903
Q68BL7;Q68BL7-2;Q68BL7-3	Q68BL7;Q68BL7-2;Q68BL7-3				9.71712e+06
Q68D85	Q68D85				3.08106e+06
Q6E0U4;Q6E0U4-16;Q6E0U4-2;Q6E0U4-3;Q6E0U4-4;Q6E0U4-5;Q6E0U4-6;Q6E0U4-7	Q6E0U4;Q6E0U4-16;Q6E0U4-2;Q6E0U4-3;Q6E0U4-4;Q6E0U4-5;Q6E0U4-6;Q6E0U4-7				4.54491e+06
Q6EMK4	Q6EMK4				2.2817e+07
Q6FHJ7	Q6FHJ7				6.95631e+06
Q6GTX8;Q6GTX8-2;Q6GTX8-3;Q6GTX8-4;Q6ISS4;Q6ISS4-2	Q6GTX8;Q6ISS4;Q6GTX8-2;Q6GTX8-3;Q6GTX8-4;Q6ISS4-2				1.95487e+07
Q6IBS0	Q6IBS0				723952
Q6IEE7	Q6IEE7				2.53501e+06
Q6IS24	Q6IS24				1.09922e+07
Q6MZW2	Q6MZW2;Q6MZW2-2;Q6MZW2-3				2.37815e+07
Q6NUJ2	Q6NUJ2				7.28941e+06
Q6NW40	Q6NW40				6.07459e+07
Q6P179;Q6P179-2;Q6P179-3;Q6P179-4	Q6P179;Q6P179-2;Q6P179-3;Q6P179-4				1.52364e+06
Q6P1N9	Q6P1N9				8.6261e+06
Q6P4E1;Q6P4E1-5	Q6P4E1;Q6P4E1-2;Q6P4E1-5				1.52112e+07
Q6P9A2	Q6P9A2				9.0294e+06
Q6PCB0	Q6PCB0				2.53938e+06
Q6PUV4	Q6PUV4				806748
Q6RVD6	Q6RVD6				2.32196e+06
Q6UVK1	Q6UVK1				8.98743e+06
Q6UVY6;Q6UVY6-2	Q6UVY6;Q6UVY6-2				3.05514e+06
Q6UW01	Q6UW01				6.0959e+07
Q6UWH4;Q6UWH4-2	Q6UWH4;Q6UWH4-2;Q6UWH4-3				3.66583e+06
Q6UWP8	Q6UWP8;Q6UWP8-2				271365
Q6UWR7	Q6UWR7				8.74151e+06
Q6UWY5	Q6UWY5				3.90003e+06
Q6UX15;Q6UX15-2	Q6UX15;Q6UX15-2				6.19778e+06
Q6UX71	Q6UX71;Q6UX71-2				7.09055e+07
Q6UX72	Q6UX72				5.61829e+06
Q6UX73;Q6UX73-2	Q6UX73;Q6UX73-2				5.5183e+07
Q6UXB8	Q6UXB8;Q6UXB8-2				5.41762e+07
Q6UXD5-3;Q6UXD5-5	Q6UXD5;Q6UXD5-2;Q6UXD5-3;Q6UXD5-4;Q6UXD5-5;Q6UXD5-6				1.75911e+08
Q6UXF1;Q6UXF1-2	Q6UXF1;Q6UXF1-2				630774
Q6UXH9;Q6UXH9-2	Q6UXH9;Q6UXH9-2				3.40504e+06
Q6UXI9;Q6UXI9-3;Q6UXI9-4;Q6UXI9-5;Q6UXI9-6	Q6UXI9;Q6UXI9-2;Q6UXI9-3;Q6UXI9-4;Q6UXI9-5;Q6UXI9-6				2.29359e+06
Q6UXK2	Q6UXK2				2.94449e+06
Q6UXK5	Q6UXK5				5.46591e+06
Q6UXZ4;Q6UXZ4-2	Q6UXZ4;Q6UXZ4-2				4.62722e+06
Q6UY14;Q6UY14-2;Q6UY14-3	Q6UY14;Q6UY14-3;Q6UY14-2				1.55596e+06
Q6YHK3	Q6YHK3;Q6YHK3-2;Q6YHK3-4				3.9723e+07
Q6ZMI3;Q6ZMI3-2	Q6ZMI3;Q6ZMI3-2				1.27732e+07
Q6ZMP0;Q6ZMP0-2	Q6ZMP0;Q6ZMP0-2				1.8389e+06
Q6ZN30;Q6ZN30-2	Q6ZN30;Q6ZN30-2				1.76076e+06
Q6ZRP7	Q6ZRP7				8.21454e+06
Q6ZSJ9;Q6ZSJ9-2;Q6ZSJ9-3	Q6ZSJ9;Q6ZSJ9-2;Q6ZSJ9-3				8.52058e+07
Q6ZVL6	Q6ZVL6;Q6ZVL6-2				1.28459e+07
Q76KP1	Q76KP1				3.28481e+06
Q76LX8;Q76LX8-2;Q76LX8-3;Q76LX8-4	Q76LX8;Q76LX8-2;Q76LX8-3;Q76LX8-4				353784
Q7KYR7;Q7KYR7-1;Q7KYR7-4;Q7KYR7-5;Q7KYR7-6;Q8WVV5;Q8WVV5-2;Q8WVV5-3	Q7KYR7;Q8WVV5;Q7KYR7-4;Q7KYR7-1;Q7KYR7-5;Q7KYR7-6;Q8WVV5-2;Q8WVV5-3				1.76462e+06
Q7L014	Q7L014				1.2199e+08
Q7L0X0	Q7L0X0				1.32456e+06
Q7L266	Q7L266;Q7L266-2				661099
Q7LFX5	Q7LFX5;Q7LFX5-2				1.26357e+07
Q7LGC8	Q7LGC8				1.17605e+06
Q7Z304	Q7Z304				1.09623e+06
Q7Z3B1	Q7Z3B1;Q7Z3B1-2				2.7741e+08
Q7Z3D4	Q7Z3D4				1.86948e+06
Q7Z408;Q7Z408-4	Q7Z408;Q7Z408-4				1.07332e+06
Q7Z4R8	Q7Z4R8				5.23689e+06
Q7Z553;Q7Z553-3	Q7Z553;Q7Z553-2;Q7Z553-3				7.9452e+06
Q7Z5A7;Q7Z5A7-2	Q7Z5A7;Q7Z5A7-2;Q7Z5A7-3				4.15879e+07
Q7Z5L0	Q7Z5L0				4.7052e+06
Q7Z5L3	Q7Z5L3				5.04151e+06
Q7Z5L7;Q7Z5L7-2;Q7Z5L7-3	Q7Z5L7;Q7Z5L7-2;Q7Z5L7-3				5.78295e+06
Q7Z5N4;Q7Z5N4-3	Q7Z5N4;Q7Z5N4-3				521686
Q7Z7H5;Q7Z7H5-3	Q7Z7H5;Q7Z7H5-2;Q7Z7H5-3				6.73819e+06
Q7Z7M0	Q7Z7M0;Q7Z7M0-2				1.02075e+08
Q7Z7M8	Q7Z7M8				554310
Q7Z7M9	Q7Z7M9				1.55514e+06
Q86SF2	Q86SF2				1.19307e+07
Q86SJ2	Q86SJ2				1.11734e+06
Q86SR1	Q86SR1;Q86SR1-2;Q86SR1-3				1.10576e+07
Q86TY3;Q86TY3-2	Q86TY3;Q86TY3-2				3.36946e+07
Q86UD1	Q86UD1				1.81941e+07
Q86UE6	Q86UE6				253065
Q86UN2	Q86UN2				1.25245e+07
Q86UN3	Q86UN3				4.95333e+07
Q86UP0;Q86UP0-2	Q86UP0;Q86UP0-2				6.20155e+06
Q86UW8	Q86UW8				5.62794e+06
Q86UX2	Q86UX2;Q86UX2-2;Q86UX2-3				4.15647e+07
Q86V85	Q86V85				908474
Q86VB7;Q86VB7-2;Q86VB7-3;Q86VB7-4	Q86VB7;Q86VB7-2;Q86VB7-3;Q86VB7-4				2.49802e+07
Q86VV8;Q86VV8-3	Q86VV8;Q86VV8-3				3.50779e+06
Q86VZ4	Q86VZ4				8.32062e+06
Q86X29;Q86X29-2;Q86X29-3;Q86X29-4;Q86X29-5;Q86X29-6	Q86X29;Q86X29-2;Q86X29-3;Q86X29-4;Q86X29-5;Q86X29-6				8.83005e+06
Q86XR7-2;Q9Y3B3;Q9Y3B3-2	Q9Y3B3;Q86XR7-2;Q9Y3B3-2				3.03478e+06
Q86Y38	Q86Y38				1.17797e+07
Q86Y82	Q86Y82				3.69987e+06
Q86YD3;Q86YD3-2;Q86YD3-4;Q86YD3-5	Q86YD3;Q86YD3-2;Q86YD3-3;Q86YD3-4;Q86YD3-5				7.03696e+06
Q86YT9;Q86YT9-2;Q86YT9-3;Q86YT9-4	Q86YT9;Q86YT9-2;Q86YT9-3;Q86YT9-4				1.69273e+06
Q8IUC8	Q8IUC8;Q8IUC8-3;Q8IUC8-2				6.92861e+06
Q8IUK5;Q8IUK5-2;Q8IUK5-3	Q8IUK5;Q8IUK5-2;Q8IUK5-3;Q8IUK5-4				2.04625e+07
Q8IUK8	Q8IUK8				3.60659e+07
Q8IUX7	Q8IUX7;Q8IUX7-2				1.96061e+07
Q8IV08	Q8IV08				2.06108e+07
Q8IW52	Q8IW52				1.56519e+07
Q8IWT1	Q8IWT1;Q8IWT1-2				3.86588e+06
Q8IWU5;Q8IWU5-2	Q8IWU5;Q8IWU5-2				1.02145e+08
Q8IWV2	Q8IWV2				8.45125e+06
Q8IWY4	Q8IWY4				7.94706e+06
Q8IWZ6;Q8IWZ6-2	Q8IWZ6;Q8IWZ6-2				776596
Q8IXL6	Q8IXL6;Q8IXL6-2				9.03614e+06
Q8IYJ0;Q8IYJ0-2	Q8IYJ0;Q8IYJ0-2				1.36945e+08
Q8IYS5-2;Q8IYS5-3;Q8IYS5-6	Q8IYS5;Q8IYS5-2;Q8IYS5-3;Q8IYS5-4;Q8IYS5-5;Q8IYS5-6;Q8IYS5-7				9.52143e+06
Q8IZA0;Q8IZA0-2	Q8IZA0;Q8IZA0-2				1.34168e+07
Q8IZJ1;Q8IZJ1-2	Q8IZJ1;Q8IZJ1-2				2.64274e+06
Q8IZJ3;Q8IZJ3-2	Q8IZJ3;Q8IZJ3-2				1.07586e+06
Q8IZP7	Q8IZP7				1.57691e+07
Q8IZS8	Q8IZS8;Q8IZS8-2;Q8IZS8-3				9.53728e+06
Q8IZU9;Q8IZU9-2	Q8IZU9;Q8IZU9-2				513658
Q8N111	Q8N111				2.05585e+06
Q8N114;Q8N114-2	Q8N114;Q8N114-2				5.35897e+07
Q8N126;Q8N126-2	Q8N126;Q8N126-2				1.10672e+08
Q8N149;Q8N149-2;Q8N149-3;Q8N149-4	Q8N149;Q8N149-2;Q8N149-3;Q8N149-4				3.81666e+06
Q8N2Q7;Q8N2Q7-2	Q8N2Q7;Q8N2Q7-2				4.557e+06
Q8N2S1;Q8N2S1-2;Q8N2S1-3	Q8N2S1;Q8N2S1-2;Q8N2S1-3				2.45683e+07
Q8N3G9;Q8N3G9-2;Q8N3G9-3	Q8N3G9;Q8N3G9-2;Q8N3G9-3				1.7422e+06
Q8N3J2	Q8N3J2				9.07255e+07
Q8N3J6;Q8N3J6-2;Q8N3J6-3;Q8N3J6-4;Q8N3J6-5	Q8N3J6;Q8N3J6-2;Q8N3J6-3;Q8N3J6-4;Q8N3J6-5				2.3448e+07
Q8N3T1	Q8N3T1				1.83044e+06
Q8N3T6	Q8N3T6				1.11009e+07
Q8N428	Q8N428;Q8N428-2				4.28734e+06
Q8N436	Q8N436				3.59231e+06
Q8N474	Q8N474				3.68396e+06
Q8N475;Q8N475-2	Q8N475;Q8N475-2;Q8N475-3				5.58893e+06
Q8N608;Q8N608-2;Q8N608-3;Q8N608-4	Q8N608;Q8N608-2;Q8N608-3;Q8N608-4				2.45495e+06
Q8N6C5;Q8N6C5-2;Q8N6C5-4	Q8N6C5;Q8N6C5-2;Q8N6C5-4				4.56168e+06
Q8N8Z6;Q8N8Z6-2	Q8N8Z6;Q8N8Z6-2				5.7706e+06
Q8N967	Q8N967				3.985e+06
Q8NBI6	Q8NBI6				9.45746e+06
Q8NBJ4;Q8NBJ4-2	Q8NBJ4;Q8NBJ4-2				4.54809e+07
Q8NBJ7;Q8NBJ7-2;Q8NBJ7-5	Q8NBJ7;Q8NBJ7-2;Q8NBJ7-5				2.00844e+06
Q8NBP7	Q8NBP7				4.36359e+06
Q8NBS9;Q8NBS9-2	Q8NBS9;Q8NBS9-2				1.94894e+06
Q8NC42	Q8NC42				1.61804e+06
Q8NCC3	Q8NCC3;Q8NCC3-2				4.57174e+06
Q8NCH0	Q8NCH0				1.23947e+06
Q8NCL4	Q8NCL4				1.20554e+07
Q8NCW5;Q8NCW5-2	Q8NCW5;Q8NCW5-2				8.9245e+06
Q8NEP3;Q8NEP3-2;Q8NEP3-3	Q8NEP3;Q8NEP3-2;Q8NEP3-3				1.03491e+09
Q8NES3;Q8NES3-3	Q8NES3;Q8NES3-3				2.61187e+07
Q8NEY1;Q8NEY1-2;Q8NEY1-3;Q8NEY1-4;Q8NEY1-6;Q8NEY1-7	Q8NEY1;Q8NEY1-2;Q8NEY1-3;Q8NEY1-4;Q8NEY1-6;Q8NEY1-7				2.95782e+07
Q8NFL0	Q8NFL0				806375
Q8NFP4;Q8NFP4-2	Q8NFP4;Q8NFP4-2				1.14257e+06
Q8NFT8	Q8NFT8				1.26013e+06
Q8NFY4;Q8NFY4-6	Q8NFY4;Q8NFY4-6				1.10705e+07
Q8NFZ4	Q8NFZ4				1.47794e+07
Q8NFZ8	Q8NFZ8				9.38933e+07
Q8NHL6;Q8NHL6-2;Q8NHL6-3;Q8NHL6-4;Q8NHL6-5	Q8NHL6;Q8NHL6-5;Q8NHL6-2;Q8NHL6-3;Q8NHL6-4				2.06473e+06
Q8NHP8	Q8NHP8;Q8NHP8-2				8.33994e+06
Q8NHQ9	Q8NHQ9				5.74018e+08
Q8TAB3;Q8TAB3-2;Q8TAB3-3	Q8TAB3;Q8TAB3-2;Q8TAB3-3				3.47905e+06
Q8TAG5;Q8TAG5-2	Q8TAG5;Q8TAG5-2				1.3695e+08
Q8TBP5	Q8TBP5				3.52939e+07
Q8TCZ2	Q8TCZ2;Q8TCZ2-2;Q8TCZ2-3;Q8TCZ2-5;Q8TCZ2-6				1.02064e+08
Q8TDF5;Q8TDF5-1;Q8TDF5-2	Q8TDF5;Q8TDF5-1;Q8TDF5-2				1.83105e+06
Q8TDQ0;Q8TDQ0-2	Q8TDQ0;Q8TDQ0-2				3.24977e+06
Q8TEA8	Q8TEA8				4.55245e+06
Q8TER0;Q8TER0-5	Q8TER0;Q8TER0-3;Q8TER0-4;Q8TER0-5				3.15164e+07
Q8TEU8	Q8TEU8				7.3697e+07
Q8WUA8	Q8WUA8				1.63672e+06
Q8WUJ3	Q8WUJ3;Q8WUJ3-2				7.48757e+06
Q8WVN6	Q8WVN6				5.96488e+06
Q8WVQ1;Q8WVQ1-3	Q8WVQ1;Q8WVQ1-2;Q8WVQ1-3				1.23495e+07
Q8WWX9	Q8WWX9				9.22525e+06
Q8WX77	Q8WX77				3.00102e+06
Q8WXD2	Q8WXD2				3.36131e+08
Q8WXD2-2	Q8WXD2-2				8.20756e+06
Q8WY21;Q8WY21-2;Q8WY21-3;Q8WY21-4	Q8WY21;Q8WY21-2;Q8WY21-3;Q8WY21-4				1.58384e+07
Q8WYK1	Q8WYK1				6.79099e+06
Q8WZ75;Q8WZ75-2	Q8WZ75;Q8WZ75-2;Q8WZ75-3				8.55999e+06
Q8WZA1	Q8WZA1;Q8WZA1-2				6.98924e+07
Q92484;Q92484-2	Q92484;Q92484-2				8.87003e+06
Q92485	Q92485				2.00099e+07
Q92520	Q92520				2.90276e+08
Q92542;Q92542-2	Q92542;Q92542-2				5.25237e+06
Q92563	Q92563				2.98585e+07
Q92598;Q92598-2;Q92598-3;Q92598-4	Q92598;Q92598-2;Q92598-3;Q92598-4				275786
Q92626	Q92626;Q92626-2				661951
Q92673	Q92673				9.69496e+06
Q92692;Q92692-2	Q92692;Q92692-2				2.46818e+06
Q92729;Q92729-2;Q92729-3;Q92729-4	Q92729;Q92729-2;Q92729-3;Q92729-4				2.01189e+06
Q92743	Q92743				1.30584e+07
Q92752	Q92752;Q92752-2				1.18608e+07
Q92765	Q92765				2.08206e+07
Q92820	Q92820				2.71333e+07
Q92823;Q92823-2;Q92823-5	Q92823;Q92823-2;Q92823-3;Q92823-4;Q92823-5;Q92823-6				6.20993e+08
Q92832;Q92832-2	Q92832;Q92832-2				3.3716e+06
Q92854	Q92854;Q92854-2				5.78604e+06
Q92859;Q92859-2;Q92859-3	Q92859;Q92859-2;Q92859-3;Q92859-4				5.93673e+07
Q92876	Q92876;Q92876-2				4.14256e+08
Q92896;Q92896-2;Q92896-3	Q92896;Q92896-2;Q92896-3				2.8072e+06
Q92911	Q92911				4.39541e+06
Q92932-2	Q92932;Q92932-2;Q92932-3;Q92932-4				4.19031e+07
Q92935	Q92935				598718
Q92945;Q96AE4;Q96AE4-2	Q92945;Q96AE4;Q96AE4-2				7.6941e+06
Q92954;Q92954-2;Q92954-3;Q92954-4;Q92954-5;Q92954-6	Q92954;Q92954-2;Q92954-3;Q92954-4;Q92954-5;Q92954-6				6.60918e+06
Q93063;Q93063-3	Q93063;Q93063-2;Q93063-3				2.35875e+06
Q93091	Q93091				1.83118e+07
Q969H8	Q969H8				5.64074e+06
Q969P0;Q969P0-3	Q969P0;Q969P0-3				5.56876e+07
Q969T9	Q969T9;Q969T9-2				1.93374e+07
Q969Z4	Q969Z4				3.70267e+06
Q96AP7	Q96AP7				1.51603e+07
Q96AQ1;Q96AQ1-2;Q96LY2;Q96LY2-2	Q96LY2;Q96LY2-2;Q96AQ1;Q96AQ1-2				4.96275e+06
Q96AQ6;Q96AQ6-2	Q96AQ6;Q96AQ6-2;Q96AQ6-3				2.32496e+06
Q96B86;Q96B86-3;Q96B86-4	Q96B86;Q96B86-3;Q96B86-4				2.94303e+07
Q96BY9	Q96BY9				2.45971e+06
Q96BZ4	Q96BZ4				2.11909e+07
Q96CW9;Q96CW9-2	Q96CW9;Q96CW9-2				1.07136e+06
Q96CX2	Q96CX2				1.39724e+06
Q96DD7	Q96DD7				269409
Q96EG1	Q96EG1				1.50411e+06
Q96EU7	Q96EU7				1.5848e+06
Q96FE5;Q96FE5-2	Q96FE5;Q7L985;Q96FE5-2				1.67677e+07
Q96FE7-4	Q96FE7;Q96FE7-2;Q96FE7-4;Q96FE7-5				6.91133e+07
Q96FJ2	P63167;Q96FJ2				1.184e+07
Q96GD0	Q6ZT62;Q96GD0;Q6ZT62-2				502759
Q96GW7	Q96GW7;Q96GW7-2				5.38934e+08
Q96HD1;Q96HD1-2	Q96HD1;Q96HD1-2				5.02346e+06
Q96HU1;Q96HU1-2	Q96HU1;Q96HU1-2				1.39515e+06
Q96ID5	Q96ID5				2.83193e+07
Q96IU4	Q96IU4;Q96IU4-2				3.79299e+06
Q96IY4	Q96IY4;Q96IY4-2				9.08734e+07
Q96J42;Q96J42-2	Q96J42;Q96J42-2				2.97272e+06
Q96JA1;Q96JA1-2	Q96JA1;Q96JA1-2				1.05955e+06
Q96JF0	Q96JF0;Q96JF0-2				2.96203e+07
Q96JP9	Q96JP9				1.1725e+06
Q96JQ0	Q96JQ0				3.19468e+06
Q96KN2	Q96KN2				8.51118e+08
Q96KR4;Q96KR4-3	Q96KR4;Q96KR4-3				4.16069e+06
Q96MK3	Q96MK3				812584
Q96MU8;Q96MU8-2;Q96MU8-3	Q96MU8;Q96MU8-2;Q96MU8-3				1.07278e+06
Q96NU0;Q96NU0-2;Q9BZ76;Q9BZ76-2	Q96NU0;Q9BZ76;Q9BZ76-2;Q96NU0-2				802666
Q96NZ9	Q96NZ9;Q96NZ9-2;Q96NZ9-4				1.68836e+07
Q96P44;Q96P44-3	Q96P44;Q96P44-3				1.73821e+06
Q96PD2;Q96PD2-2	Q96PD2;Q96PD2-2				1.94783e+06
Q96PD5	Q96PD5;Q96PD5-2				6.14907e+07
Q96PQ0	Q96PQ0				1.30648e+07
Q96PX8	Q96PX8				2.21112e+07
Q96RW7;Q96RW7-2	Q96RW7;Q96RW7-2				810702
Q96S96	Q96S96				6.14309e+07
Q96SM3	Q96SM3				1.86843e+06
Q96TC7;Q96TC7-2	Q96TC7;Q96TC7-2				2.51546e+06
Q99435;Q99435-2;Q99435-3;Q99435-4	Q99435;Q99435-2;Q99435-3;Q99435-4				3.6252e+08
Q99497	Q99497				2.2544e+07
Q99519	Q99519				8.49283e+06
Q99523	Q99523;Q99523-2				1.71738e+07
Q99538	Q99538				1.06759e+06
Q99574	Q99574				4.75988e+07
Q99584	Q99584				850755
Q99650;Q99650-2	Q99650;Q99650-2				1.41276e+06
Q99674	Q99674;Q99674-3				3.65627e+07
Q99715;Q99715-4	Q99715;Q99715-2;Q99715-4				3.16066e+06
Q99784	Q99784;Q99784-3;Q99784-5				1.14689e+07
Q99941;Q99941-2	Q99941;Q99941-2				1.40816e+06
Q99946	Q99946				1.65138e+07
Q99969	Q99969				4.70344e+07
Q99972	Q99972				3.39861e+06
Q99983	Q99983				5.57338e+07
Q99985	Q99985				2.90792e+06
Q9BQ16	Q9BQ16;Q9BQ16-1;Q9BQ16-4;Q9BQ16-5;Q9BQ16-6;Q9BQ16-7;Q9BQ16-8				1.49791e+07
Q9BQS7;Q9BQS7-2;Q9BQS7-3	Q9BQS7;Q9BQS7-2;Q9BQS7-3;Q9BQS7-4				1.05553e+06
Q9BQT9;Q9BQT9-2	Q9BQT9;Q9BQT9-2				3.40135e+08
Q9BRA2	Q9BRA2				7.2267e+06
Q9BRF8;Q9BRF8-2;Q9BRF8-3	Q9BRF8;Q9BRF8-2;Q9BRF8-3				4.36329e+07
Q9BRK3;Q9BRK3-2;Q9BRK3-3	Q9BRK3;Q9BRK3-2;Q9BRK3-3				5.3363e+06
Q9BRK5	Q9BRK5;Q9BRK5-2;Q9BRK5-5				2.88959e+07
Q9BS26	Q9BS26				3.40969e+06
Q9BSG5;Q9BSG5-2;Q9BSG5-3	Q9BSG5;Q9BSG5-2;Q9BSG5-3				5.05527e+06
Q9BTY2	Q9BTY2				1.67408e+07
Q9BU40-4;Q9BU40-5	Q9BU40;Q9BU40-3;Q9BU40-4;Q9BU40-5				2.78437e+08
Q9BUD6	Q9BUD6				1.01427e+07
Q9BUJ0	Q9BUJ0				1.1606e+07
Q9BUN1	Q9BUN1				1.44639e+07
Q9BVH7	Q9BVH7				1.19835e+06
Q9BWP8;Q9BWP8-10;Q9BWP8-2;Q9BWP8-3;Q9BWP8-4;Q9BWP8-5;Q9BWP8-6;Q9BWP8-7;Q9BWP8-8;Q9BWP8-9	Q9BWP8;Q9BWP8-10;Q9BWP8-2;Q9BWP8-3;Q9BWP8-4;Q9BWP8-5;Q9BWP8-6;Q9BWP8-7;Q9BWP8-8;Q9BWP8-9				1.53087e+06
Q9BWQ8	Q9BWQ8				1.60553e+07
Q9BWS9;Q9BWS9-2;Q9BWS9-3	Q9BWS9;Q9BWS9-2;Q9BWS9-3				3.84346e+06
Q9BWV1;Q9BWV1-3	Q9BWV1;Q9BWV1-3				146804
Q9BXJ0	Q9BXJ0				8.35451e+06
Q9BXJ1;Q9BXJ1-2	Q9BXJ1;Q9BXJ1-2				8.95236e+06
Q9BXJ3	Q9BXJ3				9.49866e+06
Q9BXJ4;Q9BXJ4-2;Q9BXJ4-3	Q9BXJ4;Q9BXJ4-2;Q9BXJ4-3				9.08532e+06
Q9BXP8	Q9BXP8				5.55416e+06
Q9BXX0	Q9BXX0				1.594e+06
Q9BY67;Q9BY67-2;Q9BY67-3;Q9BY67-4;Q9BY67-5	Q9BY67;Q9BY67-2;Q9BY67-3;Q9BY67-4;Q9BY67-5				8.67562e+07
Q9BY76;Q9BY76-2	Q9BY76;Q9BY76-2;Q9BY76-3				2.43143e+06
Q9BYH1;Q9BYH1-5;Q9BYH1-6;Q9BYH1-7	Q9BYH1;Q9BYH1-2;Q9BYH1-3;Q9BYH1-4;Q9BYH1-5;Q9BYH1-6;Q9BYH1-7				7.82435e+07
Q9BYJ0	Q9BYJ0				655264
Q9BZC7;Q9BZC7-2;Q9BZC7-3;Q9BZC7-4	Q9BZC7;Q9BZC7-2;Q9BZC7-3;Q9BZC7-4				5.68878e+06
Q9BZR6	Q9BZR6				3.76171e+07
Q9C0A0	Q9C0A0;Q96NU0;Q9BZ76;Q9BZ76-2;Q96NU0-2;Q9C0A0-2				4.32911e+07
Q9GZM5	Q9GZM5				6.434e+07
Q9GZP0;Q9GZP0-2	Q9GZP0;Q9GZP0-2				1.06355e+06
Q9GZP4;Q9GZP4-2	Q9GZP4;Q9GZP4-2				6.8454e+06
Q9GZT8;Q9GZT8-2	Q9GZT8;Q9GZT8-2;Q9GZT8-3				1.16628e+06
Q9GZV7	Q9GZV7				1.93233e+06
Q9GZX3	Q9GZX3				1.24466e+06
Q9GZX9	Q9GZX9				1.66445e+07
Q9H008;Q9H008-2	Q9H008;Q9H008-2				1.87783e+06
Q9H0Q3;Q9H0Q3-2	Q9H0Q3;Q9H0Q3-2				7.95631e+06
Q9H0R4;Q9H0R4-2	Q9H0R4;Q9H0R4-2				3.0638e+06
Q9H156;Q9H156-2	Q9H156;Q9H156-2				1.62148e+06
Q9H173	Q9H173				3.2744e+06
Q9H1U4	Q9H1U4				1.41835e+07
Q9H1Z8	Q9H1Z8				6.62653e+07
Q9H251;Q9H251-2;Q9H251-3;Q9H251-4;Q9H251-8	Q9H251;Q9H251-2;Q9H251-3;Q9H251-4;Q9H251-8				1.27113e+06
Q9H299	Q9H299				5.78752e+06
Q9H2A7	Q9H2A7				1.82392e+07
Q9H2B2;Q9H2B2-2	Q9H2B2;Q9H2B2-2				1.22644e+07
Q9H2E6;Q9H2E6-2	Q9H2E6;Q9H2E6-2				1.2724e+07
Q9H2X0;Q9H2X0-5	Q9H2X0;Q9H2X0-5				4.74809e+06
Q9H3G5	Q9H3G5				1.54709e+07
Q9H3S1;Q9H3S1-2	Q9H3S1;Q9H3S1-2				1.07012e+06
Q9H3S3	Q9H3S3				1.31153e+06
Q9H3T2;Q9H3T2-2;Q9H3T2-3	Q9H3T2;Q9H3T2-2;Q9H3T2-3				1.33191e+06
Q9H3T3;Q9H3T3-3	Q9H3T3;Q9H3T3-3				5.67184e+06
Q9H492;Q9H492-2	Q9GZQ8;Q9H492;A6NCE7;Q9H492-2				4.03207e+06
Q9H4A4	Q9H4A4				95000.4
Q9H4D0	Q9H4D0				1.62379e+07
Q9H4F8;Q9H4F8-2	Q9H4F8;Q9H4F8-2				3.977e+06
Q9H5K3	Q9H5K3				261396
Q9H6B4	Q9H6B4				3.41378e+06
Q9H6X2;Q9H6X2-2;Q9H6X2-3;Q9H6X2-4;Q9H6X2-5;Q9H6X2-6	Q9H6X2;Q9H6X2-2;Q9H6X2-3;Q9H6X2-4;Q9H6X2-5;Q9H6X2-6				9.29539e+06
Q9H741	Q9H741				3.19386e+06
Q9H7Y0	Q9H7Y0;Q9H7Y0-2				3.48947e+06
Q9H8J5	Q9H8J5				6.46741e+06
Q9H8L6	Q9H8L6				1.69574e+07
Q9H9S5	Q9H9S5				1.36712e+06
Q9HAR2;Q9HAR2-2;Q9HAR2-3;Q9HAR2-4	Q9HAR2;Q9HAR2-2;Q9HAR2-3;Q9HAR2-4				1.35907e+07
Q9HAT2	Q9HAT2;Q9HAT2-2				3.24015e+07
Q9HBL6	Q9HBL6				704101
Q9HBR0	Q9HBR0				6.66621e+06
Q9HBT6	Q9HBT6				3.4705e+06
Q9HBW1	Q9HBW1				4.93073e+06
Q9HC38-2	Q9HC38;Q9HC38-2;Q9HC38-3				2.04693e+06
Q9HC56;Q9HC56-2	Q9HC56;Q9HC56-2				1.73142e+07
Q9HC57	Q9HC57				1.47905e+07
Q9HCB6	Q9HCB6				1.0863e+07
Q9HCK4;Q9HCK4-2;Q9HCK4-3	Q9HCK4;Q9HCK4-2;Q9HCK4-3				4.46643e+06
Q9HCL0;Q9HCL0-2	Q9HCL0;Q9HCL0-2				1.24154e+06
Q9HCU0	Q9HCU0				9.85817e+06
Q9HCU4	Q9HCU4				5.97314e+07
Q9HDB5;Q9HDB5-2;Q9HDB5-4	Q9HDB5;Q9Y4C0;Q9HDB5-2;Q9HDB5-4;Q9Y4C0-3				3.36865e+07
Q9HDC9;Q9HDC9-2	Q9HDC9;Q9HDC9-2				1.97549e+06
Q9NP80;Q9NP80-2;Q9NP80-3	Q9NP80;Q9NP80-2;Q9NP80-3				1.23885e+07
Q9NPC4	Q9NPC4				3.42421e+06
Q9NPD7	Q9NPD7				6.64659e+06
Q9NPG4	Q9NPG4				6.89936e+06
Q9NPH3;Q9NPH3-2;Q9NPH3-5	Q9NPH3;Q9NPH3-2;Q9NPH3-3;Q9NPH3-5				5.03798e+06
Q9NPR2;Q9NPR2-2	Q9NPR2;Q9NPR2-2				3.99999e+07
Q9NQ36;Q9NQ36-2;Q9NQ36-3	Q9NQ36;Q9NQ36-2;Q9NQ36-3				2.42909e+06
Q9NQ79;Q9NQ79-2;Q9NQ79-3	Q9NQ79;Q9NQ79-2;Q9NQ79-3				2.46044e+08
Q9NQS3;Q9NQS3-2;Q9NQS3-3	Q9NQS3;Q9NQS3-2;Q9NQS3-3				5.64341e+06
Q9NQX5	Q9NQX5				3.93853e+06
Q9NQX7	Q9NQX7;Q9NQX7-2				1.79801e+06
Q9NR34	Q9NR34				1.3332e+07
Q9NRB3	Q9NRB3				1.5478e+06
Q9NRN5	Q9NRN5;Q9NRN5-2				2.11665e+07
Q9NRR1	Q9NRR1				1.43688e+07
Q9NS00;Q9NS00-2	Q9NS00;Q9NS00-2				1.55825e+06
Q9NS84	Q9NS84				466456
Q9NS85	Q9NS85;Q9NS85-2				5.85357e+06
Q9NS98	Q9NS98				2.04993e+07
Q9NSC7	Q9NSC7				3.15248e+06
Q9NT22;Q9NT22-2	Q9NT22;Q9NT22-2				4.15768e+06
Q9NT99	Q9NT99				2.42793e+07
Q9NTU7	Q9NTU7				1.56237e+07
Q9NUQ9	Q9NUQ9				2.35438e+06
Q9NX62	Q9NX62				7.82231e+07
Q9NY15	Q9NY15				1.30181e+06
Q9NY33;Q9NY33-4	Q9NY33;Q9NY33-4				2.73816e+06
Q9NY47;Q9NY47-2;Q9NY47-3;Q9NY47-4;Q9NY47-5	Q9NY47;Q9NY47-2;Q9NY47-3;Q9NY47-4;Q9NY47-5				1.40793e+07
Q9NY72	Q9NY72				1.25091e+07
Q9NY97;Q9NY97-2	Q9NY97;Q9NY97-2				3.05037e+07
Q9NYQ8	Q9NYQ8				4.78129e+07
Q9NYX4	Q9NYX4				2.45697e+07
Q9NZ08;Q9NZ08-2	Q9NZ08;Q9NZ08-2				3.7202e+06
Q9NZ53	Q9NZ53				6.88173e+06
Q9NZ72;Q9NZ72-2	Q9NZ72;Q9NZ72-2				2.54128e+06
Q9NZ94;Q9NZ94-2;Q9NZ94-3	Q9NZ94;Q9NZ94-2;Q9NZ94-3				7.79556e+06
Q9NZC2;Q9NZC2-2;Q9NZC2-3	Q9NZC2;Q9NZC2-2;Q9NZC2-3				7.96499e+06
Q9NZD2	Q9NZD2				710531
Q9NZK5	Q9NZK5				1.22313e+07
Q9NZN1	Q9NZN1				3.49342e+06
Q9NZN4;Q9NZN4-2	Q9NZN4;Q9NZN4-2				548567
Q9NZP8	Q9NZP8				3.20852e+07
Q9NZR2	Q9NZR2				4.84902e+06
Q9NZU1	Q9NZU1				3.76916e+06
Q9P0K1;Q9P0K1-2;Q9P0K1-3;Q9P0K1-4;Q9P0K1-5	Q9P0K1;Q9P0K1-2;Q9P0K1-3;Q9P0K1-4;Q9P0K1-5				9.27384e+07
Q9P0K9	Q9P0K9				2.30858e+07
Q9P0L0;Q9P0L0-2	Q9P0L0;Q9P0L0-2				9.59223e+06
Q9P0S2	Q9P0S2				1.0755e+06
Q9P121-4	Q9P121;Q9P121-3;Q9P121-2;Q9P121-4				1.54016e+08
Q9P232	Q9P232				8.44921e+06
Q9P2E7;Q9P2E7-2	Q9P2E7;Q9P2E7-2				5.5463e+06
Q9P2S2	P58401;Q9P2S2				7.03635e+07
Q9UBG0	Q9UBG0				4.86625e+06
Q9UBP4	Q9UBP4				1.01301e+09
Q9UBQ6	Q9UBQ6				4.83748e+07
Q9UBR2	Q9UBR2				3.70138e+07
Q9UBX1	Q9UBX1				2.00315e+07
Q9UBX5	Q9UBX5				3.27363e+07
Q9UBX7;Q9UBX7-1;Q9UBX7-3;Q9UBX7-4	Q9UBX7;Q9UBX7-1;Q9UBX7-3;Q9UBX7-4				4.01315e+06
Q9UD71;Q9UD71-2	Q9UD71;Q9UD71-2				391800
Q9UEW3;Q9UEW3-2	Q9UEW3;Q9UEW3-2				1.23624e+06
Q9UF11;Q9UF11-2;Q9UF11-3;Q9UF11-4	Q9UF11;Q9UF11-2;Q9UF11-3;Q9UF11-4				1.14253e+07
Q9UFP1	Q9UFP1				5.11792e+06
Q9UGM5;Q9UGM5-2	Q9UGM5;Q9UGM5-2				9.5878e+06
Q9UGT4	Q9UGT4				481461
Q9UGV2;Q9UGV2-2;Q9UGV2-3	Q9UGV2;Q9UGV2-2;Q9UGV2-3				1.00167e+06
Q9UHC6	Q9UHC6				5.22566e+07
Q9UHD9	Q9UHD9				287293
Q9UHF0;Q9UHF0-2;Q9UHF0-3	Q9UHF0;Q9UHF0-2;Q9UHF0-3				8.41185e+06
Q9UHG2	Q9NPY3;Q9UHG2				5.45926e+08
Q9UHG3;Q9UHG3-2	Q9UHG3;Q9UHG3-2				5.76257e+06
Q9UHI8	Q9UHI8				1.68863e+06
Q9UHL4	Q9UHL4				1.70756e+07
Q9UI15	Q9UI15				1.24823e+06
Q9UIB8;Q9UIB8-2;Q9UIB8-3;Q9UIB8-4;Q9UIB8-5;Q9UIB8-6	Q9UIB8;Q9UIB8-2;Q9UIB8-3;Q9UIB8-4;Q9UIB8-5;Q9UIB8-6				2.7792e+06
Q9UIW2	P51805;Q9UIW2				6.49758e+06
Q9UJ14	Q9UJ14				3.5662e+06
Q9UJ99	Q9UJ99				1.09837e+07
Q9UJA9	Q9UJA9				8.17275e+06
Q9UJH8	Q9UJH8				3.6178e+06
Q9UJJ9	Q9UJJ9				1.73802e+07
Q9UJQ1;Q9UJQ1-2	Q9UJQ1;Q9UJQ1-2				1.47916e+07
Q9UK28	Q9UK28				1.60946e+06
Q9UK55	Q9UK55				3.63368e+06
Q9UKB5	Q9UKB5				2.41365e+06
Q9UKJ1-3	Q9UKJ1;Q9UKJ1-2;Q9UKJ1-3;Q9UKJ1-4				2.78483e+06
Q9UKM7	Q9UKM7				7.73306e+06
Q9UKQ2;Q9UKQ2-2	Q9UKQ2;Q9UKQ2-2				1.42996e+06
Q9UKU6	Q9UKU6				1.23909e+06
Q9UKU9	Q9UKU9;Q9UKU9-2				3.52422e+06
Q9UKZ4;Q9UKZ4-2	Q9UKZ4;Q9UKZ4-2				1.17933e+06
Q9ULB1-2;Q9ULB1-3	P58400;Q9ULB1-2;Q9ULB1-3				6.86739e+07
Q9ULB4	Q9ULB4				4.02312e+06
Q9ULB5	Q9ULB5				3.0792e+06
Q9ULF5	Q9ULF5				3.33484e+07
Q9ULH4	Q9ULH4				4.88487e+06
Q9ULI3;Q9ULI3-2	Q9ULI3;Q9ULI3-2				1.12746e+07
Q9ULI4	Q9ULI4				1.58054e+06
Q9ULL4;Q9ULL4-2	Q9ULL4;Q9ULL4-2				3.60336e+06
Q9ULP0-3;Q9ULP0-6	Q9ULP0-3;Q9ULP0-6				3.82613e+06
Q9ULX7	Q9ULX7				2.82446e+06
Q9ULZ9;Q9ULZ9-2	Q9ULZ9;Q9ULZ9-2				2.94206e+06
Q9UM21;Q9UM21-2	Q9UM21;Q9UM21-2				186725
Q9UM22	Q9UM22;Q9UM22-2				1.66499e+07
Q9UM47	Q9UM47				2.03174e+06
Q9UMF0	Q9UMF0				5.58826e+07
Q9UMX0;Q9UMX0-2;Q9UMX0-4	Q9UMX0;Q9UMX0-2;Q9UMX0-4				390525
Q9UMX5	Q9UMX5				1.12959e+07
Q9UN36-2;Q9UN36-6	Q9UN36;Q9UN36-2;Q9UN36-3;Q9UN36-5;Q9UN36-6				1.08357e+07
Q9UN67;Q9Y5E1	Q9UN67;Q9Y5E1				593347
Q9UN70;Q9UN70-2	Q9UN70;Q9UN70-2				4.4894e+06
Q9UNN8	Q9UNN8				9.8562e+06
Q9UNW1	Q9UNW1;Q9UNW1-4				1.10826e+07
Q9UP79	Q9UP79				3.20817e+06
Q9UPU3	Q9UPU3				2.08097e+07
Q9UQ52	Q9UQ52				8.20592e+06
Q9UQM7;Q9UQM7-2	Q9UQM7;Q9UQM7-2				2.40639e+07
Q9Y240	Q9Y240				1.68423e+07
Q9Y274	Q9Y274;Q9Y274-2				7.4884e+06
Q9Y279;Q9Y279-2	Q9Y279;Q9Y279-2				9.06308e+06
Q9Y287	Q9Y287;Q9Y287-2				1.4638e+07
Q9Y2E5	Q9Y2E5;Q9Y2E5-2				5.08192e+06
Q9Y2G1;Q9Y2G1-2	Q9Y2G1;Q9Y2G1-2				1.18332e+06
Q9Y2I2;Q9Y2I2-1;Q9Y2I2-2;Q9Y2I2-4;Q9Y2I2-5;Q9Y2I2-6	Q9Y2I2;Q9Y2I2-1;Q9Y2I2-2;Q9Y2I2-4;Q9Y2I2-5;Q9Y2I2-6				1.79481e+07
Q9Y2T3;Q9Y2T3-3	Q9Y2T3;Q9Y2T3-2;Q9Y2T3-3				3.46195e+07
Q9Y334;Q9Y334-2	Q9Y334;Q9Y334-2				399088
Q9Y3D6	Q9Y3D6				319191
Q9Y4C0-4	Q9HDB5-3;Q9HDB5-4;Q9Y4C0-4				8.10326e+07
Q9Y4L1	Q9Y4L1				2.00626e+07
Q9Y5F6-2	Q9Y5F6;Q9Y5F6-2				2.57212e+07
Q9Y5I4;Q9Y5I4-2	Q9Y5I4;Q9Y5I4-2				1.30177e+07
Q9Y5L2	Q9Y5L2				1.10822e+07
Q9Y5Y7	Q9Y5Y7				8.07208e+07
Q9Y617	Q9Y617;Q9Y617-2				6.36786e+06
Q9Y625	Q9Y625				2.55215e+06
Q9Y639;Q9Y639-1;Q9Y639-3;Q9Y639-4;Q9Y639-5	Q9Y639;Q9Y639-1;Q9Y639-3;Q9Y639-4;Q9Y639-5				1.03484e+07
Q9Y646	Q9Y646				9.62368e+07
Q9Y653;Q9Y653-2;Q9Y653-3	Q9Y653;Q9Y653-2;Q9Y653-3;Q9Y653-4;Q9Y653-5				4.60114e+07
Q9Y696	Q9Y696				3.38e+06
Q9Y6C2	Q9Y6C2;Q9Y6C2-2				1.71522e+06
Q9Y6N6	Q9Y6N6				2.91629e+06
Q9Y6N7;Q9Y6N7-2;Q9Y6N7-4	Q9Y6N7;Q9Y6N7-2;Q9Y6N7-3;Q9Y6N7-4;Q9Y6N7-5;Q9Y6N7-6				3.312e+07
Q9Y6N8	Q9Y6N8				6.59079e+06
Q9Y6R7	Q9Y6R7				8.05757e+07
Q9Y6X5	Q9Y6X5				3.94992e+06
Q9Y6Y8;Q9Y6Y8-2	Q9Y6Y8;Q9Y6Y8-2				3.96129e+07
