Protein.Group	Protein.Ids	Protein.Names	Genes	First.Protein.Description	/fs/pool/pool-mann-projects/Johannes/Jakob_AD_CSF_data/Berlin_cohort_Sweden_mag_speclib_OBO/All_Raw/20190228_QX1_PhGe_SA_EASY12-10_Deigendesch_F5_129184099_repeat.mzML
A0A075B6H7;A0A0C4DH55;P01624	P01624;A0A075B6H7;A0A0C4DH55				3.76379e+08
A0A075B6I0	A0A075B6I0				3.5751e+07
A0A075B6I1	A0A075B6I1				1.64764e+06
A0A075B6I9	A0A075B6I9				1.49407e+08
A0A075B6J9	A0A075B6J9				3.86708e+06
A0A075B6K4	A0A075B6K0;A0A075B6K4				1.20753e+07
A0A075B6K5	A0A075B6K5				7.83023e+06
A0A075B6P5;P01615	P01615;A0A075B6P5				3.36901e+08
A0A075B6R2	A0A075B6R2				2.23256e+06
A0A075B6R9;A0A0C4DH68	A0A075B6R9;A0A0C4DH68				1.10039e+08
A0A075B6S2	A0A075B6S2;A2NJV5				3.21724e+08
A0A075B6S5	A0A075B6S5				1.74644e+06
A0A087WSX0	A0A087WSX0;A0A0G2JS06				3.68693e+06
A0A087WSY6	A0A087WSY6				1.41461e+08
A0A087WSZ0	A0A087WSZ0				1.68528e+06
A0A087WW87;P01614	P01614;A0A087WW87				157170
A0A0A0MRZ8;P04433	P04433;A0A0A0MRZ8				3.35053e+08
A0A0A0MS15	A0A0A0MS15				1.72902e+07
A0A0A0MT36;A0A0C4DH26	A0A0A0MT36;A0A0C4DH26				1.45134e+06
A0A0A0MT89	A0A0A0MT89				3.85944e+06
A0A0B4J1U7	A0A0B4J1U7				2.54581e+07
A0A0B4J1V0	A0A0B4J1V0				1.48951e+08
A0A0B4J1V2	A0A0B4J1V2				1.56509e+06
A0A0B4J1V6	A0A0B4J1V6				1.20589e+06
A0A0B4J1X5	P01764;P01768;P01772;P01767;A0A0B4J1X5;A0A0C4DH42;P0DP02;P0DP03				8.34211e+07
A0A0B4J1Y8	A0A0B4J1Y8				1.15179e+07
A0A0B4J1Y9	A0A0B4J1Y9				4.14034e+06
A0A0B4J2D9;P0DP09	A0A0B4J2D9;P0DP09				3.77741e+06
A0A0C4DH24	A0A0C4DH24				4.43517e+06
A0A0C4DH25	A0A0C4DH25				5.33959e+07
A0A0C4DH30	A0A0C4DH30				405123
A0A0C4DH33	A0A0C4DH33				698842
A0A0C4DH34	A0A0C4DH34				1.77722e+07
A0A0C4DH36	A0A0C4DH36				1.33078e+07
A0A0C4DH38	A0A0C4DH38;A0A0J9YXX1				7.74393e+07
A0A0C4DH43	A0A0C4DH43				1.10687e+07
A0A0C4DH67	A0A0C4DH67				2.94658e+07
A0A0C4DH72;A0A0C4DH73;P01597;P01611;P04432	P01597;P01611;P04432;A0A0C4DH72;A0A0C4DH73				1.51188e+07
A0A0G2JMI3	A0A0G2JMI3				1.36637e+07
A0A0J9YX35	A0A0J9YX35				1.95966e+07
A0A0J9YXX1	A0A0J9YXX1				2.40788e+06
A0M8Q6	P0CG04;P0DOY2;A0M8Q6;P0CF74;B9A064;P0DOX8				8.31971e+07
A1L4H1	A1L4H1;A1L4H1-2				2.73854e+06
A2RU67	A2RU67				701464
A6BM72;A6BM72-2;A6BM72-4	A6BM72;A6BM72-2;A6BM72-4				864380
A6NCE7;Q9GZQ8	Q9GZQ8;A6NCE7				231432
A6NGN9	A6NGN9				9.7822e+06
A6NHG4;P30046;P30046-2	P30046;A6NHG4;P30046-2				639066
A6NL88	A6NL88				3.46304e+06
A6NLU5	A6NLU5				1.5849e+07
A6NML5	A6NML5				4.10793e+06
A8MTW9	A8MTW9				4.55942e+06
B1AJZ9;B1AJZ9-4	B1AJZ9;B1AJZ9-4				343278
B4DS77;B4DS77-2;B4DS77-3	B4DS77;B4DS77-2;B4DS77-3				414079
B9A064;P0DOX8	B9A064;P0DOX8				2.61203e+08
C9JVW0	C9JVW0				4.35144e+06
I3L3R5	I3L3R5				1.38054e+06
O00115;O00115-2	O00115;O00115-2				3.62217e+06
O00142;O00142-2;O00142-3;O00142-4;O00142-5;O00142-6	O00142;O00142-2;O00142-3;O00142-4;O00142-5;O00142-6				3.4365e+07
O00187;O00187-2	O00187;O00187-2				1.61807e+06
O00244	O00244				900644
O00264	O00264;O00264-2				4.1369e+06
O00292;O00292-2	O00292;O00292-2				1.94888e+06
O00299	O00299				488474
O00339;O00339-2;O00339-3	O00339;O00339-2;O00339-3				1.68874e+06
O00391	O00391;O00391-2				1.89752e+07
O00451	O00451;O00451-2;O00451-3				2.27051e+07
O00461	O00461				8.08914e+06
O00462	O00462				8.24726e+06
O00468-6	O00468-6;O00468-7				2.8363e+07
O00469;O00469-2;O00469-3	O00469;O00469-2;O00469-3				10900
O00499;O00499-10;O00499-11;O00499-2;O00499-3;O00499-4;O00499-5;O00499-6;O00499-7;O00499-8;O00499-9	O00499;O00499-10;O00499-11;O00499-2;O00499-3;O00499-4;O00499-5;O00499-6;O00499-7;O00499-8;O00499-9				210516
O00533	O00533				1.07716e+07
O00533-2	O00533;O00533-2				3.26225e+08
O00560;O00560-2;O00560-3	O00560;O00560-2;O00560-3				805587
O00567	O00567				314926
O00584	O00584				4.47327e+06
O00754;O00754-2	O00754;O00754-2				2.19392e+06
O14498	O14498				3.05729e+07
O14514	O14514				3.53203e+06
O14522;O14522-1	O14522;O14522-1				1.80917e+06
O14525;O14525-2;O14525-3	O14525;O14525-2;O14525-3				740053
O14594	O14594				3.31651e+07
O14657	O14657				19256.8
O14668	O14668;O14668-2				1.47587e+06
O14672	O14672				3.48288e+06
O14733;O14733-2;O14733-3;O14733-4	O14733;O14733-2;O14733-3;O14733-4				2.04346e+07
O14745	O14745				557489
O14773	O14773				8.64775e+06
O14786;O14786-2;O14786-3	O14786;O14786-2;O14786-3				6.71567e+06
O14791-2	O14791;O14791-2;O14791-3				6.87746e+06
O14793	O14793				1.67976e+06
O14917;O14917-2	O14917;O14917-2				4.61863e+06
O15031	O15031				1.07851e+07
O15041;O15041-2	O15041;O15041-2				54528.5
O15123;O15123-2;O15123-3	O15123;O15123-2;O15123-3				367942
O15197;O15197-3	O15197;O15197-3				1.34484e+07
O15204;O15204-2	O15204;O15204-2				968967
O15230	O15230				1.60856e+06
O15232;O15232-2	O15232;O15232-2				2.96877e+06
O15240	O15240				3.96973e+08
O15335	O15335				3.2301e+06
O15354	O15354				2.60977e+07
O15394	O15394;O15394-2				2.51709e+07
O15400;O15400-2	O15400;O15400-2				1.26873e+06
O15466;O15466-2	O15466;O15466-2				1.48121e+06
O15540;O15540-2	O15540;O15540-2				3.3548e+06
O43155	O43155				1.06272e+06
O43157	O43157;O43157-2;O43157-3				3.68026e+06
O43173	O43173				3.59354e+06
O43240	O43240				923835
O43278;O43278-2	O43278;O43278-2				2.00725e+06
O43291	O43291				1.12705e+07
O43300	O43300				2.41568e+06
O43405;O43405-2	O43405;O43405-2				3.34673e+07
O43493;O43493-3;O43493-5;O43493-7	O43493;O43493-3;O43493-5;O43493-7				4.36089e+07
O43504	O43504				1.44146e+06
O43505	O43505				5.37116e+08
O43508	O43508;O43508-2				1.67688e+06
O43529	O43529				1.51518e+07
O43556;O43556-3;O43556-4	O43556;O43556-3;O43556-4				4.25155e+06
O43567	O43567;O43567-2				1.94434e+06
O43581-2;O43581-3;O43581-5	O43581;O43581-2;O43581-3;O43581-4;O43581-5;O43581-6				3.33699e+06
O43736;O43736-2	O43736;O43736-2				90528.9
O43827	O43827				2.0139e+06
O43852;O43852-2;O43852-3;O43852-4;O43852-5;O43852-9	O43852;O43852-10;O43852-11;O43852-12;O43852-13;O43852-14;O43852-2;O43852-3;O43852-4;O43852-5;O43852-6;O43852-7;O43852-8;O43852-9				961960
O43854;O43854-2	O43854;O43854-2				420818
O43866	O43866				4.21906e+06
O43897;O43897-2	O43897;O43897-2				906630
O43909	O43909				638751
O43916	O43916				2.24835e+06
O60241;O60241-2;O60241-3;O60241-4	O60241;O60241-2;O60241-3;O60241-4				1.45347e+07
O60242	O60242				927918
O60243	O60243;O60243-2				1.95005e+06
O60245;O60245-2	O60245;O60245-2				4.22532e+06
O60279	O60279				3.31914e+07
O60291;O60291-2;O60291-3;O60291-4	O60291;O60291-2;O60291-3;O60291-4				1.29895e+06
O60449;O60449-2;O60449-3	O60449;O60449-2;O60449-3				447264
O60462;O60462-2;O60462-3;O60462-4;O60462-5	O60462;O60462-2;O60462-3;O60462-4;O60462-5;O60462-6				6.14298e+07
O60476	O60476				4.08201e+06
O60477	O60477;O60477-3				223448
O60512	O60512				1.8951e+06
O60568	O60568				1.93821e+06
O60613	O60613				1.28743e+06
O60741	O60741				405078
O60883	O60883				6.77021e+07
O60888-3	O60888;O60888-2;O60888-3				6.21369e+06
O60939	O60939				2.84363e+06
O75051	O75051;O75051-2				1.61296e+06
O75063	O75063				1.93393e+06
O75071	O75071				5.40432e+06
O75077;O75077-2;O75077-3	O75077;O75077-2;O75077-3				9.65543e+06
O75078	O75078;O75078-2				6.14025e+06
O75083	O75083;O75083-3				2.0294e+06
O75084;Q14332	O75084;Q14332				94684
O75144;O75144-2	O75144;O75144-2;O75144-3				2.51122e+07
O75173;O75173-2	O75173;O75173-2				6.4444e+06
O75223	O75223				439516
O75326	O75326;O75326-2				2.68439e+07
O75339	O75339				841530
O75347	O75347;O75347-2				1.14375e+06
O75354;O75354-2;O75354-3	O75354;O75354-2;O75354-3				1.16688e+06
O75363-2	O75363;O75363-2				246551
O75368	O75368				4.73864e+06
O75487;O75487-2	O75487;O75487-2				948425
O75493	O75493				6.92525e+06
O75503	O75503				1.82528e+06
O75509	O75509				3.56484e+07
O75629	O75629				403322
O75636;O75636-2	O75636;O75636-2				1.55112e+06
O75711	O75711				1.42716e+08
O75752	O75752				3.82363e+06
O75781;O75781-2	O75781;O75781-2				5.03895e+06
O75787;O75787-2	O75787;O75787-2				1.16872e+07
O75828	O75828				885897
O75874	O75874				798669
O75882;O75882-2;O75882-3	O75882;O75882-2;O75882-3				1.20153e+07
O75973	O75973				816591
O75976	O75976				1.96036e+06
O76061	O76061				4.98187e+06
O76070	O76070				1.57651e+06
O94760	O94760				8.12121e+06
O94766	O94766;Q9NPZ5				3.01176e+06
O94769	O94769;O94769-2				1.47706e+07
O94772;O94772-2	O94772;O94772-2				1.63752e+08
O94779;O94779-2	O94779;O94779-2;O94779-4				967768
O94856-11	O94856;O94856-10;O94856-11;O94856-12;O94856-13;O94856-3;O94856-4;O94856-5;O94856-6;O94856-7;O94856-8;O94856-9				3.84836e+07
O94856-12;O94856-4;O94856-9	O94856-12;O94856-4;O94856-9				1.97005e+06
O94898	O94898				684246
O94910;O94910-2	O94910;O94910-2				1.53469e+07
O94919	O94919				5.85134e+07
O94933	O94933				1.16872e+06
O94973;O94973-2	O94973;O94973-2				222649
O94985	O94985				1.17694e+06
O94985-2	O94985;O94985-2				2.54444e+08
O94991	O94991;O94991-2				5.87096e+06
O95084	O95084;O95084-2				2.69582e+06
O95156	O95156				786177
O95157	O95157				323541
O95158	O95158				1.66197e+07
O95159	O95159				619305
O95185;O95185-2	O95185;O95185-2				3.42183e+06
O95196;O95196-2	O95196;O95196-2				8.91087e+06
O95206;O95206-2	O95206;O95206-2				5.7216e+06
O95297;O95297-2;O95297-3	O95297;O95297-2;O95297-3;O95297-4				1.20462e+06
O95336	O95336				2.62428e+06
O95390	O95390				1.0625e+07
O95428;O95428-5;O95428-6	O95428;O95428-3;O95428-4;O95428-5;O95428-6				6.70877e+06
O95445	O95445;O95445-2				6.81914e+06
O95450;O95450-2	O95450;O95450-2				1.48014e+06
O95467	O95467				413428
O95477	O95477				1.56543e+06
O95479;O95479-2	O95479;O95479-2				29652.6
O95490;O95490-2;O95490-3;O95490-4;O95490-5;O95490-6;O95490-7	O95490;O95490-2;O95490-3;O95490-4;O95490-5;O95490-6;O95490-7				653640
O95497	O95497				3.42246e+06
O95502	O95502				1.7038e+08
O95633;O95633-2	O95633;O95633-2				357430
O95782;O95782-2	O95782;O95782-2				392067
O95841	O95841				303666
O95865	O95865				1.2075e+06
O95897	O95897				331119
O95967	O95967				9.61201e+06
O95970	O95970;O95970-2				575379
O95980	O95980				1.17288e+07
O95998	O95998;O95998-4				6.42029e+06
P00338;P00338-3	P00338;P00338-3;P00338-4				1.30508e+07
P00352	O94788;P00352;P05091;P30837;P47895;O94788-2;O94788-3;O94788-4;P05091-2				330155
P00390;P00390-2;P00390-3;P00390-4;P00390-5	P00390;P00390-2;P00390-3;P00390-4;P00390-5				3.11756e+06
P00441	P00441				4.40063e+08
P00450	P00450				1.52662e+08
P00488	P00488				3.48846e+06
P00492	P00492				2.11e+06
P00505	P00505;P00505-2				7.04305e+06
P00533;P00533-3;P00533-4	P00533;P00533-3;P00533-4				1.27603e+06
P00558	P00558;P07205;P00558-2				4.88255e+06
P00568	P00568				373782
P00734	P00734				3.58748e+07
P00736	P00736				8.93648e+07
P00738	P00738;P00738-2				7.42095e+08
P00739	P00739;P00739-2				4.69033e+08
P00740;P00740-2	P00740;P00740-2				3.73371e+06
P00742	P00742				2.55765e+07
P00746	P00746				1.59295e+08
P00747	P00747				8.96789e+07
P00748	P00748				4.45758e+07
P00751	P00751;P00751-2				7.2169e+07
P00813	P00813				51716.3
P00915	P00915				1.70647e+06
P01008	P01008				4.39446e+08
P01009	P01009;P01009-2;P01009-3				4.4655e+09
P01011	P01011				7.23177e+08
P01019	P01019				3.80152e+08
P01023	P01023				4.7109e+08
P01024	P01024				8.75087e+08
P01031	P01031				2.70612e+07
P01033	P01033				5.16962e+07
P01034	P01034				5.49547e+09
P01042	P01042;P01042-2;P01042-3				1.08694e+08
P01042-2;P01042-3	P01042-2;P01042-3				2.7837e+08
P01127;P01127-2	P01127;P01127-2				4.83278e+07
P01130;P01130-2;P01130-3;P01130-4;P01130-5;P01130-6	P01130;P01130-2;P01130-3;P01130-4;P01130-5;P01130-6				622541
P01178	P01178				2.00946e+06
P01210	P01210				8.99069e+07
P01213	P01213				5.84716e+06
P01236	P01236				432685
P01258;P01258-2;P06881	P01258;P06881;P01258-2				140567
P01282;P01282-2	P01282;P01282-2				1.78161e+06
P01303	P01303				5.61113e+06
P01344;P01344-2;P01344-3	P01344;P01344-2;P01344-3				4.85046e+06
P01591	P01591				7.03037e+06
P01593;P01594	P01593;P01594				2.55193e+07
P01599	P01599;A0A0C4DH72				7.53712e+06
P01601	P01601				3.86494e+06
P01602	P01602				2.2798e+06
P01619	P01619				6.52841e+08
P01700	P01700				1.8208e+08
P01701	P01701				3.76689e+07
P01703	P01703				3.95622e+06
P01705	P01704;P01705				1.09118e+07
P01706	P01706				3.04641e+06
P01709	P01706;P01709;P0DOX8				8.17072e+06
P01714	P01714				4.47012e+06
P01715	P01715				123306
P01717;P01718	P01717;P01718				7.42178e+07
P01721	P01721				2.41062e+06
P01742	P01742				5.10949e+06
P01768;P0DP03	P01768;P01772;P0DP02;P0DP03				2.38506e+07
P01780	P01780				1.35127e+08
P01814	P01814				3.91632e+06
P01817	P01817				6.06706e+06
P01833	P01833				1.70782e+06
P01834	P01834				4.52415e+07
P01859;P01859-1	P01859;P01859-1				2.32606e+09
P01860;P01860-1	P01860;P01860-1				1.81013e+07
P01861;P01861-1	P01861;P01861-1				1.56561e+08
P01871;P01871-1	P01871;P0DOX6;P01871-1				3.64845e+07
P01876;P01876-1	P01876;P01876-1				4.29557e+08
P01903	P01903;P01906				277371
P02042	P02042				3.64129e+06
P02144	P02144				1.85554e+07
P02452	P02452				3.06486e+07
P02461	P02461;P02461-2				7.42717e+06
P02511	P02511				1.16596e+06
P02647	P02647				2.90661e+09
P02649	P02649				3.13313e+09
P02652	P02652				6.60498e+08
P02654	P02654				2.66814e+07
P02655	P02655				7.60274e+06
P02656	P02656				5.43251e+07
P02671	P02671;P02671-2				3.16815e+08
P02675	P02675				8.04991e+07
P02679;P02679-2	P02679;P02679-2				1.42693e+08
P02686;P02686-3;P02686-4;P02686-5;P02686-6	P02686;P02686-3;P02686-4;P02686-5;P02686-6				368279
P02741	P02741				48567.6
P02743	P02743				1.43465e+07
P02745	P02745				2.14173e+08
P02746	P02746				1.82891e+08
P02747	P02747				2.61227e+08
P02748	P02748				2.11703e+07
P02749	P02749				9.85827e+07
P02750	P02750				5.56867e+07
P02751;P02751-1	P02751;P02751-1;P02751-10;P02751-11;P02751-12;P02751-13;P02751-14;P02751-16;P02751-17;P02751-2;P02751-3;P02751-4;P02751-5;P02751-6;P02751-7;P02751-8;P02751-9				5.26158e+08
P02753	P02753				4.67452e+07
P02760	P02760				4.2693e+07
P02763	P02763				1.46939e+09
P02765	P02765				9.43519e+08
P02766	P02766				5.57488e+09
P02768	P02768				1.96834e+10
P02774;P02774-3	P02774;P02774-2;P02774-3				3.90408e+08
P02786	P02786				1.94457e+06
P02787	P02787				8.23035e+09
P02788;P02788-2	P02788;P02788-2				1.94386e+06
P02790	P02790				2.1204e+09
P02792	P02792				1.65782e+06
P02794	P02794				6.05783e+06
P02810	P02810				794614
P02818	P02818				486208
P03950	P03950				2.73194e+06
P03951;P03951-2	P03951;P03951-2				5.81431e+06
P03952	P03952				2.38858e+07
P04003	P04003				5.77979e+06
P04004	P04004				4.5329e+08
P04040	P04040				941117
P04062;P04062-2;P04062-4;P04062-5	P04062;P04062-2;P04062-4;P04062-5				5.09316e+06
P04066	P04066				3.63075e+06
P04070;P04070-2	P04070;P04070-2				4.65265e+06
P04075	P04075;P09972;P04075-2				4.59949e+07
P04080	P04080				4.81719e+06
P04085;P04085-2	P04085;P04085-2				1.41541e+07
P04114	P04114				8.82265e+06
P04156	P04156				4.91512e+08
P04179	P04179;P04179-2;P04179-3;P04179-4				1.31312e+07
P04180	P04180				1.28404e+07
P04196	P04196				8.17822e+07
P04216	P04216				1.02828e+09
P04217	P04217;P04217-2				1.66522e+08
P04217-2	P04217-2				706291
P04264	P04259;P04264				4.49635e+06
P04271	P04271				853503
P04275	P04275				5.7767e+06
P04278;P04278-5	P04278;P04278-5				2.16045e+06
P04350;P07437;P68371	P04350;P07437;P68371				360952
P04406	P04406;P04406-2				2.9722e+07
P04439;P04439-2	P04439;P04439-2				939282
P04792	P04792				774292
P04899;P04899-4;P08754;P09471;P09471-2;P63096	P04899;P08754;P09471;P63096;P04899-2;P04899-3;P04899-4;P04899-5;P04899-6;P09471-2;P63096-2				421436
P05023;P05023-2;P05023-4	P05023;P05023-2;P05023-4				865663
P05026;P05026-2	P05026;P05026-2				1.26533e+06
P05060	P05060				2.30355e+08
P05067;P05067-11;P05067-8	P05067;P05067-4;P05067-10;P05067-11;P05067-3;P05067-5;P05067-6;P05067-7;P05067-8;P05067-9				1.03754e+09
P05090	P05090				3.64801e+09
P05121	P05121				241334
P05154	P05154				1.04397e+07
P05155;P05155-3	P05155;P05155-2;P05155-3				4.71163e+08
P05156	P05156				1.7699e+07
P05160	P05160				2.84478e+06
P05362	P05362				1.92374e+06
P05408;P05408-2	P05408;P05408-2				3.28141e+08
P05413	P05413				8.76316e+06
P05452	P05452				6.72694e+07
P05543	P05543				3.17202e+07
P05546	P05546				1.01656e+08
P05556;P05556-2;P05556-3;P05556-4;P05556-5	P05556;P05556-2;P05556-5;P05556-3;P05556-4				1.57231e+06
P05937	P05937;P05937-2				3.63467e+06
P05997	P05997				1.26989e+06
P06276	P06276				8.43706e+06
P06307	P06307				2.09612e+07
P06310	P06310				1.77248e+08
P06312	P06312				3.02049e+08
P06331	P01824;P01825;P06331;A0A0C4DH41;P0DP06;P0DP08				5.40826e+07
P06396	P06396;P06396-2;P06396-3;P06396-4				1.17948e+09
P06396-2	P06396-2				4.67427e+06
P06681	P06681;P06681-2;P06681-3				3.05586e+07
P06702	P06702				877698
P06703	P06703				2.68896e+06
P06727	P06727				3.8871e+08
P06732	P06732				1.49908e+06
P06733	P06733;P06733-2				3.68938e+06
P06744;P06744-2	P06744;P06744-2				4.06523e+06
P06865	P06865				9.37396e+06
P07093-2;P07093-3	P07093;P07093-2;P07093-3				3.28147e+06
P07108;P07108-2;P07108-3;P07108-4;P07108-5	P07108;P07108-2;P07108-3;P07108-4;P07108-5;P07108-6				1.13821e+07
P07195	P00338;P07195;P07864;Q6ZMR3;P00338-3;P00338-2;P00338-4;P00338-5				3.19889e+07
P07225	P07225				5.01564e+07
P07237	P07237				1.98049e+06
P07307;P07307-2;P07307-3	P07307;P07307-3;P07307-2				311951
P07311	P07311				1.24199e+06
P07333	P07333;P07333-2				6.02444e+07
P07339	P07339				8.35441e+07
P07357	P07357				1.24309e+07
P07358	P07358				1.2796e+07
P07359	P07359				540362
P07360	P07360				1.09414e+07
P07451	P07451				3.07964e+06
P07477	P07477;Q9BYE2;Q9BYE2-2;Q9BYE2-3;Q9BYE2-6				1.36726e+07
P07492	P07492;P07492-2;P07492-3				1.34828e+06
P07585	P07585				2.17033e+07
P07602;P07602-2;P07602-3	P07602;P07602-2;P07602-3				1.76899e+08
P07686	P07686				7.99986e+06
P07711	P07711;P07711-3				1.46395e+07
P07737	P07737				1.71922e+06
P07858	P07858				3.93444e+07
P07900;P07900-2	P07900;P07900-2				1.20016e+06
P07942	P07942				3.21174e+06
P07996	P07996;P07996-2				1.80653e+06
P07998	P07998				2.12787e+07
P08123	P08123				1.88857e+07
P08133;P08133-2	P08133;P08133-2				77819.8
P08174;P08174-2;P08174-3;P08174-4;P08174-5;P08174-6;P08174-7	P08174;P08174-2;P08174-3;P08174-4;P08174-5;P08174-6;P08174-7				3.46531e+07
P08185	P08185				7.54211e+07
P08195;P08195-2;P08195-3;P08195-4;P08195-5	P08195;P08195-4;P08195-2;P08195-3;P08195-5				7.33876e+06
P08238	P08238;Q58FF7				564530
P08253	P08253;P08253-2;P08253-3				2.86603e+07
P08254;P09238	P08254;P09238				181294
P08294	P08294				2.02295e+08
P08493-2	P08493;P08493-2				4.34275e+07
P08519	P08519				1.76353e+06
P08571	P08571				1.38293e+08
P08572	P08572				2.41598e+06
P08581;P08581-2	P08581;P08581-2				4.83127e+06
P08582	P08582;P08582-2				3.18647e+06
P08603	P08603				1.84108e+08
P08637	P08637				4.11848e+06
P08670	P08670;P17661				1.53959e+06
P08697	P08697;P08697-2				1.84439e+08
P08758	P08758				1.01522e+06
P08833	P08833				280738
P09104	P09104;P09104-2				6.74986e+06
P09172	P09172				714338
P09211	P09211				4.86511e+06
P09382	P09382				8.56704e+06
P09417;P09417-2	P09417;P09417-2				4.35388e+06
P09455;P09455-2;P09455-3	P09455;P09455-2;P09455-3				220220
P09486	P09486				6.43787e+07
P09493;P09493-10;P09493-2;P09493-3;P09493-4;P09493-5;P09493-6;P09493-7;P09493-8;P09493-9	P06753;P07951;P09493;P09493-10;P67936;P07951-2;P09493-5;P06753-2;P06753-3;P09493-2;P09493-3;P09493-4;P09493-6;P09493-7;P09493-8;P09493-9;P06753-4;P06753-5;P06753-6;P07951-3;P67936-2				482984
P09603	P09603				6.52708e+07
P09619	P09619;P09619-2				1.0476e+07
P09622	P09622;P09622-2				7.52678e+06
P09668	P09668				2.28026e+07
P09871	P09871				6.68351e+07
P09936	P09936				2.8621e+06
P09960;P09960-4	P09960;P09960-2;P09960-3;P09960-4				618376
P09972	P09972				1.76071e+07
P0C0L4;P0C0L4-2	P0C0L4;P0C0L4-2				5.96493e+07
P0C0L5	P0C0L4;P0C0L5;P0C0L4-2				3.2445e+08
P0C6S8	P0C6S8				902237
P0CG47;P0CG48	P0CG47;P0CG48;P62979;P62987				1.78214e+08
P0DJI8;P0DJI9	P0DJI8;P0DJI9;P0DJI9-2				691376
P0DMQ5	P0DMQ5				2.73878e+07
P0DMV8;P0DMV8-2;P0DMV9	P0DMV8;P0DMV9;P0DMV8-2				1.97739e+06
P0DOX2	P01876;P01877;P01876-1;P01877-1;P0DOX2				5.04672e+08
P0DOX3	P0DOX3				8.12706e+06
P0DOX5	P01857;P01859;P0DOX5;P01857-1;P01859-1				9.44174e+08
P0DOX7	P01834;P0DOX7				8.16512e+08
P0DOY3	P0DOY2;P0DOY3				6.08943e+08
P0DP23;P0DP24;P0DP25	P0DP23;P0DP24;P0DP25;P27482				1.46367e+06
P0DP58	P0DP58				2.54314e+08
P0DTE1	P0DTE1				3.10892e+06
P10124	P10124				2.56419e+06
P10153	P10153				7.07555e+06
P10253	P10253				2.06575e+06
P10321;P10321-2	P10321;P10321-2				2.74603e+06
P10451-3	P10451-3				1.28037e+07
P10451-5	P10451;P10451-4;P10451-5				5.46056e+08
P10586;P10586-2	P10586;P23468;P10586-2;P23468-3;P23468-4;P23468-5;P23468-6;P23468-7				1.91457e+07
P10599	P10599;P10599-2				1.48624e+07
P10619;P10619-2	P10619;P10619-2				260256
P10636-2;P10636-6	P10636;P10636-8;P10636-6;P10636-2;P10636-3;P10636-4;P10636-5;P10636-7;P10636-9				712036
P10643	P10643				6.26808e+07
P10644;P10644-2	P10644;P10644-2				513734
P10645	P10645				9.70048e+08
P10721;P10721-2	P10721;P10721-2				5.16658e+06
P10745	P10745				1.05123e+06
P10768	P10768				3.08205e+06
P10909-6	P10909;P10909-4;P10909-6;P10909-2;P10909-3;P10909-5				6.17476e+09
P10915	P10915				52258.4
P11021	P11021				9.57106e+06
P11047	P11047				1.96034e+06
P11117	P11117				2.76722e+06
P11137;P11137-3	P11137;P11137-3				309963
P11142	P11142				3.79553e+07
P11226	P11226				221222
P11279	P11279;P11279-2				2.28974e+06
P11362-21;P11362-7	P11362;P11362-10;P11362-11;P11362-12;P11362-13;P11362-14;P11362-16;P11362-18;P11362-19;P11362-2;P11362-20;P11362-21;P11362-3;P11362-4;P11362-5;P11362-6;P11362-7;P11362-8;P11362-9				4.14675e+07
P11464-4	P11464-4				2.40591e+06
P11597;P11597-2	P11597;P11597-2				1.13356e+06
P11717	P11717				2.58701e+06
P12107;P12107-2;P12107-3;P12107-4	P12107;P12107-2;P12107-3;P12107-4				602872
P12109	P12109				2.51987e+07
P12110	P12110;P12110-2;P12110-3				5.57487e+06
P12111	P12111;P12111-2;P12111-4				1.78738e+07
P12111-4	P12111-4				528423
P12259	P12259				1.55161e+07
P12272;P12272-2;P12272-3	P12272;P12272-2;P12272-3				3.44552e+06
P12277	P12277				1.21004e+06
P12314;Q92637;Q92637-3	P12314;Q92637;Q92637-3				1.80214e+07
P12318;P12318-2	P12318;P31994;P31995;P12318-2;P31994-2;P31994-3;P31994-4;P31994-5;P31995-2;P31995-3;P31995-4				3.86408e+06
P12821;P12821-2	P12821;P12821-3;P12821-2;P12821-4				1.26361e+06
P12830	P12830;P12830-2				1.72762e+06
P12955	P12955;P12955-3				2.23358e+06
P13284	P13284				1.55701e+06
P13385	P13385				1.25119e+06
P13473;P13473-2;P13473-3	P13473;P13473-2;P13473-3				4.96289e+07
P13489	P13489				1.379e+06
P13497;P13497-2;P13497-3;P13497-4;P13497-5;P13497-6	P13497;P13497-2;P13497-3;P13497-4;P13497-5;P13497-6				2.03128e+06
P13521	P13521				9.57258e+07
P13591	P13591;P13591-1;P13591-3;P13591-4;P13591-5;P13591-6				3.01955e+08
P13591-3	P13591-1;P13591-3;P13591-4				3.82686e+07
P13598	P13598				8.11303e+06
P13611;P13611-5	P13611;P13611-2;P13611-3;P13611-4;P13611-5				1.22827e+07
P13637;P13637-2;P13637-3	P13637;P13637-2;P13637-3				3.69926e+06
P13645	P02533;P08779;P13645;Q7Z3Y7;Q7Z3Y8;Q7Z3Y9;Q7Z3Z0				1.5653e+06
P13667	P13667				1.33897e+06
P13671	P13671				2.63633e+07
P13693	P13693;P13693-2;Q56UQ5				572603
P13747	P01889;P13747				1.82501e+06
P13796	P13796;P13796-2				4.57653e+06
P13797;P13797-2;P13797-3	P13797;P13797-2;P13797-3				249458
P13929;P13929-2;P13929-3	P13929;P13929-2;P13929-3				2.2198e+06
P13987;P13987-2	P13987;P13987-2				7.23182e+07
P14138;P14138-2	P14138;P14138-2				2.72205e+06
P14151;P14151-2	P14151;P14151-2				2.12626e+06
P14174	P14174				1.55614e+07
P14207	P14207				1.54311e+06
P14209	P14209;P14209-3				8.14458e+06
P14314-2	P14314;P14314-2				7.33722e+06
P14324;P14324-2	P14324;P14324-2				39565.8
P14384	P14384				881830
P14415	P14415				1.74984e+06
P14543	P14543;P14543-2				1.46637e+07
P14550	P14550				458212
P14618-2	P14618;P14618-2;P14618-3				5.04718e+07
P14618;P14618-3	P14618;P14618-3				810381
P14621	P14621				7.01159e+06
P14625	P14625;Q58FF3				1.56982e+07
P15086	P15085;P15086				764561
P15090	P15090				3.44384e+06
P15121	P15121				1.17084e+06
P15144	P15144				2.36857e+06
P15151;P15151-2;P15151-3;P15151-4	P15151;P15151-2;P15151-3;P15151-4				1.85359e+06
P15169	P15169				4.0492e+06
P15289;P15289-2	P15289;P15289-2				1.52895e+06
P15291;P15291-2	P15291;P15291-2				9.0209e+06
P15328	P15328				1.75293e+06
P15502-1;P15502-2;P15502-4;P15502-5	P15502;P15502-1;P15502-10;P15502-12;P15502-13;P15502-2;P15502-4;P15502-5;P15502-6;P15502-7;P15502-9				8.62389e+06
P15509;P15509-2;P15509-3;P15509-5;P15509-7	P15509;P15509-3;P15509-2;P15509-5;P15509-7;P15509-8				2.90596e+06
P15529;P15529-10;P15529-11;P15529-12;P15529-13;P15529-14;P15529-15;P15529-2;P15529-3;P15529-4;P15529-5;P15529-6;P15529-7;P15529-8;P15529-9	P15529;P15529-3;P15529-10;P15529-11;P15529-12;P15529-13;P15529-14;P15529-15;P15529-16;P15529-2;P15529-4;P15529-5;P15529-6;P15529-7;P15529-8;P15529-9				1.4309e+06
P15531;P15531-2	P15531;P15531-2				206507
P15586;P15586-2	P15586;P15586-2				1.54649e+06
P15848;P15848-2	P15848;P15848-2				171507
P16035	P16035				5.77687e+07
P16070;P16070-10;P16070-11;P16070-12;P16070-13;P16070-14;P16070-15;P16070-16;P16070-17;P16070-18;P16070-3;P16070-4;P16070-5;P16070-6;P16070-7;P16070-8;P16070-9	P16070;P16070-10;P16070-11;P16070-12;P16070-13;P16070-14;P16070-15;P16070-16;P16070-17;P16070-18;P16070-3;P16070-4;P16070-5;P16070-6;P16070-7;P16070-8;P16070-9				5.85729e+07
P16083	P16083				1.91952e+06
P16112;P16112-2;P16112-3	P16112;P16112-2;P16112-3				2.00302e+06
P16152	P16152				2.48869e+06
P16234;P16234-3	P16234;P16234-2;P16234-3				1.58205e+06
P16278;P16278-3	P16278;P16278-2;P16278-3				1.65546e+06
P16519;P16519-3	P16519;P16519-2;P16519-3				1.01914e+07
P16870;P16870-2	P16870;P16870-2				3.46216e+07
P16930;P16930-2	P16930;P16930-2				9.13967e+06
P16949;P16949-2	P16949;P16949-2				1.83207e+06
P17050	P17050				963163
P17066	P17066;P48741				4.06285e+06
P17174	P17174;P17174-2				4.40731e+07
P17302	P17302				1.11535e+06
P17405;P17405-4	P17405;P17405-4				822356
P17600;P17600-2	P17600;P17600-2				1.4952e+06
P17677;P17677-2	P17677;P17677-2				4.15338e+06
P17813;P17813-2	P17813;P17813-2				1.26693e+06
P17900	P17900				8.46205e+07
P17931	P17931				1.26642e+06
P17936;P17936-2	P17936;P17936-2				1.45758e+07
P18065	P18065				1.04155e+08
P18075	P18075				17264
P18206;P18206-2	P18206;P18206-2				5.4411e+06
P18428	P18428				3.98585e+06
P18669	P15259;P18669				6.23748e+06
P18850	P18850				357552
P19021;P19021-5;P19021-6	P19021;P19021-3;P19021-4;P19021-2;P19021-5;P19021-6				1.33743e+08
P19022	P19022;P19022-2				1.36639e+08
P19256;P19256-2;P19256-3	P19256;P19256-2;P19256-3				1.13366e+06
P19320	P19320;P19320-2;P19320-3				5.3573e+06
P19367;P19367-2;P19367-3;P19367-4	P19367;P52789;P52790;Q2TB90;P19367-2;P19367-3;P19367-4;Q2TB90-2;Q2TB90-3				2.46683e+06
P19652	P19652				7.87397e+08
P19823	P19823				5.3525e+07
P19827	P19827;P19827-2				1.93211e+07
P19835	P19835				859543
P19961	P04746;P0DTE7;P0DTE8;P0DUB6;P19961;P19961-2;P04746-2				815789
P20062	P20062				1.79456e+07
P20138;P20138-2	P20138;P20138-2				1.01153e+06
P20340;P20340-2;Q9NRW1	P20340;Q9NRW1;P20340-2;P20340-3				182632
P20366;P20366-2	P20366;P20366-2;P20366-3;P20366-4				6.57191e+06
P20382	P20382				933672
P20472	P20472				1.39037e+07
P20618	P20618				8.06453e+06
P20742	P20742;P20742-2				2.23162e+06
P20774	P20774				1.27523e+08
P20827	P20827;P20827-2				8.32514e+06
P20851;P20851-2	P20851;P20851-2				1.69608e+06
P20908;P20908-2	P20908;P20908-2				387565
P20916;P20916-2;P20916-3	P20916;P20916-2;P20916-3				5.11006e+06
P20933	P20933				2.52857e+07
P21246	P21246				1.11347e+06
P21333;P21333-2	P21333;P21333-2				3.78821e+06
P21554	P21554				944084
P21579	P21579				1.9556e+06
P21802;P21802-16;P21802-2;P21802-5;P21802-6;P21802-8	P21802;P21802-3;P21802-14;P21802-15;P21802-16;P21802-17;P21802-18;P21802-19;P21802-2;P21802-23;P21802-5;P21802-6;P21802-8				1.2936e+07
P21810	P21810				1.78312e+07
P21860;P21860-4	P21860;P21860-4				1.05062e+06
P21926	P21926				218005
P22004	P22004				1.70195e+06
P22061;P22061-2	P22061;P22061-2				6.29077e+06
P22105;P22105-1;P22105-4	P22105;P22105-1;P22105-4				6.94425e+06
P22303	P22303;P22303-2;P22303-3;P22303-4				5.06188e+06
P22304	P22304				2.59317e+07
P22352	P22352				5.16628e+07
P22392;P22392-2	P15531;P22392;P22392-2;P15531-2				1.88644e+06
P22607;P22607-2;P22607-3;P22607-4	P22607;P22607-2;P22607-3;P22607-4				2.30454e+07
P22676	P22676				1.89222e+06
P22692;P22692-2	P22692;P22692-2				4.97231e+07
P22748	P22748				8.15943e+06
P22792	P22792				6.82001e+06
P22794;P22794-2	P22794;P22794-2				3.63652e+06
P22891;P22891-2	P22891;P22891-2				678522
P22897	P22897;P22897-2				7.05014e+06
P23083	P23083;P01743;A0A0C4DH29;A0A0C4DH31;A0A0C4DH33;A0A0J9YVY3;P0DP01				4.6255e+08
P23142	P23142				1.55356e+08
P23142-4	P23142-4				1.87282e+08
P23284	P23284				1.29448e+07
P23381;P23381-2	P23381;P23381-2				1.15748e+06
P23435	P23435;Q8IUK8				2.3054e+07
P23468	P23468;P23468-2;P23468-3;P23468-4;P23468-5;P23468-6;P23468-7				1.72945e+07
P23468-7	P23468-4;P23468-5;P23468-6;P23468-7				2.33822e+06
P23470;P23470-2	P23470;P23470-2				1.65309e+07
P23471;P23471-2	P23471;P23471-2;P23471-3				2.50327e+07
P23515	P23515				1.43613e+08
P23528	P23528				1.86711e+06
P23560;P23560-2;P23560-3;P23560-4;P23560-5	P23560;P23560-2;P23560-3;P23560-4;P23560-5				5.30887e+06
P23582	P23582				5.86142e+07
P23588;P23588-2	P23588;P23588-2				184714
P24043	P24043				1.1761e+07
P24347	P24347				780769
P24387	P24387				271286
P24592	P24592				1.61081e+08
P24593	P24593				1.34788e+07
P24666;P24666-2;P24666-3;P24666-4	P24666;P24666-2;P24666-3;P24666-4				2.06434e+06
P24821;P24821-2;P24821-3;P24821-4;P24821-5;P24821-6	P24821;P24821-2;P24821-3;P24821-4;P24821-5;P24821-6				1.21356e+06
P25189;P25189-2	P25189;P25189-2				1.51267e+06
P25311	P25311				6.87721e+07
P25391	P25391				215242
P25713	P25713				9.82704e+06
P25774;P25774-2	P25774;P25774-2				2.79929e+07
P26038	P26038				2.96172e+06
P26447	P26447				1.48161e+06
P26572	P26572				5.83356e+06
P26641;P26641-2	P26641;P26641-2				1.09828e+06
P26927	P26927;Q2TV78;Q2TV78-2				1.4152e+07
P26992	P26992				4.32828e+07
P27169	P27169				2.60668e+07
P27797	P27797				3.87898e+07
P27824;P27824-2	P27824;P27824-2;P27824-3				1.03176e+07
P28074;P28074-2	P28074;P28074-2				64644
P28161;P28161-2	P28161;P28161-2				176076
P28300	P28300				2.91252e+06
P28482	P28482				243030
P28799;P28799-2	P28799;P28799-2				1.01244e+06
P28827;P28827-2	P28827;P28827-2				1.28321e+06
P28838;P28838-2	P28838;P28838-2				188766
P29120;P29120-2	P29120;P29120-2				4.12642e+07
P29218;P29218-3	P29218;P29218-3;P29218-2				5.92718e+06
P29279;P29279-2	P29279;P29279-2				679250
P29323;P29323-2;P29323-3	P29323;P29323-3;P29323-2				615073
P29401;P29401-2	P29401;P29401-2				704359
P29622	P29622				2.56115e+07
P29762	P29762				1.6839e+06
P29966	P29966				6.81e+06
P30041	P30041				1.77186e+06
P30043	P30043				1.60985e+06
P30047;P30047-2	P30047;P30047-2				174008
P30048;P30048-2	P30048;P30048-2				229183
P30086	P30086				3.97484e+07
P30101	P30101				4.90108e+06
P30530;P30530-2	P30530;P30530-2				1.78283e+07
P30533	P30533				197775
P30740	P30740				2.39131e+06
P30990	P30990				1.30584e+06
P31146	P31146				1.44751e+06
P31150	P31150				4.89335e+06
P31153;P31153-2	P31153;P31153-2				394718
P31321	P31321				797616
P31937	P31937				185871
P31946;P31946-2	P31946;P31946-2				2.40625e+06
P31948;P31948-2;P31948-3	P31948;P31948-2;P31948-3				235979
P31949	P31949				1.11956e+06
P32004;P32004-2;P32004-3	P32004;P32004-2;P32004-3				9.95947e+06
P32119	P32119				7.90033e+06
P32926	P32926				1.11947e+06
P33151	P33151;P33151-2				2.83385e+06
P33908	P33908				3.73757e+07
P34059	P34059				4.24291e+06
P34096	P34096				5.01213e+06
P34741	P34741				1.07206e+06
P34949	P34949;P34949-2				842581
P35030;P35030-2;P35030-3;P35030-4;P35030-5	P35030;P35030-2;P35030-3;P35030-4;P35030-5				2.76646e+06
P35052	P35052				1.14739e+07
P35080	P35080				452807
P35237	P35237				2.14856e+06
P35318	P35318				5.17127e+06
P35442	P35442				4.67158e+06
P35443	P35443				7.45722e+06
P35527	P35527				4.52073e+06
P35542	P35542				7.57726e+07
P35555	P35555				8.64352e+06
P35590	P35590;P35590-2;P35590-3				2.40888e+06
P35613;P35613-2	P35613;P35613-2;P35613-3;P35613-4				1.50638e+07
P35625	P35625				379623
P35754	P35754				2.84417e+06
P35858;P35858-2	P35858;P35858-2				1.15249e+07
P35908	P35908				646689
P35968;P35968-2;P35968-3	P35968;P35968-2;P35968-3				1.13158e+06
P36222	P36222				1.40948e+08
P36269;P36269-2;P36269-3	P36269;P36269-2;P36269-3				272711
P36871	P36871;P36871-2				1.97873e+06
P36888;P36888-2	P36888;P36888-2				133611
P36955	P36955				1.16087e+09
P36957	P36957;P36957-2				3.18206e+07
P36980;P36980-2	P36980;P36980-2				2.305e+07
P37173;P37173-2	P37173;P37173-2				3.24206e+06
P37235;P61601;P84074	P37235;P61601;P84074				215241
P37837;P37837-2	P37837;P37837-2				6.7794e+06
P37840;P37840-2	P37840;P37840-2				312157
P38571;P38571-2	P38571;P38571-2				1.0238e+06
P39059	P39059				4.10739e+06
P39060;P39060-1;P39060-2	P39060;P39060-1;P39060-2				4.39164e+07
P39748;P39748-2	P39748;P39748-2				693068
P40121;P40121-2	P40121;P40121-2				751251
P40189	P40189;P40189-3				2.10278e+07
P40925;P40925-3	P40925;P40925-3				2.2245e+07
P40926	P40926;P40926-2				3.38234e+06
P40967;P40967-2;P40967-4;P40967-5	P40967;P40967-2;P40967-4;P40967-5				364722
P41217;P41217-2;P41217-3	P41217;P41217-2;P41217-3				2.37003e+06
P41222	P41222				5.06936e+09
P41271;P41271-2	P41271;P41271-2				3.16949e+07
P42262;P42262-2;P42262-3	P42262;P42262-2;P42262-3				2.7818e+06
P42658;P42658-2	P42658;P42658-2				6.21257e+06
P42785	P42785;P42785-2				2.09218e+07
P42857;P42857-2	P42857;P42857-2				3.56894e+06
P43004;P43004-2;P43004-3	P43004;P43004-2;P43004-3				903812
P43121	P43121;P43121-2				2.88017e+07
P43146	P43146				9.03533e+06
P43234	P43234				1.30609e+06
P43251;P43251-2;P43251-3;P43251-4	P43251;P43251-2;P43251-3;P43251-4				8.4283e+07
P43652	P43652				7.5229e+07
P45877	P45877				3.48034e+06
P46108;P46108-2	P46108;P46108-2				597039
P46459	P46459				2.80151e+06
P47755;P47755-2	P47755;P52907;P47755-2				540249
P47972	P47972				1.80145e+07
P48058;P48058-2	P48058;P48058-2				1.48238e+07
P48061;P48061-2;P48061-3;P48061-4;P48061-5;P48061-6	P48061;P48061-2;P48061-3;P48061-4;P48061-5;P48061-6				7.35028e+06
P48066;P48066-2	P48066;P48066-2				225357
P48147	P48147				9.33903e+06
P48163	P48163				1.01652e+06
P48551;P48551-2;P48551-3	P48551;P48551-2;P48551-3				141986
P48637	P48637;P48637-2				3.55639e+06
P48723	P48723				3.88649e+06
P48740	P48740				146991
P48740-2;P48740-4	P48740-2;P48740-4				2.38279e+06
P48740-3	P48740-3				5.50267e+06
P49184	P49184				1.46129e+06
P49221	P49221				5.88259e+06
P49257	P49257				6.01288e+06
P49418;P49418-2	P49418;P49418-2				1.36394e+06
P49641	P49641;P49641-1;P49641-2				2.11586e+07
P49747;P49747-2	P49747;P49747-2				1.19904e+06
P49767	P49767				283742
P49908	P49908				4.58101e+07
P50281	P50281				1.42816e+06
P50395;P50395-2	P50395;P50395-2				961488
P50502;Q8NFI4	P50502;Q8NFI4				1.92235e+06
P50750-2	P50750-2				2.33399e+06
P50895	P50895				1.59649e+06
P50897	P50897;P50897-2				947347
P50993	P05023;P13637;P20648;P50993;P05023-2;P05023-3;P05023-4;P13637-2;P13637-3				1.43504e+06
P51512;P51512-2	P51512;P51512-2				3.67217e+06
P51668;P61077;P61077-2;P61077-3;P62837;P62837-2;Q9Y2X8	P51668;P61077;P62837;Q9Y2X8;P62837-2;P61077-2;P61077-3				579544
P51674;P51674-2;P51674-3	P51674;P51674-2;P51674-3				1.00819e+06
P51688	P51688				210493
P51693	P51693;P51693-2				1.51232e+09
P51693-2	P51693-2				8.83743e+06
P51805	P51805				24198.3
P51884	P51884				6.32896e+07
P51888	P51888				2.35433e+07
P52209;P52209-2	P52209;P52209-2				33384.4
P52565;P52565-2	P52565;P52565-2				495151
P52758	P52758				2.13176e+06
P52797	P52797				3.99358e+06
P52799	P52799				7.87315e+06
P52803	P52803				8.62795e+06
P52848	P52848				963739
P52943;P52943-2	P52943;P52943-2				247419
P53041	P53041				654558
P53634	P53634				5.1595e+06
P54253	P54253				1.54154e+08
P54289-2;P54289-3	P54289;P54289-2;P54289-3;P54289-4;P54289-5				4.17501e+07
P54652	P54652				855874
P54709;P54709-2	P54709;P54709-2				307569
P54727	P54725;P54727;P54725-2;P54725-3				1.91229e+06
P54764	P54764;P54764-2				5.81593e+07
P54802	P54802				4.87101e+06
P54803	P54803;P54803-3;P54803-4;P54803-5				525565
P55011;P55011-3	P55011;P55011-3				49204.1
P55058	P55058;P55058-2;P55058-3;P55058-4				1.71352e+08
P55083;P55083-2	P55083;P55083-2				5.44656e+06
P55087;P55087-2	P55087;P55087-2				4.49177e+06
P55103	P55103				97276.3
P55107	P55107				711048
P55268	P55268				4.62947e+06
P55283	P55283;P55283-2				2.32267e+07
P55285;P55285-2	P55285;P55285-2				7.60168e+06
P55286	P55286				1.36109e+07
P55287;P55287-2	P55287;P55287-2				5.59922e+06
P55289;P55289-2	P55289;P55289-2				722070
P55290;P55290-4	P55290;P55290-2;P55290-3;P55290-4;P55290-5				1.38798e+08
P55291	P55291				4.22839e+06
P55774	P55774				622587
P55786	P55786;A6NEC2;P55786-2				1.95552e+06
P55854;P55854-2;P61956;P61956-2;Q6EEV6	P55854;P61956;Q6EEV6;P55854-2;P61956-2				1.54914e+06
P55957;P55957-2	P55957;P55957-2;P55957-4				281416
P56159;P56159-2	P56159;P56159-2				8.32144e+06
P56705;P56705-2	P56705;P56705-2				803528
P56817;P56817-2	P56817;P56817-2;P56817-3;P56817-4;P56817-5;P56817-6				1.44387e+06
P57087;P57087-2;P57087-3	P57087;P57087-2;P57087-3				1.68384e+06
P58215	P58215				327393
P58335;P58335-2;P58335-3;P58335-4	P58335;P58335-2;P58335-3;P58335-4				125764
P58400	P58400;P58400-1				3.51486e+06
P58401	P58401				2.27451e+06
P58417	O95156;P58417				5.40935e+07
P60174;P60174-3	P60174;P60174-3;P60174-4				1.68592e+07
P60520	O95166;P60520;Q9H0R8;Q9H0R8-2				957924
P60660;P60660-2	P60660;P60660-2				1.23585e+06
P60709;P63261	P60709;P63261				7.47875e+07
P60900;P60900-2	P60900;P60900-2				31728.7
P60983	P60983				1.61294e+06
P61018;P61018-2	P61018;P61018-2				987296
P61026	P51153;P59190;P61006;P61026;P62820;Q92930;Q9H0U4;Q92928;P61006-2;P62820-2;P62820-3;P59190-2				309439
P61088	P61088				1.93388e+06
P61106	P61106				982299
P61204;P84077;P84085	P18085;P61204;P84077;P84085;P61204-2				1.05719e+06
P61266;P61266-2	P61266;P61266-2				703010
P61278	P61278				6.53327e+07
P61604	P61604				1.2031e+06
P61626	P61626				1.43443e+07
P61769	P61769				2.26538e+09
P61812;P61812-2	P61812;P61812-2				3555.23
P61916	P61916;P61916-2				1.01268e+08
P61970	P61970				2.81614e+06
P61981	P61981				4.72953e+06
P62258;P62258-2	P62258;P62258-2				6.16378e+06
P62328	P62328;P63313				1.09e+07
P62937	P62937				9.04947e+06
P62942	P62942				3.3763e+06
P62993	P62993;P62993-2				2.27893e+06
P63000;P63000-2	P63000;P63000-2				87300.3
P63010;P63010-2;P63010-3	P63010;P63010-2;P63010-3				9.52544e+06
P63104	P63104;P63104-2				8.59584e+06
P63208	P63208;P63208-2				2.62634e+06
P63302	P63302				730922
P68032	P62736;P63267;P68032;P68133				2.51824e+06
P68036;P68036-2;P68036-3	P68036;A0A1B0GUS4;P68036-2;P68036-3				1.41124e+06
P68104;Q05639;Q5VTE0	P68104;Q05639;Q5VTE0				798562
P68363;Q71U36;Q71U36-2;Q9BQE3	P0DPH7;P0DPH8;P68363;P68366;Q6PEY2;Q71U36;Q9BQE3;P0DPH7-2;P68363-2;P68366-2;Q71U36-2				303202
P68871	P02042;P68871				9.84788e+07
P69849;Q15155;Q5JPE7;Q5JPE7-2	P69849;Q15155;Q5JPE7;Q5JPE7-2;Q5JPE7-3				337345
P69905	P69905				2.06666e+08
P78310;P78310-2;P78310-5;P78310-6;P78310-7	P78310;P78310-2;P78310-4;P78310-5;P78310-6;P78310-7				1.92255e+06
P78324;P78324-2	P78324;Q9P1W8;Q5TFQ8;P78324-2;P78324-4;Q9P1W8-2;Q9P1W8-3;Q9P1W8-4				6.28703e+07
P78417	P78417;P78417-3				3.28228e+06
P78504	P78504;P78504-2				1.82157e+06
P78509;P78509-2;P78509-3	P78509;P78509-2;P78509-3				7.33912e+06
P78536;P78536-2	P78536;P78536-2				1.25191e+06
P78539;P78539-2;P78539-3;P78539-5	P78539;P78539-2;P78539-3;P78539-4;P78539-5				1.19981e+06
P80108	P80108				5.86609e+06
P80303;P80303-2	P80303;P80303-2				2.00663e+06
P80404	P80404				261180
P80723	P80723;P80723-2				1.04306e+07
P80748	P80748				5.65623e+07
P81605	P81605				735630
P84157-2	P84157-2				272096
P98095;P98095-2	P98095;P98095-2				1.19341e+07
P98153;P98153-2;P98153-3	P98153;P98153-2;P98153-3				2.07524e+06
P98155;P98155-2	P98155;P98155-2				2.2815e+06
P98160	P98160				4.99139e+07
P98164	P98164				2.29e+07
P98172	P98172				6.00207e+06
P98173;P98173-2;P98173-3	P98173;P98173-2;P98173-3				942564
P99999	P99999				7.87902e+06
Q00169	Q00169				198796
Q00973	Q00973;Q00973-2;Q00973-3				3.82365e+06
Q01459	Q01459				6.00954e+06
Q01469	Q01469				6.07866e+06
Q01973;Q01973-3	Q01973;Q01973-3				443809
Q01995	Q01995				7.34408e+06
Q02246	Q02246				3.38796e+07
Q02487;Q02487-2	Q02487;Q02487-2				6.20365e+06
Q02790	Q02790				182667
Q02809;Q02809-2	Q02809;Q02809-2				3.39873e+06
Q02818	Q02818				5.02622e+07
Q03167;Q03167-2	Q03167;Q03167-2				1.33804e+07
Q04721	Q04721				4.43301e+06
Q04756	Q04756				2.96706e+06
Q04760;Q04760-2	Q04760;Q04760-2				2.09716e+06
Q04917	Q04917				1.48861e+06
Q05707;Q05707-2	Q05707;Q05707-2;Q05707-3				2.65139e+06
Q05996;Q05996-2	Q05996;Q05996-2				4.1523e+06
Q06033;Q06033-2	Q06033;Q06033-2				7.13586e+06
Q06418	Q06418				1.45787e+07
Q06481	Q06481;Q06481-3;Q06481-6				5.93265e+07
Q06828	Q06828				2.5079e+07
Q06830	Q06830;Q13162				6.99467e+06
Q07092;Q07092-2	Q07092;Q07092-2				1.38688e+06
Q07954	Q07954				8.45397e+06
Q08174;Q08174-2	Q08174;Q08174-2				1.05042e+07
Q08345;Q08345-5	Q08345;Q08345-2;Q08345-4;Q08345-5;Q08345-6				5.08721e+07
Q08380	Q08380				1.10905e+08
Q08397	Q08397				873472
Q08431;Q08431-4	Q08431;Q08431-3;Q08431-4				7.11518e+06
Q08554;Q08554-2	Q08554;Q08554-2				3.08695e+06
Q08629	Q08629				1.02902e+07
Q08ET2	O15389;Q08ET2				1.32948e+07
Q09327	Q09327				858377
Q09328	Q09328				1.65409e+06
Q09666	Q09666				1.21936e+06
Q0P6D2	Q0P6D2				4.69328e+06
Q10469	Q10469				1.88393e+06
Q10471	Q10471				9.65359e+06
Q10472	Q10472;Q8IUC8;Q8IUC8-3;Q8IUC8-2				5.57139e+06
Q10588	Q10588;Q10588-2				1.74785e+06
Q10589;Q10589-2	Q10589;Q10589-2				896836
Q12765;Q12765-2;Q12765-3	Q12765;Q12765-2;Q12765-3				362945
Q12794;Q12794-2;Q12794-7	Q12794;Q12794-2;Q12794-3;Q12794-7				969032
Q12797;Q12797-10	Q12797;Q12797-10				2.48978e+06
Q12805;Q12805-2;Q12805-3;Q12805-4;Q12805-5	Q12805;Q12805-2;Q12805-3;Q12805-4;Q12805-5				8.93852e+07
Q12841;Q12841-2	Q12841;Q12841-2				7.24136e+06
Q12860	Q12860;Q12860-2				1.46517e+08
Q12866	Q12866				1.78646e+06
Q12907	Q12907				8.04788e+07
Q12913;Q12913-3	Q12913;Q12913-2;Q12913-3				3.00962e+06
Q13093	Q13093				566763
Q13103	Q13103				250158
Q13145	Q13145				966474
Q13214;Q13214-2	Q13214;Q13214-2				1.55345e+06
Q13217	Q13217				1.49144e+06
Q13228;Q13228-4	Q13228;Q13228-2;Q13228-3;Q13228-4				1.98947e+07
Q13231;Q13231-2;Q13231-3	Q13231;Q13231-2;Q13231-3;Q13231-4				2.2188e+06
Q13232	Q13232				1.76756e+06
Q13275-2	Q13275;Q13275-2				694036
Q13332-7	Q13332-5;Q13332-7				6.67875e+06
Q13332;Q13332-3;Q13332-4	Q13332;Q13332-2;Q13332-3;Q13332-4;Q13332-5;Q13332-6;Q13332-7				2.66029e+07
Q13404;Q13404-1;Q13404-2;Q13404-7	Q13404;Q13404-1;Q13404-2;Q13404-6;Q13404-7				2.12448e+06
Q13421-2;Q13421-3;Q13421-4	Q13421;Q13421-2;Q13421-3;Q13421-4				6.17061e+06
Q13433	Q13433				1.07626e+06
Q13443;Q13443-2	Q13443;Q13443-2				1.54515e+06
Q13444;Q13444-10;Q13444-12;Q13444-2;Q13444-3;Q13444-4;Q13444-5;Q13444-6;Q13444-7;Q13444-8;Q13444-9	Q13444;Q13444-2;Q13444-10;Q13444-11;Q13444-12;Q13444-3;Q13444-4;Q13444-5;Q13444-6;Q13444-7;Q13444-8;Q13444-9				3.84777e+06
Q13449	Q13449				2.94196e+08
Q13501;Q13501-2	Q13501;Q13501-2				994792
Q13508;Q13508-2;Q13508-3	Q13508;Q13508-2;Q13508-3				1.11002e+07
Q13510;Q13510-2	Q13510;Q13510-2;Q13510-3				7.52784e+06
Q13519;Q13519-2	Q13519;Q13519-2				1.18064e+06
Q13523	Q13523				1.05876e+07
Q13554;Q13554-2;Q13554-3;Q13554-4;Q13554-5;Q13554-7;Q13554-8	Q13554;Q13554-3;Q13554-2;Q13554-4;Q13554-5;Q13554-6;Q13554-7;Q13554-8				7.48495e+06
Q13555;Q13555-10;Q13555-11;Q13555-2;Q13555-3;Q13555-4;Q13555-5;Q13555-6;Q13555-7;Q13555-8;Q13555-9	Q13555;Q13555-5;Q13555-10;Q13555-11;Q13555-2;Q13555-3;Q13555-4;Q13555-6;Q13555-7;Q13555-8;Q13555-9				1.67039e+06
Q13557;Q13557-10;Q13557-11;Q13557-12;Q13557-3;Q13557-4;Q13557-5;Q13557-6;Q13557-8;Q13557-9	Q13557;Q13557-8;Q13557-10;Q13557-11;Q13557-12;Q13557-3;Q13557-4;Q13557-5;Q13557-6;Q13557-9				1.2783e+06
Q13634;Q13634-2	Q13634;Q13634-2				2.29624e+07
Q13641	Q13641				1.3373e+06
Q13642-5	Q13642;Q13642-1;Q13642-3;Q13642-4;Q13642-5				1.24469e+06
Q13683;Q13683-10;Q13683-3;Q13683-7;Q13683-9	Q13683;Q13683-10;Q13683-13;Q13683-3;Q13683-7;Q13683-9				360653
Q13740;Q13740-2	Q13740;Q13740-2;Q13740-3				3.0541e+07
Q13790	Q13790				2.94055e+06
Q13822-3	Q13822;Q13822-3				2.67132e+08
Q13867	Q13867				2.40792e+06
Q14019	Q14019				9.48299e+06
Q14112;Q14112-2	Q14112;Q14112-2				1.39087e+07
Q14114;Q14114-2;Q14114-3;Q14114-4	Q14114;Q14114-3;Q14114-2;Q14114-4				1.27146e+06
Q14118	Q14118				1.58121e+08
Q14126	Q14126				3.42016e+07
Q14165	Q14165				5.54827e+06
Q14213	Q14213				629293
Q14242;Q14242-2	Q14242;Q14242-2				838286
Q14257;Q14257-2	Q14257;Q14257-2				1.78797e+06
Q14314	Q14314				5.23042e+06
Q14315;Q14315-2	Q14315;Q14315-2				4.01858e+06
Q14393;Q14393-1;Q14393-3;Q14393-4;Q14393-5	Q14393;Q14393-1;Q14393-3;Q14393-4;Q14393-5				7.05577e+06
Q14515	Q14515;Q14515-2				4.75822e+08
Q14517	Q14517				1.37754e+06
Q14520;Q14520-2	Q14520;Q14520-2				5.82428e+06
Q14563	Q14563				650758
Q14574;Q14574-2	Q14574;Q14574-2				2.6572e+06
Q14624	Q14624				8.31565e+07
Q14624-2;Q14624-3;Q14624-4	Q14624-2;Q14624-3;Q14624-4				1.30326e+07
Q14696	Q14696				1.89932e+06
Q14697;Q14697-2	Q14697;Q14697-2				9.65865e+06
Q14766	Q14766;Q14766-4				4.31389e+06
Q14767	Q14767				3.43071e+06
Q14894	Q14894				1.40878e+06
Q14956;Q14956-2	Q14956;Q14956-2				831124
Q14982;Q14982-2;Q14982-3;Q14982-4	Q14982;Q14982-2;Q14982-3;Q14982-4				2.54796e+07
Q14C87	Q14C87;Q14C87-2				7.91884e+06
Q14CZ8	Q14CZ8				3.49868e+06
Q14DG7	Q14DG7;Q14DG7-2				3.5613e+06
Q15063-3	Q15063;Q15063-2;Q15063-3;Q15063-4;Q15063-5;Q15063-6;Q15063-7				4.44218e+06
Q15084;Q15084-2;Q15084-3;Q15084-4;Q15084-5	Q15084;Q15084-2;Q15084-3;Q15084-4;Q15084-5				1.23605e+06
Q15113	Q15113				3.94778e+07
Q15166	Q15166				3.89549e+07
Q15223;Q15223-2;Q15223-3	Q15223;Q15223-2;Q15223-3				3.22106e+07
Q15256	Q15256;Q15256-5				3.60492e+06
Q15262;Q15262-2;Q15262-3;Q15262-4	Q15262;Q15262-2;Q15262-3;Q15262-4				2.24161e+06
Q15293	Q15293;Q15293-2				2.2656e+06
Q15303;Q15303-2;Q15303-3;Q15303-4	Q15303;Q15303-2;Q15303-3;Q15303-4				1.46867e+06
Q15375;Q15375-2;Q15375-4	Q15375;Q15375-2;Q15375-4				3.24124e+06
Q15435;Q15435-2;Q15435-3;Q15435-4;Q15435-5	Q15435;Q15435-2;Q15435-3;Q15435-4;Q15435-5				835814
Q15459;Q15459-2	Q15459;Q15459-2				953656
Q15465	Q15465				1.62185e+06
Q15493;Q15493-2	Q15493;Q15493-2				250656
Q15582	Q15582				7.40196e+07
Q15768	Q15768				5.46974e+06
Q15782;Q15782-5;Q15782-6	Q15782;Q15782-5;Q15782-6				1.62491e+06
Q15818	Q15818				1.04006e+08
Q15828	Q15828				2.80113e+06
Q15846	Q15846				1.42168e+06
Q15847	Q15847				930816
Q15848	Q15848				1.9261e+06
Q15904	Q15904				3.04578e+07
Q16143	Q16143				1.55962e+06
Q16270	Q16270;Q16270-2				1.26471e+08
Q16288;Q16288-2;Q16288-3;Q16288-4;Q16288-5	Q16288;Q16288-2;Q16288-3;Q16288-4;Q16288-5				7.94004e+06
Q16363;Q16363-2	Q16363;Q16363-2				488229
Q16394	Q16394				390494
Q16531	Q16531				1.34972e+06
Q16555;Q16555-2	Q16555;Q16555-2				535515
Q16568	Q16568				3.90019e+06
Q16581	Q16581				4.04047e+06
Q16610;Q16610-4	Q16610;Q16610-2;Q16610-4				5.62667e+07
Q16620;Q16620-2;Q16620-3;Q16620-4;Q16620-5;Q16620-6	Q16620;Q16620-2;Q16620-3;Q16620-4;Q16620-5;Q16620-6				1.5323e+07
Q16623;Q16623-2;Q16623-3	Q16623;Q16623-2;Q16623-3				870833
Q16627;Q16627-2	Q16627;Q16627-2				819582
Q16651	Q16651;Q16651-2				563768
Q16653;Q16653-10;Q16653-11;Q16653-13;Q16653-2;Q16653-3;Q16653-5;Q16653-6;Q16653-7;Q16653-8;Q16653-9	Q16653;Q16653-10;Q16653-11;Q16653-13;Q16653-2;Q16653-3;Q16653-5;Q16653-6;Q16653-7;Q16653-8;Q16653-9				1.25319e+07
Q16658	Q16658				1.69604e+07
Q16674	Q16674				4.55987e+06
Q16706	Q16706				5.50536e+06
Q16769	Q16769				5.38455e+07
Q16775;Q16775-2	Q16775;Q16775-2				1.30625e+06
Q16799	Q16799				1.13005e+06
Q16849	Q16849;Q16849-3;Q16849-2				4.47988e+07
Q16853;Q16853-2	Q16853;Q16853-2				1.56009e+06
Q16881;Q16881-2;Q16881-3;Q16881-4;Q16881-5;Q16881-6;Q16881-7	Q16881;Q16881-4;Q16881-5;Q16881-2;Q16881-3;Q16881-6;Q16881-7				1.3207e+06
Q16891;Q16891-2;Q16891-3;Q16891-4	Q16891;Q16891-2;Q16891-3;Q16891-4				474016
Q17RC7	Q17RC7				6.21991e+07
Q24JP5;Q24JP5-2	Q24JP5;Q24JP5-2;Q24JP5-3				2.32359e+07
Q2TAL6	Q2TAL6				1.80182e+06
Q2UY09	Q2UY09				548333
Q495W5;Q495W5-2	Q495W5;Q495W5-2				2.21128e+06
Q496H8	Q496H8				149936
Q4G0I0	Q4G0I0				387979
Q4G0P3	Q4G0P3;Q4G0P3-10;Q4G0P3-5;Q4G0P3-6;Q4G0P3-8				2.15312e+07
Q4G148;Q4G148-2	Q4G148;Q4G148-2				130705
Q504Y0;Q504Y0-2;Q504Y0-3;Q504Y0-4;Q504Y0-5	Q504Y0;Q504Y0-2;Q504Y0-3;Q504Y0-4;Q504Y0-5				315281
Q53EL9;Q53EL9-3	Q53EL9;Q53EL9-2;Q53EL9-3				2.16372e+07
Q53H76;Q53H76-2;Q53H76-3	Q53H76;Q53H76-2;Q53H76-3				197943
Q53RD9;Q53RD9-2;Q53RD9-3;Q53RD9-4	Q53RD9;Q53RD9-2;Q53RD9-3;Q53RD9-4				8.25665e+06
Q53RT3;Q53RT3-2	Q53RT3;Q53RT3-2				353107
Q562R1	Q562R1				2.30449e+07
Q58EX2;Q58EX2-2;Q58EX2-3;Q58EX2-4	Q58EX2;Q58EX2-2;Q58EX2-3;Q58EX2-4				497466
Q58FF6	Q58FF6				509590
Q5BIV9	Q5BIV9				1.88797e+07
Q5BLP8;Q5BLP8-2;Q5BLP8-3	Q5BLP8;Q5BLP8-2;Q5BLP8-3				2.25504e+07
Q5FWE3;Q5FWE3-3	Q5FWE3;Q5FWE3-3				2.76747e+07
Q5IJ48;Q5IJ48-2;Q5IJ48-3	Q5IJ48;Q5IJ48-2;Q5IJ48-3				5.48813e+06
Q5JRA6;Q5JRA6-2	Q5JRA6;Q5JRA6-2				1.42665e+06
Q5JS37;Q5JS37-2	Q5JS37;Q5JS37-2				643683
Q5JTV8;Q5JTV8-2;Q5JTV8-3	Q5JTV8;Q5JTV8-2;Q5JTV8-3				368064
Q5JZY3;Q5JZY3-2;Q5JZY3-3	Q5JZY3;Q5JZY3-2;Q5JZY3-3				1.56792e+07
Q5KU26	Q5KU26				2.83554e+07
Q5R3F8	Q5R3F8				2.40758e+06
Q5SGD2;Q5SGD2-2;Q5SGD2-3	Q5SGD2;Q5SGD2-2;Q5SGD2-3				1.09789e+06
Q5SRI9	Q5SRI9				1.53445e+06
Q5SZK8;Q5SZK8-2	Q5SZK8;Q5SZK8-2				435933
Q5T013;Q5T013-2;Q5T013-3;Q5T013-4	Q5T013;Q5T013-2;Q5T013-3;Q5T013-4				1.27289e+09
Q5T5C0;Q5T5C0-2	Q5T5C0;Q5T5C0-2				2.40078e+06
Q5T848	Q5T848				4.97664e+06
Q5TAX3;Q5TAX3-2	Q5TAX3;Q5TAX3-2				1.08477e+07
Q5VSG8	Q5VSG8				5.55768e+06
Q5VU97	Q5VU97				3.9161e+06
Q5VUB5	Q5VUB5				1.57938e+06
Q5VV43;Q5VV43-2;Q5VV43-3;Q5VV43-4	Q5VV43;Q5VV43-2;Q5VV43-3;Q5VV43-4				4.41229e+06
Q5VV63	Q5VV63				282991
Q5VWW1	Q5VWW1;Q5VWW1-2;Q5VWW1-3				4.74679e+06
Q5ZPR3;Q5ZPR3-3;Q5ZPR3-4	Q5ZPR3;Q5ZPR3-3;Q5ZPR3-4				606721
Q63HQ2;Q63HQ2-2	Q63HQ2;Q63HQ2-2				328029
Q641Q3;Q641Q3-2	Q641Q3;Q641Q3-2				7.37112e+06
Q658N2	Q658N2				3.3576e+06
Q68BL7;Q68BL7-2;Q68BL7-3	Q68BL7;Q68BL7-2;Q68BL7-3				6.65374e+06
Q68D85	Q68D85				3.69726e+06
Q6E0U4;Q6E0U4-16;Q6E0U4-2;Q6E0U4-3;Q6E0U4-4;Q6E0U4-5;Q6E0U4-6;Q6E0U4-7	Q6E0U4;Q6E0U4-16;Q6E0U4-2;Q6E0U4-3;Q6E0U4-4;Q6E0U4-5;Q6E0U4-6;Q6E0U4-7				691539
Q6EMK4	Q6EMK4				1.39654e+07
Q6FHJ7	Q6FHJ7				1.04488e+07
Q6GTX8;Q6GTX8-2;Q6GTX8-3;Q6GTX8-4;Q6ISS4;Q6ISS4-2	Q6GTX8;Q6ISS4;Q6GTX8-2;Q6GTX8-3;Q6GTX8-4;Q6ISS4-2				2.3701e+06
Q6IBS0	Q12792;Q6IBS0;Q12792-3;Q12792-4				486699
Q6IEE7	Q6IEE7				833598
Q6IS24	Q6IS24				2.30036e+06
Q6MZW2	Q6MZW2;Q6MZW2-2;Q6MZW2-3				8.38372e+06
Q6NUJ2	Q6NUJ2				3.95716e+06
Q6NW40	Q6NW40				3.35555e+07
Q6P0Q8;Q6P0Q8-2	Q6P0Q8;Q6P0Q8-2				1.81917e+07
Q6P179;Q6P179-3	Q6P179;Q6P179-3				556156
Q6P4E1;Q6P4E1-5	Q6P4E1;Q6P4E1-2;Q6P4E1-5				1.11278e+07
Q6P9A2	Q6P9A2				2.29574e+06
Q6PCB0	Q6PCB0				5.47688e+06
Q6PUV4	O14810;Q6PUV4				1.26025e+06
Q6RVD6	Q6RVD6				855356
Q6U841;Q6U841-2;Q6U841-3	Q6U841;Q6U841-2;Q6U841-3				1.48369e+06
Q6UVK1	Q6UVK1				9.28042e+06
Q6UVY6;Q6UVY6-2	Q6UVY6;Q6UVY6-2				1.89249e+06
Q6UW01	Q6UW01				4.37595e+06
Q6UW49	Q6UW49				1.46615e+06
Q6UWH4;Q6UWH4-2	Q6UWH4;Q6UWH4-2				1.7104e+07
Q6UWP8;Q6UWP8-2	Q6UWP8;Q6UWP8-2				153593
Q6UWR7	Q6UWR7				2.36917e+06
Q6UWY5	Q6UWY5				1.04552e+06
Q6UX15;Q6UX15-2	Q6UX15;Q6UX15-2				4.45978e+06
Q6UX71	Q6UX71;Q6UX71-2				3.48129e+07
Q6UX72	Q6UX72				1.27868e+06
Q6UX73;Q6UX73-2	Q6UX73;Q6UX73-2				4.08195e+07
Q6UXB8	Q6UXB8;Q6UXB8-2				7.44189e+06
Q6UXD5-3;Q6UXD5-5	Q6UXD5;Q6UXD5-2;Q6UXD5-3;Q6UXD5-4;Q6UXD5-5;Q6UXD5-6				4.49764e+07
Q6UXF1;Q6UXF1-2	Q6UXF1;Q6UXF1-2				1.47724e+06
Q6UXH9;Q6UXH9-2	Q6UXH9;Q6UXH9-2;Q6UXH9-3				1.38303e+06
Q6UXI9;Q6UXI9-3;Q6UXI9-4;Q6UXI9-5;Q6UXI9-6	Q6UXI9;Q6UXI9-2;Q6UXI9-3;Q6UXI9-4;Q6UXI9-5;Q6UXI9-6				705891
Q6UXK2	Q6UXK2				2.34373e+06
Q6UXK5	Q6UXK5				1.98128e+06
Q6UXZ4;Q6UXZ4-2	Q6UXZ4;Q6UXZ4-2				2.82788e+06
Q6YHK3	Q6YHK3;Q6YHK3-2;Q6YHK3-4				2.3104e+06
Q6ZMI3	Q6ZMI3;Q6ZMI3-2				2.52336e+08
Q6ZMP0;Q6ZMP0-2	Q6ZMP0;Q6ZMP0-2				894322
Q6ZN30;Q6ZN30-2	Q6ZN30;Q6ZN30-2				759003
Q6ZRP7	Q6ZRP7				3.54743e+06
Q6ZSJ9;Q6ZSJ9-2;Q6ZSJ9-3	Q6ZSJ9;Q6ZSJ9-2;Q6ZSJ9-3				1.44896e+07
Q6ZVL6	Q6ZVL6;Q6ZVL6-2				1.03718e+07
Q70JA7	Q70JA7				469239
Q71H61	Q71H61				539577
Q76KP1	Q76KP1				1.15762e+06
Q76LX8;Q76LX8-2;Q76LX8-3;Q76LX8-4	Q76LX8;Q76LX8-2;Q76LX8-3;Q76LX8-4				127820
Q76M96;Q76M96-2	Q76M96;Q76M96-2				479151
Q7KYR7;Q7KYR7-1;Q7KYR7-4;Q7KYR7-5;Q7KYR7-6;Q8WVV5;Q8WVV5-2;Q8WVV5-3	Q7KYR7;Q8WVV5;Q7KYR7-4;Q7KYR7-1;Q7KYR7-5;Q7KYR7-6;Q8WVV5-2;Q8WVV5-3				479517
Q7L014	Q7L014				2.90822e+07
Q7L0X0	Q7L0X0				6.68698e+06
Q7L985	Q7L985				233771
Q7LFX5	Q7LFX5				7.77228e+06
Q7LGC8	Q7LGC8				733168
Q7Z2D5;Q7Z2D5-3	Q7Z2D5;Q7Z2D5-3				151775
Q7Z304	Q7Z304				1.29136e+06
Q7Z3B1	Q7Z3B1;Q7Z3B1-2				1.35674e+08
Q7Z3D4	Q7Z3D4				714547
Q7Z408;Q7Z408-4	Q7Z408;Q7Z408-4				152140
Q7Z553;Q7Z553-3	Q7Z553;Q7Z553-2;Q7Z553-3				1.90237e+06
Q7Z5A7;Q7Z5A7-2	Q7Z5A7;Q7Z5A7-2;Q7Z5A7-3				5.91709e+06
Q7Z5L0	Q7Z5L0				1.50198e+06
Q7Z5L3	Q7Z5L3				158299
Q7Z5L7;Q7Z5L7-2;Q7Z5L7-3	Q7Z5L7;Q7Z5L7-2;Q7Z5L7-3;Q7Z5L7-4				828392
Q7Z6L0;Q7Z6L0-2;Q7Z6L0-3	Q7Z6L0;Q7Z6L0-2;Q7Z6L0-3				523684
Q7Z6M3;Q7Z6M3-2	Q7Z6M3;Q7Z6M3-2				991567
Q7Z7G0	Q7Z7G0;Q7Z7G0-3;Q7Z7G0-4				2.13988e+06
Q7Z7H5;Q7Z7H5-3	Q7Z7H5;Q7Z7H5-2;Q7Z7H5-3				2.80483e+06
Q7Z7M0	Q7Z7M0;Q7Z7M0-2				4.67208e+07
Q7Z7M8	Q7Z7M8				2.99817e+06
Q7Z7M9	Q7Z7M9				587667
Q86SF2	Q86SF2				4.28743e+06
Q86SJ2	Q86SJ2				242347
Q86SQ4;Q86SQ4-2;Q86SQ4-3;Q86SQ4-4	Q86SQ4;Q86SQ4-2;Q86SQ4-3;Q86SQ4-4				95592
Q86SR1	Q86SR1;Q86SR1-2;Q86SR1-3				4.04517e+06
Q86T13	Q86T13				96537.7
Q86TE4;Q86TE4-4	Q86TE4;Q86TE4-4				2.72516e+06
Q86TH1	Q86TH1				2.06854e+06
Q86TY3;Q86TY3-2	Q86TY3;Q86TY3-2				1.92768e+07
Q86UD1	Q86UD1				6.00691e+06
Q86UN2	Q86UN2				5.32147e+06
Q86UN3	Q86UN3;Q86UN3-2				2.30842e+07
Q86UP0;Q86UP0-2	Q86UP0;Q86UP0-2				7.70833e+06
Q86UW8	Q86UW8				2.37581e+06
Q86UX2	Q86UX2;Q86UX2-2;Q86UX2-3				1.66289e+07
Q86V85	Q86V85				284415
Q86VB7;Q86VB7-2;Q86VB7-3;Q86VB7-4	Q86VB7;Q86VB7-2;Q86VB7-3;Q86VB7-4				1.64289e+07
Q86VP6;Q86VP6-2	Q86VP6;Q86VP6-2				170810
Q86VR8	Q86VR8				1.28841e+06
Q86VV8;Q86VV8-3	Q86VV8;Q86VV8-2;Q86VV8-4;Q86VV8-3				9.73799e+06
Q86VZ4	Q86VZ4				4.50869e+06
Q86X29;Q86X29-2;Q86X29-3;Q86X29-4;Q86X29-5;Q86X29-6	Q86X29;Q86X29-2;Q86X29-3;Q86X29-4;Q86X29-5;Q86X29-6				7.58154e+06
Q86XR7-2;Q9Y3B3;Q9Y3B3-2	Q9Y3B3;Q86XR7-2;Q9Y3B3-2				1.84731e+06
Q86Y38	Q86Y38				2.33909e+06
Q86Y82	Q86Y82				1.48116e+06
Q86YD3;Q86YD3-2;Q86YD3-4;Q86YD3-5	Q86YD3;Q86YD3-2;Q86YD3-3;Q86YD3-4;Q86YD3-5				6.84457e+06
Q86YT9;Q86YT9-2;Q86YT9-3;Q86YT9-4	Q86YT9;Q86YT9-2;Q86YT9-3;Q86YT9-4				812367
Q8IUC8	Q8IUC8;Q8IUC8-3;Q8IUC8-2				4.21542e+06
Q8IUK5;Q8IUK5-2;Q8IUK5-3	Q8IUK5;Q8IUK5-2;Q8IUK5-3;Q8IUK5-4				1.37227e+07
Q8IUK8	Q8IUK8				2.66056e+07
Q8IUX7	Q8IUX7;Q8IUX7-2				1.24971e+07
Q8IV08	Q8IV08				9.62186e+06
Q8IW45;Q8IW45-2;Q8IW45-4	Q8IW45;Q8IW45-2;Q8IW45-4				92173.5
Q8IW52	Q8IW52				4.10238e+06
Q8IWT1	Q8IWT1				1.81834e+06
Q8IWU5;Q8IWU5-2	Q8IWU5;Q8IWU5-2				4.75392e+07
Q8IWV2	Q8IWV2				6.67467e+06
Q8IWY4	Q8IWY4				1.87991e+06
Q8IXL6	Q8IXL6				4.87256e+06
Q8IYE1	Q8IYE1				1.1649e+08
Q8IYJ0;Q8IYJ0-2	Q8IYJ0;Q8IYJ0-2				5.61917e+07
Q8IYS5-2;Q8IYS5-3;Q8IYS5-6	Q8IYS5;Q8IYS5-2;Q8IYS5-3;Q8IYS5-4;Q8IYS5-5;Q8IYS5-6;Q8IYS5-7				4.17446e+07
Q8IZ52	Q8IZ52				29549.4
Q8IZA0;Q8IZA0-2	Q8IZA0;Q8IZA0-2				2.82538e+06
Q8IZF2;Q8IZF2-2;Q8IZF2-3	Q8IZF2;Q8IZF2-2;Q8IZF2-3				97021.3
Q8IZJ1;Q8IZJ1-2	Q8IZJ1;Q8IZJ1-2				1.40444e+06
Q8IZJ3;Q8IZJ3-2	Q8IZJ3;Q8IZJ3-2				684502
Q8IZP7	Q8IZP7				2.27713e+07
Q8IZS8	Q8IZS8;Q8IZS8-2;Q8IZS8-3				4.40708e+06
Q8N111	Q8N111				737131
Q8N114;Q8N114-2	Q8N114;Q8N114-2				2.22158e+07
Q8N126;Q8N126-2	Q8N126;Q8N126-2;Q8N126-3				3.50404e+07
Q8N149;Q8N149-2;Q8N149-3;Q8N149-4	Q8N149;Q8N149-2;Q8N149-3;Q8N149-4				3.01834e+06
Q8N2Q7;Q8N2Q7-2	Q8N2Q7;Q8N2Q7-2				2.2033e+06
Q8N2S1;Q8N2S1-2;Q8N2S1-3	Q8N2S1;Q8N2S1-2;Q8N2S1-3				1.28918e+07
Q8N3G9;Q8N3G9-2;Q8N3G9-3	Q8N3G9;Q8N3G9-2;Q8N3G9-3				411179
Q8N3H0	Q8N3H0				1.51918e+06
Q8N3J2	Q8N3J2				3.46448e+07
Q8N3J6;Q8N3J6-2;Q8N3J6-3;Q8N3J6-4;Q8N3J6-5	Q8N3J6;Q8N3J6-2;Q8N3J6-3;Q8N3J6-4;Q8N3J6-5				9.09365e+06
Q8N3T1	Q8N3T1				2.51459e+06
Q8N3T6	Q8N3T6				4.70715e+06
Q8N3Z0	Q8N3Z0				754457
Q8N428	Q8N428;Q8N428-2				1.32484e+07
Q8N436	Q8N436				6.54254e+06
Q8N474	Q8N474				513732
Q8N475;Q8N475-2	Q8N475;Q8N475-2;Q8N475-3				2.59864e+06
Q8N608;Q8N608-2;Q8N608-3;Q8N608-4	Q8N608;Q8N608-2;Q8N608-3;Q8N608-4				1.16097e+06
Q8N6C5;Q8N6C5-2;Q8N6C5-4	Q8N6C5;Q8N6C5-2;Q8N6C5-4				2.38058e+06
Q8N729	Q8N729				521953
Q8N8Z6;Q8N8Z6-2	Q8N8Z6;Q8N8Z6-2				2.04155e+06
Q8N967	Q8N967				1.22004e+06
Q8NBI6	Q8NBI6				4.66185e+06
Q8NBJ4;Q8NBJ4-2	Q8NBJ4;Q8NBJ4-2				3.5593e+07
Q8NBJ7;Q8NBJ7-2	Q8NBJ7;Q8NBJ7-2;Q8NBJ7-3				651922
Q8NBP7	Q8NBP7				1.13378e+06
Q8NBS9;Q8NBS9-2	Q8NBS9;Q8NBS9-2				1.96785e+06
Q8NC42	Q8NC42				734015
Q8NCC3	Q8NCC3;Q8NCC3-2				1.98743e+06
Q8NCH0	Q8NCH0				525327
Q8NCL4	Q8NCL4				9.34486e+06
Q8NCW5	Q8NCW5;Q8NCW5-2				4.89058e+06
Q8NDA2;Q8NDA2-2;Q8NDA2-4	Q8NDA2;Q8NDA2-2;Q8NDA2-4				721409
Q8NEP3;Q8NEP3-2;Q8NEP3-3	Q8NEP3;Q8NEP3-2;Q8NEP3-3				2.26829e+09
Q8NES3;Q8NES3-3	Q8NES3;Q8NES3-2;Q8NES3-3;Q8NES3-4				1.13161e+07
Q8NEY1;Q8NEY1-2;Q8NEY1-3;Q8NEY1-4;Q8NEY1-6;Q8NEY1-7	Q8NEY1;Q8NEY1-2;Q8NEY1-3;Q8NEY1-4;Q8NEY1-6;Q8NEY1-7				1.73779e+07
Q8NFL0	Q8NFL0				59542.5
Q8NFP4;Q8NFP4-2	Q8NFP4;Q8NFP4-2				613178
Q8NFT8	Q8NFT8				605790
Q8NFY4;Q8NFY4-6	Q8NFY4;Q8NFY4-2;Q8NFY4-3;Q8NFY4-4;Q8NFY4-5;Q8NFY4-6;Q8NFY4-8				3.43998e+06
Q8NFZ4	Q8NFZ4				1.03602e+07
Q8NFZ8	Q8NFZ8				6.59844e+07
Q8NHG7	Q8NHG7				1.79707e+06
Q8NHJ6;Q8NHJ6-2;Q8NHJ6-3	Q8NHJ6;Q8NHJ6-2;Q8NHJ6-3				3.78109e+06
Q8NHP8	Q8NHP8				4.69774e+06
Q8NHQ9	Q8NHQ9				2.86679e+08
Q8TAB3;Q8TAB3-2;Q8TAB3-3	Q8TAB3;Q8TAB3-2;Q8TAB3-3				2.48907e+06
Q8TAG5;Q8TAG5-2	Q8TAG5;Q8TAG5-2				1.42978e+08
Q8TBP5	Q8TBP5				3.37884e+07
Q8TCZ2	Q8TCZ2;Q8TCZ2-2;Q8TCZ2-3;Q8TCZ2-5;Q8TCZ2-6				6.22205e+07
Q8TDF5;Q8TDF5-1;Q8TDF5-2	Q8TDF5;Q8TDF5-1;Q8TDF5-2				1.13943e+06
Q8TDQ0;Q8TDQ0-2	Q8TDQ0;Q8TDQ0-2				1.79943e+06
Q8TEA8	Q8TEA8				1.78202e+06
Q8TER0;Q8TER0-5	Q8TER0;Q8TER0-3;Q8TER0-4;Q8TER0-5				1.12127e+07
Q8TEU8	Q8TEU8				4.72772e+07
Q8WUJ3	Q8WUJ3;Q8WUJ3-2				3.77264e+06
Q8WVN6	Q8WVN6				2.10806e+06
Q8WVQ1;Q8WVQ1-3	Q8WVQ1;Q8WVQ1-2;Q8WVQ1-3				9.90701e+06
Q8WWX9	Q8WWX9				3.89774e+06
Q8WX77	Q8WX77				466753
Q8WXD2	Q8WXD2				2.75912e+08
Q8WXD2-2	Q8WXD2-2				9.55018e+06
Q8WXS5	Q8WXS5				122251
Q8WY21;Q8WY21-2;Q8WY21-3;Q8WY21-4	Q8WY21;Q8WY21-2;Q8WY21-3;Q8WY21-4				3.72048e+07
Q8WYK1	Q8WYK1				1.99823e+06
Q8WZ75;Q8WZ75-2	Q8WZ75;Q8WZ75-2;Q8WZ75-3				4.57751e+06
Q8WZA1	Q8WZA1;Q8WZA1-2				3.77624e+07
Q92484;Q92484-2	Q92484;Q92484-2				931599
Q92485	Q92485;Q92485-2				4.16713e+06
Q92520	Q92520				6.0002e+08
Q92542;Q92542-2	Q92542;Q92542-2				1.55566e+06
Q92563	Q92563				2.02279e+07
Q92597;Q92597-2;Q92597-3	Q92597;Q92597-2;Q92597-3				1.0856e+06
Q92626	Q92626				844410
Q92673	Q92673				3.76722e+06
Q92692;Q92692-2	Q92692;Q92692-2				2.42888e+06
Q92729;Q92729-2;Q92729-3;Q92729-4	Q92729;Q92729-2;Q92729-3;Q92729-4				544659
Q92743	Q92743				5.0126e+06
Q92752	Q92752;Q92752-2				4.97143e+06
Q92765	Q92765				4.94435e+06
Q92820	Q92820				6.69269e+06
Q92823;Q92823-2;Q92823-5	Q92823;Q92823-2;Q92823-3;Q92823-4;Q92823-5;Q92823-6				4.05744e+08
Q92824;Q92824-2	Q92824;Q92824-2				120630
Q92832;Q92832-2	Q92832;Q92832-2				3.07411e+06
Q92854	Q92854;Q92854-2				3.04927e+06
Q92859;Q92859-2;Q92859-3;Q92859-4	Q92859;Q92859-2;Q92859-3;Q92859-4				2.40825e+07
Q92876	Q92876;Q92876-2				1.65109e+08
Q92896;Q92896-2;Q92896-3	Q92896;Q92896-2;Q92896-3				1.54106e+06
Q92911	Q92911				1.39591e+06
Q92932-2	Q92932;Q92932-2;Q92932-3;Q92932-4				1.52433e+07
Q92935	Q92935				430017
Q92945;Q96AE4;Q96AE4-2	Q92945;Q96AE4;Q96AE4-2				1.42651e+06
Q92954;Q92954-2;Q92954-5;Q92954-6	Q92954;Q92954-2;Q92954-3;Q92954-4;Q92954-5;Q92954-6				1.50569e+07
Q93063;Q93063-3	Q93063;Q93063-2;Q93063-3				3.0968e+06
Q93091	Q93091				2.98213e+06
Q969H8	Q969H8				3.64544e+06
Q969P0;Q969P0-3	Q969P0;Q969P0-3				4.39685e+07
Q969T9	Q969T9;Q969T9-2				9.14055e+06
Q969Z4	Q969Z4				879415
Q96AP7	Q96AP7				6.40183e+06
Q96AQ1;Q96AQ1-2;Q96LY2;Q96LY2-2	Q96LY2;Q96LY2-2;Q96AQ1;Q96AQ1-2				117360
Q96AQ6;Q96AQ6-2	Q96AQ6;Q96AQ6-2				1.56105e+06
Q96B86;Q96B86-3;Q96B86-4	Q96B86;Q96B86-3;Q96B86-4				1.77146e+07
Q96BY9	Q96BY9				1.70587e+06
Q96BZ4	Q96BZ4				5.47845e+06
Q96CG8;Q96CG8-2;Q96CG8-3	Q96CG8;Q96CG8-2;Q96CG8-3				2.66415e+06
Q96CW9;Q96CW9-2	Q96CW9;Q96CW9-2				267783
Q96CX2	Q96CX2				602298
Q96DD7	Q96DD7				138648
Q96DG6	Q96DG6				87843.3
Q96DZ1;Q96DZ1-2;Q96DZ1-3	Q96DZ1;Q96DZ1-2;Q96DZ1-3				179446
Q96EE4	Q96EE4				3.71575e+06
Q96EG1	Q96EG1				294846
Q96EU7	Q96EU7				307477
Q96FE5;Q96FE5-2	Q96FE5;Q7L985;Q96FE5-2				5.95526e+06
Q96FE7-4	Q96FE7;Q96FE7-2;Q96FE7-4;Q96FE7-5				3.93632e+07
Q96FJ2	P63167;Q96FJ2				4.50128e+06
Q96GD0	Q96GD0				1.01816e+06
Q96GW7	Q96GW7;Q96GW7-2				5.20842e+08
Q96HD1;Q96HD1-2	Q96HD1;Q96HD1-2				6.43016e+06
Q96HF1	Q96HF1				307446
Q96HU1;Q96HU1-2	Q96HU1;Q96HU1-2				520267
Q96HY6;Q96HY6-2	Q96HY6;Q96HY6-2				673912
Q96ID5	Q96ID5				1.77936e+07
Q96IU4	Q96IU4;Q96IU4-2				1.1826e+06
Q96IY4	Q96IY4				9.97088e+06
Q96J42;Q96J42-2	Q96J42;Q96J42-2				340531
Q96JA1;Q96JA1-2	Q96JA1;Q96JA1-2				549670
Q96JF0	Q96JF0;Q96JF0-2				2.0815e+07
Q96JP9	Q96JP9				249609
Q96JQ0	Q96JQ0				2.02904e+06
Q96KG7	Q96KG7				671388
Q96KN2	Q96KN2				5.21938e+08
Q96KP4;Q96KP4-2	Q96KP4;Q96KP4-2				376120
Q96KR4;Q96KR4-3	Q96KR4;Q96KR4-3				1.74007e+06
Q96MK3	Q96MK3				161965
Q96MU8;Q96MU8-2;Q96MU8-3	Q96MU8;Q96MU8-2;Q96MU8-3				491889
Q96NI6	Q96NI6				56021.5
Q96NU0;Q96NU0-2;Q9BZ76;Q9BZ76-2	Q96NU0;Q9BZ76;Q9BZ76-2;Q96NU0-2				330908
Q96NZ9	Q96NZ9;Q96NZ9-2;Q96NZ9-4				3.63777e+06
Q96P44;Q96P44-3	Q96P44;Q96P44-3				657700
Q96PD2;Q96PD2-2	Q96PD2;Q96PD2-2				3.06853e+06
Q96PD5	Q96PD5;Q96PD5-2				2.59613e+07
Q96PQ0	Q96PQ0				1.60009e+07
Q96PX8	Q96PX8				2.37524e+07
Q96RP7	Q96RP7				316160
Q96RW7;Q96RW7-2	Q96RW7;Q96RW7-2				522168
Q96S96	Q96S96				3.42828e+07
Q96SM3	Q96SM3				1.10667e+06
Q96TA2;Q96TA2-2;Q96TA2-3	Q96TA2;Q96TA2-2;Q96TA2-3				1.20833e+07
Q99435;Q99435-2;Q99435-3;Q99435-4	Q99435;Q99435-2;Q99435-3;Q99435-4				4.17831e+08
Q99497	Q99497				1.472e+07
Q99519	Q99519				1.6565e+06
Q99523	Q99523;Q99523-2				3.47992e+06
Q99536;Q99536-2;Q99536-3	Q99536;Q99536-2;Q99536-3				303822
Q99538;Q99538-2;Q99538-3	Q99538;Q99538-2;Q99538-3				1.08054e+06
Q99574	Q99574				2.26925e+07
Q99584	Q99584				83337.4
Q99650;Q99650-2	Q99650;Q99650-2				316332
Q99674	Q99674;Q99674-2				3.40472e+07
Q99715;Q99715-4	Q99715;Q99715-2;Q99715-4				1.98028e+06
Q99731	Q99731				92518.1
Q99784	Q99784;Q99784-3;Q99784-5				7.32642e+06
Q99941;Q99941-2	Q99941;Q99941-2				603240
Q99946	Q99946				9.30649e+06
Q99969	Q99969				2.22335e+07
Q99972	Q99972				1.5301e+06
Q99983	Q99983				1.45182e+07
Q99985	Q99985				1.73743e+06
Q9BQ16;Q9BQ16-2	Q9BQ16;Q9BQ16-1;Q9BQ16-2;Q9BQ16-5;Q9BQ16-8;Q9BQ16-9				1.18839e+07
Q9BQS7;Q9BQS7-2;Q9BQS7-3	Q9BQS7;Q9BQS7-2;Q9BQS7-3;Q9BQS7-4				459400
Q9BQT9;Q9BQT9-2	Q9BQT9;Q9BQT9-2				7.61207e+07
Q9BRA2	Q9BRA2				2.75909e+06
Q9BRK3;Q9BRK3-2;Q9BRK3-3	Q9BRK3;Q9BRK3-2;Q9BRK3-3;Q9BRK3-4				2.55306e+06
Q9BRK5	Q9BRK5;Q9BRK5-2;Q9BRK5-5				1.36562e+07
Q9BS26	Q9BS26				1.65085e+06
Q9BSG5;Q9BSG5-2;Q9BSG5-3	Q9BSG5;Q9BSG5-2;Q9BSG5-3				4.15148e+06
Q9BT88	Q9BT88				1.22637e+06
Q9BTY2	Q9BTY2				7.24346e+06
Q9BU40-4;Q9BU40-5	Q9BU40;Q9BU40-3;Q9BU40-4;Q9BU40-5				1.90483e+07
Q9BUD6	Q9BUD6				2.52772e+06
Q9BUJ0	Q9BUJ0				4.72278e+06
Q9BUN1	Q9BUN1				6.05624e+06
Q9BVH7	Q9BVH7				537629
Q9BVK6	Q9BVK6				771106
Q9BWP8;Q9BWP8-10;Q9BWP8-2;Q9BWP8-3;Q9BWP8-4;Q9BWP8-5;Q9BWP8-6;Q9BWP8-7;Q9BWP8-8;Q9BWP8-9	Q9BWP8;Q9BWP8-10;Q9BWP8-2;Q9BWP8-3;Q9BWP8-4;Q9BWP8-5;Q9BWP8-6;Q9BWP8-7;Q9BWP8-8;Q9BWP8-9				1.00381e+06
Q9BWQ8	Q9BWQ8				2.13058e+07
Q9BWS9;Q9BWS9-3	Q9BWS9;Q9BWS9-3				3.12092e+06
Q9BX67;Q9BX67-2	Q9BX67;Q9BX67-2				6.28591e+06
Q9BXJ0	Q9BXJ0				7.21376e+06
Q9BXJ1;Q9BXJ1-2	Q9BXJ1;Q9BXJ1-2				2.34298e+06
Q9BXJ3	Q9BXJ3				1.66263e+07
Q9BXJ4;Q9BXJ4-2;Q9BXJ4-3	Q9BXJ4;Q9BXJ4-2;Q9BXJ4-3				2.20066e+06
Q9BXN1	Q9BXN1				69609.5
Q9BXP8	Q9BXP8				759519
Q9BXR6	Q9BXR6				490567
Q9BY67-2	Q9BY67;Q9BY67-2;Q9BY67-3;Q9BY67-4;Q9BY67-5				5.26107e+07
Q9BY76;Q9BY76-2	Q9BY76;Q9BY76-2				121644
Q9BYC5	Q9BYC5;Q9BYC5-2				419206
Q9BYH1;Q9BYH1-5;Q9BYH1-6;Q9BYH1-7	Q9BYH1;Q9BYH1-2;Q9BYH1-3;Q9BYH1-4;Q9BYH1-5;Q9BYH1-6;Q9BYH1-7				6.25144e+07
Q9BZC7;Q9BZC7-2;Q9BZC7-3;Q9BZC7-4	Q9BZC7;Q9BZC7-2;Q9BZC7-3;Q9BZC7-4				1.05047e+07
Q9BZM5	Q5VY80;Q6H3X3;Q9BZM5;Q6H3X3-2;Q6H3X3-3				779412
Q9BZR6	Q9BZR6				1.63727e+07
Q9C0A0	Q9C0A0;Q96NU0;Q9BZ76;Q9BZ76-2;Q96NU0-2;Q9C0A0-2				1.18964e+07
Q9C0C4	Q9C0C4				381977
Q9GZM5	Q9GZM5				72831
Q9GZP0;Q9GZP0-2	Q9GZP0;Q9GZP0-2				541048
Q9GZP4;Q9GZP4-2	Q9GZP4;Q9GZP4-2				3.16711e+06
Q9GZT8;Q9GZT8-2	Q9GZT8;Q9GZT8-2				440151
Q9GZV7	Q9GZV7				412157
Q9GZX3	Q9GZX3				259549
Q9GZX9	Q9GZX9				3.23141e+06
Q9H008	Q9H008;Q9H008-2				288417
Q9H0Q3;Q9H0Q3-2	Q9H0Q3;Q9H0Q3-2				1.93318e+06
Q9H0R4;Q9H0R4-2	Q9H0R4;Q9H0R4-2				546234
Q9H156;Q9H156-2	Q9H156;Q9H156-2				2.99666e+06
Q9H173	Q9H173				6.49081e+06
Q9H1B5	Q9H1B5				3.08029e+06
Q9H1U4	Q9H1U4				1.09279e+07
Q9H1Z8	Q9H1Z8				2.38335e+07
Q9H251;Q9H251-2;Q9H251-3;Q9H251-4;Q9H251-8	Q9H251;Q9H251-2;Q9H251-3;Q9H251-4;Q9H251-8				366347
Q9H257;Q9H257-2;Q9H257-3	Q9H257;Q9H257-2;Q9H257-3				752889
Q9H299	Q9H299				6.023e+06
Q9H2A7	Q9H2A7				7.43111e+06
Q9H2A9	Q9H2A9				942576
Q9H2B2;Q9H2B2-2	Q9H2B2;Q9H2B2-2				7.03003e+06
Q9H2E6;Q9H2E6-2	Q9H2E6;Q9H2E6-2				8.43932e+06
Q9H2X0;Q9H2X0-5	Q9H2X0;Q9H2X0-5				2.44042e+06
Q9H2X9;Q9H2X9-2	Q9H2X9;Q9H2X9-2				973198
Q9H3G5	Q9H3G5				9.52305e+06
Q9H3S1;Q9H3S1-2	Q9H3S1;Q9H3S1-2				788281
Q9H3S3	Q9H3S3				956015
Q9H3T2;Q9H3T2-3	Q9H3T2;Q9H3T2-2;Q9H3T2-3				334608
Q9H3T3;Q9H3T3-3	Q9H3T3;Q9H3T3-3				1.85555e+06
Q9H492;Q9H492-2	Q9GZQ8;Q9H492;A6NCE7;Q9H492-2				586496
Q9H4D0	Q9H4D0				9.99237e+06
Q9H4F8;Q9H4F8-2	Q9H4F8;Q9H4F8-2				2.55508e+06
Q9H5Y7	Q9H5Y7				99391.2
Q9H6B4	Q9H6B4				1.14655e+06
Q9H6X2;Q9H6X2-2;Q9H6X2-3;Q9H6X2-4;Q9H6X2-5;Q9H6X2-6	Q9H6X2;Q9H6X2-2;Q9H6X2-3;Q9H6X2-4;Q9H6X2-5;Q9H6X2-6				1.64509e+06
Q9H741	Q9H741				1.55268e+06
Q9H7Y0	Q9H7Y0;Q9H7Y0-2				2.36978e+06
Q9H8J5	Q9H8J5				4.34246e+06
Q9H8L6	Q9H8L6				4.96573e+06
Q9H9S5	Q9H9S5				1.26803e+06
Q9HAR2;Q9HAR2-2;Q9HAR2-3;Q9HAR2-4	Q9HAR2;Q9HAR2-2;Q9HAR2-3;Q9HAR2-4				4.8934e+06
Q9HAT2;Q9HAT2-2	Q9HAT2;Q9HAT2-2				6.32057e+06
Q9HB40	Q9HB40;Q9HB40-2				722825
Q9HBR0	Q9HBR0				3.01574e+06
Q9HBT6	Q9HBT6				2.14984e+06
Q9HBW1	Q9HBW1				1.84327e+06
Q9HC38-2	Q9HC38;Q9HC38-2;Q9HC38-3				9.73075e+06
Q9HC56;Q9HC56-2	Q9HC56;Q9HC56-2				5.41239e+06
Q9HC57	Q9HC57				3.83553e+06
Q9HCB6	Q9HCB6				8.06003e+06
Q9HCK4;Q9HCK4-2;Q9HCK4-3	Q9HCK4;Q9HCK4-2;Q9HCK4-3				1.5183e+06
Q9HCL0;Q9HCL0-2	Q9HCL0;Q9HCL0-2				826096
Q9HCU0	Q9HCU0				7.45537e+06
Q9HCU4	Q9HCU4				1.75233e+07
Q9HD45	Q9HD45				281570
Q9HDB5	Q9HDB5;Q9Y4C0;Q9HDB5-2;Q9HDB5-4;Q9Y4C0-3				5.37677e+06
Q9HDC9	Q9HDC9;Q9HDC9-2				1.06588e+06
Q9NP58;Q9NP58-4	Q9NP58;Q9NP58-4				3.10022e+06
Q9NP80;Q9NP80-2;Q9NP80-3	Q9NP80;Q9NP80-2;Q9NP80-3				2.9931e+07
Q9NPC4	Q9NPC4				895056
Q9NPG4	Q9NPG4				1.66712e+06
Q9NPH3;Q9NPH3-2;Q9NPH3-5	Q9NPH3;Q9NPH3-2;Q9NPH3-3;Q9NPH3-5				1.35886e+06
Q9NPR2;Q9NPR2-2	Q9NPR2;Q9NPR2-2				1.28829e+07
Q9NPY3	Q9NPY3				151406
Q9NQ30	Q9NQ30				459638
Q9NQ79;Q9NQ79-2	Q9NQ79;Q9NQ79-2;Q9NQ79-3				1.0355e+08
Q9NQS3;Q9NQS3-2;Q9NQS3-3	Q9NQS3;Q9NQS3-2;Q9NQS3-3				1.57885e+06
Q9NQX5	Q9NQX5				2.33158e+06
Q9NQX7	Q9NQX7;Q9NQX7-2;Q9NQX7-3				434780
Q9NR34	Q9NR34				7.37999e+06
Q9NRB3	Q9NRB3				1.97128e+06
Q9NRN5	Q9NRN5;Q9NRN5-2				8.6138e+07
Q9NRR1	Q9NRR1				1.14794e+07
Q9NRV9	Q9NRV9				495070
Q9NS00;Q9NS00-2	Q9NS00;Q9NS00-2				1.24292e+06
Q9NS15;Q9NS15-2	Q9NS15;Q9NS15-2				451625
Q9NS85;Q9NS85-2	Q9NS85;Q9NS85-2				2.23631e+06
Q9NS98	Q9NS98				1.41097e+07
Q9NSC7	Q9NSC7				3.35915e+06
Q9NT22;Q9NT22-2	Q9NT22;Q9NT22-2				747527
Q9NT99	Q9NT99				1.37642e+07
Q9NTU7	Q9NTU7				1.8292e+07
Q9NU53	Q9NU53				910676
Q9NUQ9	Q9NUQ9;Q9NUQ9-2				1.57751e+06
Q9NX62	Q9NX62				6.91493e+07
Q9NXS2;Q9NXS2-3	Q9NXS2;Q9NXS2-3				762751
Q9NY15	Q9NY15				1.01822e+06
Q9NY33;Q9NY33-4	Q9NY33;Q9NY33-2;Q9NY33-4				1.5575e+06
Q9NY47;Q9NY47-2;Q9NY47-3;Q9NY47-4;Q9NY47-5	Q9NY47;Q9NY47-2;Q9NY47-3;Q9NY47-4;Q9NY47-5				7.75874e+06
Q9NY72	Q9NY72				9.35943e+06
Q9NY97;Q9NY97-2	Q9NY97;Q9NY97-2				6.07866e+06
Q9NYQ8	Q9NYQ8				6.89264e+06
Q9NYX4	Q9NYX4				1.3699e+07
Q9NZ08-2	Q9NZ08;Q9NZ08-2				1.01116e+06
Q9NZ53	Q9NZ53;Q9NZ53-2				9.53924e+06
Q9NZ72;Q9NZ72-2	Q9NZ72;Q9NZ72-2				1.39872e+06
Q9NZ94;Q9NZ94-2;Q9NZ94-3	Q9NZ94;Q9NZ94-2;Q9NZ94-3				1.2602e+06
Q9NZC2;Q9NZC2-2;Q9NZC2-3	Q9NZC2;Q9NZC2-2;Q9NZC2-3				5.12087e+06
Q9NZK5	Q9NZK5				5.10158e+06
Q9NZN1	Q9NZN1				2.42172e+06
Q9NZP8	Q9NZP8				1.46134e+07
Q9NZR2	Q9NZR2				1.45386e+06
Q9NZU0	Q9NZU0				514958
Q9NZU1	Q9NZU1				2.5743e+06
Q9P035	Q9P035				47732.4
Q9P0K1;Q9P0K1-2;Q9P0K1-5	Q9P0K1;Q9P0K1-2;Q9P0K1-3;Q9P0K1-4;Q9P0K1-5				2.18226e+07
Q9P0K9	Q9P0K9				1.42686e+07
Q9P0L0;Q9P0L0-2	Q9P0L0;Q9P0L0-2				3.63505e+06
Q9P0S2	Q9P0S2				358240
Q9P121-4	Q9P121;Q9P121-3;Q9P121-2;Q9P121-4				1.62836e+08
Q9P232	Q9P232				1.27768e+07
Q9P2E7;Q9P2E7-2	Q9P2E7;Q9P2E7-2				5.76111e+06
Q9P2S2	P58401;Q9P2S2				2.3843e+07
Q9UBG0	Q9UBG0				1.7047e+06
Q9UBP4	Q9UBP4				5.34006e+08
Q9UBQ6	Q9UBQ6				1.95439e+07
Q9UBR2	Q9UBR2				1.09585e+07
Q9UBV2;Q9UBV2-2	Q9UBV2;Q9UBV2-2				1.01082e+06
Q9UBX1	Q9UBX1				6.60059e+06
Q9UBX5	Q9UBX5				3.13709e+07
Q9UBX7;Q9UBX7-1;Q9UBX7-3;Q9UBX7-4	Q9UBX7;Q9UBX7-1;Q9UBX7-3;Q9UBX7-4				2.85092e+06
Q9UD71;Q9UD71-2	Q9UD71;Q9UD71-2				131949
Q9UEW3;Q9UEW3-2	Q9UEW3;Q9UEW3-2				1.7905e+06
Q9UF11;Q9UF11-2;Q9UF11-3;Q9UF11-4	Q9UF11;Q9UF11-2;Q9UF11-3;Q9UF11-4				4.63073e+06
Q9UF33	Q9UF33				982352
Q9UFP1	Q9UFP1				4.38489e+06
Q9UGM5;Q9UGM5-2	Q9UGM5;Q9UGM5-2				3.58784e+06
Q9UGV2;Q9UGV2-2;Q9UGV2-3	Q9UGV2;Q9UGV2-2;Q9UGV2-3				687274
Q9UHC6	Q9UHC6				2.18022e+07
Q9UHD9	Q9UHD9				134902
Q9UHF0-2	Q9UHF0-2				4.54794e+06
Q9UHG2	Q9NPY3;Q9UHG2				2.73114e+08
Q9UHG3;Q9UHG3-2	Q9UHG3;Q9UHG3-2				2.48529e+06
Q9UHI8	Q9UHI8				3.02055e+06
Q9UHL4	Q9UHL4				4.88202e+06
Q9UHY7	Q9UHY7;Q9UHY7-2				269617
Q9UI15	Q9UI15				508101
Q9UI42;Q9UI42-2	Q9UI42;Q9UI42-2				487376
Q9UIB8;Q9UIB8-2;Q9UIB8-3;Q9UIB8-4;Q9UIB8-5;Q9UIB8-6	Q9UIB8;Q9UIB8-2;Q9UIB8-3;Q9UIB8-4;Q9UIB8-5;Q9UIB8-6				3.01497e+06
Q9UIQ6;Q9UIQ6-2;Q9UIQ6-3	Q9UIQ6;Q9UIQ6-2;Q9UIQ6-3				408051
Q9UIW2	P51805;Q9UIW2				2.14199e+06
Q9UJ14	Q9UJ14				3.26871e+06
Q9UJ37	Q9UJ37				31304.9
Q9UJ90	Q9UJ90				1.46544e+06
Q9UJ99	Q9UJ99				4.48008e+06
Q9UJA9	Q9UJA9				3.04442e+06
Q9UJH8	Q9UJH8				6.78887e+06
Q9UJJ9	Q9UJJ9				6.54835e+06
Q9UJQ1;Q9UJQ1-2	Q9UJQ1;Q9UJQ1-2				1.26445e+06
Q9UK22	Q9UK22				1.18031e+06
Q9UK28	Q9UK28				1.10529e+06
Q9UK55	Q9UK55				3.16398e+06
Q9UKB5	Q9UKB5				2.18216e+07
Q9UKJ1-3	Q9UKJ1;Q9UKJ1-2;Q9UKJ1-3;Q9UKJ1-4				1.71488e+06
Q9UKK9	Q9UKK9				514775
Q9UKM7	Q9UKM7				3.37596e+06
Q9UKQ2;Q9UKQ2-2	Q9UKQ2;Q9UKQ2-2				1.23615e+06
Q9UKU6	Q9UKU6				326752
Q9UKU9	Q9UKU9;Q9UKU9-2				3.4982e+06
Q9UKZ4;Q9UKZ4-2	Q9UKZ4;Q9UKZ4-2				689636
Q9ULB1-2;Q9ULB1-3	P58400;Q9ULB1-2;Q9ULB1-3				5.4115e+07
Q9ULB4	Q9ULB4				3.7971e+06
Q9ULB5	Q9ULB5				1.73397e+06
Q9ULF5	Q9ULF5				2.61266e+07
Q9ULH4	Q9ULH4				1.3751e+06
Q9ULI3;Q9ULI3-2	Q9ULI3;Q9ULI3-2				1.18679e+07
Q9ULL4;Q9ULL4-2	Q9ULL4;Q9ULL4-2				1.34e+06
Q9ULP0-3;Q9ULP0-6	Q9ULP0;Q9ULP0-2;Q9ULP0-3;Q9ULP0-4;Q9ULP0-5;Q9ULP0-6;Q9ULP0-7;Q9ULP0-8				2.00571e+06
Q9ULX7	Q9ULX7				2.41052e+06
Q9ULZ3;Q9ULZ3-2;Q9ULZ3-3	Q9ULZ3;Q9ULZ3-2;Q9ULZ3-3				28274.1
Q9ULZ9;Q9ULZ9-2	Q9ULZ9;Q9ULZ9-2				1.8575e+06
Q9UM21;Q9UM21-2	Q9UM21;Q9UM21-2				506713
Q9UM22	Q9UM22;Q9UM22-3				5.18561e+06
Q9UM47	Q9UM47				1.0676e+06
Q9UMF0	Q9UMF0				2.41632e+07
Q9UMX5	Q9UMX5				1.01258e+07
Q9UN36-2;Q9UN36-6	Q9UN36;Q9UN36-2;Q9UN36-3;Q9UN36-5;Q9UN36-6				7.45332e+06
Q9UN67;Q9Y5E1	Q9UN67;Q9Y5E1				277116
Q9UN70;Q9UN70-2	Q9UN70;Q9UN70-2				5.19008e+06
Q9UN72;Q9UN72-2;Q9UN75;Q9UN75-2;Q9Y5H6;Q9Y5H6-2;Q9Y5H7;Q9Y5H7-2;Q9Y5H7-3;Q9Y5H8;Q9Y5H8-2;Q9Y5I0;Q9Y5I0-2;Q9Y5I1;Q9Y5I1-2	Q9UN72;Q9Y5H8;Q9UN75;Q9Y5H6;Q9Y5H7;Q9Y5I0;Q9Y5I1;Q9UN72-2;Q9UN75-2;Q9Y5H6-2;Q9Y5H7-2;Q9Y5H7-3;Q9Y5H8-2;Q9Y5I0-2;Q9Y5I1-2				281270
Q9UNN8	Q9UNN8				8.40275e+06
Q9UNW1	Q9UNW1;Q9UNW1-4				6.32343e+06
Q9UP79	Q9UP79				1.70267e+06
Q9UPU3	Q9UPU3				2.48718e+07
Q9UQ52	Q9UQ52				4.02467e+06
Q9UQM7;Q9UQM7-2	Q9UQM7;Q9UQM7-2				8.3218e+06
Q9Y227;Q9Y227-2	Q9Y227;Q9Y227-2				1.16945e+06
Q9Y240	Q9Y240				7.66798e+06
Q9Y274	Q9Y274;Q9Y274-2				2.65419e+06
Q9Y279;Q9Y279-2	Q9Y279;Q9Y279-2				5.02937e+06
Q9Y287	Q9Y287;Q9Y287-2				1.47169e+07
Q9Y2C2	Q9Y2C2				236176
Q9Y2E5;Q9Y2E5-2	Q9Y2E5;Q9Y2E5-2				1.31315e+06
Q9Y2I2;Q9Y2I2-1;Q9Y2I2-2;Q9Y2I2-4;Q9Y2I2-5;Q9Y2I2-6	Q9Y2I2;Q9Y2I2-1;Q9Y2I2-2;Q9Y2I2-4;Q9Y2I2-5;Q9Y2I2-6				4.56749e+06
Q9Y2J0;Q9Y2J0-2	Q9Y2J0;Q9Y2J0-2				3.44604e+06
Q9Y2T3;Q9Y2T3-3	Q9Y2T3;Q9Y2T3-2;Q9Y2T3-3				1.75851e+07
Q9Y2Z0;Q9Y2Z0-2	Q9Y2Z0;Q9Y2Z0-2				655762
Q9Y334;Q9Y334-2	Q9Y334;Q9Y334-2				986227
Q9Y3C5	Q9Y3C5				2.55531e+06
Q9Y490	Q9Y490				76284
Q9Y4C0-4	Q9HDB5-3;Q9HDB5-4;Q9Y4C0-4				3.34136e+07
Q9Y4D7	Q9Y4D7				7.93957e+07
Q9Y4L1	Q9Y4L1				1.02812e+07
Q9Y5F6-2	Q9Y5F6;Q9Y5F6-2				3.02753e+07
Q9Y5G9;Q9Y5G9-2	Q9Y5G6;Q9Y5G9;Q9Y5H0;Q9Y5H1;Q9Y5G6-2;Q9Y5G9-2;Q9Y5H0-2;Q9Y5H1-2				1.73938e+06
Q9Y5I4;Q9Y5I4-2	Q9Y5I4;Q9Y5I4-2				1.17016e+07
Q9Y5L2	Q9Y5L2				5.21395e+06
Q9Y5Y7	Q9Y5Y7				2.44858e+07
Q9Y617	Q9Y617;Q9Y617-2				4.41648e+06
Q9Y625	Q9Y625				1.06299e+06
Q9Y639;Q9Y639-1;Q9Y639-3;Q9Y639-4;Q9Y639-5	Q9Y639;Q9Y639-1;Q9Y639-3;Q9Y639-4;Q9Y639-5				3.87789e+06
Q9Y646	Q9Y646				3.96432e+07
Q9Y653;Q9Y653-2;Q9Y653-3	Q9Y653;Q9Y653-2;Q9Y653-3;Q9Y653-4;Q9Y653-5				3.5558e+07
Q9Y696	Q9Y696				1.69142e+06
Q9Y6C2	Q9Y6C2				2.21444e+06
Q9Y6N6	Q9Y6N6				815709
Q9Y6N7;Q9Y6N7-2;Q9Y6N7-4	Q9Y6N7;Q9Y6N7-2;Q9Y6N7-3;Q9Y6N7-4;Q9Y6N7-5;Q9Y6N7-6				1.54563e+07
Q9Y6N8	Q9Y6N8				2.97693e+06
Q9Y6R7	Q9Y6R7				1.99987e+07
Q9Y6X5	Q9Y6X5				1.56266e+06
Q9Y6Y8;Q9Y6Y8-2	Q9Y6Y8;Q9Y6Y8-2				2.57539e+07
