Protein.Group	Protein.Ids	Protein.Names	Genes	First.Protein.Description	/fs/pool/pool-mann-projects/Johannes/Jakob_AD_CSF_data/Berlin_cohort_Sweden_mag_speclib_OBO/All_Raw/20190228_QX1_PhGe_SA_EASY12-10_Deigendesch_C11_129190335.mzML
A0A075B6H7;A0A0C4DH55;P01624	P01624;A0A075B6H7;A0A0C4DH55				2.63019e+08
A0A075B6H9	A0A075B6H9				1.73349e+07
A0A075B6I0	A0A075B6I0				1.30171e+08
A0A075B6I1	A0A075B6I1				2.51729e+06
A0A075B6I9	A0A075B6I9				4.11303e+06
A0A075B6J1;A0A0A0MRZ9	A0A075B6J1;A0A0A0MRZ9				2.56781e+06
A0A075B6J9	A0A075B6J9				3.02593e+07
A0A075B6K4	A0A075B6K0;A0A075B6K4				6.93119e+06
A0A075B6K5	A0A075B6K5				7.56908e+06
A0A075B6P5;P01615	P01615;A0A075B6P5				8.25501e+07
A0A075B6R2	A0A075B6R2				6.10775e+06
A0A075B6R9;A0A0C4DH68	A0A075B6R9;A0A0C4DH68				1.83243e+07
A0A075B6S2	A0A075B6S2;A2NJV5				1.12356e+08
A0A075B6S5	A0A075B6S5;A0A0C4DH67;A0A0C4DH69				3.16595e+07
A0A087WSX0	A0A087WSX0				3.6069e+06
A0A087WSY6	A0A087WSY6				1.32171e+08
A0A087WSZ0	A0A087WSZ0				360576
A0A087WW87;P01614	P01614;A0A087WW87				44716.6
A0A0A0MRZ8;P04433	P04433;A0A0A0MRZ8				7.31248e+07
A0A0A0MS15	A0A0A0MS15				8.84913e+06
A0A0B4J1U3	A0A0B4J1U3				8.9214e+06
A0A0B4J1U7	A0A0B4J1U7				6.52185e+06
A0A0B4J1V0	A0A0B4J1V0				3.60795e+06
A0A0B4J1V2	A0A0B4J1V2				1.07847e+06
A0A0B4J1V6	A0A0B4J1V6				1.41862e+06
A0A0B4J1X5	P01764;P01768;P01772;P01767;A0A0B4J1X5;A0A0C4DH42;P0DP02;P0DP03				6.58946e+07
A0A0B4J1Y8	A0A0B4J1Y8				3.88507e+06
A0A0B4J1Y9	A0A0B4J1Y9				6.32627e+07
A0A0B4J2D9;P0DP09	A0A0B4J2D9;P0DP09				3.3793e+06
A0A0C4DH24	A0A0C4DH24				3.18955e+06
A0A0C4DH25	A0A0C4DH25				3.72634e+07
A0A0C4DH31	A0A0C4DH31				995966
A0A0C4DH33	A0A0C4DH33				660476
A0A0C4DH34	A0A0C4DH34				4.04271e+06
A0A0C4DH36	A0A0C4DH36				5.14463e+06
A0A0C4DH38	A0A0C4DH38;A0A0J9YXX1				1.38064e+07
A0A0C4DH43	A0A0C4DH43				3.55255e+06
A0A0C4DH67;A0A0C4DH69	A0A0C4DH67;A0A0C4DH69				2.15738e+06
A0A0G2JS06	A0A0G2JS06				2.92208e+06
A0A0J9YX35	A0A0J9YX35				5.80264e+06
A0A0J9YXX1	A0A0J9YXX1				1.37977e+07
A0M8Q6	P0CG04;P0DOY2;A0M8Q6;P0CF74;B9A064;P0DOX8				7.8514e+07
A1L4H1	A1L4H1				4.81216e+06
A2RU67	A2RU67				922395
A6BM72;A6BM72-2;A6BM72-4	A6BM72;A6BM72-2;A6BM72-4				1.09162e+06
A6NCE7;Q9GZQ8	Q9GZQ8;A6NCE7				171062
A6NGN9	A6NGN9				1.11294e+07
A6NHG4;P30046;P30046-2	P30046;A6NHG4;P30046-2				3.17262e+06
A6NL88	A6NL88				5.221e+06
A6NLU5	A6NLU5				2.98957e+07
A6NML5	A6NML5				3.56958e+06
A8MTW9	A8MTW9				3.40753e+06
B4DS77;B4DS77-2;B4DS77-3	B4DS77;B4DS77-2;B4DS77-3				262603
B9A064;P0DOX8	B9A064;P0DOX8				1.41008e+08
C9JVW0	C9JVW0				6.04277e+06
I3L3R5	I3L3R5				553837
O00115;O00115-2	O00115;O00115-2				5.01416e+06
O00142;O00142-2;O00142-3;O00142-4;O00142-5;O00142-6	O00142;O00142-2;O00142-3;O00142-4;O00142-5;O00142-6				4.86701e+07
O00233;O00233-2	O00233;O00233-2				115974
O00244	O00244				841848
O00264	O00264;O00264-2				3.36357e+06
O00299	O00299				727185
O00339;O00339-2;O00339-3	O00339;O00339-2;O00339-3				1.63701e+06
O00391	O00391;O00391-2				2.35588e+07
O00451	O00451;O00451-2;O00451-3				2.87476e+07
O00461	O00461				7.99111e+06
O00462	O00462				8.70927e+06
O00468-6	O00468-6;O00468-7				3.12234e+07
O00469;O00469-2;O00469-3	O00469;O00469-2;O00469-3				232116
O00533	O00533				1.51393e+07
O00533-2	O00533;O00533-2				3.14551e+08
O00560;O00560-2;O00560-3	O00560;O00560-2;O00560-3				530258
O00567	O00567				285278
O00584	O00584				9.12294e+06
O00754;O00754-2	O00754;O00754-2				2.7057e+06
O14498	O14498				2.46261e+07
O14514	O14514				3.27418e+06
O14522	O14522;O14522-1				2.38629e+06
O14525;O14525-2;O14525-3	O14525;O14525-2;O14525-3				1.43505e+06
O14594	O14594				6.27314e+07
O14657	O14657				13449.5
O14668;O14668-2	O14668;O14668-2				1.52249e+06
O14672	O14672				3.10487e+06
O14733;O14733-2;O14733-3;O14733-4	O14733;O14733-2;O14733-3;O14733-4				3.49331e+07
O14773	O14773				1.87428e+07
O14786	O14786;O14786-2;O14786-3				6.79388e+06
O14791-2	O14791;O14791-2;O14791-3				1.01214e+07
O14793	O14793				2.72207e+06
O14810	O14810;Q6PUV4				369830
O14917;O14917-2	O14917;O14917-2				5.0522e+06
O15031	O15031				1.34718e+07
O15041;O15041-2	O15041;O15041-2				440968
O15126;O15126-2	O15126;O15126-2				1.07586e+07
O15197;O15197-3	O15197;O15197-3				1.01527e+07
O15204;O15204-2	O15204;O15204-2				679312
O15230	O15230				3.71948e+06
O15232;O15232-2	O15232;O15232-2				1.7172e+06
O15240	O15240				2.36431e+08
O15335	O15335				3.8532e+06
O15354	O15354				2.54095e+07
O15394	O15394;O15394-2				3.88717e+07
O15400;O15400-2	O15400;O15400-2				607071
O15466;O15466-2	O15466;O15466-2				2.3296e+06
O43155	O43155				875715
O43157	O43157;O43157-2;O43157-3				5.26365e+06
O43173	O43173				3.29714e+06
O43240	O43240				1.63727e+06
O43278;O43278-2	O43278;O43278-2				1.77904e+06
O43291	O43291				9.64436e+06
O43300	O43300				3.56801e+06
O43405;O43405-2	O43405;O43405-2				1.41639e+07
O43493;O43493-3;O43493-5;O43493-7	O43493;O43493-3;O43493-5;O43493-4;O43493-6;O43493-7				3.01619e+07
O43504	O43504				4.45349e+06
O43505	O43505				4.99073e+08
O43508-2	O43508;O43508-2				2.33041e+06
O43529	O43529				5.72482e+06
O43556;O43556-3;O43556-4	O43556;O43556-3;O43556-4				9.3836e+06
O43567	O43567;O43567-2				2.31352e+06
O43581-2;O43581-3;O43581-5	O43581;O43581-2;O43581-3;O43581-4;O43581-5;O43581-6				563726
O43736;O43736-2	O43736;O43736-2				390791
O43827	O43827				1.75786e+06
O43852;O43852-3;O43852-5	O43852;O43852-10;O43852-11;O43852-12;O43852-13;O43852-14;O43852-2;O43852-3;O43852-4;O43852-5;O43852-6;O43852-7;O43852-8;O43852-9				739748
O43854;O43854-2	O43854;O43854-2				105438
O43866	O43866				3.14263e+06
O43897;O43897-2	O43897;O43897-2				1.46125e+06
O43909	O43909				467462
O43916	O43916				2.52488e+06
O60241;O60241-2;O60241-3;O60241-4	O60241;O60241-2;O60241-3;O60241-4				4.4779e+06
O60242	O60242				1.81522e+06
O60243	O60243;O60243-2				5.47518e+06
O60245;O60245-2	O60245;O60245-2				4.10544e+06
O60279	O60279				1.87984e+07
O60291;O60291-2;O60291-3;O60291-4	O60291;O60291-2;O60291-3;O60291-4				3.70882e+06
O60330;O60330-2	O60330;Q9Y5G5;Q9Y5G8;Q9Y5G9;O60330-2;Q9Y5G5-2;Q9Y5G8-2;Q9Y5G9-2				1.10904e+06
O60449;O60449-2;O60449-3	O60449;O60449-2;O60449-3				1.15934e+06
O60462;O60462-2;O60462-3;O60462-4;O60462-5	O60462;O60462-2;O60462-3;O60462-4;O60462-5;O60462-6				6.72027e+06
O60476	O60476				4.1261e+06
O60477	O60477;O60477-3				388367
O60512	O60512				985757
O60565	O60565				264140
O60568	O60568				6.30008e+06
O60613	O60613				938465
O60741	O60741				577127
O60883	O60883				1.28244e+08
O60888-3	O60888;O60888-2;O60888-3				1.12421e+07
O60909;O60909-2;O60909-3	O60909;O60909-2;O60909-3				223818
O60939	O60939				3.86145e+06
O75051;O75051-2	O75051;O75051-2				2.1547e+06
O75063	O75063				2.4131e+06
O75071	O75071				8.60331e+06
O75077;O75077-2;O75077-3	O75077;O75077-2;O75077-3				1.06096e+07
O75078	O75078;O75078-2				3.91549e+06
O75083	O75083;O75083-3				2.51689e+06
O75084;Q14332	O75084;Q14332				286954
O75096	O75096				369356
O75144;O75144-2	O75144;O75144-2;O75144-3				2.44854e+07
O75173;O75173-2	O75173;O75173-2				1.46235e+07
O75223	O75223				1.08315e+06
O75326	O75326;O75326-2				4.64647e+07
O75340;O75340-2	O75340;O75340-2				90454.6
O75347	O75347;O75347-2				1.36414e+06
O75354;O75354-2;O75354-3	O75354;O75354-2;O75354-3				1.53613e+06
O75363-2	O75363;O75363-2				197804
O75368	O75368				2.24326e+06
O75467;Q6AW86	O75467;Q6AW86				9.51e+06
O75493	O75493				8.32112e+06
O75503	O75503				3.73903e+06
O75509	O75509				2.29038e+07
O75629	O75629				1.22903e+06
O75636;O75636-2	O75636;O75636-2				602496
O75711	O75711				1.15997e+08
O75752	O75752				4.34667e+06
O75781;O75781-2	O75781;O75781-2				4.20518e+06
O75787;O75787-2	O75787;O75787-2				1.52594e+07
O75828	O75828				672271
O75874	O75874				696916
O75882;O75882-2;O75882-3	O75882;O75882-2;O75882-3				1.14675e+07
O75973	O75973				698165
O75976	O75976				5.34661e+06
O76061	O76061				3.72377e+06
O76070	O76070				2.02218e+06
O94760	O94760;O94760-2				3.66204e+06
O94766	O94766;Q9NPZ5				1.30131e+06
O94769	O94769;O94769-2				6.70531e+06
O94772;O94772-2	O94772;O94772-2				1.96698e+08
O94779;O94779-2	O94779;O94779-2;O94779-4				1.7998e+06
O94856-11	O94856;O94856-10;O94856-11;O94856-12;O94856-13;O94856-3;O94856-4;O94856-5;O94856-6;O94856-7;O94856-8;O94856-9				5.09438e+07
O94898	O94898				754049
O94910	O94910;O94910-2				1.58521e+07
O94919	O94919				2.73295e+07
O94933	O94933				3.01043e+06
O94973;O94973-2	O94973;O94973-2				499026
O94985	O94985				1.89728e+06
O94985-2	O94985;O94985-2				4.04774e+08
O94991	O94991;O94991-2				1.22829e+07
O95084	O95084;O95084-2				1.4894e+06
O95156	O95156				770452
O95157	O95157				1.14626e+06
O95158	O95158				2.1178e+07
O95159	O95159				681524
O95164	O95164				350796
O95185;O95185-2	O95185;O95185-2				5.57794e+06
O95196;O95196-2	O95196;O95196-2				1.58452e+07
O95206;O95206-2	O95206;O95206-2				8.9629e+06
O95297;O95297-2;O95297-3	O95297;O95297-2;O95297-3;O95297-4				1.14567e+06
O95336	O95336				2.33443e+06
O95390	O95390				3.71784e+06
O95428;O95428-5;O95428-6	O95428;O95428-2;O95428-4;O95428-5;O95428-6				5.41015e+06
O95445	O95445;O95445-2				3.0523e+06
O95450;O95450-2	O95450;O95450-2				2.03084e+06
O95467	O95467				2.96389e+06
O95477	O95477				1.0498e+06
O95479;O95479-2	O95479;O95479-2				524272
O95490;O95490-2;O95490-3;O95490-4;O95490-5;O95490-6;O95490-7	O95490;O95490-2;O95490-3;O95490-4;O95490-5;O95490-6;O95490-7				736532
O95497	O95497				107220
O95502	O95502				1.82549e+08
O95633;O95633-2	O95633;O95633-2				2.34796e+06
O95782;O95782-2	O95782;O95782-2				475748
O95841	O95841				179349
O95865	O95865				1.43563e+06
O95881	O95881				110495
O95897	O95897				872546
O95967	O95967				9.57815e+06
O95970	O95970;O95970-2				313366
O95980	O95980				3.86965e+06
O95998	O95998;O95998-4				6.60824e+06
P00338;P00338-3	P00338;P00338-3;P00338-4				1.46798e+07
P00352	P00352				724536
P00390;P00390-2;P00390-3	P00390;P00390-2;P00390-3;P00390-4;P00390-5				1.76745e+06
P00441	P00441				7.68789e+08
P00450	P00450				1.07007e+08
P00488	P00488				2.57177e+06
P00492	P00492				2.64284e+06
P00505	P00505;P00505-2				8.82655e+06
P00533;P00533-3;P00533-4	P00533;P00533-3;P00533-4				1.0748e+06
P00558	P00558;P00558-2				5.75354e+06
P00568	P00568				546520
P00734	P00734				2.91864e+07
P00736	P00736				1.0618e+08
P00738;P00738-2	P00738;P00738-2				1.64154e+08
P00739	P00739;P00739-2				1.43488e+08
P00740;P00740-2	P00740;P00740-2				2.30182e+06
P00742	P00742				2.004e+07
P00746	P00746				2.83346e+07
P00747	P00747				7.17514e+07
P00748	P00748				1.15769e+07
P00751	P00751;P00751-2				9.70062e+07
P01008	P01008				6.05162e+08
P01009	P01009;P01009-2;P01009-3				4.19473e+09
P01011	P01011				8.50488e+08
P01019	P01019				2.79975e+08
P01023	P01023				5.69778e+08
P01024	P01024				9.80794e+08
P01031	P01031				1.70064e+07
P01033	P01033				5.55202e+07
P01034	P01034				3.30375e+09
P01042	P01042;P01042-2;P01042-3				7.2549e+07
P01042-2;P01042-3	P01042-2;P01042-3				1.58974e+07
P01127;P01127-2	P01127;P01127-2				4.1493e+07
P01130;P01130-2;P01130-3;P01130-4;P01130-5;P01130-6	P01130;P01130-2;P01130-3;P01130-4;P01130-5;P01130-6				934929
P01178	P01178				1.90486e+06
P01210	P01210				7.19762e+07
P01213	P01213				8.13517e+06
P01236	P01236				187089
P01258;P01258-2;P06881	P01258;P06881;P10092;P01258-2				1.41763e+06
P01282;P01282-2	P01282;P01282-2				1.78325e+06
P01303	P01303				8.80835e+06
P01344;P01344-2;P01344-3	P01344;P01344-2;P01344-3				4.23742e+06
P01591	P01591				4.8168e+06
P01593;P01594	P01593;P01594				2.35082e+07
P01597;P04432	P01597;P01611;P04432;A0A0C4DH72;A0A0C4DH73				2.16852e+07
P01599	P01599;A0A0C4DH72				3.20273e+06
P01601	P01601				1.84152e+06
P01602	P01602				1.85567e+06
P01619	P01619				2.85856e+08
P01700	P01700				8.16689e+07
P01701	P01701				4.07907e+07
P01703	P01703				4.59191e+06
P01705	P01704;P01705				6.04478e+06
P01706	P01706				2.56137e+06
P01709	P01706;P01709;P0DOX8				7.83527e+06
P01714	P01714				3.15753e+06
P01717;P01718	P01717;P01718				3.58635e+07
P01721	P01721				1.77713e+06
P01742	P01742				2.99082e+06
P01743	P01743				345613
P01768;P0DP03	P01768;P01772;P0DP02;P0DP03				2.39588e+07
P01780	P01780				1.15733e+08
P01814	P01814				1.41084e+06
P01817	P01817				6.35145e+06
P01833	P01833				1.71886e+06
P01834	P01834				1.12785e+07
P01859;P01859-1	P01859;P01859-1				7.02498e+08
P01860;P01860-1	P01860;P01860-1				1.18781e+07
P01861;P01861-1	P01861;P01861-1				1.91596e+07
P01871;P01871-1	P01871;P0DOX6;P01871-1				2.89537e+07
P01876;P01876-1	P01876;P01876-1				1.73366e+08
P01889	P01889;P01893;P04439;P13747;P17693;P17693-2;P17693-5;P17693-6;P04439-2				4.74904e+06
P01903	P01903;P01906				1.13065e+06
P01911	P01911				3.26623e+06
P02144	P02144				549091
P02452	P02452				4.63777e+07
P02461	P02461;P02461-2				8.77499e+06
P02462	P02462				279449
P02511	P02511				1.90624e+06
P02533	P02533;P08727;P08779;P19012;Q04695;P19012-2				642441
P02647	P02647				2.89921e+09
P02649	P02649				5.8692e+09
P02652	P02652				3.79347e+08
P02654	P02654				3.74468e+07
P02655	P02655				8.77236e+06
P02656	P02656				3.46282e+07
P02671	P02671;P02671-2				1.79332e+08
P02675	P02675				1.04201e+08
P02679;P02679-2	P02679;P02679-2				6.1051e+07
P02686;P02686-3;P02686-4;P02686-5;P02686-6	P02686;P02686-3;P02686-4;P02686-5;P02686-6				393334
P02741	P02741;P02741-2				538754
P02743	P02743				4.40605e+06
P02745	P02745				1.49827e+08
P02746	P02746				6.72327e+07
P02747	P02747				1.87267e+08
P02748	P02748				2.10499e+07
P02749	P02749				7.70353e+07
P02750	P02750				5.43985e+07
P02751;P02751-1	P02751;P02751-1;P02751-10;P02751-11;P02751-12;P02751-13;P02751-14;P02751-16;P02751-17;P02751-2;P02751-3;P02751-4;P02751-5;P02751-6;P02751-7;P02751-8;P02751-9				3.82483e+08
P02753	P02753				5.44415e+07
P02760	P02760				8.59568e+07
P02763	P02763				4.18146e+08
P02765	P02765				3.5201e+08
P02766	P02766				3.31073e+09
P02768	P02768				2.27654e+10
P02774;P02774-3	P02774;P02774-2;P02774-3				4.42102e+08
P02786	P02786				2.86988e+06
P02787	P02787				3.47867e+09
P02788;P02788-2	P02788;P02788-2				1.78381e+07
P02790	P02790				7.50664e+08
P02792	P02792				3.0817e+06
P02794	P02794				5.80166e+06
P02810	P02810				429499
P02818	P02818				582833
P03950	P03950				2.33524e+06
P03951;P03951-2	P03951;P03951-2				3.28075e+06
P03952	P03952				1.6758e+07
P04003	P04003				3.57091e+06
P04004	P04004				2.51371e+08
P04040	P04040				418260
P04062;P04062-2;P04062-4;P04062-5	P04062;P04062-2;P04062-4;P04062-5				3.75963e+06
P04066	P04066				4.96371e+06
P04070;P04070-2	P04070;P04070-2				1.8969e+06
P04075	P04075;P09972;P04075-2				4.50761e+07
P04080	P04080				4.34245e+06
P04085;P04085-2	P04085;P04085-2				5.75151e+06
P04114	P04114				1.08835e+07
P04156	P04156				4.25161e+08
P04179	P04179;P04179-2;P04179-3;P04179-4				1.09969e+07
P04180	P04180				3.15627e+07
P04196	P04196				1.23553e+08
P04211	P04211;A0A075B6I9				8.16158e+07
P04216	P04216				2.44462e+08
P04217	P04217;P04217-2				1.59646e+08
P04217-2	P04217-2				893102
P04233;P04233-2;P04233-4;P04233-5	P04233;P04233-2;P04233-4;P04233-5				5.59934e+06
P04264	P04259;P04264				2.69858e+07
P04271	P04271				1.3571e+06
P04275	P04275				6.33451e+06
P04278	P04278;P04278-5				2.17152e+06
P04406	P04406;P04406-2				4.82723e+07
P04430	P04430				2.35841e+06
P04439;P04439-2	P01893;P04439;P04439-2				2.12648e+06
P04746-2	P04746;P04746-2				44698.3
P04792	P04792				842534
P05023;P05023-2;P05023-4	P05023;P05023-2;P05023-4				1.10658e+06
P05026;P05026-2	P05026;P05026-2				1.31484e+06
P05060	P05060				3.11727e+08
P05067;P05067-11;P05067-8	P05067;P05067-4;P05067-10;P05067-11;P05067-3;P05067-5;P05067-6;P05067-7;P05067-8;P05067-9				1.00646e+09
P05090	P05090				2.84521e+09
P05107	P05107				229120
P05121	P05121				350359
P05154	P05154				7.55474e+06
P05155;P05155-3	P05155;P05155-2;P05155-3				5.38474e+08
P05156	P05156				1.80549e+07
P05160	P05160				1.25009e+06
P05362	P05362				1.61899e+06
P05408;P05408-2	P05408;P05408-2				3.49882e+08
P05413	P05413				5.78221e+06
P05452	P05452				5.05637e+07
P05543	P05543				2.04028e+07
P05546	P05546				6.57453e+07
P05556;P05556-2;P05556-3;P05556-4;P05556-5	P05556;P05556-2;P05556-5;P05556-3;P05556-4				821453
P05937	P05937;P05937-2				7.85536e+06
P05997	P05997				1.16231e+06
P06276	P06276				5.74824e+06
P06280	P06280				258997
P06307	P06307				1.60768e+07
P06310	P06310				9.46864e+07
P06312	P06312				1.74073e+08
P06331	P01824;P01825;P06331;A0A0C4DH41;P0DP06;P0DP08				2.81896e+07
P06396	P06396;P06396-2;P06396-3;P06396-4				7.26247e+08
P06396-2	P06396-2				2.50849e+06
P06681	P06681;P06681-2;P06681-3				2.77433e+07
P06703	P06703				3.55094e+06
P06727	P06727				1.47012e+08
P06733	P06733;P06733-2				6.10598e+07
P06744;P06744-2	P06744;P06744-2				4.96406e+06
P06748;P06748-2;P06748-3	P06748;P06748-2;P06748-3				2.12219e+07
P06865	P06865				1.7344e+07
P07093-2;P07093-3	P07093;P07093-2;P07093-3				4.55597e+06
P07108;P07108-2;P07108-3;P07108-4;P07108-5	P07108;P07108-2;P07108-3;P07108-4;P07108-5;P07108-6				1.46836e+07
P07195	P00338;P07195;P07864;Q6ZMR3;P00338-3;P00338-2;P00338-4;P00338-5				3.15407e+07
P07225	P07225				6.85119e+07
P07237	P07237				1.92355e+06
P07307;P07307-2;P07307-3	P07307;P07307-3;P07307-2				62637.7
P07311	P07311				1.9668e+06
P07333	P07333;P07333-2				4.80271e+07
P07339	P07339				2.32837e+08
P07357	P07357				1.43672e+07
P07358	P07358				1.57635e+07
P07360	P07360				1.58736e+07
P07437;P68371	P04350;P07437;P68371				2.28068e+06
P07451	P07451				177073
P07492	P07492;P07492-2;P07492-3				1.08005e+06
P07585	P07585;P07585-4				2.48071e+07
P07602;P07602-2;P07602-3	P07602;P07602-2;P07602-3				6.63726e+07
P07686	P07686				7.66846e+06
P07711	P07711;P07711-3				2.86597e+07
P07737	P07737				3.54265e+06
P07858	P07858				6.00561e+07
P07900;P07900-2	P07900;P07900-2				1.25838e+06
P07942	P07942				5.08509e+06
P07951-2;P07951-3	P06753;P07951;P09493;P09493-10;P67936;P07951-2;P09493-5;P06753-2;P06753-3;P09493-2;P09493-3;P09493-4;P09493-6;P09493-7;P09493-8;P09493-9;P06753-4;P06753-5;P06753-6;P07951-3;P67936-2				560767
P07996	P07996;P07996-2				1.86963e+06
P07998	P07998				2.17029e+07
P08123	P08123				4.90365e+07
P08133;P08133-2	P08133;P08133-2				134876
P08174;P08174-2;P08174-3;P08174-4;P08174-5;P08174-6;P08174-7	P08174;P08174-2;P08174-3;P08174-4;P08174-5;P08174-6;P08174-7				3.32547e+07
P08185	P08185				7.63659e+07
P08195;P08195-2;P08195-3;P08195-4;P08195-5	P08195;P08195-4;P08195-2;P08195-3;P08195-5				4.60561e+06
P08238	P08238				313700
P08253	P08253;P08253-2;P08253-3				3.06655e+07
P08294	P08294				1.28141e+08
P08476	P08476				76080.2
P08493-2	P08493;P08493-2				3.54988e+07
P08571	P08571				1.40495e+08
P08572	P08572				5.25801e+06
P08581;P08581-2	P08581;P08581-2;P08581-3				2.47739e+06
P08582	P08582;P08582-2				1.84122e+06
P08603	P08603				1.28944e+08
P08637	P08637				3.89793e+06
P08670	P08670;P17661				1.09298e+06
P08697	P08697;P08697-2				1.00521e+08
P08758	P08758				1.94212e+06
P08949;P08949-2	P08949;P08949-2				29501.7
P09104	P09104;P09104-2				1.44552e+07
P09211	P09211				2.70542e+07
P09382	P09382				1.25513e+07
P09417;P09417-2	P09417;P09417-2				7.77503e+06
P09455;P09455-2;P09455-3	P09455;P09455-2;P09455-3				169997
P09486	P09486				7.21494e+07
P09529	P09529				607357
P09603	P09603				6.16136e+07
P09619	P09619;P09619-2				3.64746e+06
P09622	P09622;P09622-2				7.93572e+06
P09668	P09668				3.15493e+07
P09871	P09871				1.3302e+08
P09936	P09936				3.5169e+06
P09960;P09960-4	P09960;P09960-2;P09960-3;P09960-4				693502
P09972	P09972				6.15595e+07
P0C0L4;P0C0L4-2	P0C0L4;P0C0L4-2				8.54276e+07
P0C0L5	P0C0L4;P0C0L5;P0C0L4-2				5.4439e+08
P0C6S8	P0C6S8				1.80729e+06
P0CG47;P0CG48	P0CG47;P0CG48;P62979;P62987				1.91705e+08
P0DJD7;P0DJD8;P0DJD9	P0DJD7;P0DJD8;P0DJD9				2.89162e+06
P0DJI8;P0DJI9	P0DJI8;P0DJI9				1.25553e+06
P0DMQ5	P0DMQ5				2.10885e+07
P0DMV8;P0DMV8-2;P0DMV9	P0DMV8;P0DMV9;P0DMV8-2				2.33224e+06
P0DOX2	P01876;P01877;P01876-1;P01877-1;P0DOX2				8.73851e+07
P0DOX3	P0DOX3				3.28949e+06
P0DOX5	P0DOX5				1.49294e+09
P0DOX7	P01834;P0DOX7				1.20268e+08
P0DOY3	P0DOY2;P0DOY3				3.44034e+08
P0DP08	P0DP08				1.79183e+06
P0DP23;P0DP24;P0DP25	P0DP23;P0DP24;P0DP25;P27482				1.50579e+06
P0DP58	P0DP58				2.5094e+08
P0DTE1	P0DTE1				4.13623e+06
P10114	P10114				175199
P10124	P10124				3.42498e+06
P10153	P10153				1.27139e+07
P10253	P10253				2.81592e+06
P10321;P10321-2	P10321;P10321-2				728090
P10451-3	P10451-3				1.68611e+07
P10451-5	P10451;P10451-4;P10451-5				1.77339e+08
P10451;P10451-4	P10451;P10451-4				700470
P10586;P10586-2	P10586;P23468;P10586-2;P23468-3;P23468-4;P23468-5;P23468-6;P23468-7				1.46763e+07
P10599	P10599;P10599-2				1.0067e+07
P10619;P10619-2	P10619;P10619-2				1.07654e+06
P10636-2;P10636-6	P10636;P10636-8;P10636-6;P10636-2;P10636-3;P10636-4;P10636-5;P10636-7;P10636-9				972826
P10643	P10643				4.49924e+07
P10644	P10644;P10644-2				817478
P10645	P10645				5.87117e+08
P10721;P10721-2	P10721;P10721-2				4.26237e+06
P10745	P10745				3.11833e+06
P10768	P10768				907170
P10909-6	P10909;P10909-4;P10909-6;P10909-2;P10909-3;P10909-5				3.62896e+09
P10915	P10915				225485
P11021	P11021				1.0235e+07
P11047	P11047				3.91586e+06
P11117	P11117				2.80409e+06
P11142	P11142				1.6601e+07
P11215;P11215-2	P11215;P11215-2				180734
P11279	P11279;P11279-2				4.60212e+06
P11362-18	P11362-14;P11362-18;P11362-19;P11362-21;P11362-7				2.07166e+06
P11362;P11362-2;P11362-20;P11362-8;P11362-9	P11362;P11362-10;P11362-11;P11362-12;P11362-13;P11362-14;P11362-16;P11362-18;P11362-19;P11362-2;P11362-20;P11362-21;P11362-3;P11362-4;P11362-5;P11362-6;P11362-7;P11362-8;P11362-9				2.96467e+07
P11464-4	P11464-4				881113
P11597	P11597;P11597-2				471631
P11717	P11717				4.34064e+06
P12107;P12107-2;P12107-3;P12107-4	P12107;P12107-2;P12107-3;P12107-4				283787
P12109	P12109				4.72083e+07
P12110	P12110;P12110-2;P12110-3				3.45193e+06
P12111	P12111;P12111-2;P12111-4				4.59087e+07
P12111-4	P12111-4				1.80733e+06
P12259	P12259				1.42925e+07
P12272;P12272-2;P12272-3	P12272;P12272-2;P12272-3				3.23077e+06
P12273	P12273				456807
P12277	P12277				1.77413e+06
P12314;Q92637;Q92637-3	P12314;Q92637;Q92637-3				7.15649e+06
P12318;P12318-2	P12318;P31994;P31995;P12318-2;P31994-2;P31994-3;P31994-4;P31994-5;P31995-2;P31995-3;P31995-4				8.84025e+06
P12532	P12532;P12532-2				270200
P12821;P12821-2	P12821;P12821-3;P12821-2;P12821-4				1.44905e+06
P12830;P12830-2	P12830;P12830-2				1.32947e+06
P12955	P12955;P12955-3				2.22387e+06
P13284	P13284				2.26231e+06
P13385	P13385				3.09154e+06
P13473;P13473-2;P13473-3	P13473;P13473-2;P13473-3				1.45168e+07
P13489	P13489				1.14175e+06
P13497;P13497-2;P13497-3;P13497-4;P13497-5;P13497-6	P13497;P13497-2;P13497-3;P13497-4;P13497-5;P13497-6				1.6745e+06
P13521	P13521				1.18726e+08
P13591	P13591;P13591-1;P13591-3;P13591-4;P13591-5;P13591-6				2.34841e+08
P13591-3	P13591-1;P13591-3;P13591-4				8.4896e+07
P13598	P13598				5.26074e+06
P13611;P13611-5	P13611;P13611-2;P13611-3;P13611-4;P13611-5				2.58837e+07
P13637;P13637-2;P13637-3	P13637;P13637-2;P13637-3				2.54558e+06
P13639	P13639				61845.1
P13645	P13645				7.16914e+07
P13647	P13647				2.34739e+06
P13667	P13667				1.08547e+06
P13671	P13671				2.17047e+07
P13693	P13693;P13693-2;Q56UQ5				936082
P13796	P13796;P13797;P13797-2;P13797-3				3.26674e+06
P13797;P13797-2;P13797-3	P13797;P13797-2;P13797-3				382652
P13987;P13987-2	P13987;P13987-2				8.54429e+07
P14136	P14136				1.99304e+06
P14138;P14138-2	P14138;P14138-2				4.19795e+06
P14151;P14151-2	P14151;P14151-2				1.75401e+06
P14174	P14174				1.53491e+07
P14207	P14207				3.80836e+06
P14209	P14209;P14209-3				1.52952e+06
P14314-2	P14314;P14314-2				1.04695e+07
P14324;P14324-2	P14324;P14324-2				539076
P14384	P14384				1.33159e+06
P14415	P14415				5.50248e+06
P14543	P14543;P14543-2				1.24712e+07
P14550	P14550				197813
P14618-2	P14618;P14618-2;P14618-3				7.9247e+07
P14618;P14618-3	P14618;P14618-3				800962
P14621	P14621				7.25074e+06
P14625	P14625;Q58FF3				1.30252e+07
P15086	P15085;P15086				4.12125e+06
P15090	P15090				1.99615e+06
P15121	P15121				2.0691e+06
P15144	P15144				2.43643e+06
P15151;P15151-2;P15151-3;P15151-4	P15151;P15151-2;P15151-3;P15151-4				4.91472e+06
P15169	P15169				1.83853e+06
P15259	P15259				355485
P15289;P15289-2	P15289;P15289-2				3.02421e+06
P15291;P15291-2	P15291;P15291-2				5.99746e+06
P15502;P15502-1;P15502-10;P15502-12;P15502-13;P15502-2;P15502-4;P15502-5;P15502-6;P15502-7;P15502-9	P15502;P15502-1;P15502-10;P15502-12;P15502-13;P15502-2;P15502-4;P15502-5;P15502-6;P15502-7;P15502-9				1.48314e+06
P15509;P15509-2;P15509-3;P15509-5;P15509-7	P15509;P15509-3;P15509-2;P15509-5;P15509-7;P15509-8				5.42796e+06
P15529;P15529-10;P15529-11;P15529-12;P15529-13;P15529-14;P15529-15;P15529-2;P15529-3;P15529-4;P15529-5;P15529-6;P15529-7;P15529-8;P15529-9	P15529;P15529-3;P15529-10;P15529-11;P15529-12;P15529-13;P15529-14;P15529-15;P15529-16;P15529-2;P15529-4;P15529-5;P15529-6;P15529-7;P15529-8;P15529-9				1.82232e+06
P15531;P15531-2	P15531;P15531-2				385579
P15586	P15586;P15586-2				1.98158e+07
P15848;P15848-2	P15848;P15848-2				36317.8
P16035	P16035				5.82369e+07
P16070;P16070-10;P16070-11;P16070-12;P16070-13;P16070-14;P16070-15;P16070-16;P16070-17;P16070-18;P16070-3;P16070-4;P16070-5;P16070-6;P16070-7;P16070-8;P16070-9	P16070;P16070-10;P16070-11;P16070-12;P16070-13;P16070-14;P16070-15;P16070-16;P16070-17;P16070-18;P16070-3;P16070-4;P16070-5;P16070-6;P16070-7;P16070-8;P16070-9				3.04457e+07
P16083	P16083				857012
P16112;P16112-2;P16112-3	P16112;P16112-2;P16112-3				2.72079e+06
P16152	P16152				3.40507e+06
P16234;P16234-2;P16234-3	P16234;P16234-2;P16234-3				680702
P16278;P16278-3	P16278;P16278-2;P16278-3				919866
P16519;P16519-3	P16519;P16519-2;P16519-3				3.48618e+06
P16870;P16870-2	P16870;P16870-2				8.76597e+07
P16930	P16930				1.03393e+06
P16949;P16949-2	P16949;P16949-2				2.59623e+06
P17050	P17050				3.69909e+06
P17066	P17066;P48741				6.60927e+06
P17174	P17174;P17174-2				3.26637e+07
P17302	P17302				1.32767e+06
P17405;P17405-4	P17405;P17405-4				1.12401e+06
P17600;P17600-2	P17600;P17600-2				2.48872e+06
P17677;P17677-2	P17677;P17677-2				5.89744e+06
P17813;P17813-2	P17813;P17813-2				363381
P17900	P17900				1.82349e+08
P17931	P17931				2.85439e+06
P17936;P17936-2	P17936;P17936-2				2.87955e+06
P18065	P18065				9.63012e+07
P18075	P18075				114143
P18206;P18206-2	P18206;P18206-2				2.9492e+06
P18428	P18428				1.4133e+06
P18669	P15259;P18669				5.32237e+06
P18850	P18850				742570
P19021;P19021-5;P19021-6	P19021;P19021-3;P19021-4;P19021-2;P19021-5;P19021-6				9.50213e+07
P19022	P19022;P19022-2				1.46496e+08
P19256;P19256-2;P19256-3	P19256;P19256-2;P19256-3				1.80736e+06
P19320	P19320;P19320-2;P19320-3				4.02425e+06
P19367;P19367-2;P19367-3;P19367-4	P19367;P52789;P19367-2;P19367-3;P19367-4				2.73764e+06
P19652	P02763;P19652				9.59734e+08
P19823	P19823				5.73075e+07
P19827	P19827;P19827-2				1.58344e+07
P19835;P19835-2	P19835;P19835-2				371834
P19961	P04746;P0DTE7;P0DTE8;P0DUB6;P19961;P19961-2;P04746-2				1.91808e+06
P20036	P20036				40990.9
P20062	P20062				2.82799e+07
P20138;P20138-2	P20138;P20138-2				2.37287e+06
P20340;P20340-2;Q9NRW1	P20340;Q9NRW1;P20340-2;P20340-3				302383
P20366;P20366-2	P20366;P20366-2;P20366-3;P20366-4				1.19206e+07
P20382	P20382				1.27667e+06
P20396	P20396				1.48116e+06
P20472	P20472				1.87315e+07
P20618	P20618				3.50297e+06
P20742	P20742;P20742-2				3.02559e+06
P20774	P20774				1.46511e+08
P20827	P20827;P20827-2				8.04904e+06
P20908;P20908-2	P20908;P20908-2				301825
P20916;P20916-2;P20916-3	P20916;P20916-2;P20916-3				8.47437e+06
P20930	P20930				1.33215e+06
P20933	P20933				1.82176e+07
P21333;P21333-2	P21333;P21333-2				2.14461e+06
P21554	P21554				846497
P21579	P21579				2.03253e+06
P21583;P21583-2;P21583-3	P21583;P21583-2;P21583-3				1.08822e+06
P21589;P21589-2	P21589;P21589-2				80654.6
P21802;P21802-16;P21802-2;P21802-5;P21802-6;P21802-8	P21802;P21802-3;P21802-14;P21802-15;P21802-16;P21802-17;P21802-18;P21802-19;P21802-2;P21802-23;P21802-5;P21802-6;P21802-8				7.02703e+06
P21810	P21810				3.32988e+07
P21860;P21860-4	P21860;P21860-4				6.34522e+06
P21926	P21926				763770
P22004	P22004				1.44715e+06
P22061;P22061-2	P22061;P22061-2				9.09635e+06
P22105;P22105-1;P22105-4	P22105;P22105-1;P22105-4				9.61014e+06
P22223;P22223-2	P22223;P22223-2				378114
P22303	P22303;P22303-2;P22303-3;P22303-4				2.11526e+06
P22304	P22304				1.98784e+07
P22352	P22352				1.50069e+07
P22392-2	P15531;P22392;O60361;P22392-2;P15531-2				1.25746e+06
P22607;P22607-2;P22607-3;P22607-4	P22455;P22607;P22455-2;P22607-2;P22607-3;P22607-4				3.12672e+07
P22676	P22676				1.68362e+06
P22692;P22692-2	P22692;P22692-2				5.93545e+07
P22748	P22748				9.1428e+06
P22792	P22792				3.03647e+06
P22794;P22794-2	P22794;P22794-2				3.9041e+06
P22891;P22891-2	P22891;P22891-2				4.59491e+06
P22897	P22897				5.1876e+06
P23083	P23083				2.82243e+06
P23142	P23142				1.64806e+08
P23142-4	P23142-4				3.56746e+08
P23284	P23284				2.42995e+07
P23381;P23381-2	P23381;P23381-2				786490
P23435	P23435				3.33781e+07
P23468-2	P23468;P23468-2;P23468-3;P23468-4;P23468-5;P23468-6;P23468-7				1.87869e+07
P23468-5;P23468-6	P23468;P23468-3;P23468-5;P23468-6				3.20023e+06
P23468-7	P23468-4;P23468-5;P23468-6;P23468-7				2.53404e+06
P23470;P23470-2	P23470;P23470-2				8.76733e+06
P23471;P23471-2	P23471;P23471-2;P23471-3				3.67188e+07
P23515	P23515				6.84678e+07
P23526;P23526-2	P23526;P23526-2				540885
P23528	P23528				4.1606e+06
P23560;P23560-2;P23560-3;P23560-4;P23560-5	P23560;P23560-2;P23560-3;P23560-4;P23560-5				7.30232e+06
P23582	P23582				7.84818e+07
P23588;P23588-2	P23588;P23588-2				379492
P24043	P24043				1.0116e+07
P24158	P24158				99026.8
P24347	P24347				1.46528e+06
P24592	P24592				1.64553e+08
P24593	P24593				8.55393e+06
P24666;P24666-2;P24666-3	P24666;P24666-2;P24666-3;P24666-4				1.39114e+06
P24821;P24821-4	P24821;P24821-2;P24821-3;P24821-4;P24821-5;P24821-6				1.82619e+06
P25311	P25311				4.67342e+07
P25391	P25391				389566
P25713	P25713				1.20109e+07
P25774;P25774-2	P25774;P25774-2				3.05056e+06
P25786;P25786-2	P25786;P25786-2				148408
P26038	P26038				3.41884e+06
P26447	P26447				3.67243e+06
P26572	P26572				4.78874e+06
P26927	P26927;Q2TV78;Q2TV78-2				802698
P26992	P26992				7.30642e+07
P27169	P27169				1.49474e+07
P27348	P27348				122995
P27658	P27658				511311
P27797	P27797				3.78769e+07
P27824;P27824-2	P27824;P27824-2;P27824-3				5.52368e+06
P28066	P28066				930358
P28074	P28074;P28074-3				433420
P28161;P28161-2	P28161;P28161-2				2.28382e+07
P28300	P28300				1.58788e+06
P28482	P28482				335436
P28799;P28799-2	P28799;P28799-2				2.09253e+06
P28827;P28827-2	P28827;P28827-2				1.15218e+06
P28838;P28838-2	P28838;P28838-2				528262
P29120;P29120-2	P29120;P29120-2				1.48155e+07
P29218;P29218-3	P29218;P29218-3;P29218-2				4.72249e+06
P29279;P29279-2	P29279;P29279-2				534906
P29323;P29323-2;P29323-3	P29323;P29323-3;P29323-2				7.43457e+06
P29401;P29401-2	P29401;P29401-2				1.25243e+06
P29622	P29622				1.45705e+07
P29762	P29762				808671
P29966	P29966				5.5732e+06
P30041	P30041				2.13157e+06
P30043	P30043				637717
P30047;P30047-2	P30047;P30047-2				359335
P30048;P30048-2	P30048;P30048-2				417853
P30086	P30086				3.9871e+07
P30101	P30101				5.39076e+06
P30530;P30530-2	P30530;P30530-2				1.76278e+07
P30711	P30711				112260
P30740	P30740				2.67482e+06
P30990	P30990				766457
P31146	P31146				3.12816e+06
P31150	P31150				6.80067e+06
P31153;P31153-2	P31153;P31153-2				993625
P31321	P31321				1.205e+06
P31431;P31431-2	P31431;P31431-2				148584
P31937	P31937				71161.1
P31946;P31946-2	P31946;P31946-2				3.03426e+06
P31948;P31948-2;P31948-3	P31948;P31948-2;P31948-3				136730
P31949	P31949				2.20945e+06
P32004;P32004-2;P32004-3	P32004;P32004-2;P32004-3				9.15614e+06
P32119	P32119				1.54845e+07
P32926	P32926				950484
P33151	P33151;P33151-2				6.32877e+06
P33908	P33908				4.63388e+07
P34059	P34059				7.64006e+06
P34096	P34096				4.83306e+06
P34741	P34741				1.59188e+06
P34932	P34932				197425
P34949	P34949;P34949-2				730207
P35030;P35030-2;P35030-3;P35030-4;P35030-5	P35030;P35030-2;P35030-3;P35030-4;P35030-5				1.29993e+06
P35052	P35052				8.31096e+06
P35080	P35080				335305
P35237	P35237;P50452;P50452-2				1.27263e+06
P35318	P35318				4.33646e+06
P35442	P35442				3.44652e+06
P35443	P35443				1.18915e+07
P35475;P35475-2	P35475;P35475-2				431065
P35527	P35527				2.37948e+06
P35542	P35542				5.34233e+07
P35555	P35555				4.35821e+06
P35590	P35590;P35590-2;P35590-3				2.47274e+06
P35613;P35613-2	P35613;P35613-2;P35613-3;P35613-4				1.23793e+07
P35625	P35625				282717
P35754	P35754				1.74052e+06
P35858;P35858-2	P35858;P35858-2				6.6544e+06
P35908	P35908				1.97853e+07
P35968;P35968-2;P35968-3	P35968;P35968-2;P35968-3				771789
P36222	P36222				7.44079e+07
P36269;P36269-2;P36269-3	P36269;P36269-2;P36269-3				556232
P36871	P36871;P36871-2				2.91398e+06
P36888;P36888-2	P36888;P36888-2				104306
P36955	P36955				6.02427e+08
P36957	P36957;P36957-2				2.44067e+07
P36980	P36980				2.52448e+07
P37173;P37173-2	P37173;P37173-2				1.99062e+06
P37235;P61601;P84074	P37235;P61601;P84074				169211
P37802;P37802-2	P37802;P37802-2				186159
P37837;P37837-2	P37837;P37837-2				2.99469e+07
P37840;P37840-2	P37840;P37840-2				691192
P38571;P38571-2	P38571;P38571-2				1.79421e+06
P39059	P39059				6.3627e+06
P39060;P39060-1;P39060-2	P39060;P39060-1;P39060-2				3.01041e+07
P40189	P40189;P40189-3				2.3806e+07
P40925;P40925-3	P40925;P40925-3				3.00515e+07
P40926	P40926;P40926-2				4.53453e+06
P40967;P40967-2;P40967-4;P40967-5	P40967;P40967-2;P40967-4;P40967-5				185277
P41159	P41159				235171
P41217;P41217-2;P41217-3	P41217;P41217-2;P41217-3				5.12206e+06
P41222	P41222				2.27875e+09
P41271;P41271-2	P41271;P41271-2				3.85927e+07
P42262;P42262-2;P42262-3	P42262;P42262-2;P42262-3;P42262-4				2.13343e+06
P42658;P42658-2	P42658;P42658-2				1.31824e+07
P42702	P42702				307416
P42785	P42785;P42785-2				1.5082e+07
P42857;P42857-2	P42857;P42857-2				3.09994e+06
P43004;P43004-2;P43004-3	P43004;P43004-2;P43004-3				1.1701e+06
P43121	P43121;P43121-2				7.33519e+07
P43146	P43146				1.06598e+07
P43234	P43234				4.66232e+06
P43251;P43251-2;P43251-3;P43251-4	P43251;P43251-2;P43251-3;P43251-4				5.70582e+07
P43652	P43652				5.58514e+07
P45877	P45877				7.5245e+06
P46459	P46459				3.98595e+06
P47755;P47755-2	P47755;P52907;P47755-2				544700
P47972	P47972				2.33616e+07
P48058;P48058-2	P48058;P48058-2				2.70447e+07
P48061;P48061-2;P48061-3;P48061-4;P48061-5;P48061-6	P48061;P48061-2;P48061-3;P48061-4;P48061-5;P48061-6				6.39044e+06
P48066;P48066-2	P48066;P48066-2				321164
P48147	P48147				1.31751e+06
P48163	P48163				1.15944e+06
P48539	P48539				4.97855e+06
P48551;P48551-2;P48551-3	P48551;P48551-2;P48551-3				104788
P48637	P48637;P48637-2				3.66791e+06
P48723	P48723				3.98636e+06
P48740-2;P48740-4	P48740-2;P48740-4				3.49705e+06
P48740-3	P48740;P48740-2;P48740-3;P48740-4				5.1678e+06
P48745	P48745				947220
P49184	P49184				633941
P49221	P49221				8.87049e+06
P49257	P49257				8.37981e+06
P49418;P49418-2	P49418;P49418-2				975266
P49588;P49588-2	P49588;P49588-2				43183
P49641	P49641;P49641-1;P49641-2				2.67772e+07
P49721	P49721				460096
P49747;P49747-2	P49747;P49747-2				1.25473e+06
P49862;P49862-2	P49862;P49862-2				1.77693e+06
P49908	P49908				2.18035e+07
P50238	P50238				3.33502e+06
P50281	P50281				3.66127e+06
P50395;P50395-2	P50395;P50395-2				1.01089e+06
P50502	P50502;Q8IZP2				1.49524e+06
P50750-2	P50750-2				3.38639e+06
P50895	P50895				2.80447e+06
P50897	P50897;P50897-2				1.16099e+06
P50993	P05023;P13637;P20648;P50993;P05023-2;P05023-3;P05023-4;P13637-2;P13637-3				1.01569e+06
P51512;P51512-2	P51512;P51512-2				1.15826e+06
P51688	P51688				346821
P51693	P51693;P51693-2				6.60078e+08
P51693-2	P51693-2				1.7736e+07
P51805	P51805				212737
P51812	P51812;Q15418;Q15418-2;Q15418-3;Q15418-4				1.46261e+06
P51884	P51884				2.51361e+07
P51888	P51888				2.10318e+07
P52565;P52565-2	P52565;P52565-2				773486
P52566	P52566				690571
P52758	P52758				1.53565e+06
P52797	P52797				2.06546e+06
P52799	P52799				9.05472e+06
P52803	P52803				1.59442e+07
P52848	P52848				2.35747e+06
P52943;P52943-2	P52943;P52943-2				48293.3
P53041	P53041				2.47318e+06
P53634	P53634				5.33577e+06
P54253	P54253				3.42739e+08
P54289-2;P54289-3	P54289;P54289-2;P54289-3;P54289-4;P54289-5				2.78735e+07
P54652	P54652				791209
P54727	P54725;P54727;P54725-2;P54725-3				1.73705e+06
P54764	P54764;P54764-2				6.6614e+07
P54802	P54802				4.32377e+06
P54803	P54803;P54803-3;P54803-4;P54803-5				756398
P55058	P55058;P55058-2;P55058-3;P55058-4				1.07298e+08
P55083;P55083-2	P55083;P55083-2				1.39665e+07
P55087;P55087-2	P55087;P55087-2				4.7407e+06
P55107	P55107				1.09346e+06
P55268	P55268				3.70296e+06
P55283	P55283;P55283-2				2.3747e+07
P55285;P55285-2	P55285;P55285-2				9.06812e+06
P55286	P55286				7.95488e+06
P55287;P55287-2	P55287;P55287-2				4.22816e+06
P55289;P55289-2	P55289;P55289-2				783857
P55290;P55290-4	P55290;P55290-2;P55290-3;P55290-4;P55290-5				1.13344e+08
P55291	P55291				9.42913e+06
P55786	P55786;A6NEC2;P55786-2				4.08911e+06
P55854;P55854-2;P61956;P61956-2;Q6EEV6	P55854;P61956;Q6EEV6;P55854-2;P61956-2				977680
P55899	P55899				25445
P55957;P55957-2	P55957;P55957-2;P55957-4				353805
P56159;P56159-2	P56159;P56159-2				6.3895e+06
P56817;P56817-2	P56817;P56817-2;P56817-3;P56817-4;P56817-5;P56817-6				2.21153e+06
P57087;P57087-2;P57087-3	P57087;P57087-2;P57087-3				1.41142e+06
P58215	P58215				261600
P58400	P58400;P58400-1				6.56171e+06
P58401	P58401				4.24605e+06
P58417	O95156;P58417				3.84575e+07
P60174;P60174-3	P60174;P60174-3;P60174-4				2.01329e+07
P60520	O95166;P60520;Q9H0R8;Q9H0R8-2				731326
P60660;P60660-2	P60660;P60660-2				794375
P60709;P63261	P60709;P63261				7.2806e+07
P60900;P60900-2	P60900;P60900-2				12096.6
P60981;P60981-2	P60981;P60981-2				863705
P60983	P60983				1.56161e+06
P61018;P61018-2	P61018;P61018-2				1.78515e+06
P61026	P51153;P59190;P61006;P61026;P62820;Q92930;Q9H0U4;Q92928;P61006-2;P62820-2;P62820-3;P59190-2				308543
P61077;P61077-2;P61077-3;P62837;P62837-2	P61077;P62837;P62837-2;P61077-2;P61077-3				605180
P61088	P61088				883540
P61106	P61106				1.14071e+06
P61158;Q9P1U1;Q9P1U1-2	P61158;Q9P1U1;Q9C0K3;Q9P1U1-2;Q9P1U1-3				683416
P61204;P84077;P84085	P18085;P61204;P84077;P84085;P61204-2				635017
P61266;P61266-2	P61266;P61266-2				990457
P61278	P61278				7.50917e+07
P61604	P61604				1.2461e+06
P61626	P61626				5.05678e+07
P61769	P61769				1.80449e+09
P61916	P61916;P61916-2				1.26236e+08
P61970	P61970				5.47034e+06
P61981	P61981				4.25321e+06
P62258	P62258;P62258-2				6.74906e+06
P62328	P62328;P63313				1.21466e+07
P62937	P62937				2.86261e+06
P62942	P62942				3.39335e+06
P62993	P62993;P62993-2				1.9674e+06
P63000;P63000-2	P63000;P63000-2				100876
P63010;P63010-2;P63010-3	P63010;P63010-2;Q10567;Q10567-3;P63010-3;Q10567-2;Q10567-4				9.08773e+06
P63027	P63027				3.90299e+06
P63104	P63104;P63104-2				1.38487e+07
P63208	P63208;P63208-2				1.59947e+06
P63302	P63302				1.22402e+06
P68032	P62736;P63267;P68032;P68133				4.2237e+06
P68036;P68036-2;P68036-3	P68036;A0A1B0GUS4;P68036-2;P68036-3				5.75004e+06
P68363;Q71U36;Q71U36-2;Q9BQE3	P68363;Q71U36;Q9BQE3;Q71U36-2				66608.3
P68402	P68402				10799.2
P68871	P02042;P68871				4.39201e+06
P69849;Q15155;Q5JPE7;Q5JPE7-2	P69849;Q15155;Q5JPE7;Q5JPE7-2;Q5JPE7-3				491429
P69905	P69905				5.64856e+06
P78310;P78310-2;P78310-5;P78310-6;P78310-7	P78310;P78310-2;P78310-4;P78310-5;P78310-6;P78310-7				1.68098e+06
P78324;P78324-2	P78324;Q9P1W8;Q5TFQ8;P78324-2;P78324-4;Q9P1W8-2;Q9P1W8-3;Q9P1W8-4				5.95183e+07
P78330	P78330				195012
P78417	P78417;P78417-3				3.27811e+06
P78504	P78504;P78504-2				2.94089e+06
P78509	P78509;P78509-2;P78509-3				2.38705e+07
P78536;P78536-2	P78536;P78536-2				1.16841e+06
P78539;P78539-2;P78539-3;P78539-5	P78539;P78539-2;P78539-3;P78539-4;P78539-5				729211
P79483;Q30154	P79483;Q30154				3.71609e+06
P80108	P80108				4.5024e+06
P80188;P80188-2	P80188;P80188-2				1.39386e+06
P80303;P80303-2	P80303;P80303-2				2.13961e+06
P80404	P80404				355520
P80723	P80723				9.62459e+06
P80748	P80748				1.94255e+07
P81605	P81605				5.69574e+06
P84157	P84157;P84157-2;P84157-3				1.16862e+06
P98095;P98095-2	P98095;P98095-2				1.59317e+07
P98153;P98153-2;P98153-3	P98153;P98153-2;P98153-3				2.02196e+06
P98155;P98155-2	P98155;P98155-2				1.5312e+06
P98160	P98160				4.01145e+07
P98172	P98172				4.596e+06
P98173;P98173-2;P98173-3	P98173;P98173-2;P98173-3				1.85332e+06
P99999	P99999				3.89958e+06
Q00169	Q00169				290802
Q00973	Q00973;Q00973-2;Q00973-3				4.02439e+06
Q01082	Q01082				1.08519e+06
Q01459	Q01459				1.19696e+07
Q01469	Q01469				8.81074e+06
Q01814;Q01814-2;Q01814-3;Q01814-4;Q01814-5;Q01814-6;Q01814-7;Q01814-8	Q01814;Q01814-2;Q01814-3;Q01814-4;Q01814-5;Q01814-6;Q01814-7;Q01814-8				4.15986e+06
Q01973;Q01973-3;Q01974	Q01973;Q01974;Q01973-3				422974
Q01995	Q01995				1.2092e+07
Q02246	Q02246				4.37491e+07
Q02413	Q02413				1.13459e+06
Q02487;Q02487-2	Q02487;Q02487-2				5.88959e+06
Q02790	Q02790				267754
Q02809;Q02809-2	Q02809;Q02809-2				4.37157e+06
Q02818	Q02818				2.8166e+07
Q02952;Q02952-2;Q02952-3	Q02952;Q02952-2;Q02952-3				92224.4
Q02985;Q02985-2	Q02985;Q92496;Q02985-2;Q92496-2;Q92496-3				1.09632e+07
Q03167;Q03167-2	Q03167;Q03167-2				1.03474e+07
Q04721	Q04721				3.60967e+06
Q04756	Q04756				732763
Q04760;Q04760-2	Q04760;Q04760-2				2.77296e+06
Q04917	Q04917				1.15926e+06
Q05193;Q05193-2;Q05193-3;Q05193-5	Q05193;Q05193-2;Q05193-3;Q05193-5				330176
Q05707;Q05707-2	Q05707;Q05707-2;Q05707-3				2.6436e+06
Q05996;Q05996-2	Q05996;Q05996-2				2.04568e+06
Q06033;Q06033-2	Q06033;Q06033-2				4.19073e+06
Q06418	Q06418				8.86772e+06
Q06481	Q06481;Q06481-3;Q06481-6				7.03372e+07
Q06828	Q06828				9.747e+06
Q06830	Q06830				1.17186e+07
Q07092;Q07092-2	Q07092;Q07092-2				1.51259e+06
Q07699;Q07699-2	Q07699;Q07699-2				2.53438e+06
Q07954	Q07954				6.88685e+06
Q08043	Q08043				1.17407e+06
Q08174-2	Q08174;Q08174-2				1.12937e+07
Q08209;Q08209-2;Q08209-3;Q08209-5	Q08209;Q08209-2;Q08209-3;Q08209-5				857176
Q08345;Q08345-5	Q08345;Q08345-2;Q08345-4;Q08345-5;Q08345-6				9.51157e+06
Q08380	Q08380				8.13008e+07
Q08397	Q08397				862089
Q08431;Q08431-4	Q08431;Q08431-3;Q08431-4				7.86685e+06
Q08554;Q08554-2	Q08554;Q08554-2				1.72044e+06
Q08629	Q08629				1.05383e+07
Q08ET2	O15389;Q08ET2				7.52054e+06
Q09327	Q09327				1.0968e+06
Q09328	Q09328				1.10564e+06
Q09666	Q09666				990213
Q0P6D2	Q0P6D2;Q0P6D2-2				5.45011e+06
Q10469	Q10469				3.52431e+06
Q10471	Q10471				6.84054e+06
Q10472	Q10472				7.92405e+06
Q10588	Q10588;Q10588-2				3.37078e+06
Q10589;Q10589-2	Q10589;Q10589-2				546936
Q12765;Q12765-2;Q12765-3	Q12765;Q12765-2;Q12765-3				956975
Q12794;Q12794-2;Q12794-7	Q12794;Q12794-2;Q12794-4;Q12794-7				1.61865e+06
Q12797;Q12797-10	Q12797;Q12797-10				1.53965e+06
Q12805;Q12805-2;Q12805-3;Q12805-4;Q12805-5	Q12805;Q12805-2;Q12805-3;Q12805-4;Q12805-5				2.63797e+08
Q12841;Q12841-2	Q12841;Q12841-2				5.01795e+06
Q12860	Q12860;Q12860-2				2.07293e+08
Q12866	Q12866				2.67384e+06
Q12884	Q12884				58350.6
Q12907	Q12907				6.52114e+07
Q12913;Q12913-3	Q12913;Q12913-2;Q12913-3				2.09428e+06
Q13093	Q13093				331992
Q13201;Q13201-2	Q13201;Q13201-2				1.04621e+06
Q13214;Q13214-2	Q13214;Q13214-2				2.43214e+06
Q13217	Q13217				3.10591e+06
Q13228;Q13228-4	Q13228;Q13228-2;Q13228-3;Q13228-4				1.10266e+07
Q13231;Q13231-3	Q13231;Q13231-2;Q13231-3;Q13231-4				4.35062e+06
Q13232	Q13232				1.19518e+06
Q13275-2	Q13275;Q13275-2				844890
Q13308;Q13308-2;Q13308-4;Q13308-5;Q13308-6	Q13308;Q13308-2;Q13308-3;Q13308-4;Q13308-5;Q13308-6				782104
Q13332-7	Q13332-5;Q13332-7				1.65954e+06
Q13332;Q13332-3;Q13332-4	Q13332;Q13332-2;Q13332-3;Q13332-4;Q13332-5;Q13332-6;Q13332-7				1.62434e+07
Q13404;Q13404-1;Q13404-2;Q13404-6;Q13404-7	Q13404;Q13404-1;Q13404-2;Q13404-6;Q13404-7				991139
Q13421-2;Q13421-3;Q13421-4	Q13421;Q13421-2;Q13421-3;Q13421-4				1.54151e+06
Q13433	Q13433				1.47339e+06
Q13443;Q13443-2	Q13443;Q13443-2				3.78711e+06
Q13444;Q13444-10;Q13444-12;Q13444-2;Q13444-3;Q13444-4;Q13444-5;Q13444-6;Q13444-7;Q13444-8;Q13444-9	Q13444;Q13444-2;Q13444-10;Q13444-11;Q13444-12;Q13444-3;Q13444-4;Q13444-5;Q13444-6;Q13444-7;Q13444-8;Q13444-9				1.81038e+06
Q13449	Q13449				3.95259e+08
Q13501;Q13501-2	Q13501;Q13501-2				715212
Q13508;Q13508-2;Q13508-3	Q13508;Q13508-2;Q13508-3				1.46332e+07
Q13510;Q13510-2	Q13510;Q13510-2;Q13510-3				1.00131e+07
Q13519;Q13519-2	Q13519;Q13519-2				1.13548e+06
Q13554;Q13554-2;Q13554-3;Q13554-4;Q13554-5;Q13554-7;Q13554-8	Q13554;Q13554-3;Q13554-2;Q13554-4;Q13554-5;Q13554-6;Q13554-7;Q13554-8				6.05498e+06
Q13555;Q13555-10;Q13555-11;Q13555-2;Q13555-3;Q13555-4;Q13555-5;Q13555-6;Q13555-7;Q13555-8;Q13555-9	Q13555;Q13555-5;Q13555-10;Q13555-11;Q13555-2;Q13555-3;Q13555-4;Q13555-6;Q13555-7;Q13555-8;Q13555-9				908295
Q13557;Q13557-10;Q13557-11;Q13557-12;Q13557-3;Q13557-4;Q13557-5;Q13557-6;Q13557-8;Q13557-9	Q13557;Q13557-8;Q13557-10;Q13557-11;Q13557-12;Q13557-3;Q13557-4;Q13557-5;Q13557-6;Q13557-9				2.08941e+06
Q13591	Q13591				546556
Q13634;Q13634-2	Q13634;Q13634-2				2.02305e+07
Q13641	Q13641				656429
Q13642-4;Q13642-5	Q13642-1;Q13642-4;Q13642-5				1.50896e+06
Q13683;Q13683-10;Q13683-13;Q13683-3;Q13683-7;Q13683-9	Q13683;Q13683-10;Q13683-13;Q13683-3;Q13683-7;Q13683-9				3.38031e+06
Q13740-2	Q13740;Q13740-2;Q13740-3				2.53662e+07
Q13790	Q13790				2.10372e+06
Q13822-3	Q13822;Q13822-3				2.09456e+08
Q13867	Q13867				2.70998e+06
Q14019	Q14019				5.13961e+06
Q14112;Q14112-2	Q14112;Q14112-2				1.28738e+07
Q14114;Q14114-2;Q14114-3;Q14114-4	Q14114;Q14114-3;Q14114-2;Q14114-4				1.4836e+06
Q14118	Q14118				1.93161e+08
Q14126	Q14126				3.85833e+06
Q14165	Q14165				6.64099e+06
Q14213	Q14213				527074
Q14242;Q14242-2	Q14242;Q14242-2				1.22942e+06
Q14257;Q14257-2	Q14257;Q14257-2				1.61865e+06
Q14314	Q14314				3.89137e+06
Q14315;Q14315-2	Q14315;Q14315-2				1.79716e+06
Q14393;Q14393-1;Q14393-3;Q14393-4;Q14393-5	Q14393;Q14393-1;Q14393-3;Q14393-4;Q14393-5				8.7934e+06
Q14515	Q14515;Q14515-2				5.22951e+08
Q14517	Q14517				764823
Q14520;Q14520-2	Q14520;Q14520-2				9.23287e+06
Q14563	Q14563				1.43061e+06
Q14574;Q14574-2	Q14574;Q14574-2				2.39877e+06
Q14596;Q14596-2	Q14596;Q14596-2				338420
Q14624	Q14624				5.17023e+07
Q14624-2;Q14624-3;Q14624-4	Q14624-2;Q14624-3;Q14624-4				1.05968e+07
Q14696	Q14696				1.64808e+06
Q14697;Q14697-2	Q14697;Q14697-2				1.14565e+07
Q14766;Q14766-2;Q14766-3	Q14766;Q14766-2;Q14766-3;Q14766-4;Q14766-5				2.53087e+06
Q14767	Q14767				4.84624e+06
Q14894	Q14894				3.29591e+06
Q14956;Q14956-2	Q14956;Q14956-2				1.61786e+06
Q14982;Q14982-2;Q14982-3;Q14982-4	Q14982;Q14982-2;Q14982-3;Q14982-4				4.47469e+07
Q14C87	Q14C87;Q14C87-2				1.16333e+07
Q14CZ8	Q14CZ8				3.95018e+06
Q14DG7	Q14DG7;Q14DG7-2				3.75696e+06
Q15063;Q15063-3;Q15063-5	Q15063;Q15063-2;Q15063-3;Q15063-4;Q15063-5;Q15063-6;Q15063-7				598140
Q15084;Q15084-2;Q15084-3;Q15084-4;Q15084-5	Q15084;Q15084-2;Q15084-3;Q15084-4;Q15084-5				2.13858e+06
Q15113	Q15113				2.98976e+07
Q15166	Q15166				1.26778e+07
Q15223;Q15223-2;Q15223-3	Q15223;Q15223-2;Q15223-3				6.83553e+06
Q15256	Q15256;Q15256-5				3.00575e+06
Q15262;Q15262-2;Q15262-3;Q15262-4	Q15262;Q15262-2;Q15262-3;Q15262-4				4.49399e+06
Q15293	Q15293				1.65219e+06
Q15303;Q15303-2;Q15303-3;Q15303-4	Q15303;Q15303-2;Q15303-3;Q15303-4				2.39746e+06
Q15375;Q15375-4	Q15375;Q15375-2;Q15375-4				3.71385e+06
Q15435;Q15435-2;Q15435-3;Q15435-4;Q15435-5	Q15435;Q15435-2;Q15435-3;Q15435-4;Q15435-5				191775
Q15459;Q15459-2	Q15459;Q15459-2				800730
Q15465	Q15465				1.22232e+06
Q15493;Q15493-2	Q15493;Q15493-2				148983
Q15582	Q15582				4.46911e+07
Q15768	Q15768				5.51148e+06
Q15782;Q15782-6	Q15782;Q15782-6				3.4926e+06
Q15818	Q15818				9.61784e+07
Q15819	Q15819				3.89431e+06
Q15828	Q15828				1.4058e+06
Q15846	Q15846				2.63446e+06
Q15847	Q15847				517441
Q15848	Q15848				1.72434e+06
Q15904	Q15904				1.22351e+08
Q16143	P37840;Q16143;P37840-2;P37840-3				1.66591e+06
Q16270	Q16270;Q16270-2				1.23267e+08
Q16288;Q16288-2;Q16288-3;Q16288-4;Q16288-5	Q16288;Q16288-2;Q16288-3;Q16288-4;Q16288-5				7.71201e+06
Q16363;Q16363-2	Q16363;Q16363-2				1.55095e+07
Q16394	Q16394				658627
Q16531	Q16531				1.94881e+06
Q16555;Q16555-2	Q16555;Q16555-2				1.29951e+06
Q16568	Q16568				2.72081e+06
Q16581	Q16581				1.82236e+06
Q16610;Q16610-4	Q16610;Q16610-2;Q16610-4				4.54175e+07
Q16620;Q16620-2;Q16620-3;Q16620-4;Q16620-5;Q16620-6	Q16620;Q16620-2;Q16620-3;Q16620-4;Q16620-5;Q16620-6				9.18583e+06
Q16623;Q16623-2;Q16623-3	Q16623;Q16623-2;Q16623-3				1.9485e+06
Q16627;Q16627-2	Q16627;Q16627-2				1.21767e+06
Q16651	Q16651;Q16651-2				1.51892e+06
Q16653;Q16653-10;Q16653-11;Q16653-13;Q16653-2;Q16653-3;Q16653-5;Q16653-6;Q16653-7;Q16653-8;Q16653-9	Q16653;Q16653-10;Q16653-11;Q16653-13;Q16653-2;Q16653-3;Q16653-5;Q16653-6;Q16653-7;Q16653-8;Q16653-9				8.15138e+06
Q16658	Q16658				1.27636e+06
Q16674	Q16674				2.02913e+06
Q16706	Q16706				7.44911e+06
Q16769	Q16769				4.34344e+07
Q16775;Q16775-2	Q16775;Q16775-2				2.04741e+06
Q16799	Q16799				650530
Q16849	Q16849;Q16849-3;Q16849-2				5.65807e+07
Q16853;Q16853-2	Q16853;Q16853-2				1.37645e+06
Q16880	Q16880				7.52502e+06
Q16881;Q16881-2;Q16881-3;Q16881-4;Q16881-5;Q16881-6;Q16881-7	Q16881;Q16881-4;Q16881-5;Q16881-2;Q16881-3;Q16881-6;Q16881-7				560735
Q16891;Q16891-2;Q16891-3;Q16891-4	Q16891;Q16891-2;Q16891-3;Q16891-4				274329
Q24JP5;Q24JP5-2	Q24JP5;Q24JP5-2;Q24JP5-3				2.07246e+07
Q2TAL6	Q2TAL6				1.93474e+06
Q2TBF2;Q2TBF2-2	Q2TBF2;Q2TBF2-2				1.06788e+06
Q2UY09	Q2UY09;Q2UY09-2;Q2UY09-3				387471
Q495W5;Q495W5-2	Q495W5;Q495W5-2				3.70581e+06
Q4G0P3	Q4G0P3;Q4G0P3-10;Q4G0P3-5;Q4G0P3-6;Q4G0P3-8				2.20548e+07
Q4G148;Q4G148-2	Q4G148;Q4G148-2				454152
Q4KWH8;Q4KWH8-3;Q4KWH8-4	Q4KWH8;Q4KWH8-2;Q4KWH8-3;Q4KWH8-4				3.34194e+06
Q4LDE5	Q4LDE5				544706
Q504Y0;Q504Y0-2;Q504Y0-3;Q504Y0-4;Q504Y0-5	Q504Y0;Q504Y0-2;Q504Y0-3;Q504Y0-4;Q504Y0-5				69964.4
Q53EL9;Q53EL9-3	Q53EL9;Q53EL9-2;Q53EL9-3				2.15548e+07
Q53H76;Q53H76-2;Q53H76-3	Q53H76;Q53H76-2;Q53H76-3;Q53H76-4				460965
Q53RD9;Q53RD9-2;Q53RD9-4	Q53RD9;Q53RD9-2;Q53RD9-3;Q53RD9-4				2.41961e+07
Q53RT3;Q53RT3-2	Q53RT3;Q53RT3-2				201242
Q562R1	Q562R1				2.53481e+07
Q58EX2;Q58EX2-2;Q58EX2-3;Q58EX2-4	Q58EX2;Q58EX2-2;Q58EX2-3;Q58EX2-4				838820
Q58FF6	Q58FF6				751482
Q5BIV9	Q5BIV9				1.39075e+07
Q5BLP8;Q5BLP8-2;Q5BLP8-3	Q5BLP8;Q5BLP8-2;Q5BLP8-3				1.4809e+07
Q5D862	Q5D862				226211
Q5FWE3;Q5FWE3-3	Q5FWE3;Q5FWE3-3				1.26762e+07
Q5IJ48;Q5IJ48-2;Q5IJ48-3	Q5IJ48;Q5IJ48-2;Q5IJ48-3				4.07712e+06
Q5JRA6;Q5JRA6-2	Q5JRA6;Q5JRA6-2				1.04678e+07
Q5JS37;Q5JS37-2	Q5JS37;Q5JS37-2				1.14422e+06
Q5JTV8;Q5JTV8-2;Q5JTV8-3	Q5JTV8;Q5JTV8-2;Q5JTV8-3				268826
Q5JZY3;Q5JZY3-2;Q5JZY3-3	Q5JZY3;Q5JZY3-2;Q5JZY3-3				7.7902e+06
Q5KU26	Q5KU26				3.87555e+07
Q5R3F8	Q5R3F8				2.31808e+06
Q5SGD2;Q5SGD2-2;Q5SGD2-3	Q5SGD2;Q5SGD2-2;Q5SGD2-3				1.60121e+06
Q5SRI9	Q5SRI9				6.15231e+06
Q5SZI1	Q5SZI1				409752
Q5SZK8	Q5SZK8;Q5SZK8-2				539566
Q5T013;Q5T013-2;Q5T013-3;Q5T013-4	Q5T013;Q5T013-2;Q5T013-3;Q5T013-4				9.04862e+08
Q5T848	Q5T848				6.55003e+06
Q5VSG8	Q5VSG8				5.94412e+06
Q5VU43;Q5VU43-3;Q5VU43-4	Q5VU43;Q5VU43-11;Q96SN8;Q5VU43-8;Q5VU43-10;Q5VU43-12;Q5VU43-3;Q5VU43-4;Q5VU43-6;Q5VU43-7;Q5VU43-9;Q96SN8-2;Q96SN8-3;Q96SN8-4				1.80243e+06
Q5VU97	Q5VU97				6.412e+06
Q5VUB5	Q5VUB5				1.51855e+06
Q5VV43;Q5VV43-2;Q5VV43-4	Q5VV43;Q5VV43-2;Q5VV43-4				6.12695e+06
Q5VV63	Q5VV63				3.6541e+06
Q5VWW1	Q5VWW1;Q5VWW1-2;Q5VWW1-3				1.81038e+06
Q5ZPR3;Q5ZPR3-3;Q5ZPR3-4	Q5ZPR3;Q5ZPR3-3;Q5ZPR3-4				1.60228e+06
Q63HQ2;Q63HQ2-2;Q63HQ2-4	Q63HQ2;Q63HQ2-2;Q63HQ2-4				155783
Q641Q3;Q641Q3-2	Q641Q3;Q641Q3-2				5.39616e+06
Q658N2	Q658N2				4.09316e+06
Q68BL7;Q68BL7-2;Q68BL7-3	Q68BL7;Q68BL7-2;Q68BL7-3				5.69482e+06
Q68BL8	Q68BL8				398538
Q68D85	Q68D85				3.44517e+06
Q6E0U4;Q6E0U4-16;Q6E0U4-2;Q6E0U4-3;Q6E0U4-4;Q6E0U4-5;Q6E0U4-6;Q6E0U4-7	Q6E0U4;Q6E0U4-16;Q6E0U4-2;Q6E0U4-3;Q6E0U4-4;Q6E0U4-5;Q6E0U4-6;Q6E0U4-7				2.74916e+06
Q6EMK4	Q6EMK4				1.12367e+07
Q6FHJ7	Q6FHJ7				4.5149e+06
Q6GTX8;Q6GTX8-2;Q6GTX8-3;Q6GTX8-4;Q6ISS4;Q6ISS4-2	Q6GTX8;Q6ISS4;Q6GTX8-2;Q6GTX8-3;Q6GTX8-4;Q6ISS4-2				2.78294e+06
Q6IBS0	Q12792;Q6IBS0;Q12792-3;Q12792-4				491844
Q6IEE7	Q6IEE7				946407
Q6IS24	Q6IS24				2.42751e+06
Q6JBY9;Q6JBY9-2	Q6JBY9;Q6JBY9-2				289547
Q6MZW2	Q6MZW2;Q6MZW2-2;Q6MZW2-3				4.80189e+07
Q6NUI6;Q6NUI6-2	Q6NUI6;Q6NUI6-2				287552
Q6NUJ2	Q6NUJ2				2.58849e+06
Q6NW40	Q6NW40				9.28383e+06
Q6P0Q8;Q6P0Q8-2	Q6P0Q8;Q6P0Q8-2				5.09521e+07
Q6P179;Q6P179-3	Q6P179;Q6P179-2;Q6P179-3;Q6P179-4				430599
Q6P4E1;Q6P4E1-5	Q6P4E1;Q6P4E1-2;Q6P4E1-5				1.13493e+07
Q6P9A2	Q6P9A2				2.99628e+06
Q6PCB0	Q6PCB0				7.33342e+06
Q6PUV4	Q6PUV4				849039
Q6RVD6	Q6RVD6				763917
Q6UVK1	Q6UVK1				4.66493e+06
Q6UVY6;Q6UVY6-2	Q6UVY6;Q6UVY6-2				2.43492e+06
Q6UW01	Q6UW01				1.34487e+07
Q6UW78	Q6UW78				1.55148e+06
Q6UWH4;Q6UWH4-2	Q6UWH4;Q6UWH4-2				3.2116e+07
Q6UWP8	Q6UWP8;Q6UWP8-2				118873
Q6UWR7	Q6UWR7				3.36771e+06
Q6UWY5	Q6UWY5				1.37851e+06
Q6UX15;Q6UX15-2	Q6UX15;Q6UX15-2				4.86534e+06
Q6UX71	Q6UX71;Q6UX71-2				3.62618e+07
Q6UX72	Q6UX72				1.79189e+06
Q6UX73;Q6UX73-2	Q6UX73;Q6UX73-2				3.16699e+07
Q6UXB8	Q6UXB8;Q6UXB8-2				1.89519e+07
Q6UXD5-3;Q6UXD5-5	Q6UXD5;Q6UXD5-2;Q6UXD5-3;Q6UXD5-4;Q6UXD5-5;Q6UXD5-6				1.06181e+08
Q6UXF1;Q6UXF1-2	Q6UXF1;Q6UXF1-2				1.5599e+06
Q6UXH9;Q6UXH9-2	Q6UXH9;Q6UXH9-2;Q6UXH9-3				1.34618e+06
Q6UXI9;Q6UXI9-3;Q6UXI9-4;Q6UXI9-5;Q6UXI9-6	Q6UXI9;Q6UXI9-2;Q6UXI9-3;Q6UXI9-4;Q6UXI9-5;Q6UXI9-6				867835
Q6UXK2	Q6UXK2				2.92293e+06
Q6UXK5	Q6UXK5				3.00144e+06
Q6UXZ4;Q6UXZ4-2	Q6UXZ4;Q6UXZ4-2				2.49913e+06
Q6YHK3	Q6YHK3;Q6YHK3-2;Q6YHK3-4				3.486e+06
Q6ZMI3	Q6ZMI3;Q6ZMI3-2				3.29379e+06
Q6ZMP0;Q6ZMP0-2	Q6ZMP0;Q6ZMP0-2				2.17486e+06
Q6ZN30;Q6ZN30-2	Q6ZN30;Q6ZN30-2				1.60343e+06
Q6ZN44;Q6ZN44-2	Q6ZN44;Q6ZN44-2				357236
Q6ZRI8;Q6ZRI8-2;Q6ZRI8-3;Q6ZRI8-4;Q6ZRI8-5	Q6ZRI8;Q6ZRI8-2;Q6ZRI8-3;Q6ZRI8-4;Q6ZRI8-5				1.3227e+06
Q6ZRP7	Q6ZRP7				5.28347e+06
Q6ZSJ9;Q6ZSJ9-2;Q6ZSJ9-3	Q6ZSJ9;Q6ZSJ9-2;Q6ZSJ9-3				2.61662e+07
Q6ZVL6	Q6ZVL6;Q6ZVL6-2				1.20767e+07
Q76KP1	Q76KP1				3.24397e+06
Q7KYR7;Q7KYR7-1;Q7KYR7-4;Q7KYR7-6;Q8WVV5;Q8WVV5-2;Q8WVV5-3	Q7KYR7;Q8WVV5;Q7KYR7-4;Q7KYR7-1;Q7KYR7-5;Q7KYR7-6;Q8WVV5-2;Q8WVV5-3				1.00301e+06
Q7L014	Q7L014				2.57835e+07
Q7L0X0	Q7L0X0				1.51072e+06
Q7LFX5	Q7LFX5				4.44676e+06
Q7LGC8	Q7LGC8				527984
Q7Z304	Q7Z304				1.09444e+06
Q7Z3B1	Q7Z3B1;Q7Z3B1-2				2.52119e+08
Q7Z3D4	Q7Z3D4				1.19503e+06
Q7Z408;Q7Z408-4	Q7Z408;Q7Z408-4				491945
Q7Z553;Q7Z553-3	Q7Z553;Q7Z553-2;Q7Z553-3				2.79667e+06
Q7Z5A7;Q7Z5A7-2	Q7Z5A7;Q7Z5A7-2;Q7Z5A7-3				1.85745e+07
Q7Z5B4;Q7Z5B4-2;Q7Z5B4-5;Q7Z5B4-6	Q7Z5B4;Q7Z5B4-5;Q7Z5B4-2;Q7Z5B4-6				3.06542e+06
Q7Z5L0	Q7Z5L0				2.21041e+06
Q7Z5L3	Q7Z5L3				56216
Q7Z5L7;Q7Z5L7-2;Q7Z5L7-3	Q7Z5L7;Q7Z5L7-2;Q7Z5L7-3;Q7Z5L7-4				1.04914e+06
Q7Z6L0;Q7Z6L0-2;Q7Z6L0-3	Q7Z6L0;Q7Z6L0-2;Q7Z6L0-3				679104
Q7Z7G0	Q7Z7G0;Q7Z7G0-2;Q7Z7G0-3;Q7Z7G0-4				2.08504e+06
Q7Z7H5;Q7Z7H5-3	Q7Z7H5;Q7Z7H5-2;Q7Z7H5-3				4.20656e+06
Q7Z7M0	Q7Z7M0;Q7Z7M0-2				3.82712e+07
Q7Z7M8	Q7Z7M8				541117
Q7Z7M9	Q7Z7M9				7.34054e+06
Q86SF2	Q86SF2				7.8045e+06
Q86SJ2	Q86SJ2				384072
Q86SQ4;Q86SQ4-2;Q86SQ4-3;Q86SQ4-4	Q86SQ4;Q86SQ4-2;Q86SQ4-3;Q86SQ4-4				64473.2
Q86SR1	Q86SR1;Q86SR1-2;Q86SR1-3				6.03926e+06
Q86SU0;Q86SU0-2;Q86SU0-5;Q86SU0-6	Q86SU0;Q86SU0-2;Q86SU0-5;Q86SU0-6				5.02033e+06
Q86T13	Q86T13				124472
Q86TE4;Q86TE4-4	Q86TE4;Q86TE4-4				7.07753e+06
Q86TH1	Q86TH1				1.78505e+06
Q86TY3;Q86TY3-2	Q86TY3;Q86TY3-2				1.45416e+07
Q86UD1	Q86UD1				4.89138e+06
Q86UN2	Q86UN2				9.25196e+06
Q86UN3	Q86UN3				3.21771e+07
Q86UP0;Q86UP0-2	Q86UP0;Q86UP0-2				6.98393e+06
Q86UW8	Q86UW8				1.13308e+06
Q86UX2	Q86UX2;Q86UX2-2;Q86UX2-3				2.16045e+07
Q86V85	Q86V85				351617
Q86VB7;Q86VB7-2;Q86VB7-3;Q86VB7-4	Q86VB7;Q86VB7-2;Q86VB7-3;Q86VB7-4				2.18454e+07
Q86VR8	Q86VR8				1.56142e+06
Q86VV8;Q86VV8-3	Q86VV8;Q86VV8-3				4.90496e+06
Q86VZ4	Q86VZ4				6.77392e+06
Q86X29;Q86X29-3;Q86X29-4;Q86X29-5;Q86X29-6	Q86X29;Q86X29-3;Q86X29-4;Q86X29-5;Q86X29-6				6.53749e+06
Q86XR7-2;Q9Y3B3;Q9Y3B3-2	Q9Y3B3;Q86XR7-2;Q9Y3B3-2				1.45234e+06
Q86Y38	Q86Y38				2.61362e+06
Q86Y82	Q86Y82				2.1634e+06
Q86YD3;Q86YD3-2;Q86YD3-4;Q86YD3-5	Q86YD3;Q86YD3-2;Q86YD3-3;Q86YD3-4;Q86YD3-5				9.27024e+06
Q86YT9;Q86YT9-2;Q86YT9-3;Q86YT9-4	Q86YT9;Q86YT9-2;Q86YT9-3;Q86YT9-4				62370.2
Q86YZ3	Q86YZ3				1.35127e+06
Q8IUC8	Q10472;Q8IUC8;Q8IUC8-3;Q8IUC8-2				8.03036e+06
Q8IUK5;Q8IUK5-2;Q8IUK5-3	Q8IUK5;Q8IUK5-2;Q8IUK5-3;Q8IUK5-4				1.08974e+07
Q8IUK8	Q8IUK8				2.30587e+07
Q8IUX7	Q8IUX7;Q8IUX7-2				8.80769e+06
Q8IV08	Q8IV08				1.32502e+07
Q8IW45;Q8IW45-2;Q8IW45-4	Q8IW45;Q8IW45-2;Q8IW45-4				311139
Q8IW52	Q8IW52				8.40342e+06
Q8IWT1	Q8IWT1;Q8IWT1-2				3.61049e+06
Q8IWU5;Q8IWU5-2	Q8IWU5;Q8IWU5-2				4.84516e+07
Q8IWU6	Q8IWU6				174591
Q8IWV2	Q8IWV2				1.38282e+07
Q8IWY4	Q8IWY4				2.45795e+06
Q8IXL6	Q8IXL6				5.64031e+06
Q8IYE1	Q8IYE1				1.65845e+08
Q8IYJ0;Q8IYJ0-2	Q8IYJ0;Q8IYJ0-2				5.71811e+07
Q8IYS5;Q8IYS5-2;Q8IYS5-3;Q8IYS5-4;Q8IYS5-5;Q8IYS5-6;Q8IYS5-7	Q8IYS5;Q8IYS5-2;Q8IYS5-3;Q8IYS5-4;Q8IYS5-5;Q8IYS5-6;Q8IYS5-7				1.90856e+06
Q8IZA0;Q8IZA0-2	Q8IZA0;Q8IZA0-2				3.99012e+06
Q8IZF2;Q8IZF2-2;Q8IZF2-3	Q8IZF2;Q8IZF2-2;Q8IZF2-3				163319
Q8IZJ1;Q8IZJ1-2	Q8IZJ1;Q8IZJ1-2				1.72601e+06
Q8IZJ3;Q8IZJ3-2	Q8IZJ3;Q8IZJ3-2				1.14656e+06
Q8IZP7	Q8IZP7				9.08881e+06
Q8IZS8	Q8IZS8;Q8IZS8-2;Q8IZS8-3				2.22981e+06
Q8IZU9;Q8IZU9-2	Q8IZU9;Q8IZU9-2				364482
Q8N111	Q8N111				1.26955e+06
Q8N114;Q8N114-2	Q8N114;Q8N114-2				2.52562e+07
Q8N126;Q8N126-2	Q8N126;Q8N126-2				6.49094e+07
Q8N128;Q8N128-2	Q8N128;Q8N128-2				275492
Q8N129	Q8N129				961537
Q8N149;Q8N149-2;Q8N149-3;Q8N149-4	Q8N149;Q8N149-2;Q8N149-3;Q8N149-4				2.8968e+06
Q8N2Q7;Q8N2Q7-2	Q8N2Q7;Q8N2Q7-2				870906
Q8N2S1;Q8N2S1-2;Q8N2S1-3	Q8N2S1;Q8N2S1-2;Q8N2S1-3				1.96024e+07
Q8N3G9;Q8N3G9-2;Q8N3G9-3	Q8N3G9;Q8N3G9-2;Q8N3G9-3				523364
Q8N3H0	Q8N3H0				872459
Q8N3J2	Q8N3J2				3.65629e+07
Q8N3J6;Q8N3J6-2;Q8N3J6-3;Q8N3J6-4;Q8N3J6-5	Q8N3J6;Q8N3J6-2;Q8N3J6-3;Q8N3J6-4;Q8N3J6-5				1.69905e+07
Q8N3T1	Q8N3T1				2.44437e+06
Q8N3T6	Q8N3T6				4.90009e+06
Q8N3Z0	Q8N3Z0				492492
Q8N428	Q8N428;Q8N428-2				3.90531e+06
Q8N436	Q8N436				954821
Q8N474	Q8N474				645105
Q8N475;Q8N475-2	Q8N475;Q8N475-2;Q8N475-3				5.62351e+06
Q8N608;Q8N608-2;Q8N608-3;Q8N608-4	Q8N608;Q8N608-2;Q8N608-3;Q8N608-4				938805
Q8N6C5;Q8N6C5-2;Q8N6C5-4	Q8N6C5;Q8N6C5-2;Q8N6C5-4				2.9554e+06
Q8N729	Q8N729				486462
Q8N8Z6;Q8N8Z6-2	Q8N8Z6;Q8N8Z6-2				1.28017e+06
Q8N967	Q8N967				1.62652e+06
Q8N9I0	Q8N9I0				779993
Q8NBI6	Q8NBI6				2.34543e+06
Q8NBJ4;Q8NBJ4-2	Q8NBJ4;Q8NBJ4-2				2.69617e+07
Q8NBJ7;Q8NBJ7-2	Q8NBJ7;Q8NBJ7-2;Q8NBJ7-3				947532
Q8NBP7	Q8NBP7				1.75061e+06
Q8NBS9;Q8NBS9-2	Q8NBS9;Q8NBS9-2				1.31535e+06
Q8NC42	Q8NC42				181441
Q8NCC3	Q8NCC3;Q8NCC3-2				2.37697e+06
Q8NCH0	Q8NCH0				633224
Q8NCL4	Q8NCL4				8.67534e+06
Q8NCW5	Q8NCW5;Q8NCW5-2				4.83731e+06
Q8NCW6	Q8NCW6				858150
Q8NEP3;Q8NEP3-2;Q8NEP3-3	Q8NEP3;Q8NEP3-2;Q8NEP3-3				1.14444e+08
Q8NES3;Q8NES3-3	Q8NES3;Q8NES3-2;Q8NES3-3;Q8NES3-4				1.72111e+07
Q8NFL0	Q8NFL0				159068
Q8NFP4;Q8NFP4-2	Q8NFP4;Q8NFP4-2				2.39171e+06
Q8NFT8	Q8NFT8				169329
Q8NFY4;Q8NFY4-6	Q8NFY4;Q8NFY4-2;Q8NFY4-3;Q8NFY4-4;Q8NFY4-5;Q8NFY4-6;Q8NFY4-8				5.5515e+06
Q8NFZ4	Q8NFZ4				9.86871e+06
Q8NFZ8	Q8NFZ8				7.9184e+07
Q8NHG7	Q8NHG7				1.16288e+06
Q8NHJ6;Q8NHJ6-2;Q8NHJ6-3	Q8NHJ6;Q8NHJ6-2;Q8NHJ6-3				2.4834e+06
Q8NHP8	Q8NHP8;Q8NHP8-2				6.82962e+06
Q8NHQ9	Q8NHQ9				1.98784e+08
Q8TAB3;Q8TAB3-2;Q8TAB3-3	Q8TAB3;Q8TAB3-2;Q8TAB3-3				947201
Q8TAG5;Q8TAG5-2	Q8TAG5;Q8TAG5-2				8.41462e+07
Q8TBP5	Q8TBP5				1.48199e+07
Q8TCZ2	Q8TCZ2;Q8TCZ2-2;Q8TCZ2-3;Q8TCZ2-5;Q8TCZ2-6				5.69636e+07
Q8TDF5;Q8TDF5-1;Q8TDF5-2	Q8TDF5;Q8TDF5-1;Q8TDF5-2				1.19074e+06
Q8TDQ0;Q8TDQ0-2	Q8TDQ0;Q8TDQ0-2				5.27272e+06
Q8TE57;Q8TE57-2	Q8TE57;Q8TE57-2				4.72864e+06
Q8TEA8	Q8TEA8				1.96336e+06
Q8TER0;Q8TER0-5	Q8TER0;Q8TER0-3;Q8TER0-4;Q8TER0-5				6.61502e+06
Q8TEU8	Q8TEU8				2.56507e+07
Q8WUA8	Q8WUA8				2.88394e+06
Q8WUJ3	Q8WUJ3;Q8WUJ3-2				3.8459e+06
Q8WVN6	Q8WVN6				2.20922e+06
Q8WVQ1;Q8WVQ1-3	Q8WVQ1;Q8WVQ1-2;Q8WVQ1-3				9.15679e+06
Q8WWX9	Q8WWX9				4.89933e+06
Q8WX77	Q8WX77				1.74219e+06
Q8WXD2	Q8WXD2				1.89519e+08
Q8WXD2-2	Q8WXD2-2				9.04349e+06
Q8WXS5	Q8WXS5				122371
Q8WY21;Q8WY21-2;Q8WY21-3;Q8WY21-4	Q8WY21;Q8WY21-2;Q8WY21-3;Q8WY21-4				1.39337e+07
Q8WYK1	Q8WYK1				1.35744e+06
Q8WZ75;Q8WZ75-2;Q8WZ75-3	Q8WZ75;Q8WZ75-2;Q8WZ75-3				4.79791e+06
Q8WZA1	Q8WZA1;Q8WZA1-2				2.62596e+07
Q92484;Q92484-2	Q92484;Q92484-2				1.21826e+06
Q92485	Q92485				9.52165e+06
Q92520	Q92520				3.71771e+08
Q92542;Q92542-2	Q92542;Q92542-2				1.30442e+06
Q92563	Q92563				1.33254e+07
Q92597;Q92597-2;Q92597-3	Q92597;Q92597-2;Q92597-3				422598
Q92626	Q92626				440150
Q92673	Q92673				5.15002e+06
Q92686	Q92686				489139
Q92692;Q92692-2	Q92692;Q92692-2				2.09312e+06
Q92729;Q92729-2;Q92729-3;Q92729-4	Q92729;Q92729-2;Q92729-3;Q92729-4				565010
Q92743	Q92743				6.75906e+06
Q92752	Q92752;Q92752-2				7.08692e+06
Q92765	Q92765				1.00469e+07
Q92820	Q92820				1.42023e+07
Q92823;Q92823-2;Q92823-5	Q92823;Q92823-2;Q92823-3;Q92823-4;Q92823-5;Q92823-6				3.23905e+08
Q92824;Q92824-2	Q92824;Q92824-2				1.1473e+06
Q92832;Q92832-2	Q92832;Q92832-2				670547
Q92854	Q92854;Q92854-2				2.77833e+06
Q92859;Q92859-2;Q92859-3	Q92859;Q92859-2;Q92859-3;Q92859-4				2.9263e+07
Q92876	Q92876;Q92876-2				2.21917e+08
Q92890;Q92890-1;Q92890-3	Q92890;Q92890-1;Q92890-3				1.44962e+06
Q92896;Q92896-2;Q92896-3	Q92896;Q92896-2;Q92896-3				1.55058e+06
Q92911	Q92911				1.11874e+06
Q92932-2	Q92932;Q92932-2;Q92932-3;Q92932-4				1.60307e+07
Q92935	Q92935				424374
Q92945;Q96AE4;Q96AE4-2	Q92945;Q96AE4;Q96AE4-2				1.76086e+06
Q92954;Q92954-2;Q92954-6	Q92954;Q92954-2;Q92954-3;Q92954-4;Q92954-5;Q92954-6				8.56577e+06
Q93063;Q93063-2;Q93063-3	Q93063;Q93063-2;Q93063-3				4.36546e+06
Q93091	Q93091				4.00854e+06
Q969H8	Q969H8				2.98858e+06
Q969P0;Q969P0-3	Q969P0;Q969P0-3				3.70564e+07
Q969T9	Q969T9;Q969T9-2				1.32247e+07
Q969Z4	Q969Z4				1.66616e+06
Q96AP7	Q96AP7				4.39644e+06
Q96AQ1;Q96AQ1-2;Q96LY2;Q96LY2-2	Q96LY2;Q96LY2-2;Q96AQ1;Q96AQ1-2				169050
Q96AQ6;Q96AQ6-2	Q96AQ6;Q96AQ6-2				1.10586e+06
Q96B86;Q96B86-3;Q96B86-4	Q96B86;Q96B86-3;Q96B86-4				1.89439e+07
Q96BM9;Q9NVJ2	Q96BM9;Q9NVJ2;Q9NVJ2-2				1.15757e+06
Q96BY9	Q96BY9				1.75866e+06
Q96BZ4	Q96BZ4				1.58628e+07
Q96CG8;Q96CG8-3	Q96CG8;Q96CG8-2;Q96CG8-3				2.803e+06
Q96CW9;Q96CW9-2	Q96CW9;Q96CW9-2				359829
Q96CX2	Q96CX2;Q68DU8				429598
Q96DG6	Q96DG6				137732
Q96DT5	Q96DT5				3.27708e+06
Q96EE4	Q96EE4				7.85275e+06
Q96EG1	Q96EG1				1.06351e+06
Q96EU7	Q96EU7				273089
Q96FE5;Q96FE5-2	Q96FE5;Q7L985;Q96FE5-2				1.31131e+07
Q96FE7-4	Q96FE7;Q96FE7-2;Q96FE7-4;Q96FE7-5				2.57347e+07
Q96FJ2	P63167;Q96FJ2				7.74801e+06
Q96FW1	Q96FW1				161565
Q96GD0	Q96GD0				1.4869e+06
Q96GW7	Q96GW7;Q96GW7-2				3.99119e+08
Q96HD1;Q96HD1-2	Q96HD1;Q96HD1-2				6.58128e+06
Q96HF1	Q96HF1				385347
Q96HU1;Q96HU1-2	Q96HU1;Q96HU1-2				866377
Q96HY6;Q96HY6-2	Q96HY6;Q96HY6-2				452084
Q96I82	Q96I82				361629
Q96ID5	Q96ID5				1.55094e+07
Q96IU4	Q96IU4;Q96IU4-2				1.04623e+06
Q96IY4	Q96IY4				5.25469e+06
Q96J42;Q96J42-2	Q96J42;Q96J42-2				321771
Q96JA1;Q96JA1-2	Q96JA1;Q96JA1-2				324727
Q96JF0	Q96JF0;Q96JF0-2				1.53216e+07
Q96JP9	Q96JP9				220267
Q96JQ0	Q96JQ0				2.35104e+06
Q96KG7;Q96KG7-2	Q96KG7;Q96KG7-2				906184
Q96KN2	Q96KN2				5.89989e+08
Q96KR4;Q96KR4-3	Q96KR4;Q96KR4-3				1.40053e+06
Q96MK3	Q96MK3				82447.2
Q96MU8;Q96MU8-2;Q96MU8-3	Q96MU8;Q96MU8-2;Q96MU8-3				1.60631e+06
Q96NI6	Q96NI6				885567
Q96NU0;Q96NU0-2;Q9BZ76;Q9BZ76-2	Q96NU0;Q9BZ76;Q9BZ76-2;Q96NU0-2				234676
Q96NZ9	Q96NZ9;Q96NZ9-2;Q96NZ9-4				7.89792e+06
Q96P44;Q96P44-3	Q96P44;Q96P44-3				787989
Q96PD2;Q96PD2-2	Q96PD2;Q96PD2-2				913316
Q96PD5	Q96PD5;Q96PD5-2				1.30171e+07
Q96PQ0	Q96PQ0				2.84388e+07
Q96PX8	Q96PX8				4.70143e+07
Q96RP7	Q96RP7				818047
Q96RW7;Q96RW7-2	Q96RW7;Q96RW7-2				535199
Q96S16;Q96S16-2	Q96S16;Q96S16-2				503753
Q96S96	Q96S96				2.41619e+07
Q96SM3	Q96SM3				1.11465e+06
Q96TA2;Q96TA2-2;Q96TA2-3	Q96TA2;Q96TA2-2;Q96TA2-3				1.6873e+07
Q96TC7;Q96TC7-2	Q96TC7;Q96TC7-2				535770
Q99435;Q99435-2;Q99435-3;Q99435-4	Q99435;Q99435-2;Q99435-3;Q99435-4				1.94731e+08
Q99497	Q99497				1.66454e+07
Q99519	Q99519				2.22824e+06
Q99523	Q99523;Q99523-2				4.47772e+06
Q99538	Q99538;Q99538-2;Q99538-3				774497
Q99574	Q99574				1.91746e+07
Q99650;Q99650-2	Q99650;Q99650-2				410679
Q99674	Q99674;Q99674-2				2.34924e+07
Q99715;Q99715-4	Q99715;Q99715-4				4.48729e+06
Q99731	Q99731				57744.3
Q99784	Q99784;Q99784-3;Q99784-5				7.62559e+06
Q99941;Q99941-2	Q99941;Q99941-2				1.53823e+06
Q99946	Q99946				4.80312e+06
Q99969	Q99969				1.28298e+07
Q99972	Q99972				997144
Q99983	Q99983				1.7457e+07
Q99985	Q99985				2.32122e+06
Q9BQ16	Q9BQ16;Q9BQ16-1;Q9BQ16-4;Q9BQ16-5;Q9BQ16-6;Q9BQ16-7;Q9BQ16-8				1.61084e+07
Q9BQS7;Q9BQS7-2;Q9BQS7-3	Q9BQS7;Q9BQS7-2;Q9BQS7-3;Q9BQS7-4				333227
Q9BQT9;Q9BQT9-2	Q9BQT9;Q9BQT9-2				9.53154e+07
Q9BRA2	Q9BRA2				1.48179e+06
Q9BRF8;Q9BRF8-2;Q9BRF8-3	Q9BRF8;Q9BRF8-2;Q9BRF8-3				1.00426e+06
Q9BRK3;Q9BRK3-2;Q9BRK3-3	Q9BRK3;Q9BRK3-2;Q9BRK3-3				2.53586e+06
Q9BRK5	Q9BRK5;Q9BRK5-2;Q9BRK5-5				1.62498e+07
Q9BRR6;Q9BRR6-2	Q9BRR6;Q9BRR6-2;Q9BRR6-3;Q9BRR6-4				363703
Q9BS26	Q9BS26				794655
Q9BSG5;Q9BSG5-2;Q9BSG5-3	Q9BSG5;Q9BSG5-2;Q9BSG5-3				3.44221e+06
Q9BT88	Q9BT88				544972
Q9BTY2	Q9BTY2				1.43604e+07
Q9BU40-4;Q9BU40-5	Q9BU40;Q9BU40-3;Q9BU40-4;Q9BU40-5				9.1769e+06
Q9BUD6	Q9BUD6				3.307e+06
Q9BUJ0	Q9BUJ0				5.02148e+06
Q9BUN1	Q9BUN1				4.44482e+06
Q9BVH7	Q9BVH7				1.05645e+06
Q9BVK6	Q9BVK6				500363
Q9BW30	P59282;Q9BW30				200830
Q9BWD1;Q9BWD1-2	Q9BWD1;Q9BWD1-2				155399
Q9BWP8;Q9BWP8-10;Q9BWP8-2;Q9BWP8-3;Q9BWP8-4;Q9BWP8-5;Q9BWP8-6;Q9BWP8-7;Q9BWP8-8;Q9BWP8-9	Q9BWP8;Q9BWP8-10;Q9BWP8-2;Q9BWP8-3;Q9BWP8-4;Q9BWP8-5;Q9BWP8-6;Q9BWP8-7;Q9BWP8-8;Q9BWP8-9				1.5761e+06
Q9BWQ8	Q9BWQ8				5.54485e+06
Q9BWS9;Q9BWS9-3	Q9BWS9;Q9BWS9-3				1.68436e+06
Q9BX67	Q9BX67;Q9BX67-2				6.84693e+06
Q9BXJ0	Q9BXJ0				7.59901e+06
Q9BXJ1;Q9BXJ1-2	Q9BXJ1;Q9BXJ1-2				5.36249e+06
Q9BXJ3	Q9BXJ3				2.49672e+07
Q9BXJ4;Q9BXJ4-2;Q9BXJ4-3	Q9BXJ4;Q9BXJ4-2;Q9BXJ4-3				7.04628e+06
Q9BXP8	Q9BXP8				614736
Q9BXX0	Q9BXX0				773160
Q9BY67-2	Q9BY67-2				1.67045e+06
Q9BY67-5	Q9BY67;Q9BY67-2;Q9BY67-3;Q9BY67-4;Q9BY67-5				6.4096e+07
Q9BY76;Q9BY76-2	Q9BY76;Q9BY76-2				89919.2
Q9BYC5	Q9BYC5;Q9BYC5-3				915509
Q9BYH1;Q9BYH1-5;Q9BYH1-6;Q9BYH1-7	Q9BYH1;Q9BYH1-2;Q9BYH1-3;Q9BYH1-4;Q9BYH1-5;Q9BYH1-6;Q9BYH1-7				4.44267e+07
Q9BYJ0	Q9BYJ0				343362
Q9BZC7;Q9BZC7-2;Q9BZC7-3;Q9BZC7-4	Q9BZC7;Q9BZC7-2;Q9BZC7-3;Q9BZC7-4				1.9953e+07
Q9BZM5	Q5VY80;Q6H3X3;Q9BZM5;Q6H3X3-2;Q6H3X3-3				2.01237e+06
Q9BZR6	Q9BZR6				2.91058e+07
Q9C0A0	Q9C0A0;Q96NU0;Q9BZ76;Q9BZ76-2;Q96NU0-2;Q9C0A0-2				2.59235e+07
Q9C0C4	Q9C0C4				4.7782e+06
Q9GZM5	Q9GZM5				8.79164e+06
Q9GZP0;Q9GZP0-2	Q9GZP0;Q9GZP0-2				608084
Q9GZP4;Q9GZP4-2	Q9GZP4;Q9GZP4-2				4.68732e+06
Q9GZT8;Q9GZT8-2	Q9GZT8;Q9GZT8-2;Q9GZT8-3				1.18038e+06
Q9GZV7	Q9GZV7				1.52192e+06
Q9GZX3	Q9GZX3				178848
Q9GZX9	Q9GZX9				3.4482e+06
Q9H008	Q9H008;Q9H008-2				557267
Q9H0Q3;Q9H0Q3-2	Q9H0Q3;Q9H0Q3-2				2.52603e+06
Q9H0R4;Q9H0R4-2	Q9H0R4;Q9H0R4-2				640187
Q9H0X4	Q9H0X4				703499
Q9H156;Q9H156-2	Q9H156;Q9H156-2				2.30168e+06
Q9H173	Q9H173				1.6761e+06
Q9H1B5	Q9H1B5				1.35581e+06
Q9H1E5	Q9H1E5				411975
Q9H1U4	Q9H1U4				6.98314e+06
Q9H1Z8	Q9H1Z8				1.12584e+07
Q9H251;Q9H251-2;Q9H251-3;Q9H251-4;Q9H251-8	Q9H251;Q9H251-2;Q9H251-3;Q9H251-4;Q9H251-8				275227
Q9H257;Q9H257-2;Q9H257-3	Q9H257;Q9H257-2;Q9H257-3				1.15838e+06
Q9H299	Q9H299				3.57086e+06
Q9H2A7	Q9H2A7				7.82486e+06
Q9H2A9	Q9H2A9				1.68403e+06
Q9H2B2;Q9H2B2-2	Q9H2B2;Q9H2B2-2				1.5152e+07
Q9H2E6;Q9H2E6-2	Q9H2E6;Q9H2E6-2				7.3761e+06
Q9H2G2	Q9H2G2;Q9H2G2-2				2.78006e+06
Q9H2X0;Q9H2X0-5	Q9H2X0;Q9H2X0-5				3.97113e+06
Q9H2X8	Q9H2X8				482481
Q9H2X9;Q9H2X9-2	Q9H2X9;Q9H2X9-2				768761
Q9H3G5	Q9H3G5				2.14137e+07
Q9H3S1;Q9H3S1-2	Q9H3S1;Q9H3S1-2				815551
Q9H3S3	Q9H3S3				1.00485e+06
Q9H3T2;Q9H3T2-3	Q9H3T2;Q9H3T2-2;Q9H3T2-3				755664
Q9H3T3;Q9H3T3-3	Q9H3T3;Q9H3T3-3				1.88463e+06
Q9H3U7;Q9H3U7-2	Q9H3U7;Q9H3U7-2				16437.9
Q9H492;Q9H492-2	Q9GZQ8;Q9H492;A6NCE7;Q9H492-2				379037
Q9H4A9;Q9H4A9-2	Q9H4A9;Q9H4A9-2				186393
Q9H4D0	Q9H4D0				9.81751e+06
Q9H4F8;Q9H4F8-2	Q9H4F8;Q9H4F8-2				1.40194e+06
Q9H5Y7	Q9H5Y7				1.41774e+06
Q9H6B4	Q9H6B4				2.13694e+06
Q9H6X2;Q9H6X2-2;Q9H6X2-3;Q9H6X2-4;Q9H6X2-5;Q9H6X2-6	Q9H6X2;Q9H6X2-2;Q9H6X2-3;Q9H6X2-4;Q9H6X2-5;Q9H6X2-6				3.69585e+06
Q9H741	Q9H741				2.36016e+06
Q9H7Y0	Q9H7Y0;Q9H7Y0-2				3.04019e+06
Q9H8J5	Q9H8J5				7.14351e+06
Q9H8L6	Q9H8L6				8.74512e+06
Q9H9S5	Q9H9S5				2.28786e+06
Q9HAR2;Q9HAR2-2;Q9HAR2-3;Q9HAR2-4	Q9HAR2;Q9HAR2-2;Q9HAR2-3;Q9HAR2-4				8.68949e+06
Q9HAT2	Q9HAT2;Q9HAT2-2				9.77746e+06
Q9HB40	Q9HB40;Q9HB40-2				528442
Q9HBR0	Q9HBR0				8.37245e+06
Q9HBT6	Q9HBT6				1.70033e+06
Q9HBW1	Q9HBW1				2.64465e+06
Q9HC38-2	Q9HC38;Q9HC38-2;Q9HC38-3				1.74191e+06
Q9HC56;Q9HC56-2	Q9HC56;Q9HC56-2				9.71446e+06
Q9HC57	Q9HC57				1.24981e+07
Q9HCB6	Q9HCB6				7.57808e+06
Q9HCK4;Q9HCK4-2;Q9HCK4-3	Q9HCK4;Q9HCK4-2;Q9HCK4-3				4.74237e+06
Q9HCL0;Q9HCL0-2	Q9HCL0;Q9HCL0-2				158777
Q9HCM2;Q9HCM2-2;Q9HCM2-3	Q9HCM2;Q9HCM2-2;Q9HCM2-3				1.16765e+06
Q9HCU0	Q9HCU0				8.1136e+06
Q9HCU4	Q9HCU4				1.9201e+07
Q9HD45	Q9HD45				740632
Q9HDB5	Q9HDB5;Q9Y4C0;Q9HDB5-2;Q9HDB5-4;Q9Y4C0-3				2.28584e+07
Q9HDC9	Q9HDC9;Q9HDC9-2				604034
Q9NP58;Q9NP58-4	Q9NP58;Q9NP58-4				5.76508e+06
Q9NP80;Q9NP80-2;Q9NP80-3	Q9NP80;Q9NP80-2;Q9NP80-3				5.21252e+06
Q9NP84	Q9NP84				1.66564e+06
Q9NPC4	Q9NPC4				1.80636e+06
Q9NPH3;Q9NPH3-2;Q9NPH3-5	Q9NPH3;Q9NPH3-2;Q9NPH3-3;Q9NPH3-5				2.79237e+06
Q9NPR2;Q9NPR2-2	Q9NPR2;Q9NPR2-2				1.09175e+07
Q9NQ30	Q9NQ30				397471
Q9NQ36;Q9NQ36-2;Q9NQ36-3	Q9NQ36;Q9NQ36-2;Q9NQ36-3				1.10185e+06
Q9NQ79;Q9NQ79-2	Q9NQ79;Q9NQ79-2;Q9NQ79-3				1.14817e+08
Q9NQS3;Q9NQS3-2;Q9NQS3-3	Q9NQS3;Q9NQS3-2;Q9NQS3-3				2.82634e+06
Q9NQX5	Q9NQX5				5.60327e+06
Q9NQX7	Q9NQX7;Q9NQX7-2;Q9NQX7-3				551444
Q9NR34	Q9NR34				7.80829e+06
Q9NRB3	Q9NRB3				1.90944e+06
Q9NRN5	Q9NRN5;Q9NRN5-2				8.06689e+07
Q9NRR1	Q9NRR1				1.05744e+07
Q9NRV9	Q9NRV9				149674
Q9NS00;Q9NS00-2	Q9NS00;Q9NS00-2				1.35176e+06
Q9NS15;Q9NS15-2	Q9NS15;Q9NS15-2				960917
Q9NS84	Q9NS84				215805
Q9NS85	Q9NS85;Q9NS85-2				5.38378e+06
Q9NS98	Q9NS98				1.60945e+07
Q9NSC7	Q9NSC7				3.21286e+06
Q9NT22;Q9NT22-2	Q9NT22;Q9NT22-2				1.12179e+06
Q9NT99	Q9NT99				1.55287e+07
Q9NTU7	Q9NTU7				2.16817e+07
Q9NU53	Q9NU53				280032
Q9NUQ9	Q9NUQ9;Q9NUQ9-2				1.87605e+06
Q9NX62	Q9NX62				6.0153e+07
Q9NXS2;Q9NXS2-3	Q9NXS2;Q9NXS2-3				1.96518e+06
Q9NY15	Q9NY15				852929
Q9NY33	Q9NY33;Q9NY33-4				1.23149e+06
Q9NY47;Q9NY47-2	Q9NY47;Q9NY47-2;Q9NY47-3;Q9NY47-4;Q9NY47-5				3.39467e+06
Q9NY72	Q9NY72				4.92413e+06
Q9NY97;Q9NY97-2	Q9NY97;Q9NY97-2				7.83959e+06
Q9NYQ7;Q9NYQ7-2	Q9NYQ7;Q9NYQ7-2				699103
Q9NYQ8	Q9NYQ8				1.29699e+07
Q9NYX4	Q9NYX4				2.44411e+07
Q9NZ08;Q9NZ08-2	Q9NZ08;Q9NZ08-2				512264
Q9NZ53	Q9NZ53;Q9NZ53-2				8.44892e+06
Q9NZ72;Q9NZ72-2	Q9NZ72;Q9NZ72-2				1.18233e+06
Q9NZ94;Q9NZ94-2;Q9NZ94-3	Q9NZ94;Q9NZ94-2;Q9NZ94-3				1.26217e+06
Q9NZC2;Q9NZC2-2;Q9NZC2-3	Q9NZC2;Q9NZC2-2;Q9NZC2-3				5.58108e+06
Q9NZK5	Q9NZK5				3.9528e+06
Q9NZN1	Q9NZN1				2.75244e+06
Q9NZP8	Q9NZP8				1.49125e+07
Q9NZR2	Q9NZR2				2.79747e+06
Q9NZU1	Q9NZU1				2.94224e+06
Q9P0K1;Q9P0K1-2;Q9P0K1-5	Q9P0K1;Q9P0K1-2;Q9P0K1-3;Q9P0K1-4;Q9P0K1-5				4.42719e+07
Q9P0K9	Q9P0K9				1.24574e+07
Q9P0L0;Q9P0L0-2	Q9P0L0;Q9P0L0-2				3.78034e+06
Q9P0S2	Q9P0S2				460377
Q9P121-4	Q9P121;Q9P121-3;Q9P121-2;Q9P121-4				1.41199e+08
Q9P232	Q9P232				4.64075e+06
Q9P2E7;Q9P2E7-2	Q9P2E7;Q9P2E7-2				4.69023e+06
Q9P2S2	P58401;Q9P2S2				2.32632e+07
Q9UBG0	Q9UBG0				2.64432e+06
Q9UBP4	Q9UBP4				5.2427e+08
Q9UBQ6	Q9UBQ6				3.50446e+07
Q9UBR2	Q9UBR2				1.99795e+07
Q9UBV2;Q9UBV2-2	Q9UBV2;Q9UBV2-2				1.51502e+06
Q9UBX1	Q9UBX1				1.50643e+07
Q9UBX5	Q9UBX5				2.2027e+07
Q9UBX7;Q9UBX7-1;Q9UBX7-3;Q9UBX7-4	Q9UBX7;Q9UBX7-1;Q9UBX7-3;Q9UBX7-4				1.41868e+06
Q9UD71;Q9UD71-2	Q9UD71;Q9UD71-2				160747
Q9UEW3;Q9UEW3-2	Q9UEW3;Q9UEW3-2				1.39176e+06
Q9UF11;Q9UF11-2;Q9UF11-3;Q9UF11-4	Q9UF11;Q9UF11-2;Q9UF11-3;Q9UF11-4				3.69324e+06
Q9UF33	Q9UF33				1.02591e+06
Q9UFP1	Q9UFP1				4.09022e+06
Q9UGM5;Q9UGM5-2	Q9UGM5;Q9UGM5-2				5.43418e+06
Q9UGV2;Q9UGV2-2;Q9UGV2-3	Q9UGV2;Q9UGV2-2;Q9UGV2-3				731836
Q9UHC6	Q9UHC6				3.45533e+07
Q9UHD9	Q9UHD9				830557
Q9UHF0-2	Q9UHF0-2				5.16269e+06
Q9UHG2	Q9NPY3;Q9UHG2				2.00546e+08
Q9UHG3	Q9UHG3;Q9UHG3-2				3.43586e+06
Q9UHI8	Q9UHI8				6.36172e+06
Q9UHL4	Q9UHL4				9.13051e+06
Q9UHY7	Q9UHY7;Q9UHY7-2				274950
Q9UI15	Q9UI15				928852
Q9UI42;Q9UI42-2	Q9UI42;Q9UI42-2				392411
Q9UIB8;Q9UIB8-2;Q9UIB8-3;Q9UIB8-4;Q9UIB8-5;Q9UIB8-6	Q9UIB8;Q9UIB8-2;Q9UIB8-3;Q9UIB8-4;Q9UIB8-5;Q9UIB8-6				2.0919e+06
Q9UIQ6;Q9UIQ6-2;Q9UIQ6-3	Q9UIQ6;Q9UIQ6-2;Q9UIQ6-3				427383
Q9UIW2	P51805;Q9UIW2				6.5411e+06
Q9UJ14	Q9UJ14				6.35569e+06
Q9UJ37	Q9UJ37				3.10028e+06
Q9UJ90	Q9UJ90				3.7355e+06
Q9UJ99	Q9UJ99				5.6391e+06
Q9UJA9	Q9UJA9				3.39437e+06
Q9UJH8	Q9UJH8				1.04466e+06
Q9UJJ9	Q9UJJ9				1.09581e+07
Q9UJQ1;Q9UJQ1-2	Q9UJQ1;Q9UJQ1-2				1.56372e+06
Q9UK23;Q9UK23-2;Q9UK23-3	Q9UK23;Q9UK23-2;Q9UK23-3				724256
Q9UK28	Q9UK28				1.16343e+06
Q9UK55	Q9UK55				785966
Q9UK76;Q9UK76-2;Q9UK76-3	Q9UK76;Q9UK76-2;Q9UK76-3				706780
Q9UKB5	Q9UKB5				6.89782e+06
Q9UKJ1-3	Q9UKJ1;Q9UKJ1-2;Q9UKJ1-3;Q9UKJ1-4				3.02001e+06
Q9UKK9	Q9UKK9				83399.4
Q9UKM7	Q9UKM7				2.43673e+06
Q9UKQ2;Q9UKQ2-2	Q9UKQ2;Q9UKQ2-2				526409
Q9UKU6	Q9UKU6				1.78569e+06
Q9UKU9	Q9UKU9;Q9UKU9-2				2.02347e+06
Q9UKY0	Q9UKY0				613350
Q9UKZ4;Q9UKZ4-2	Q9UKZ4;Q9UKZ4-2				745344
Q9ULB1-2;Q9ULB1-3	P58400;Q9ULB1-2;Q9ULB1-3				3.84206e+07
Q9ULB4	Q9ULB4				2.75875e+06
Q9ULB5	Q9ULB5				1.95385e+06
Q9ULF5	Q9ULF5				1.50545e+07
Q9ULH4	Q9ULH4				1.43356e+06
Q9ULI3;Q9ULI3-2	Q9ULI3;Q9ULI3-2				1.64593e+07
Q9ULI4	Q9ULI4				575588
Q9ULL4;Q9ULL4-2	Q9ULL4;Q9ULL4-2				2.32349e+06
Q9ULP0-2	Q9ULP0;Q9ULP0-2;Q9ULP0-4;Q9ULP0-5				2.9928e+06
Q9ULP0-3;Q9ULP0-6	Q9ULP0-3;Q9ULP0-6				458691
Q9ULX7	Q9ULX7				1.94389e+06
Q9ULZ3;Q9ULZ3-2;Q9ULZ3-3	Q9ULZ3;Q9ULZ3-2;Q9ULZ3-3				28064
Q9ULZ9;Q9ULZ9-2	Q9ULZ9;Q9ULZ9-2				1.68264e+06
Q9UM21;Q9UM21-2	Q9UM21;Q9UM21-2				693569
Q9UM22	Q9UM22;Q9UM22-3				8.68037e+06
Q9UM47	Q9UM47				2.10061e+06
Q9UMF0	Q9UMF0				1.97398e+07
Q9UMX5	Q9UMX5				6.91947e+06
Q9UN36-2;Q9UN36-6	Q9UN36;Q9UN36-2;Q9UN36-3;Q9UN36-5;Q9UN36-6				7.79891e+06
Q9UN70;Q9UN70-2	Q9UN70;Q9UN70-2				3.3102e+06
Q9UN72;Q9UN72-2;Q9UN75;Q9UN75-2;Q9Y5H6;Q9Y5H6-2;Q9Y5H7;Q9Y5H7-2;Q9Y5H7-3;Q9Y5H8;Q9Y5H8-2;Q9Y5I0;Q9Y5I0-2;Q9Y5I1;Q9Y5I1-2	Q9UN72;Q9Y5H8;Q9UN75;Q9Y5H6;Q9Y5H7;Q9Y5I0;Q9Y5I1;Q9UN72-2;Q9UN75-2;Q9Y5H6-2;Q9Y5H7-2;Q9Y5H7-3;Q9Y5H8-2;Q9Y5I0-2;Q9Y5I1-2				2.13104e+06
Q9UNN8	Q9UNN8				3.05735e+06
Q9UNW1	Q9UNW1;Q9UNW1-4				7.17729e+06
Q9UP79	Q9UP79				2.33123e+06
Q9UPU3	Q9UPU3				3.4092e+07
Q9UQ52	Q9UQ52				5.27902e+06
Q9UQM7;Q9UQM7-2	Q9UQM7;Q9UQM7-2				7.09644e+06
Q9Y227;Q9Y227-2	Q9Y227;Q9Y227-2				110188
Q9Y240	Q9Y240				7.8414e+06
Q9Y274	Q9Y274;Q9Y274-2				1.85436e+06
Q9Y275;Q9Y275-2	Q9Y275;Q9Y275-2				513635
Q9Y279;Q9Y279-2	Q9Y279;Q9Y279-2				3.28482e+06
Q9Y281;Q9Y281-3	Q9Y281;Q9Y281-3				403336
Q9Y287	Q9Y287				1.19207e+07
Q9Y2C2	Q9Y2C2				296455
Q9Y2E5	Q9Y2E5;Q9Y2E5-2				1.60097e+06
Q9Y2G1;Q9Y2G1-2	Q9Y2G1;Q9Y2G1-2				2.72413e+06
Q9Y2G5;Q9Y2G5-1;Q9Y2G5-2	Q9Y2G5;Q9Y2G5-1;Q9Y2G5-2				54838.5
Q9Y2I2;Q9Y2I2-1;Q9Y2I2-2;Q9Y2I2-4;Q9Y2I2-5;Q9Y2I2-6	Q9Y2I2;Q9Y2I2-1;Q9Y2I2-2;Q9Y2I2-4;Q9Y2I2-5;Q9Y2I2-6				7.68589e+06
Q9Y2J0;Q9Y2J0-2	Q9Y2J0;Q9Y2J0-2				787969
Q9Y2T3;Q9Y2T3-3	Q9Y2T3;Q9Y2T3-2;Q9Y2T3-3				1.50366e+07
Q9Y2Z0;Q9Y2Z0-2	Q9Y2Z0;Q9Y2Z0-2				391867
Q9Y334;Q9Y334-2	Q9Y334;Q9Y334-2				2.30684e+06
Q9Y3C5	Q9Y3C5				1.78271e+06
Q9Y3D6	Q9Y3D6				205711
Q9Y490	Q9Y490				120941
Q9Y4C0-4	Q9HDB5-3;Q9HDB5-4;Q9Y4C0-4				5.87262e+07
Q9Y4D7	Q9Y4D7				6.09944e+07
Q9Y4L1	Q9Y4L1				6.93459e+06
Q9Y5E5	Q9Y5E5				413642
Q9Y5F6-2	Q9Y5F6;Q9Y5F6-2				9.68592e+06
Q9Y5F7;Q9Y5F7-2	Q9Y5F7;Q9Y5F7-2				945619
Q9Y5G9;Q9Y5G9-2	Q9Y5G6;Q9Y5G9;Q9Y5H0;Q9Y5H1;Q9Y5G6-2;Q9Y5G9-2;Q9Y5H0-2;Q9Y5H1-2				1.76598e+06
Q9Y5I2;Q9Y5I2-2;Q9Y5I2-3	Q9Y5I2;Q9Y5I2-2;Q9Y5I2-3				18943.5
Q9Y5I4;Q9Y5I4-2	Q9Y5I4;Q9Y5I4-2				8.90897e+06
Q9Y5L2	Q9Y5L2				6.18339e+06
Q9Y5Y7	Q9Y5Y7				9.6861e+06
Q9Y617	Q9Y617;Q9Y617-2				3.90983e+06
Q9Y639;Q9Y639-1;Q9Y639-3;Q9Y639-4;Q9Y639-5	Q9Y639;Q9Y639-1;Q9Y639-3;Q9Y639-4;Q9Y639-5				6.86267e+06
Q9Y646	Q9Y646				2.49052e+07
Q9Y653;Q9Y653-2;Q9Y653-3	Q9Y653;Q9Y653-2;Q9Y653-3;Q9Y653-4;Q9Y653-5				1.13581e+06
Q9Y696	Q9Y696				2.09894e+06
Q9Y6C2	Q9Y6C2;Q9Y6C2-2				1.89765e+06
Q9Y6N6	Q9Y6N6				1.60577e+06
Q9Y6N7;Q9Y6N7-2;Q9Y6N7-4	Q9Y6N7;Q9Y6N7-2;Q9Y6N7-3;Q9Y6N7-4;Q9Y6N7-5;Q9Y6N7-6				1.33745e+07
Q9Y6N8	Q9Y6N8				3.61433e+06
Q9Y6R7	Q9Y6R7				3.24752e+07
Q9Y6X5	Q9Y6X5				2.69996e+06
Q9Y6Y8;Q9Y6Y8-2	Q9Y6Y8;Q9Y6Y8-2				4.10042e+07
