Protein.Group	Protein.Ids	Protein.Names	Genes	First.Protein.Description	/fs/pool/pool-mann-projects/Johannes/Jakob_AD_CSF_data/Berlin_cohort_Sweden_mag_speclib_OBO/All_Raw/20190228_QX1_PhGe_SA_EASY12-10_Deigendesch_E5_129187004_repeat.mzML
A0A075B6H7;A0A0C4DH55;P01624	P01624;A0A075B6H7;A0A0C4DH55				2.38084e+08
A0A075B6H9	A0A075B6H9				1.9743e+07
A0A075B6I0	A0A075B6I0				2.12934e+07
A0A075B6I1	A0A075B6I1				7.30504e+06
A0A075B6I9	A0A075B6I9				1.33363e+06
A0A075B6J1;A0A0A0MRZ9	A0A075B6J1;A0A0A0MRZ9				1.46674e+06
A0A075B6J9	A0A075B6J9				3.16272e+07
A0A075B6K4	A0A075B6K0;A0A075B6K4				8.76458e+06
A0A075B6K5	A0A075B6K5				7.293e+06
A0A075B6P5;P01615	P01615;A0A075B6P5				1.9409e+08
A0A075B6Q5	A0A075B6Q5				2.45526e+06
A0A075B6R2	A0A075B6R2				1.12791e+07
A0A075B6R9;A0A0C4DH68	A0A075B6R9;A0A0C4DH68				2.1422e+07
A0A075B6S2	A0A075B6S2;A2NJV5				2.29018e+08
A0A075B6S5	A0A075B6S5				1.19643e+06
A0A087WSX0	A0A087WSX0;A0A0G2JS06				4.52709e+06
A0A087WSY6	A0A087WSY6				1.56519e+08
A0A087WW87;P01614	P01614;A0A087WW87				858312
A0A0A0MRZ8;P04433	P04433;A0A0A0MRZ8				2.79733e+08
A0A0A0MS15	A0A0A0MS15				1.75047e+07
A0A0A0MT89	A0A0A0MT89				1.29306e+07
A0A0B4J1U7	A0A0B4J1U7				6.6402e+07
A0A0B4J1V2	A0A0B4J1V2				4.57048e+06
A0A0B4J1X5	P01764;P01768;P01772;P01767;A0A0B4J1X5;A0A0C4DH42;P0DP02;P0DP03				9.87717e+07
A0A0B4J1Y9	A0A0B4J1Y9				1.61963e+08
A0A0C4DH24	A0A0C4DH24				5.79599e+06
A0A0C4DH25	A0A0C4DH25				2.02432e+07
A0A0C4DH29	A0A0C4DH29				87671.1
A0A0C4DH33	A0A0C4DH33				2.37731e+06
A0A0C4DH34	A0A0C4DH34				9.87665e+06
A0A0C4DH35	A0A0C4DH35				2.32247e+06
A0A0C4DH36	A0A0C4DH36				5.73724e+06
A0A0C4DH38	A0A0C4DH38;A0A0J9YXX1				5.12371e+06
A0A0C4DH43	A0A0C4DH43				4.57413e+06
A0A0C4DH67	A0A0C4DH67				5.37245e+07
A0A0G2JS06	A0A0G2JS06				1.73526e+06
A0A0J9YX35	A0A0J9YX35				4.58947e+06
A0A0J9YXX1	A0A0J9YXX1				6.06001e+06
A0A2R8Y619;O60814;P06899;P23527;P33778;P57053;P58876;P62807;Q16778;Q5QNW6;Q5QNW6-2;Q8N257;Q93079;Q96A08;Q99877;Q99879;Q99880	O60814;P06899;P23527;P33778;P57053;P58876;P62807;Q16778;Q5QNW6;Q8N257;Q93079;Q96A08;Q99877;Q99879;Q99880;A0A2R8Y619;Q5QNW6-2				586826
A0M8Q6	P0CG04;P0DOY2;A0M8Q6;P0CF74;B9A064;P0DOX8				2.48527e+08
A1L4H1	A1L4H1				4.73976e+06
A2RU67	A2RU67				570625
A5D6W6	A5D6W6				5.22307e+06
A6BM72;A6BM72-2;A6BM72-4	A6BM72;A6BM72-2;A6BM72-4				1.2258e+06
A6NCE7;Q9GZQ8	Q9GZQ8;A6NCE7				569685
A6NGN9	A6NGN9				8.21055e+06
A6NJB7;A6NJB7-2	A6NJB7;A6NJB7-2				1.6544e+06
A6NL88	A6NL88				5.15464e+06
A6NLU5	A6NLU5				3.08593e+07
A6NML5	A6NML5				4.34927e+06
A6NMY6;P07355;P07355-2	A6NMY6;P07355;P07355-2				777339
A8MTJ3;P04899;P04899-4;P08754;P09471;P09471-2;P11488;P19087;P38405;P38405-2;P63092;P63092-2;P63092-3;P63092-4;P63096;Q5JWF2;Q5JWF2-2	A8MTJ3;P04899;P08754;P09471;P11488;P19087;P38405;P63092;P63096;Q5JWF2;P63092-2;P04899-4;P63092-3;P63092-4;Q5JWF2-2;P09471-2;P38405-2				437765
A8MTW9	A8MTW9				4.30467e+06
B4DS77;B4DS77-2	B4DS77;B4DS77-2;B4DS77-3				388582
B9A064;P0DOX8	B9A064;P0DOX8				1.78847e+08
C9JVW0	C9JVW0				1.46762e+07
E2RYF7	E2RYF7				3.0545e+06
I3L3R5	I3L3R5				783866
O00115;O00115-2	O00115;O00115-2				4.80494e+06
O00142;O00142-2;O00142-3;O00142-4;O00142-5;O00142-6	O00142;O00142-2;O00142-3;O00142-4;O00142-5;O00142-6				2.78568e+07
O00187;O00187-2	O00187;O00187-2				1.22261e+06
O00244	O00244				912305
O00264	O00264;O00264-2				3.6512e+06
O00292;O00292-2	O00292;O00292-2				811930
O00299	O00299				1.22447e+06
O00339;O00339-2;O00339-3	O00339;O00339-2;O00339-3				2.67725e+06
O00391	O00391;O00391-2				1.92161e+07
O00451	O00451;O00451-2;O00451-3				2.35077e+07
O00461	O00461				1.27378e+07
O00462	O00462				1.08288e+07
O00468-6	O00468-6;O00468-7				1.84611e+07
O00499;O00499-10;O00499-11;O00499-2;O00499-3;O00499-4;O00499-5;O00499-6;O00499-7;O00499-8;O00499-9	O00499;O00499-10;O00499-11;O00499-2;O00499-3;O00499-4;O00499-5;O00499-6;O00499-7;O00499-8;O00499-9				146325
O00533	O00533				1.09766e+07
O00533-2	O00533;O00533-2				2.904e+08
O00560;O00560-2;O00560-3	O00560;O00560-2;O00560-3				1.94271e+06
O00567	O00567				483036
O00584	O00584				2.02422e+07
O00587;O00587-2	O00587;O00587-2				37577
O00754;O00754-2	O00754;O00754-2				3.06598e+06
O14498	O14498				5.95191e+07
O14514	O14514				4.36352e+06
O14522	O14522;O14522-1				1.69589e+06
O14525;O14525-2	O14525;O14525-2;O14525-3				970454
O14559;O14559-10;O14559-11	O14559;O14559-10;O14559-11				1.61704e+06
O14594	O14594				1.62613e+08
O14657	O14657				113610
O14668;O14668-2	O14668;O14668-2				2.53802e+06
O14672	O14672				6.29803e+06
O14733;O14733-2;O14733-3;O14733-4	O14733;O14733-2;O14733-3;O14733-4				2.25291e+07
O14737;O14737-2	O14737;O14737-2				154533
O14745	O14745				402069
O14773	O14773				1.47033e+07
O14786	O14786;O14786-2;O14786-3				1.02227e+07
O14791-2	O14791;O14791-2;O14791-3				1.77979e+07
O14793	O14793				2.90255e+06
O14810	O14810				456894
O14917;O14917-2	O14917;O14917-2				4.21855e+06
O15031	O15031				1.96122e+07
O15041;O15041-2	O15041;O15041-2				437333
O15123;O15123-2;O15123-3	O15123;O15123-2;O15123-3				234311
O15197;O15197-3	O15197;O15197-3				1.2578e+07
O15204;O15204-2	O15204;O15204-2				2.0557e+06
O15230	O15230				2.44851e+06
O15232;O15232-2	O15232;O15232-2				3.07025e+06
O15240	O15240				2.31409e+08
O15335	O15335				4.50077e+06
O15354	O15354				3.11173e+07
O15394	O15394;O15394-2				3.27196e+07
O15400;O15400-2	O15400;O15400-2				1.49583e+06
O15466;O15466-2	O15466;O15466-2				1.82177e+06
O15498;O15498-2	O15498;O15498-2				261398
O43155	O43155				951595
O43157	O43157;O43157-2;O43157-3				5.9433e+06
O43173	O43173				3.57292e+06
O43240	O43240				2.42102e+06
O43278;O43278-2	O43278;O43278-2				2.00255e+06
O43291	O43291				9.12543e+06
O43300	O43300				4.04818e+06
O43405;O43405-2	O43405;O43405-2				2.81698e+07
O43493;O43493-3;O43493-5;O43493-7	O43493;O43493-3;O43493-5;O43493-4;O43493-6;O43493-7				4.76478e+07
O43504	O43504				518713
O43505	O43505				5.43669e+08
O43508	O43508				1.42815e+06
O43508-2;O75888;O75888-2;O75888-3;O75888-4;O75888-5	O75888;O75888-3;O43508-2;O75888-2;O75888-4;O75888-5				1.32299e+06
O43529	O43529				9.92063e+07
O43556;O43556-3;O43556-4	O43556;O43556-3;O43556-4				1.26397e+07
O43567	O43567				7.2419e+07
O43581-2;O43581-3;O43581-5	O43581-2;O43581-3;O43581-5				1.27935e+06
O43707	O43707;O43707-2;O43707-3				460900
O43736;O43736-2	O43736;O43736-2				308937
O43827	O43827				2.18047e+07
O43852;O43852-3;O43852-5	O43852;O43852-10;O43852-11;O43852-12;O43852-13;O43852-14;O43852-2;O43852-3;O43852-4;O43852-5;O43852-6;O43852-7;O43852-8;O43852-9				4.52959e+06
O43854;O43854-2	O43854;O43854-2				337863
O43866	O43866				8.87388e+06
O43897;O43897-2	O43897;O43897-2				1.5996e+06
O43909	O43909				919414
O43916	O43916				1.73077e+06
O60241;O60241-2;O60241-3;O60241-4	O60241;O60241-2;O60241-3;O60241-4				2.35415e+07
O60242	O60242				2.25439e+06
O60243	O60243;O60243-2				2.50879e+06
O60245;O60245-2	O60245;O60245-2				4.45938e+06
O60279	O60279				2.53694e+07
O60291;O60291-2;O60291-3;O60291-4	O60291;O60291-2;O60291-3;O60291-4				3.90467e+06
O60330;O60330-2	O60330;Q9Y5G5;Q9Y5G8;Q9Y5G9;O60330-2;Q9Y5G5-2;Q9Y5G8-2;Q9Y5G9-2				899627
O60449;O60449-2;O60449-3	O60449;O60449-2;O60449-3				1.04369e+06
O60462;O60462-2;O60462-3;O60462-4;O60462-5	O60462;O60462-2;O60462-3;O60462-4;O60462-5;O60462-6				8.75885e+06
O60476	O60476				3.33031e+06
O60477	O60477;Q76B58;O60477-3;Q76B58-2				520887
O60512	O60512				2.80079e+06
O60565	O60565				488801
O60568	O60568				2.8345e+06
O60613	O60613				2.01397e+06
O60704	O60704				566418
O60741	O60741				228082
O60883	O60883				1.05202e+08
O60888-3	O60888-3				8.32765e+06
O60909;O60909-2;O60909-3	O60909;O60909-2;O60909-3				2.06044e+06
O60939	O60939				3.6909e+06
O75051;O75051-2	O75051;O75051-2				1.79084e+06
O75063	O75063				2.59809e+06
O75071	O75071				9.21245e+06
O75077;O75077-2;O75077-3	O75077;O75077-2;O75077-3				7.26661e+06
O75078	O75078;O75078-2				5.03096e+06
O75083	O75083;O75083-3				1.40238e+06
O75084;Q14332	O75084;Q14332				570615
O75093	O75093;O94813;O75093-2;O94813-2;O94813-3				4.60536e+06
O75096	O75096				480830
O75144;O75144-2	O75144;O75144-2;O75144-3				2.62175e+07
O75173;O75173-2	O75173;O75173-2				8.03342e+06
O75223	O75223;O75223-3				1.48963e+06
O75326	O75326;O75326-2				2.75781e+07
O75347;O75347-2	O75347;O75347-2				1.6333e+06
O75354;O75354-2;O75354-3	O75354;O75354-2;O75354-3				2.63324e+06
O75363-2	O75363;O75363-2				464467
O75368	O75368				2.47572e+06
O75467;Q6AW86	O75467;Q6AW86				7.2829e+06
O75487;O75487-2	O75487;O75487-2				1.39914e+06
O75493	O75493				8.13424e+06
O75503	O75503				4.06329e+06
O75509	O75509				3.00003e+07
O75629	O75629				1.88563e+06
O75636;O75636-2	O75636;O75636-2				1.29027e+06
O75711	O75711				3.68482e+08
O75752	O75752				8.41132e+06
O75781;O75781-2	O75781;O75781-2				4.43353e+06
O75787;O75787-2	O75787;O75787-2				3.84831e+07
O75828	O75828				2.03426e+06
O75874	O75874				703485
O75882;O75882-2;O75882-3	O75882;O75882-2;O75882-3				1.1762e+07
O75884;O75884-2	O75884;O75884-2				6.50772e+06
O75973	O75973				879332
O75976	O75976				2.10719e+06
O76061	O76061				3.68637e+06
O76070	O76070				2.70008e+06
O94760	O94760;O94760-2				9.71354e+06
O94766	O94766;Q9NPZ5				2.31448e+06
O94769	O94769;O94769-2				1.17528e+07
O94772;O94772-2	O94772;O94772-2				1.80466e+08
O94779;O94779-2	O94779;O94779-2;O94779-4				297984
O94856-11	O94856;O94856-10;O94856-11;O94856-12;O94856-13;O94856-3;O94856-4;O94856-5;O94856-6;O94856-7;O94856-8;O94856-9				3.26355e+07
O94898	O94898				2.17453e+06
O94910;O94910-2	O94910;O94910-2				8.99526e+06
O94919	O94919				6.37133e+07
O94933	O94933				1.1324e+06
O94973;O94973-2	O94973;O94973-2				448150
O94985	O94985				2.59611e+06
O94985-2	O94985;O94985-2				3.17982e+08
O94991	O94991;O94991-2				8.40236e+06
O95084	O95084;O95084-2				2.36956e+06
O95156	O95156				667131
O95157	O95157				1.71148e+06
O95158	O95158				1.34291e+07
O95159	O95159				1.8335e+06
O95185;O95185-2	O95185;O95185-2				2.64253e+06
O95196;O95196-2	O95196;O95196-2				1.04634e+07
O95206;O95206-2	O95206;O95206-2				6.01368e+06
O95297;O95297-2;O95297-3	O95297;O95297-2;O95297-3;O95297-4				787016
O95336	O95336				2.28917e+06
O95390	O95390				2.54076e+06
O95428;O95428-5;O95428-6	O95428;O95428-3;O95428-4;O95428-5;O95428-6				9.96736e+06
O95445	O95445;O95445-2				2.11061e+07
O95450;O95450-2	O95450;O95450-2				2.07506e+06
O95461;O95461-2	O95461;O95461-2				723293
O95467	O95467				2.30057e+06
O95477	O95477				1.9599e+06
O95490;O95490-2;O95490-3;O95490-4;O95490-5;O95490-6;O95490-7	O95490;O95490-2;O95490-3;O95490-4;O95490-5;O95490-6;O95490-7				1.1014e+06
O95497	O95497				1.06262e+06
O95502	O95502				2.43979e+08
O95633;O95633-2	O95633;O95633-2				3.02e+06
O95841	O95841				309941
O95865	O95865				1.23625e+06
O95881	O95881				273877
O95897	O95897				1.16979e+06
O95967	O95967				1.19982e+07
O95970	O95970;O95970-2				1.37993e+06
O95980	O95980				8.3724e+06
O95998	O95998;O95998-4				6.45806e+06
P00338;P00338-3	P00338;P00338-3;P00338-4				1.16998e+07
P00352	P00352				749173
P00390;P00390-2;P00390-3;P00390-4;P00390-5	P00390;P00390-2;P00390-3;P00390-4;P00390-5				2.68927e+06
P00441	P00441				4.71052e+08
P00450	P00450				1.22922e+08
P00488	P00488				1.25079e+06
P00492	P00492				3.74981e+06
P00505	P00505;P00505-2				1.04612e+07
P00533;P00533-3;P00533-4	P00533;P00533-2;P00533-3;P00533-4				1.69095e+06
P00558	P00558;P00558-2				8.49038e+06
P00568	P00568				966005
P00734	P00734				4.60113e+07
P00736	P00736				7.57654e+07
P00738	P00738;P00738-2				1.81774e+09
P00739	P00739;P00739-2				9.37355e+08
P00740;P00740-2	P00740;P00740-2				1.19461e+07
P00742	P00742				1.36577e+07
P00746	P00746				3.35365e+07
P00747	P00747				1.31614e+08
P00748	P00748				3.00511e+07
P00751	P00751;P00751-2				8.53782e+07
P00813	P00813				285258
P01008	P01008				4.2793e+08
P01009	P01009;P01009-2;P01009-3				3.8759e+09
P01011	P01011				8.17113e+08
P01019	P01019				7.92221e+08
P01023	P01023				4.58822e+08
P01024	P01024				6.53924e+08
P01031	P01031				3.26994e+07
P01033	P01033				5.94276e+07
P01034	P01034				3.01035e+09
P01036;P01037	P01036;P01037				3.26498e+06
P01040	P01040				1.19932e+06
P01042	P01042;P01042-2;P01042-3				1.93756e+08
P01042-2;P01042-3	P01042-2;P01042-3				8.37061e+07
P01127;P01127-2	P01127;P01127-2				4.72663e+07
P01178	P01178				2.68474e+06
P01210	P01210				1.68526e+08
P01213	P01213				9.65316e+06
P01236	P01236				315356
P01258;P01258-2;P06881	P01258;P06881;P10092;P01258-2				875328
P01282;P01282-2	P01282;P01282-2				2.69125e+06
P01303	P01303				1.30493e+07
P01344;P01344-2;P01344-3	P01344;P01344-2;P01344-3				4.42566e+07
P01591	P01591				1.72521e+07
P01593;P01594	P01593;P01594				3.48604e+07
P01597;P04432	P01597;P01611;P04432;A0A0C4DH72;A0A0C4DH73				3.60955e+07
P01599	P01599;A0A0C4DH72				6.04882e+06
P01601	P01601				340251
P01602	P01602				5.35846e+06
P01619	P01619				4.21512e+08
P01700	P01700				3.31373e+07
P01701	P01701				1.29684e+07
P01703	P01703				2.99058e+06
P01705	P01704;P01705				5.56963e+06
P01706	P01706				1.39478e+06
P01709	P01706;P01709;P0DOX8				4.39737e+06
P01714	P01714				5.69842e+06
P01717	P01717				6.8086e+07
P01721	P01721				3.45131e+06
P01742	P01742				6.14213e+06
P01743	P01743				272369
P01768;P0DP03	P01768;P01772;P0DP02;P0DP03				2.74421e+07
P01780	P01780				5.41507e+07
P01817	P01817				1.07044e+07
P01833	P01833				1.50977e+06
P01834	P01834				3.33226e+07
P01859;P01859-1	P01859;P01859-1				1.40458e+09
P01860;P01860-1	P01860;P01860-1				4.39884e+07
P01861;P01861-1	P01861;P01861-1				8.7724e+08
P01871;P01871-1	P01871;P0DOX6;P01871-1				6.99977e+07
P01876;P01876-1	P01876;P01876-1				4.00668e+08
P01903	P01903;P01906				1.18756e+06
P01911	P01911;P04440				2.37852e+06
P02144	P02144				1.58134e+06
P02452	P02452				3.51643e+07
P02461	P02461;P02461-2				8.4018e+06
P02462	P02462				191410
P02511	P02511				1.62487e+06
P02533	P02533;P08727;P08779;P19012;Q04695;P19012-2				9.57167e+06
P02538	P02538;P04259;P13647;P48668				6.53511e+06
P02647	P02647				2.52666e+09
P02649	P02649				5.36558e+09
P02652	P02652				4.1576e+08
P02654	P02654				5.72239e+07
P02655	P02655				8.7364e+06
P02656	P02656				6.67305e+07
P02671	P02671;P02671-2				6.60374e+07
P02675	P02675				1.16698e+08
P02679;P02679-2	P02679;P02679-2				4.63731e+07
P02686;P02686-3;P02686-4;P02686-5;P02686-6	P02686;P02686-3;P02686-4;P02686-5;P02686-6				343212
P02741	P02741				581998
P02743	P02743				8.53675e+06
P02745	P02745				1.83667e+08
P02746	P02746				2.90806e+08
P02747	P02747				2.46708e+08
P02748	P02748				2.67938e+07
P02749	P02749				6.60121e+07
P02750	P02750				5.01422e+07
P02751;P02751-1	P02751;P02751-1;P02751-10;P02751-11;P02751-12;P02751-13;P02751-14;P02751-16;P02751-17;P02751-2;P02751-3;P02751-4;P02751-5;P02751-6;P02751-7;P02751-8;P02751-9				5.13442e+08
P02753	P02753				6.53435e+07
P02760	P02760				7.56659e+07
P02763	P02763				8.72576e+08
P02765	P02765				6.82117e+08
P02766	P02766				5.09141e+09
P02768	P02768				1.80096e+10
P02774;P02774-3	P02774;P02774-2;P02774-3				4.52025e+08
P02786	P02786				3.3766e+06
P02787	P02787				6.47334e+09
P02788;P02788-2	P02788;P02788-2				6.43432e+06
P02790	P02790				2.10438e+09
P02792	P02792				2.57676e+06
P02794	P02794				6.29647e+06
P02810	P02810				1.71049e+06
P03950	P03950				5.74792e+06
P03951;P03951-2	P03951;P03951-2				1.63377e+07
P03952	P03952				2.19573e+07
P04003	P04003				1.73408e+06
P04004	P04004				3.73334e+08
P04040	P04040				1.59174e+06
P04062;P04062-2;P04062-4;P04062-5	P04062;P04062-2;P04062-3;P04062-4;P04062-5				4.36134e+06
P04066	P04066				7.56895e+06
P04070;P04070-2	P04070;P04070-2				3.1306e+06
P04075	P04075;P09972;P04075-2				4.57735e+07
P04080	P04080				3.87693e+06
P04083	P04083				15344.1
P04085;P04085-2	P04085;P04085-2				9.67563e+06
P04114	P04114				5.1409e+07
P04156	P04156				5.09383e+08
P04179	P04179;P04179-2;P04179-3;P04179-4				1.41461e+07
P04180	P04180				2.51373e+07
P04196	P04196				1.04254e+08
P04211	P04211;A0A075B6I9				9.81109e+07
P04216	P04216				5.76472e+08
P04217	P04217;P04217-2				2.4819e+08
P04217-2	P04217-2				2.02078e+06
P04233;P04233-2;P04233-4;P04233-5	P04233;P04233-2;P04233-4;P04233-5				384233
P04264	P04259;P04264				5.89235e+07
P04271	P04271				1.70055e+06
P04275	P04275				4.81447e+06
P04278;P04278-5	P04278;P04278-2;P04278-3;P04278-4;P04278-5				3.81272e+06
P04406	P04406;P04406-2				4.68011e+07
P04424;P04424-2;P04424-3	P04424;P04424-2;P04424-3				502519
P04430	P04430				1.06885e+06
P04439;P04439-2	P01889;P04439;P04439-2				8.98194e+06
P04746-2	P04746;P04746-2				176325
P04792	P04792				925868
P04908;P0C0S5;P0C0S8;P16104;P20671;Q16777;Q6FI13;Q71UI9;Q71UI9-2;Q71UI9-5;Q7L7L0;Q8IUE6;Q93077;Q96KK5;Q96QV6;Q99878;Q9BTM1;Q9BTM1-2	P04908;P0C0S5;P0C0S8;P16104;P20671;Q16777;Q6FI13;Q71UI9;Q7L7L0;Q8IUE6;Q93077;Q96KK5;Q96QV6;Q99878;Q9BTM1;Q71UI9-2;Q71UI9-5;Q9BTM1-2				1.28319e+06
P05023;P05023-2;P05023-4	P05023;P05023-2;P05023-3;P05023-4				1.26573e+06
P05026;P05026-2	P05026;P05026-2				1.27786e+06
P05060	P05060				4.12211e+08
P05067;P05067-11;P05067-8	P05067;P05067-4;P05067-10;P05067-11;P05067-3;P05067-5;P05067-6;P05067-7;P05067-8;P05067-9				1.25146e+09
P05089;P05089-2;P05089-3	P05089;P05089-2;P05089-3				137156
P05090	P05090				3.35733e+09
P05107	P05107				107847
P05109	P05109				681588
P05121	P05121				546099
P05154	P05154				1.08527e+07
P05155;P05155-3	P05155;P05155-2;P05155-3				5.73872e+08
P05156	P05156				1.48166e+07
P05160	P05160				1.03694e+06
P05362	P05362				1.74713e+06
P05408;P05408-2	P05408;P05408-2				3.04849e+08
P05413	P05413				3.35054e+06
P05451;P48304	P05451;P48304				189041
P05452	P05452				9.70621e+07
P05543	P05543				3.28563e+07
P05546	P05546				6.61574e+07
P05556;P05556-2;P05556-3;P05556-4;P05556-5	P05556;P05556-2;P05556-5;P05556-3;P05556-4				1.85265e+06
P05937	P05937;P05937-2				5.17472e+06
P05997	P05997				1.94584e+06
P06276	P06276				4.45114e+06
P06280	P06280				104106
P06307	P06307				1.36824e+07
P06310	P06310				1.40059e+08
P06312	P06312				2.51024e+08
P06331	P01824;P01825;P06331;A0A0C4DH41;P0DP06;P0DP08				3.68924e+07
P06396	P06396;P06396-2;P06396-3;P06396-4				1.34013e+09
P06396-2	P06396-2				7.58951e+06
P06681	P06681;P06681-2;P06681-3				2.68541e+07
P06702	P06702				1.30423e+06
P06727	P06727				2.88497e+08
P06733	P06733;P06733-2				6.31161e+06
P06744;P06744-2	P06744;P06744-2				5.16839e+06
P06748;P06748-2;P06748-3	P06748;P06748-2;P06748-3				1.9024e+07
P06865	P06865				1.25501e+07
P07093-2;P07093-3	P07093;P07093-2;P07093-3				4.20184e+06
P07108;P07108-2;P07108-3;P07108-4;P07108-5	P07108;P07108-2;P07108-3;P07108-4;P07108-5;P07108-6				1.96846e+07
P07195	P00338;P07195;P07864;Q6ZMR3;P00338-3;P00338-2;P00338-4;P00338-5				4.04029e+07
P07225	P07225				6.35072e+07
P07237	P07237				4.37859e+06
P07307;P07307-2;P07307-3	P07307;P07307-3;P07307-2				193565
P07311	P07311				2.46566e+06
P07333	P07333;P07333-2				8.53278e+07
P07339	P07339				2.63445e+08
P07357	P07357				1.07931e+07
P07358	P07358				1.05762e+07
P07360	P07360				9.5757e+06
P07437;P68371	P04350;P07437;P68371				1.59889e+07
P07477	P07477;Q9BYE2;Q9BYE2-2;Q9BYE2-3;Q9BYE2-6				6.75309e+06
P07492	P07492;P07492-2;P07492-3				1.986e+06
P07585	P07585				2.85265e+07
P07602;P07602-2;P07602-3	P07602;P07602-2;P07602-3				4.65128e+07
P07686	P07686				1.9221e+07
P07711	P07711;P07711-3				2.20087e+07
P07737	P07737				2.78986e+06
P07858	P07858				6.59449e+07
P07900;P07900-2	P07900;P07900-2				2.37935e+06
P07942	P07942				5.75362e+06
P07996	P07996;P07996-2				2.68877e+06
P07998	P07998				4.6909e+07
P08123	P08123				3.68671e+07
P08133;P08133-2	P08133;P08133-2				179135
P08174;P08174-2;P08174-3;P08174-4;P08174-5;P08174-6;P08174-7	P08174;P08174-2;P08174-3;P08174-4;P08174-5;P08174-6;P08174-7				2.33352e+07
P08185	P08185				8.78824e+07
P08195;P08195-2;P08195-3;P08195-4;P08195-5	P08195;P08195-4;P08195-2;P08195-3;P08195-5				1.14147e+07
P08236;P08236-2;P08236-3	P08236;P08236-2;P08236-3				397505
P08238	P07900;P08238;P07900-2				366994
P08253	P08253;P08253-2;P08253-3				2.21716e+07
P08254	P08254;P09238				447533
P08294	P08294				1.66276e+08
P08476	P08476				233137
P08493-2	P08493;P08493-2				2.73073e+07
P08571	P08571				9.91214e+07
P08572	P08572				4.13783e+06
P08581;P08581-2	P08581;P08581-2;P08581-3				2.00538e+06
P08582	P08582;P08582-2				2.54652e+06
P08603	P08603				1.58283e+08
P08637	P08637				1.34792e+07
P08670	P08670				1.80343e+06
P08697	P08697;P08697-2				2.08741e+08
P08758	P08758				1.07238e+06
P08779	P08779				1.94904e+06
P09104	P09104;P09104-2				1.10369e+07
P09172	P09172				378182
P09211	P09211				8.05273e+06
P09382	P09382				1.81005e+07
P09417;P09417-2	P09417;P09417-2				9.4225e+06
P09455;P09455-2;P09455-3	P09455;P09455-2;P09455-3				436438
P09486	P09486				1.07008e+08
P09529	P09529				299320
P09603	P09603				6.23056e+07
P09619	P09619;P09619-2				8.32394e+06
P09622	P09622;P09622-2				7.5588e+06
P09668	P09668				1.80208e+07
P09871	P09871				1.15137e+08
P09936	P09936				2.32782e+06
P09958	P09958				862670
P09960;P09960-4	P09960;P09960-2;P09960-3;P09960-4				611385
P09972	P09972				1.88101e+07
P0C0L4;P0C0L4-2	P0C0L4;P0C0L4-2				9.08043e+07
P0C0L5	P0C0L4;P0C0L5;P0C0L4-2				7.17021e+08
P0C6S8	P0C6S8				1.79014e+06
P0CF74	P0CF74				381605
P0CG47;P0CG48;P62979;P62987	P0CG47;P0CG48;P62979;P62987				1.42836e+08
P0DJI8;P0DJI9	P0DJI8;P0DJI9				702432
P0DMQ5	P0DMQ5				2.6891e+07
P0DMV8;P0DMV8-2;P0DMV9	P0DMV8;P0DMV9;P0DMV8-2				2.32071e+06
P0DOX2	P01876;P01877;P01876-1;P01877-1;P0DOX2				4.5852e+08
P0DOX3	P0DOX3				1.2522e+07
P0DOX5	P01857;P01859;P0DOX5;P01857-1;P01859-1				4.5314e+09
P0DOX7	P01834;P0DOX7				4.2613e+08
P0DOY3	P0DOY2;P0DOY3				8.15766e+08
P0DP23;P0DP24;P0DP25	P0DP23;P0DP24;P0DP25;P27482				2.33474e+06
P0DP58	P0DP58				1.54292e+08
P0DTE1	P0DTE1				4.0559e+06
P0DTE7;P0DTE8;P0DUB6	P0DTE7;P0DTE8;P0DUB6				568353
P10114	P10114				192362
P10124	P10124				7.06039e+06
P10153	P10153				2.24722e+07
P10253	P10253				3.956e+06
P10321;P10321-2	P10321;P10321-2				2.50148e+06
P10451-3	P10451;P10451-3;P10451-4;P10451-5				5.61475e+08
P10451-5	P10451;P10451-4;P10451-5				1.14397e+07
P10451;P10451-4	P10451;P10451-4				1.70586e+06
P10586;P10586-2	P10586;P23468;P10586-2;P23468-3;P23468-4;P23468-5;P23468-6;P23468-7				1.00981e+07
P10599	P10599;P10599-2				1.67607e+07
P10619;P10619-2	P10619;P10619-2				949915
P10636-2;P10636-6	P10636;P10636-8;P10636-6;P10636-2;P10636-3;P10636-4;P10636-5;P10636-7;P10636-9				847828
P10643	P10643				8.78886e+07
P10644	P10644;P10644-2				1.21139e+06
P10645	P10645				8.02843e+08
P10646	P10646				172958
P10721;P10721-2	P10721;P10721-2				7.45925e+06
P10745	P10745				1.42205e+06
P10768	P10768				3.05793e+06
P10909-6	P10909;P10909-4;P10909-6;P10909-2;P10909-3;P10909-5				4.05233e+09
P10915	P10915				157097
P11021	P11021				1.3483e+07
P11047	P11047				1.05786e+07
P11117	P11117				3.19135e+06
P11142	P11142				1.16689e+07
P11215;P11215-2	P11215;P11215-2				220984
P11279	P11279;P11279-2				9.95727e+06
P11362-16	P11362;P11362-10;P11362-11;P11362-16;P11362-2;P11362-20;P11362-3;P11362-4;P11362-8;P11362-9				5.19563e+06
P11362-21;P11362-7	P11362;P11362-10;P11362-11;P11362-12;P11362-13;P11362-14;P11362-16;P11362-18;P11362-19;P11362-2;P11362-20;P11362-21;P11362-3;P11362-4;P11362-5;P11362-6;P11362-7;P11362-8;P11362-9				2.50826e+07
P11464-4	P11464-4				2.72656e+06
P11597;P11597-2	P11597;P11597-2				640935
P11717	P11717				2.2302e+06
P12107;P12107-2;P12107-3;P12107-4	P12107;P12107-2;P12107-3;P12107-4				570698
P12109	P12109				5.07436e+07
P12110	P12110;P12110-2;P12110-3				5.24706e+06
P12111	P12111;P12111-2;P12111-4				1.8408e+07
P12111-4	P12111-4				1.26875e+06
P12259	P12259				2.8232e+07
P12272;P12272-2;P12272-3	P12272;P12272-2;P12272-3				2.88922e+06
P12273	P12273				1.146e+06
P12277	P12277				1.52061e+06
P12314;Q92637;Q92637-3	P12314;Q92637;Q92637-3				6.95579e+06
P12318;P12318-2	P12318;P31994;P31995;P12318-2;P31994-2;P31994-3;P31994-4;P31994-5;P31995-2;P31995-3;P31995-4				6.47785e+06
P12532	P12532;P12532-2				311637
P12724	P12724				595217
P12821;P12821-2	P12821;P12821-2				1.35857e+06
P12830;P12830-2	P12830;P12830-2				2.55041e+06
P12955;P12955-2	P12955;P12955-2				2.7301e+06
P13284	P13284				2.75232e+06
P13385;P51864	P13385;P51864				2.31692e+06
P13473;P13473-2;P13473-3	P13473;P13473-2;P13473-3				1.30447e+08
P13489	P13489				769493
P13497;P13497-2;P13497-3;P13497-4;P13497-5;P13497-6	P13497;P13497-2;P13497-3;P13497-4;P13497-5;P13497-6				2.88745e+06
P13521	P13521				1.43634e+08
P13591	P13591;P13591-1;P13591-3;P13591-4;P13591-5;P13591-6				2.38007e+08
P13591-3	P13591-1;P13591-3;P13591-4				9.92824e+07
P13598	P13598				6.18886e+06
P13611;P13611-5	P13611;P13611-2;P13611-3;P13611-4;P13611-5				2.70904e+07
P13637;P13637-2;P13637-3	P13637;P13637-2;P13637-3				1.90661e+06
P13639	P13639				1.0655e+06
P13645	P13645				5.21349e+07
P13646;P13646-2;P13646-3	P13646;P19012;Q99456;P13646-2;P13646-3;P19012-2				2.58479e+06
P13647	P13647				2.74719e+06
P13667	P13667				854307
P13671	P13671				2.35659e+07
P13693	P13693;P13693-2;Q56UQ5				331220
P13747	P01889;P01893;P04439;P13747;P17693;P17693-2;P17693-5;P17693-6;P04439-2				3.02585e+06
P13796	P13796				4.20361e+06
P13797;P13797-2;P13797-3	P13797;P13797-2;P13797-3				860421
P13987;P13987-2	P13987;P13987-2				8.89716e+07
P14136	P14136				2.34942e+06
P14138;P14138-2	P14138;P14138-2				3.41369e+06
P14151;P14151-2	P14151;P14151-2				4.70349e+06
P14174	P14174				6.4457e+06
P14207	P14207				5.40241e+06
P14209	P14209;P14209-3				1.51899e+07
P14314-2	P14314;P14314-2				9.33243e+06
P14324;P14324-2	P14324;P14324-2				834987
P14384	P14384				1.45298e+06
P14415	P14415				3.10597e+06
P14543	P14543;P14543-2				1.54524e+07
P14550	P14550				592380
P14618-2	P14618;P14618-2;P14618-3				3.54732e+07
P14618;P14618-3	P14618;P14618-3				564627
P14621	P14621				5.85012e+06
P14625	P14625				8.88877e+06
P14778	P14778				139606
P15086	P15085;P15086				2.80167e+06
P15090	P15090				298397
P15121	P15121				1.04293e+06
P15144	P15144				1.32326e+06
P15151;P15151-2;P15151-3;P15151-4	P15151;P15151-2;P15151-3;P15151-4				4.6565e+06
P15169	P15169				1.41162e+06
P15289;P15289-2	P15289;P15289-2				2.29831e+06
P15291;P15291-2	P15291;P15291-2				7.20635e+06
P15328	P15328				2.74703e+06
P15502;P15502-1;P15502-10;P15502-12;P15502-13;P15502-2;P15502-4;P15502-5;P15502-6;P15502-7;P15502-9	P15502;P15502-1;P15502-10;P15502-12;P15502-13;P15502-2;P15502-4;P15502-5;P15502-6;P15502-7;P15502-9				1.23609e+06
P15509;P15509-2;P15509-3;P15509-5;P15509-7	P15509;P15509-3;P15509-2;P15509-5;P15509-7;P15509-8				4.97634e+06
P15529;P15529-10;P15529-11;P15529-12;P15529-13;P15529-14;P15529-15;P15529-16;P15529-2;P15529-3;P15529-4;P15529-5;P15529-6;P15529-7;P15529-8;P15529-9	P15529;P15529-3;P15529-10;P15529-11;P15529-12;P15529-13;P15529-14;P15529-15;P15529-16;P15529-2;P15529-4;P15529-5;P15529-6;P15529-7;P15529-8;P15529-9				1.49724e+06
P15531;P15531-2	P15531;P15531-2				553442
P15586	P15586;P15586-2				2.63878e+06
P15848;P15848-2	P15848;P15848-2				524007
P16035	P16035				6.52706e+07
P16070;P16070-10;P16070-11;P16070-12;P16070-13;P16070-14;P16070-15;P16070-16;P16070-17;P16070-18;P16070-3;P16070-4;P16070-5;P16070-6;P16070-7;P16070-8;P16070-9	P16070;P16070-10;P16070-11;P16070-12;P16070-13;P16070-14;P16070-15;P16070-16;P16070-17;P16070-18;P16070-3;P16070-4;P16070-5;P16070-6;P16070-7;P16070-8;P16070-9				1.33534e+08
P16083	P16083				3.76677e+06
P16112;P16112-2;P16112-3	P16112;P16112-2;P16112-3				2.0978e+06
P16152	P16152				8.51953e+06
P16234;P16234-2;P16234-3	P16234;P16234-2;P16234-3				1.13157e+06
P16278;P16278-3	P16278;P16278-2;P16278-3				943015
P16519;P16519-2;P16519-3	P16519;P16519-2;P16519-3				1.22407e+07
P16870;P16870-2	P16870;P16870-2				8.10993e+07
P16930;P16930-2	P16930;P16930-2				453380
P16949;P16949-2	P16949;P16949-2				6.91738e+06
P17050	P17050				2.70717e+06
P17066	P17066;P48741				4.13663e+06
P17174	P17174;P17174-2				5.10705e+07
P17302	P17302				1.49421e+06
P17405;P17405-2;P17405-3;P17405-4	P17405;P17405-2;P17405-3;P17405-4				580744
P17600;P17600-2	P17600;P17600-2				2.41129e+06
P17677;P17677-2	P17677;P17677-2				1.01274e+07
P17813;P17813-2	P17813;P17813-2				931354
P17900	P17900				6.62855e+07
P17931	P17931				3.36226e+06
P17936;P17936-2	P17936;P17936-2				9.21445e+06
P18065	P18065				1.64474e+08
P18075	P18075				282998
P18206;P18206-2	P18206;P18206-2				2.86321e+06
P18428	P18428				2.60167e+06
P18509	P18509				1.95719e+06
P18669	P15259;P18669				6.58639e+06
P18850	P18850				552133
P19013	P19013				447549
P19021;P19021-5;P19021-6	P19021;P19021-3;P19021-4;P19021-2;P19021-5;P19021-6				9.21584e+07
P19022	P19022;P19022-2				1.43104e+08
P19256;P19256-2;P19256-3	P19256;P19256-2;P19256-3				1.5477e+06
P19320	P19320;P19320-2;P19320-3				5.56227e+06
P19367;P19367-2;P19367-3;P19367-4	P19367;P52789;P52790;Q2TB90;P19367-2;P19367-3;P19367-4;Q2TB90-2;Q2TB90-3				1.9295e+06
P19526	P19526				140328
P19652	P02763;P19652				1.38987e+09
P19823	P19823				5.54372e+07
P19827	P19827;P19827-2				2.8905e+07
P19835	P19835				1.59551e+06
P19961	P04746;P0DTE7;P0DTE8;P0DUB6;P19961;P19961-2;P04746-2				3.06254e+06
P20036	P20036				157681
P20062	P20062				2.42959e+07
P20138;P20138-2	P20138;P20138-2				1.38962e+06
P20338	P20338;P61018;P61018-2				1.58336e+06
P20340;P20340-2;Q9NRW1	P20340;Q9NRW1;P20340-2;P20340-3				2.40943e+06
P20366;P20366-2	P20366;P20366-2;P20366-3;P20366-4				2.63765e+07
P20382	P20382				1.08787e+06
P20396	P20396				516373
P20472	P20472				1.82828e+07
P20618	P20618				2.60857e+06
P20774	P20774				2.53465e+08
P20827	P20827				1.10135e+07
P20908;P20908-2	P20908;P20908-2				1.62604e+06
P20916;P20916-2;P20916-3	P20916;P20916-2;P20916-3				1.06857e+07
P20933	P20933				2.34952e+07
P21266	P21266				772876
P21291	P21291				156994
P21333;P21333-2	P21333;P21333-2				1.44052e+06
P21399	P21399				86702.5
P21453	P21453				2.29787e+06
P21554	P21554				2.39902e+06
P21579	P21579				2.63888e+06
P21589;P21589-2	P21589;P21589-2				265543
P21802;P21802-16;P21802-2;P21802-5;P21802-6;P21802-8	P21802;P21802-3;P21802-14;P21802-15;P21802-16;P21802-17;P21802-18;P21802-19;P21802-2;P21802-23;P21802-5;P21802-6;P21802-8				1.06478e+07
P21810	P21810				4.89367e+06
P21860;P21860-4	P21860;P21860-4				1.45388e+06
P21926	P21926				1.96829e+06
P22004	P22004				994611
P22061;P22061-2	P22061;P22061-2				7.22413e+06
P22105;P22105-1;P22105-4	P22105;P22105-1;P22105-4				1.72405e+07
P22223;P22223-2	P22223;P22223-2				365978
P22303;P22303-2;P22303-4	P22303;P22303-2;P22303-3;P22303-4				2.49851e+06
P22304	P22304;P22304-2;P22304-3				2.24416e+07
P22352	P22352				4.24979e+07
P22392-2	P15531;P22392;O60361;P22392-2;P15531-2				4.9508e+06
P22466	P22466				92313.7
P22607-2	P22455;P22607;P22455-2;P22607-2;P22607-3;P22607-4				2.16867e+07
P22676	P22676				1.56036e+06
P22692;P22692-2	P22692;P22692-2				6.72377e+07
P22748	P22748				1.23274e+07
P22792	P22792				2.60183e+06
P22794;P22794-2	P22794;P22794-2				4.10651e+06
P22891;P22891-2	P22891;P22891-2				581710
P22897	P22897				6.40801e+06
P23083	P23083				1.52692e+06
P23142	P23142				1.65629e+08
P23142-4	P23142-4				5.36659e+08
P23284	P23284				2.00442e+07
P23381;P23381-2	P23381;P23381-2				603841
P23435	P23435;Q8IUK8				4.72016e+07
P23467;P23467-2;P23467-3;P23467-4	P23467;P23467-2;P23467-3;P23467-4				125721
P23468-2	P23468;P23468-2;P23468-3;P23468-4;P23468-5;P23468-6;P23468-7				1.14465e+07
P23468-5;P23468-6	P23468-4;P23468-5;P23468-6;P23468-7				2.59424e+06
P23470;P23470-2	P23470;P23470-2				1.18294e+07
P23471;P23471-2	P23471;P23471-2;P23471-3				5.2861e+07
P23515	P23515				1.57461e+08
P23526;P23526-2	P23526;P23526-2				245369
P23528	P23528;Q9Y281;Q9Y281-3				1.7018e+06
P23560;P23560-2;P23560-3;P23560-4;P23560-5	P23560;P23560-2;P23560-3;P23560-4;P23560-5				7.30148e+06
P23582	P23582				2.61928e+07
P23588;P23588-2	P23588;P23588-2				550725
P24043	P24043				6.79802e+06
P24347	P24347				2.66125e+06
P24387	P24387				378905
P24592	P24592				2.10184e+08
P24593	P24593				2.05994e+07
P24666;P24666-2;P24666-3;P24666-4	P24666;P24666-2;P24666-3;P24666-4				1.57517e+06
P24821;P24821-4	P24821;P24821-2;P24821-3;P24821-4;P24821-5;P24821-6				696756
P25189;P25189-2	P25189;P25189-2				4.27443e+06
P25311	P25311				1.7223e+08
P25713	P25713				1.16286e+07
P25774	P25774;P25774-2				7.31805e+06
P25786;P25786-2	P25786;P25786-2				287002
P25788;P25788-2	P25788;P25788-2				275161
P25789	P25789				1.0793e+06
P26022	P26022				25841.3
P26038	P26038				5.71317e+06
P26447	P26447				605821
P26572	P26572				9.48492e+06
P26641;P26641-2	P26641;P26641-2				654643
P26885	P26885				567494
P26927	P26927;Q2TV78;Q2TV78-2				2.45838e+06
P26992	P26992				4.90645e+07
P27169	P27169				2.89168e+07
P27658	P27658				497941
P27797	P27797				3.2855e+07
P27824;P27824-2	P27824;P27824-2				7.36571e+06
P28066	P28066				303440
P28074	P28074;P28074-3				309425
P28161;P28161-2	P28161;P28161-2				1.71957e+07
P28300	P28300				413568
P28482	P28482				226616
P28799;P28799-2;P28799-3	P28799;P28799-2;P28799-3				572242
P28827;P28827-2	P28827;P28827-2				1.4342e+06
P28838;P28838-2	P28838;P28838-2				1.05433e+06
P29120;P29120-2	P29120;P29120-2				4.10811e+07
P29218;P29218-3	P29218;P29218-3;P29218-2				6.93989e+06
P29279;P29279-2	P29279;P29279-2				838818
P29323;P29323-2;P29323-3	P29323;P29323-3;P29323-2				7.83493e+06
P29401;P29401-2	P29401;P29401-2				1.24557e+06
P29622	P29622				4.01048e+07
P29762	P29762				2.21072e+06
P29966	P29966				7.33791e+06
P30041	P30041				2.9724e+06
P30043	P30043				611964
P30044;P30044-2;P30044-3	P30044;P30044-2;P30044-3				88068.4
P30046	P30046;A6NHG4;P30046-2				3.31216e+06
P30047;P30047-2	P30047;P30047-2				575608
P30048;P30048-2	P30048;P30048-2				988019
P30086	P30086				5.87681e+07
P30101	P30101				9.2119e+06
P30530;P30530-2	P30530;P30530-2				2.00769e+07
P30711	P30711				532078
P30740	P30740				1.03005e+06
P30990	P30990				900789
P31025;Q5VSP4	P31025;Q5VSP4				240219
P31146	P31146				1.65835e+06
P31150	P31150				6.83561e+06
P31151	P31151;Q86SG5				595554
P31153	P31153;P31153-2				657523
P31321	P31321				3.12203e+06
P31937	P31937				486998
P31946;P31946-2	P31946;P31946-2				3.08582e+06
P31948;P31948-2;P31948-3	P31948;P31948-2;P31948-3				134246
P32004;P32004-2;P32004-3	P32004;P32004-2;P32004-3				2.0942e+07
P32119	P32119				1.14874e+07
P32926	P32926				912440
P32971	P32971				291871
P33151	P33151;P33151-2				3.00413e+06
P33908	P33908				4.61744e+07
P34059	P34059				6.96452e+06
P34096	P34096				6.9238e+06
P34741	P34741				838802
P34932	P34932				362950
P34949;P34949-2	P34949;P34949-2				594193
P35030;P35030-2;P35030-3;P35030-4;P35030-5	P35030;P35030-2;P35030-3;P35030-4;P35030-5				3.98936e+06
P35052	P35052				2.01487e+07
P35080	P35080				1.09244e+06
P35237	P35237				2.18119e+06
P35318	P35318				5.54698e+06
P35442	P35442				4.94714e+06
P35443	P35443				1.34147e+07
P35475	P35475				828482
P35527	P35527				2.61217e+07
P35542	P35542				5.89212e+07
P35555	P35555				4.20424e+06
P35590	P35590				2.63182e+06
P35613;P35613-2	P35613;P35613-2;P35613-3;P35613-4				7.16755e+06
P35625	P35625				368846
P35754	P35754				3.50303e+06
P35858;P35858-2	P35858;P35858-2				6.36322e+06
P35908	P35908				1.4871e+07
P35968;P35968-2;P35968-3	P35968;P35968-2;P35968-3				1.35373e+06
P36222	P36222				1.1387e+08
P36269;P36269-2;P36269-3	P36269;P36269-2;P36269-3				44202.6
P36871	P36871;P36871-2				4.25308e+06
P36888;P36888-2	P36888;P36888-2				598053
P36955	P36955				8.77004e+08
P36957	P36957;P36957-2				1.59641e+07
P36980	P36980				3.90899e+07
P37173;P37173-2	P37173;P37173-2				3.71655e+06
P37235;P61601;P84074	P37235;P61601;P84074				304418
P37802;P37802-2	P37802;P37802-2				384023
P37837;P37837-2	P37837;P37837-2				2.59845e+07
P37840;P37840-2	P37840;P37840-2				243030
P38571;P38571-2	P38571;P38571-2				9.14339e+06
P39059	P39059				4.99527e+06
P39060;P39060-1;P39060-2	P39060;P39060-1;P39060-2				2.39845e+07
P39748;P39748-2	P39748;P39748-2				945664
P40121;P40121-2	P40121;P40121-2				567704
P40189	P40189;P40189-3				4.45077e+07
P40925;P40925-3	P40925;P40925-3				2.99165e+07
P40926	P40926;P40926-2				3.10511e+06
P40967;P40967-2;P40967-4;P40967-5	P40967;P40967-2;P40967-4;P40967-5				207121
P41217;P41217-2;P41217-3	P41217;P41217-2;P41217-3				4.69874e+06
P41222	P41222				6.37354e+09
P41271;P41271-2	P41271;P41271-2				1.28856e+08
P42262;P42262-2;P42262-3	P42262;P42262-2;P42262-3;P42262-4				1.64078e+06
P42658;P42658-2	P42658;P42658-2				8.6254e+06
P42702	P42702				401511
P42785	P42785;P42785-2				1.88914e+07
P42857;P42857-2	P42857;P42857-2				1.96337e+06
P43004;P43004-2;P43004-3	P43004;P43004-2;P43004-3				1.27639e+06
P43121	P43121;P43121-2				3.16703e+07
P43146	P43146				1.41264e+07
P43234	P43234				5.84223e+06
P43251;P43251-2;P43251-3;P43251-4	P43251;P43251-2;P43251-3;P43251-4				5.49862e+07
P43652	P43652				8.85574e+07
P45877	P45877				5.68791e+06
P46108;P46108-2	P46108;P46108-2				500943
P46459	P46459				3.17057e+06
P46926;P46926-2	P46926;Q8TDQ7;Q8TDQ7-2;P46926-2;Q8TDQ7-3;Q8TDQ7-4;Q8TDQ7-5				808846
P47755;P47755-2;P52907	P47755;P52907;P47755-2				642080
P47972	P47972				2.65618e+07
P48058;P48058-2	P48058;P48058-2				2.30277e+07
P48061;P48061-2;P48061-3;P48061-4;P48061-5;P48061-6	P48061;P48061-2;P48061-3;P48061-4;P48061-5;P48061-6				1.09999e+07
P48066;P48066-2	P48066;P48066-2				218996
P48147	P48147				1.2892e+06
P48163	P48163				1.25022e+06
P48539	P48539				3.28568e+06
P48551;P48551-2;P48551-3	P48551;P48551-2;P48551-3				1.81252e+06
P48637	P48637				3.23313e+06
P48723	P48723				7.4893e+06
P48740-2;P48740-4	P48740-2;P48740-4				6.75018e+06
P48740-3	P48740;P48740-2;P48740-3;P48740-4				7.64552e+06
P48745	P48745				7.04607e+06
P49184	P49184				1.62388e+06
P49221	P49221				8.06706e+06
P49257	P49257				8.55649e+06
P49418;P49418-2	P49418;P49418-2				1.69497e+06
P49641	P49641;P49641-1;P49641-2				1.68311e+07
P49720	P49720				58012.9
P49747;P49747-2	P49747;P49747-2				3.14831e+06
P49767	P49767				573459
P49788;P49788-2	P49788;P49788-2				734186
P49862;P49862-2	P49862;P49862-2				259627
P49908	P49908				3.19849e+07
P50238	P50238				3.52511e+06
P50281	P50281				1.85962e+06
P50395	P50395;P50395-2				1.62864e+06
P50502;Q8NFI4	P50502;Q8NFI4				1.9725e+06
P50750-2	P50750-2				2.4863e+06
P50895	P50895				1.61456e+06
P50897	P50897;P50897-2				1.31727e+06
P50993	P05023;P13637;P20648;P50993;P05023-2;P05023-3;P05023-4;P13637-2;P13637-3				2.2337e+06
P51511	P51511				556321
P51512;P51512-2	P51512;P51512-2				1.14741e+06
P51674;P51674-2;P51674-3	P51674;P51674-2;P51674-3				955491
P51688	P51688				327463
P51693	P51693;P51693-2				8.30663e+08
P51693-2	P51693-2				2.33101e+07
P51805	P51805				206750
P51812	P51812;Q15418;Q15418-2;Q15418-3;Q15418-4				1.44116e+06
P51884	P51884				7.84116e+07
P51888	P51888				2.67126e+07
P52209;P52209-2	P52209;P52209-2				163717
P52565;P52565-2	P52565;P52565-2				383535
P52566	P52566				915082
P52758	P52758				2.27043e+06
P52797	P52797				1.31103e+06
P52799	P52799				7.73792e+06
P52803	P52803				7.75483e+06
P52823;P52823-2	P52823;P52823-2				381728
P52848	P52848;P52848-3				1.22247e+06
P52943;P52943-2	P52943;P52943-2				926716
P53004	P53004				141411
P53041	P53041				1.46694e+06
P53634	P53634				1.10152e+07
P54253	P54253				4.01855e+07
P54289-2;P54289-3	P54289;P54289-2;P54289-3;P54289-4;P54289-5				4.29749e+07
P54652	P54652				1.04696e+06
P54709;P54709-2	P54709;P54709-2				532231
P54727	P54725;P54727;P54725-2;P54725-3				1.80775e+06
P54764	P54764;P54764-2				6.06171e+07
P54802	P54802				5.43354e+06
P54803;P54803-4	P54803;P54803-3;P54803-4;P54803-5				1.27318e+06
P54826	P54826				1.18949e+06
P55058	P55058;P55058-2;P55058-3;P55058-4				3.33551e+08
P55083;P55083-2	P55083;P55083-2				3.71948e+07
P55087;P55087-2	P55087;P55087-2				4.36096e+06
P55103	P55103				387201
P55107	P55107				605390
P55268	P55268				5.12644e+06
P55283	P55283;P55283-2				1.95507e+07
P55285;P55285-2	P55285;P55285-2				1.09128e+07
P55286	P55286				1.24225e+07
P55287;P55287-2	P55287;P55287-2				4.18277e+07
P55289;P55289-2	P55289;P55289-2				1.83678e+06
P55290;P55290-4	P55290;P55290-2;P55290-3;P55290-4;P55290-5				2.00744e+08
P55291	P55291				6.29698e+06
P55774	P55774				440282
P55786	P55786;A6NEC2;P55786-2				8.79108e+06
P55899	P55899				515941
P55957;P55957-2;P55957-4	P55957;P55957-2;P55957-4				324214
P56159;P56159-2	P56159;P56159-2				6.68172e+06
P56817;P56817-2	P56817;P56817-2;P56817-3;P56817-4;P56817-5;P56817-6				2.24638e+06
P57087;P57087-2;P57087-3	P57087;P57087-2;P57087-3				4.0115e+06
P58215	P58215				1.10656e+06
P58335;P58335-2;P58335-3;P58335-4	P58335;P58335-2;P58335-3;P58335-4				231132
P58400	P58400;P58400-1				4.93611e+06
P58401	P58401				4.5635e+06
P58417	O95156;P58417				4.45274e+07
P60174;P60174-3	P60174;P60174-3;P60174-4				1.67752e+07
P60520	O95166;P60520;Q9H0R8;Q9H0R8-2				1.48807e+06
P60709;P63261	P60709;P63261				5.48767e+07
P60842;Q14240;Q14240-2	P60842;Q14240;Q14240-2				264744
P60900;P60900-2	P60900;P60900-2				158779
P60981;P60981-2	P60981;P60981-2				436319
P60983	P60983				3.01125e+06
P61026	P51153;P59190;P61006;P61026;P62820;Q92930;Q9H0U4;Q92928;P61006-2;P62820-2;P62820-3;P59190-2				486427
P61077;P61077-2;P61077-3;P62837;P62837-2	P61077;P62837;P62837-2;P61077-2;P61077-3				519505
P61088;Q5JXB2	P61088;Q5JXB2				1.75552e+06
P61106	P61106				2.03993e+06
P61204;P84077;P84085	P18085;P61204;P84077;P84085;P61204-2				767629
P61266;P61266-2	P61266;P61266-2				2.65311e+06
P61278	P61278				4.83344e+07
P61604	P61604				2.63994e+06
P61626	P61626				8.02742e+07
P61769	P61769				2.0365e+09
P61812;P61812-2	P61812;P61812-2				1.05299e+06
P61916	P61916;P61916-2				1.08204e+08
P61970	P61970				7.75772e+06
P61981	P61981				1.08984e+07
P62258	P62258;P62258-2				5.2708e+06
P62328	P62328;P63313				1.91792e+07
P62736;P63267	P62736;P63267;P68032;P68133				6.36036e+06
P62805	P62805				1.04968e+06
P62873;P62873-2;P62879;Q9HAV0	P62873;P62879;Q9HAV0;P62873-2;P62879-2				1.24446e+06
P62937	P62937				1.07115e+07
P62942	P62942				3.19862e+06
P62993	P62993;P62993-2				2.74168e+06
P63000;P63000-2	P63000;P63000-2				86429.4
P63010;P63010-2;P63010-3	P63010;P63010-2;P63010-3				4.23242e+06
P63027	P63027				1.78204e+06
P63104	P63104;P63104-2				9.87278e+07
P63208	P63208;P63208-2				4.25336e+06
P63241;P63241-2;Q6IS14;Q9GZV4	P63241;Q9GZV4;Q6IS14;P63241-2				86609.2
P63302	P63302				1.04851e+06
P67936	P06753;P07951;P09493;P09493-10;P67936;P07951-2;P09493-5;P06753-2;P06753-3;P09493-2;P09493-3;P09493-4;P09493-6;P09493-7;P09493-8;P09493-9;P06753-4;P06753-5;P06753-6;P07951-3;P67936-2				1.67565e+06
P68036	P68036;A0A1B0GUS4;P68036-2;P68036-3				1.05482e+06
P68104;Q05639;Q5VTE0	P68104;Q05639;Q5VTE0				4.12542e+06
P68363;Q71U36;Q71U36-2;Q9BQE3	P0DPH7;P0DPH8;P68363;P68366;Q6PEY2;Q71U36;Q9BQE3;Q9NY65;P0DPH7-2;P68366-2;Q71U36-2;Q9NY65-2				3.86067e+06
P68402	P68402				366673
P68871	P02042;P68871				1.09026e+07
P69849;Q15155;Q5JPE7;Q5JPE7-2	P69849;Q15155;Q5JPE7;Q5JPE7-2;Q5JPE7-3				858377
P69905	P69905				9.50639e+06
P78310;P78310-2;P78310-5;P78310-6;P78310-7	P78310;P78310-2;P78310-4;P78310-5;P78310-6;P78310-7				2.07418e+06
P78324;P78324-2	P78324;Q9P1W8;Q5TFQ8;P78324-2;P78324-4;Q9P1W8-2;Q9P1W8-3;Q9P1W8-4				7.01642e+07
P78330	P78330				363631
P78333	P78333				1.79613e+06
P78417	P78417;P78417-3				4.87043e+06
P78504	P78504				1.60247e+06
P78509;P78509-2	P78509;P78509-2;P78509-3				1.55301e+07
P78536;P78536-2	P78536;P78536-2				2.58199e+06
P78539;P78539-2;P78539-3;P78539-5	P78539;P78539-2;P78539-3;P78539-4;P78539-5				1.93582e+06
P80108	P80108				4.82463e+06
P80188;P80188-2	P80188;P80188-2				1.24691e+06
P80303;P80303-2	P80303;P80303-2				3.99279e+06
P80404	P80404				610631
P80723	P80723				1.30675e+07
P80748	P80748				5.3229e+07
P81605	P81605				4.33604e+06
P84157-2	P84157;P84157-2;P84157-3				568229
P98095;P98095-2	P98095;P98095-2				7.20625e+06
P98153;P98153-2;P98153-3	P98153;P98153-2;P98153-3				2.72643e+06
P98155;P98155-2	P98155;P98155-2				1.10796e+06
P98160	P98160				7.46189e+07
P98172	P98172				1.79658e+06
P98173;P98173-2;P98173-3	P98173;P98173-2;P98173-3				2.85195e+06
P99999	P99999				4.51249e+06
Q00169	Q00169				503137
Q00973	Q00973;Q00973-2;Q00973-3				5.62408e+06
Q01459	Q01459				1.1146e+07
Q01469	Q01469				6.06868e+06
Q01973;Q01973-3	Q01973;Q01973-3				533648
Q01995	Q01995				9.0434e+06
Q02246	Q02246				4.4706e+07
Q02413	Q02413				1.51338e+06
Q02487;Q02487-2	Q02487;Q02487-2				4.84414e+06
Q02790	Q02790				1.42392e+06
Q02809;Q02809-2	Q02809;Q02809-2				4.39741e+06
Q02818	Q02818				5.02856e+07
Q02952;Q02952-2;Q02952-3	Q02952;Q02952-2;Q02952-3				193446
Q02985;Q02985-2	Q02985;Q92496;Q02985-2;Q92496-2;Q92496-3				1.16846e+07
Q03167;Q03167-2	Q03167;Q03167-2				1.50441e+07
Q03591	Q03591				1.07674e+06
Q04695	Q04695				2.75325e+06
Q04721	Q04721				4.75479e+06
Q04756	Q04756				2.09181e+06
Q04760;Q04760-2	Q04760;Q04760-2				2.19056e+06
Q05193;Q05193-2;Q05193-3;Q05193-5	Q05193;Q05193-2;Q05193-3;Q05193-5				430189
Q05707;Q05707-2	Q05707;Q05707-2;Q05707-3				3.46487e+06
Q05996;Q05996-2	Q05996;Q05996-2				5.57919e+06
Q06033;Q06033-2	Q06033;Q06033-2				4.13272e+06
Q06418	Q06418				1.21478e+07
Q06481	Q06481;Q06481-3;Q06481-6				9.47475e+07
Q06828	Q06828				5.94804e+07
Q06830	Q06830				8.10815e+06
Q07092;Q07092-2	Q07092;Q07092-2				3.41719e+06
Q07507	Q07507				1.52284e+06
Q07699;Q07699-2	Q07699;Q07699-2				3.0165e+06
Q07954	Q07954				6.36428e+06
Q08174-2	Q08174;Q08174-2				1.35705e+07
Q08209;Q08209-2;Q08209-3;Q08209-5	Q08209;Q08209-2;Q08209-3;Q08209-5				216816
Q08345;Q08345-5	Q08345;Q08345-2;Q08345-4;Q08345-5;Q08345-6				1.0842e+07
Q08380	Q08380				1.61627e+08
Q08397	Q08397				640669
Q08431;Q08431-4	Q08431;Q08431-3;Q08431-4				8.50434e+06
Q08554;Q08554-2	Q08554;Q08554-2				3.6165e+06
Q08629	Q08629				1.45888e+07
Q08ET2	O15389;Q08ET2				1.36085e+07
Q09327	Q09327				1.63687e+06
Q09328	Q09328				1.13988e+06
Q09666	Q09666				765316
Q0P6D2	Q0P6D2;Q0P6D2-2				7.84596e+06
Q10469	Q10469				2.24228e+06
Q10471	Q10471				1.06373e+07
Q10472	Q10472				6.28367e+06
Q10567;Q10567-2;Q10567-3	Q10567;Q10567-3;Q10567-2				1.13786e+06
Q10588	Q10588;Q10588-2				1.88086e+06
Q10589;Q10589-2	Q10589;Q10589-2				309222
Q12765;Q12765-2;Q12765-3	Q12765;Q12765-2;Q12765-3				516444
Q12794;Q12794-2;Q12794-7	Q12794;Q12794-2;Q12794-4;Q12794-7				2.77131e+06
Q12797;Q12797-10	Q12797;Q12797-10				2.15287e+06
Q12805;Q12805-2;Q12805-3;Q12805-4;Q12805-5	Q12805;Q12805-2;Q12805-3;Q12805-4;Q12805-5				3.29688e+08
Q12841;Q12841-2	Q12841;Q12841-2				7.03794e+06
Q12860	Q12860;Q12860-2				1.3862e+08
Q12866	Q12866				1.59898e+06
Q12907	Q12907				8.19299e+07
Q12913;Q12913-3	Q12913;Q12913-2;Q12913-3				2.87845e+06
Q13093	Q13093				619312
Q13145	Q13145				667034
Q13162	Q13162				89671.9
Q13201;Q13201-2	Q13201;Q13201-2				613600
Q13214;Q13214-2	Q13214;Q13214-2				3.40294e+06
Q13217	Q13217				3.50372e+06
Q13228;Q13228-4	Q13228;Q13228-2;Q13228-3;Q13228-4				3.20876e+07
Q13231;Q13231-2;Q13231-3	Q13231;Q13231-2;Q13231-3;Q13231-4				1.71269e+06
Q13232	Q13232				969389
Q13275-2	Q13275;Q13275-2				978691
Q13308;Q13308-2;Q13308-4;Q13308-5;Q13308-6	Q13308;Q13308-2;Q13308-3;Q13308-4;Q13308-5;Q13308-6				1.44018e+06
Q13332-7	Q13332-2;Q13332-6;Q13332-7				2.4596e+06
Q13332;Q13332-3;Q13332-4	Q13332;Q13332-2;Q13332-3;Q13332-4;Q13332-5;Q13332-6;Q13332-7				2.65312e+07
Q13404;Q13404-1;Q13404-2;Q13404-6;Q13404-7	Q13404;Q13404-1;Q13404-2;Q13404-6;Q13404-7				1.93358e+06
Q13421-2;Q13421-3;Q13421-4	Q13421;Q13421-2;Q13421-3;Q13421-4				2.19408e+06
Q13433	Q13433				1.46731e+06
Q13443;Q13443-2	Q13443;Q13443-2				875051
Q13444;Q13444-10;Q13444-12;Q13444-2;Q13444-3;Q13444-4;Q13444-5;Q13444-6;Q13444-7;Q13444-8;Q13444-9	Q13444;Q13444-2;Q13444-10;Q13444-11;Q13444-12;Q13444-3;Q13444-4;Q13444-5;Q13444-6;Q13444-7;Q13444-8;Q13444-9				2.9647e+06
Q13449	Q13449				4.85875e+08
Q13501;Q13501-2	Q13501;Q13501-2				725410
Q13508;Q13508-2;Q13508-3	Q13508;Q13508-2;Q13508-3				8.65055e+06
Q13510;Q13510-2	Q13510;Q13510-2;Q13510-3				8.66966e+06
Q13519;Q13519-2	Q13519;Q13519-2				3.14986e+06
Q13554;Q13554-2;Q13554-3;Q13554-4;Q13554-5;Q13554-7;Q13554-8	Q13554;Q13554-3;Q13554-2;Q13554-4;Q13554-5;Q13554-6;Q13554-7;Q13554-8				4.69747e+06
Q13555;Q13555-10;Q13555-11;Q13555-2;Q13555-3;Q13555-4;Q13555-5;Q13555-6;Q13555-7;Q13555-8;Q13555-9	Q13555;Q13555-5;Q13555-10;Q13555-11;Q13555-2;Q13555-3;Q13555-4;Q13555-6;Q13555-7;Q13555-8;Q13555-9				1.89059e+06
Q13557;Q13557-10;Q13557-11;Q13557-12;Q13557-3;Q13557-4;Q13557-5;Q13557-6;Q13557-8;Q13557-9	Q13557;Q13557-8;Q13557-10;Q13557-11;Q13557-12;Q13557-3;Q13557-4;Q13557-5;Q13557-6;Q13557-9				3.03572e+06
Q13634;Q13634-2	Q13634;Q13634-2				8.7368e+06
Q13641	Q13641				2.74342e+06
Q13642-4;Q13642-5	Q13642-1;Q13642-4;Q13642-5				2.25633e+06
Q13683;Q13683-10;Q13683-3;Q13683-7;Q13683-9	Q13683;Q13683-10;Q13683-13;Q13683-3;Q13683-7;Q13683-9				4.20681e+06
Q13740;Q13740-2	Q13740;Q13740-2;Q13740-3				3.89059e+07
Q13790	Q13790				3.11759e+06
Q13822-3	Q13822;Q13822-3				4.3648e+08
Q13867	Q13867				2.31887e+06
Q14019	Q14019				4.84135e+06
Q14112;Q14112-2	Q14112;Q14112-2				1.25212e+07
Q14114;Q14114-2;Q14114-3;Q14114-4	Q14114;Q14114-3;Q14114-2;Q14114-4				1.99969e+06
Q14118	Q14118				6.97773e+07
Q14126	Q14126				5.53389e+06
Q14165	Q14165				5.26115e+06
Q14213	Q14213				667361
Q14242;Q14242-2	Q14242;Q14242-2				4.601e+06
Q14257;Q14257-2	Q14257;Q14257-2				1.90711e+06
Q14314	Q14314				6.52e+06
Q14315;Q14315-2	Q14315;Q14315-2				2.99086e+06
Q14393;Q14393-1;Q14393-3;Q14393-4;Q14393-5	Q14393;Q14393-1;Q14393-3;Q14393-4;Q14393-5				6.68109e+06
Q14515	Q14515;Q14515-2				3.84002e+08
Q14517	Q14517				907215
Q14520;Q14520-2	Q14520;Q14520-2				3.89514e+06
Q14563	Q14563				2.08948e+06
Q14566	Q14566				4.80427e+06
Q14574;Q14574-2	Q14574;Q14574-2				3.97945e+06
Q14596;Q14596-2	Q14596;Q14596-2				1.46965e+06
Q14624	Q14624				5.59205e+07
Q14624-2;Q14624-3;Q14624-4	Q14624-2;Q14624-3;Q14624-4				8.91616e+06
Q14696	Q14696				2.44033e+06
Q14697;Q14697-2	Q14697;Q14697-2				1.18029e+07
Q14766	Q14766;Q14766-4				5.48048e+06
Q14767	Q14767				5.16769e+06
Q14894	Q14894				1.6665e+06
Q14956;Q14956-2	Q14956;Q14956-2				1.28158e+06
Q14982;Q14982-2;Q14982-3;Q14982-4	Q14982;Q14982-2;Q14982-3;Q14982-4				4.60725e+07
Q14C87	Q14C87;Q14C87-2				1.0692e+07
Q14CN4;Q14CN4-2;Q14CN4-3;Q3SY84;Q7RTS7;Q86Y46;Q86Y46-2	Q14CN4;Q3SY84;Q7RTS7;Q86Y46;Q14CN4-2;Q14CN4-3;Q86Y46-2				170134
Q14CZ8	Q14CZ8				3.27875e+06
Q14DG7	Q14DG7;Q14DG7-2				4.03781e+06
Q15043;Q15043-2;Q15043-3	Q15043;Q15043-2;Q15043-3				266502
Q15063-3	Q15063;Q15063-2;Q15063-3;Q15063-4;Q15063-5;Q15063-6;Q15063-7				1.02349e+06
Q15084;Q15084-2;Q15084-3;Q15084-4;Q15084-5	Q15084;Q15084-2;Q15084-3;Q15084-4;Q15084-5				2.261e+06
Q15113	Q15113				5.8628e+07
Q15121;Q15121-2	Q15121;Q15121-2				837547
Q15165;Q15165-1;Q15165-3	Q15165;Q15165-1;Q15165-3				413428
Q15166	Q15166				3.11334e+07
Q15223;Q15223-2;Q15223-3	Q15223;Q15223-2;Q15223-3				6.32659e+06
Q15256	Q15256;Q15256-5				6.32795e+06
Q15257;Q15257-2;Q15257-3	Q15257;Q15257-2;Q15257-3;Q15257-4				548934
Q15262;Q15262-2;Q15262-3;Q15262-4	Q15262;Q15262-2;Q15262-3;Q15262-4				2.82254e+06
Q15293;Q15293-2	Q15293;Q15293-2				4.96978e+06
Q15303;Q15303-2;Q15303-3;Q15303-4	Q15303;Q15303-2;Q15303-3;Q15303-4				1.97085e+06
Q15375;Q15375-4	Q15375;Q15375-2;Q15375-4				3.85424e+06
Q15435;Q15435-2	Q15435;Q15435-2				128849
Q15459;Q15459-2	Q15459;Q15459-2				3.13299e+06
Q15465	Q15465				1.93139e+06
Q15582	Q15582				6.7613e+07
Q15768	Q15768				6.6685e+06
Q15782;Q15782-6	Q15782;Q15782-6				6.58233e+06
Q15818	Q15818				8.46069e+07
Q15819	Q15819				4.07791e+06
Q15828	Q15828				2.09454e+06
Q15846	Q15846				1.24886e+06
Q15847	Q15847				463164
Q15848	Q15848				4.02119e+06
Q15904	Q15904				1.6386e+08
Q16143	Q16143				1.74438e+06
Q16270	Q16270;Q16270-2				2.03348e+08
Q16288;Q16288-2;Q16288-3;Q16288-4;Q16288-5	Q16288;Q16288-2;Q16288-3;Q16288-4;Q16288-5				8.83186e+06
Q16363;Q16363-2	Q16363;Q16363-2				3.41321e+06
Q16394	Q16394				721541
Q16531	Q16531				2.36889e+06
Q16549	Q16549				693469
Q16555;Q16555-2	Q16555;Q16555-2				929955
Q16563;Q16563-2	Q16563;Q16563-2				340379
Q16568	Q16568				5.1193e+06
Q16581	Q16581				3.70857e+06
Q16610;Q16610-4	Q16610;Q16610-2;Q16610-3;Q16610-4				5.97224e+07
Q16620;Q16620-2;Q16620-3;Q16620-4;Q16620-5;Q16620-6	Q16620;Q16620-2;Q16620-3;Q16620-4;Q16620-5;Q16620-6				1.24819e+07
Q16623;Q16623-2;Q16623-3	Q16623;Q16623-2;Q16623-3				374133
Q16627;Q16627-2	Q16627;Q16627-2				7.69365e+06
Q16651	Q16651;Q16651-2				684288
Q16653;Q16653-10;Q16653-11;Q16653-13;Q16653-2;Q16653-3;Q16653-5;Q16653-6;Q16653-7;Q16653-8;Q16653-9	Q16653;Q16653-10;Q16653-11;Q16653-13;Q16653-2;Q16653-3;Q16653-5;Q16653-6;Q16653-7;Q16653-8;Q16653-9				1.28456e+07
Q16658	Q16658				5.52606e+06
Q16674	Q16674				8.77311e+06
Q16706	Q16706				8.17789e+06
Q16769	Q16769				4.02382e+07
Q16775;Q16775-2	Q16775;Q16775-2				1.5896e+06
Q16799	Q16799;Q16799-2				721238
Q16832	Q16832				1.16804e+06
Q16849	Q16849;Q16849-3;Q16849-2				4.68208e+07
Q16853;Q16853-2	Q16853;Q16853-2				865571
Q16881;Q16881-2;Q16881-3;Q16881-4;Q16881-5;Q16881-6;Q16881-7	Q16881;Q16881-4;Q16881-5;Q16881-2;Q16881-3;Q16881-6;Q16881-7				496665
Q24JP5;Q24JP5-2	Q24JP5;Q24JP5-2;Q24JP5-3				1.87791e+07
Q2TAL6	Q2TAL6				1.88023e+06
Q2TBF2;Q2TBF2-2	Q2TBF2;Q2TBF2-2				296984
Q2UY09	Q2UY09;Q2UY09-2;Q2UY09-3				1.00184e+06
Q30154	Q30154				3.989e+06
Q495W5	Q495W5;Q495W5-2				3.5021e+06
Q496H8	Q496H8				226676
Q4G0I0	Q4G0I0				1.40549e+06
Q4G0P3	Q4G0P3;Q4G0P3-10;Q4G0P3-5;Q4G0P3-6;Q4G0P3-8				2.21306e+07
Q4G148;Q4G148-2	Q4G148;Q4G148-2				333314
Q4KMG0;Q4KMG0-2	Q4KMG0;Q4KMG0-2				96084.4
Q4KWH8;Q4KWH8-3;Q4KWH8-4	Q4KWH8;Q4KWH8-2;Q4KWH8-3;Q4KWH8-4				3.73024e+06
Q4LDE5	Q4LDE5				805510
Q504Y0;Q504Y0-3;Q504Y0-4;Q504Y0-5	Q504Y0;Q504Y0-2;Q504Y0-3;Q504Y0-4;Q504Y0-5				528611
Q53EL9;Q53EL9-3	Q53EL9;Q53EL9-2;Q53EL9-3				1.82204e+07
Q53H76;Q53H76-2;Q53H76-3	Q53H76;Q53H76-2;Q53H76-3				404406
Q53RD9;Q53RD9-2;Q53RD9-3;Q53RD9-4	Q53RD9;Q53RD9-2;Q53RD9-3;Q53RD9-4				8.42966e+06
Q53RT3;Q53RT3-2	Q53RT3;Q53RT3-2				450649
Q562R1	Q562R1				2.75908e+07
Q58EX2;Q58EX2-2;Q58EX2-3;Q58EX2-4	Q58EX2;Q58EX2-2;Q58EX2-3;Q58EX2-4				367860
Q58FF6	Q58FF6				1.02767e+06
Q5BIV9	Q5BIV9				1.41804e+07
Q5BLP8;Q5BLP8-2;Q5BLP8-3	Q5BLP8;Q5BLP8-2;Q5BLP8-3				2.14988e+07
Q5FWE3;Q5FWE3-3	Q5FWE3;Q5FWE3-3				1.32136e+07
Q5IJ48;Q5IJ48-2;Q5IJ48-3	Q5IJ48;Q5IJ48-2;Q5IJ48-3				6.32172e+06
Q5JRA6;Q5JRA6-2	Q5JRA6;Q5JRA6-2				6.10232e+06
Q5JTV8;Q5JTV8-2;Q5JTV8-3	Q5JTV8;Q5JTV8-2;Q5JTV8-3				413112
Q5JZY3;Q5JZY3-2;Q5JZY3-3	Q5JZY3;Q5JZY3-2;Q5JZY3-3				6.03326e+06
Q5KU26	Q5KU26				2.27395e+07
Q5R3F8	Q5R3F8				2.45005e+06
Q5SGD2;Q5SGD2-2;Q5SGD2-3	Q5SGD2;Q5SGD2-2;Q5SGD2-3				863399
Q5SRI9	Q5SRI9				737008
Q5SZI1	Q5SZI1				975363
Q5SZK8	Q5SZK8;Q5SZK8-2				522156
Q5T013;Q5T013-2;Q5T013-3;Q5T013-4	Q5T013;Q5T013-2;Q5T013-3;Q5T013-4				4.54833e+08
Q5T848	Q5T848				9.55713e+06
Q5T9L3;Q5T9L3-2	Q5T9L3;Q5T9L3-2				6.65e+06
Q5VSG8	Q5VSG8				1.45412e+07
Q5VU97	Q5VU97				8.42146e+06
Q5VUB5	Q5VUB5				1.91217e+06
Q5VV43;Q5VV43-2;Q5VV43-3;Q5VV43-4	Q5VV43;Q5VV43-2;Q5VV43-3;Q5VV43-4				4.85642e+06
Q5VV63	Q5VV63				1.09175e+06
Q5VWW1	Q5VWW1;Q5VWW1-2;Q5VWW1-3				3.87939e+06
Q5VY80;Q6H3X3;Q6H3X3-2;Q9BZM5	Q5VY80;Q6H3X3;Q9BZM5;Q6H3X3-2				996354
Q5ZPR3;Q5ZPR3-3;Q5ZPR3-4	Q5ZPR3;Q5ZPR3-3;Q5ZPR3-4				556181
Q63HQ2;Q63HQ2-2;Q63HQ2-4	Q63HQ2;Q63HQ2-2;Q63HQ2-4				229129
Q641Q3;Q641Q3-2	Q641Q3;Q641Q3-2				7.84536e+06
Q658N2	Q658N2				1.1567e+07
Q68BL7;Q68BL7-2;Q68BL7-3	Q68BL7;Q68BL7-2;Q68BL7-3				5.82222e+06
Q68D85	Q68D85				2.46688e+06
Q6E0U4;Q6E0U4-16;Q6E0U4-2;Q6E0U4-3;Q6E0U4-4;Q6E0U4-5;Q6E0U4-6;Q6E0U4-7	Q6E0U4;Q6E0U4-16;Q6E0U4-2;Q6E0U4-3;Q6E0U4-4;Q6E0U4-5;Q6E0U4-6;Q6E0U4-7				1.13879e+06
Q6EMK4	Q6EMK4				1.67592e+07
Q6FHJ7	Q6FHJ7				5.83407e+06
Q6GTX8;Q6GTX8-2;Q6GTX8-3;Q6GTX8-4;Q6ISS4;Q6ISS4-2	Q6GTX8;Q6ISS4;Q6GTX8-2;Q6GTX8-3;Q6GTX8-4;Q6ISS4-2				4.30729e+06
Q6IBS0	Q12792;Q6IBS0;Q12792-3;Q12792-4				594219
Q6IEE7	Q6IEE7				1.11862e+06
Q6IS24	Q6IS24				2.13745e+06
Q6MZW2	Q6MZW2;Q6MZW2-2;Q6MZW2-3				1.71844e+07
Q6NUI6;Q6NUI6-2	Q6NUI6;Q6NUI6-2				165276
Q6NUJ2	Q6NUJ2				4.22843e+06
Q6NW40	Q6NW40				2.94756e+07
Q6P0Q8;Q6P0Q8-2	Q6P0Q8;Q6P0Q8-2				1.5316e+07
Q6P4E1;Q6P4E1-5	Q6P4E1;Q6P4E1-2;Q6P4E1-5				1.3412e+07
Q6P9A2	Q6P9A2				5.84746e+06
Q6PCB0	Q6PCB0				5.14244e+06
Q6PJF5;Q6PJF5-2	Q6PJF5;Q6PJF5-2				3.40315e+06
Q6PUV4	Q6PUV4				2.33532e+06
Q6RVD6	Q6RVD6				750828
Q6U841;Q6U841-2;Q6U841-3	Q6U841;Q6U841-2;Q6U841-3				1.37631e+06
Q6UVK1	Q6UVK1				6.53858e+06
Q6UVY6;Q6UVY6-2	Q6UVY6;Q6UVY6-2				1.0406e+06
Q6UW01	Q6UW01				3.89339e+07
Q6UW49	Q6UW49				1.07739e+06
Q6UWH4;Q6UWH4-2	Q6UWH4;Q6UWH4-2				5.23037e+06
Q6UWN8	Q6UWN8				332122
Q6UWP8	Q6UWP8;Q6UWP8-2				1.8323e+06
Q6UWR7	Q6UWR7				4.31839e+06
Q6UWU2;Q6UWU2-2	Q6UWU2;Q6UWU2-2				261947
Q6UWY5	Q6UWY5				1.90839e+06
Q6UX15;Q6UX15-2	Q6UX15;Q6UX15-2				4.73295e+06
Q6UX71	Q6UX71;Q6UX71-2				3.73721e+07
Q6UX72	Q6UX72				2.53543e+06
Q6UX73;Q6UX73-2	Q6UX73;Q6UX73-2				3.39922e+07
Q6UXB8	Q6UXB8;Q6UXB8-2				2.5857e+07
Q6UXD5-3;Q6UXD5-5	Q6UXD5;Q6UXD5-2;Q6UXD5-3;Q6UXD5-4;Q6UXD5-5;Q6UXD5-6				1.11383e+08
Q6UXF1;Q6UXF1-2	Q6UXF1;Q6UXF1-2				1.18929e+06
Q6UXH1;Q6UXH1-2;Q6UXH1-3;Q6UXH1-4;Q6UXH1-5;Q6UXH1-6	Q6UXH1;Q6UXH1-2;Q6UXH1-3;Q6UXH1-4;Q6UXH1-5;Q6UXH1-6				817277
Q6UXH9;Q6UXH9-2	Q6UXH9;Q6UXH9-2;Q6UXH9-3				1.4307e+06
Q6UXI9;Q6UXI9-3;Q6UXI9-4;Q6UXI9-5;Q6UXI9-6	Q6UXI9;Q6UXI9-2;Q6UXI9-3;Q6UXI9-4;Q6UXI9-5;Q6UXI9-6				949018
Q6UXK2	Q6UXK2				1.93208e+06
Q6UXK5	Q6UXK5				3.32102e+06
Q6UXZ4;Q6UXZ4-2	Q6UXZ4;Q6UXZ4-2				3.70061e+06
Q6UY14;Q6UY14-2;Q6UY14-3	Q6UY14;Q6UY14-3;Q6UY14-2				538785
Q6YHK3	Q6YHK3;Q6YHK3-2;Q6YHK3-4				2.91996e+06
Q6ZMI3	Q6ZMI3;Q6ZMI3-2				6.79489e+06
Q6ZMP0;Q6ZMP0-2	Q6ZMP0;Q6ZMP0-2				1.12494e+06
Q6ZN30;Q6ZN30-2	Q6ZN30;Q6ZN30-2				2.52187e+06
Q6ZN44;Q6ZN44-2	Q6ZN44;Q6ZN44-2				158655
Q6ZRI8;Q6ZRI8-2;Q6ZRI8-3;Q6ZRI8-4;Q6ZRI8-5	Q6ZRI8;Q6ZRI8-2;Q6ZRI8-3;Q6ZRI8-4;Q6ZRI8-5				1.01855e+06
Q6ZRP7	Q6ZRP7				3.7982e+06
Q6ZSJ9;Q6ZSJ9-2;Q6ZSJ9-3	Q6ZSJ9;Q6ZSJ9-2;Q6ZSJ9-3				4.00024e+07
Q6ZVL6	Q6ZVL6				2.33579e+06
Q6ZVL6-2	Q6ZVL6;Q6ZVL6-2				9.10849e+06
Q70JA7	Q70JA7				474537
Q71H61	Q71H61				437648
Q76KP1	Q76KP1				1.10217e+06
Q76M96;Q76M96-2	Q76M96;Q76M96-2				458966
Q7KYR7;Q7KYR7-1;Q7KYR7-4;Q7KYR7-5;Q7KYR7-6;Q8WVV5;Q8WVV5-2;Q8WVV5-3	Q7KYR7;Q8WVV5;Q7KYR7-4;Q7KYR7-1;Q7KYR7-5;Q7KYR7-6;Q8WVV5-2;Q8WVV5-3				802350
Q7L014	Q7L014				2.98458e+07
Q7L0X0	Q7L0X0				2.48006e+06
Q7L266;Q7L266-2	Q7L266;Q7L266-2				375784
Q7LFX5	Q7LFX5				4.6854e+06
Q7LGC8	Q7LGC8				2.2624e+06
Q7Z304	Q7Z304				565949
Q7Z398;Q7Z398-2	Q7Z398;Q7Z398-2				3.78025e+06
Q7Z3B1	Q7Z3B1;Q7Z3B1-2				5.42932e+07
Q7Z3D4	Q7Z3D4				592104
Q7Z408;Q7Z408-4	Q7Z408;Q7Z408-4				1.25232e+06
Q7Z553;Q7Z553-3	Q7Z553;Q7Z553-2;Q7Z553-3				2.32681e+06
Q7Z5A7;Q7Z5A7-2	Q7Z5A7;Q7Z5A7-2;Q7Z5A7-3				2.02544e+07
Q7Z5B4;Q7Z5B4-2;Q7Z5B4-5;Q7Z5B4-6	Q7Z5B4;Q7Z5B4-5;Q7Z5B4-2;Q7Z5B4-6				1.55101e+06
Q7Z5L0	Q7Z5L0				2.78941e+06
Q7Z5L3	Q7Z5L3				275037
Q7Z5L7;Q7Z5L7-2;Q7Z5L7-3	Q7Z5L7;Q7Z5L7-2;Q7Z5L7-3;Q7Z5L7-4				4.75697e+06
Q7Z5N4;Q7Z5N4-3	Q7Z5N4;Q7Z5N4-3				509867
Q7Z6L0;Q7Z6L0-2;Q7Z6L0-3	Q7Z6L0;Q7Z6L0-2;Q7Z6L0-3				471886
Q7Z7G0	Q7Z7G0;Q7Z7G0-2;Q7Z7G0-3;Q7Z7G0-4				1.77123e+06
Q7Z7H5;Q7Z7H5-3	Q7Z7H5;Q7Z7H5-2;Q7Z7H5-3				3.87536e+06
Q7Z7M0	Q7Z7M0;Q7Z7M0-2				4.38553e+07
Q7Z7M8	Q7Z7M8				2.57042e+06
Q7Z7M9	Q7Z7M9				1.61004e+06
Q86SF2	Q86SF2				9.2873e+06
Q86SJ2	Q86SJ2				495159
Q86SQ4;Q86SQ4-2;Q86SQ4-3;Q86SQ4-4	Q86SQ4;Q86SQ4-2;Q86SQ4-3;Q86SQ4-4				206761
Q86SR1	Q86SR1;Q86SR1-2;Q86SR1-3				5.62959e+06
Q86SU0;Q86SU0-2;Q86SU0-5;Q86SU0-6	Q86SU0;Q86SU0-2;Q86SU0-5;Q86SU0-6				7.23894e+06
Q86TE4;Q86TE4-4	Q86TE4;Q86TE4-4				3.3193e+06
Q86TH1	Q86TH1				320976
Q86TY3;Q86TY3-2	Q86TY3;Q86TY3-2				9.25148e+06
Q86UD1	Q86UD1				1.04474e+07
Q86UE6	Q86UE6				124960
Q86UN2	Q86UN2				7.81222e+06
Q86UN3	Q86UN3				2.95335e+07
Q86UP0;Q86UP0-2	Q86UP0;Q86UP0-2				5.70931e+06
Q86UW8	Q86UW8				2.64069e+06
Q86UX2	Q86UX2;Q86UX2-2;Q86UX2-3				2.09727e+07
Q86V85	Q86V85				699057
Q86VB7;Q86VB7-2;Q86VB7-3	Q86VB7;Q86VB7-2;Q86VB7-3;Q86VB7-4				1.16895e+07
Q86VR8	Q86VR8				1.20894e+06
Q86VV8;Q86VV8-3	Q86VV8;Q86VV8-3				2.59681e+06
Q86VZ4	Q86VZ4				6.16498e+06
Q86X29;Q86X29-4;Q86X29-5;Q86X29-6	Q86X29;Q86X29-2;Q86X29-3;Q86X29-4;Q86X29-5;Q86X29-6				5.94338e+06
Q86XR7-2;Q9Y3B3;Q9Y3B3-2	Q9Y3B3;Q86XR7-2;Q9Y3B3-2				1.40987e+06
Q86Y38	Q86Y38				4.14338e+06
Q86Y82	Q86Y82				2.12617e+06
Q86YD3;Q86YD3-2;Q86YD3-4;Q86YD3-5	Q86YD3;Q86YD3-2;Q86YD3-3;Q86YD3-4;Q86YD3-5				1.1257e+07
Q86YT9;Q86YT9-2;Q86YT9-3;Q86YT9-4	Q86YT9;Q86YT9-2;Q86YT9-3;Q86YT9-4				2.02179e+06
Q86YZ3	Q86YZ3				2.56191e+06
Q8IUC8	Q10472;Q8IUC8;Q8IUC8-3;Q8IUC8-2				1.20749e+07
Q8IUK5;Q8IUK5-2;Q8IUK5-3	Q8IUK5;Q8IUK5-2;Q8IUK5-3;Q8IUK5-4				1.41329e+07
Q8IUK8	Q8IUK8				1.14867e+07
Q8IUX7	Q8IUX7;Q8IUX7-2				1.78412e+07
Q8IV08	Q8IV08				1.63441e+07
Q8IW52	Q8IW52				9.18976e+06
Q8IWK6;Q8IWK6-3	Q8IWK6;Q8IWK6-2;Q8IWK6-3;Q8IWK6-4				7.12673e+06
Q8IWT1	Q8IWT1;Q8IWT1-2				2.43227e+06
Q8IWU2	Q8IWU2				3.30667e+06
Q8IWU5;Q8IWU5-2	Q8IWU5;Q8IWU5-2				3.6556e+07
Q8IWU6	Q8IWU6				325061
Q8IWV2	Q8IWV2				5.24417e+06
Q8IWY4	Q8IWY4				2.34893e+06
Q8IXL6	Q8IXL6				4.8879e+06
Q8IYE1	Q8IYE1				8.87238e+07
Q8IYJ0;Q8IYJ0-2	Q8IYJ0;Q8IYJ0-2				1.12007e+08
Q8IYS5-2;Q8IYS5-3;Q8IYS5-6	Q8IYS5;Q8IYS5-2;Q8IYS5-3;Q8IYS5-4;Q8IYS5-5;Q8IYS5-6;Q8IYS5-7				2.72893e+07
Q8IZ52	Q8IZ52				397008
Q8IZA0;Q8IZA0-2	Q8IZA0;Q8IZA0-2				9.52532e+06
Q8IZF2;Q8IZF2-2;Q8IZF2-3	Q8IZF2;Q8IZF2-2;Q8IZF2-3				172220
Q8IZJ1;Q8IZJ1-2	Q8IZJ1;Q8IZJ1-2				1.63071e+06
Q8IZJ3;Q8IZJ3-2	Q8IZJ3;Q8IZJ3-2				994241
Q8IZP7	Q8IZP7				9.4823e+06
Q8IZS8	Q8IZS8;Q8IZS8-2;Q8IZS8-3				6.37284e+06
Q8IZU9;Q8IZU9-2	Q8IZU9;Q8IZU9-2				188299
Q8N0W4;Q8N0W4-2;Q8NFZ3;Q8NFZ3-2	Q8N0W4;Q8NFZ3;Q8NFZ3-2;Q8N0W4-2				6.73324e+06
Q8N114;Q8N114-2	Q8N114;Q8N114-2				4.68331e+07
Q8N126;Q8N126-2	Q8N126;Q8N126-2				5.70292e+07
Q8N128;Q8N128-2	Q8N128;Q8N128-2				412693
Q8N129	Q8N129				324566
Q8N149;Q8N149-2;Q8N149-3;Q8N149-4	Q8N149;Q8N149-2;Q8N149-3;Q8N149-4				2.19019e+06
Q8N2Q7;Q8N2Q7-2	Q8N2Q7;Q8N2Q7-2				2.2904e+06
Q8N2S1;Q8N2S1-2;Q8N2S1-3	Q8N2S1;Q8N2S1-2;Q8N2S1-3				1.20899e+07
Q8N3G9;Q8N3G9-2;Q8N3G9-3	Q8N3G9;Q8N3G9-2;Q8N3G9-3				970018
Q8N3H0	Q8N3H0				1.35263e+06
Q8N3J2	Q8N3J2				2.5778e+07
Q8N3J6;Q8N3J6-2;Q8N3J6-3;Q8N3J6-4;Q8N3J6-5	Q8N3J6;Q8N3J6-2;Q8N3J6-3;Q8N3J6-4;Q8N3J6-5				1.17674e+07
Q8N3T1	Q8N3T1				2.07771e+06
Q8N3T6	Q8N3T6				4.94283e+06
Q8N3Z0	Q8N3Z0				526158
Q8N428;Q8N428-2	Q8N428;Q8N428-2				2.62733e+06
Q8N436	Q8N436				2.06623e+06
Q8N474	Q8N474				885659
Q8N475;Q8N475-2	Q8N475;Q8N475-2;Q8N475-3				3.13737e+06
Q8N573;Q8N573-2;Q8N573-5;Q8N573-8	Q8N573;Q8N573-2;Q8N573-4;Q8N573-5;Q8N573-6;Q8N573-7;Q8N573-8				343372
Q8N608;Q8N608-2;Q8N608-3;Q8N608-4	Q8N608;Q8N608-2;Q8N608-3;Q8N608-4				1.70558e+06
Q8N6C5;Q8N6C5-2;Q8N6C5-4	Q8N6C5;Q8N6C5-2;Q8N6C5-4				3.32397e+06
Q8N8Z6;Q8N8Z6-2	Q8N8Z6;Q8N8Z6-2				714917
Q8N967	Q8N967				3.45658e+06
Q8NBI6	Q8NBI6				3.73016e+06
Q8NBJ4;Q8NBJ4-2	Q8NBJ4;Q8NBJ4-2				2.63187e+07
Q8NBJ7	Q8NBJ7;Q8NBJ7-2;Q8NBJ7-3				2.21522e+06
Q8NBP7	Q8NBP7				1.84536e+06
Q8NBS9;Q8NBS9-2	Q8NBS9;Q8NBS9-2				2.10404e+06
Q8NC42	Q8NC42				727879
Q8NCC3	Q8NCC3;Q8NCC3-2				3.23679e+06
Q8NCH0	Q8NCH0				721976
Q8NCL4	Q8NCL4				1.03128e+07
Q8NCT1	Q8NCT1				1.76341e+06
Q8NCW5	Q8NCW5;Q8NCW5-2				3.86965e+06
Q8NCW6	Q8NCW6				1.06543e+06
Q8NDA2;Q8NDA2-2;Q8NDA2-4	Q8NDA2;Q8NDA2-2;Q8NDA2-4				444593
Q8NEP3;Q8NEP3-2;Q8NEP3-3	Q8NEP3;Q8NEP3-2;Q8NEP3-3				6.41088e+08
Q8NES3;Q8NES3-3	Q8NES3;Q8NES3-2;Q8NES3-3;Q8NES3-4				1.34492e+07
Q8NEY1;Q8NEY1-2;Q8NEY1-3;Q8NEY1-4;Q8NEY1-6;Q8NEY1-7	Q8NEY1;Q8NEY1-2;Q8NEY1-3;Q8NEY1-4;Q8NEY1-6;Q8NEY1-7				489288
Q8NFL0	Q8NFL0				314704
Q8NFP4;Q8NFP4-2	Q8NFP4;Q8NFP4-2				2.70752e+06
Q8NFT8	Q8NFT8				921673
Q8NFY4;Q8NFY4-6	Q8NFY4;Q8NFY4-6				6.13338e+06
Q8NFZ4	Q8NFZ4				1.2225e+07
Q8NFZ8	Q8NFZ8				8.86519e+07
Q8NHG7	Q8NHG7				744150
Q8NHJ6;Q8NHJ6-2;Q8NHJ6-3	Q8NHJ6;Q8NHJ6-2;Q8NHJ6-3				1.75319e+06
Q8NHL6;Q8NHL6-2;Q8NHL6-3;Q8NHL6-4;Q8NHL6-5	Q8NHL6;Q8NHL6-5;Q8NHL6-2;Q8NHL6-3;Q8NHL6-4				569632
Q8NHP8	Q8NHP8;Q8NHP8-2				6.04547e+06
Q8NHQ9	Q8NHQ9				2.89752e+08
Q8TAB3;Q8TAB3-2;Q8TAB3-3	Q8TAB3;Q8TAB3-2;Q8TAB3-3				2.00481e+06
Q8TAG5;Q8TAG5-2	Q8TAG5;Q8TAG5-2				7.48206e+07
Q8TAL6	Q8TAL6				798846
Q8TB96	Q8TB96				201118
Q8TBP5	Q8TBP5				1.78966e+07
Q8TCZ2	Q8TCZ2;Q8TCZ2-2;Q8TCZ2-3;Q8TCZ2-5;Q8TCZ2-6				7.91138e+07
Q8TDF5;Q8TDF5-1;Q8TDF5-2	Q8TDF5;Q8TDF5-1;Q8TDF5-2				1.7315e+06
Q8TDQ0;Q8TDQ0-2	Q8TDQ0;Q8TDQ0-2				4.04114e+06
Q8TE57;Q8TE57-2	Q8TE57;Q8TE57-2				559711
Q8TEA8	Q8TEA8				3.06839e+06
Q8TER0;Q8TER0-5	Q8TER0;Q8TER0-3;Q8TER0-4;Q8TER0-5				8.87406e+06
Q8TEU8	Q8TEU8				2.17008e+07
Q8WUJ3	Q8WUJ3;Q8WUJ3-2				6.38789e+06
Q8WVN6	Q8WVN6				4.44413e+06
Q8WVQ1;Q8WVQ1-3	Q8WVQ1;Q8WVQ1-2;Q8WVQ1-3				1.00374e+07
Q8WWA0	Q8WWA0				159468
Q8WWX9	Q8WWX9				6.85329e+06
Q8WX77	Q8WX77				1.12801e+06
Q8WXB1	Q8WXB1				579680
Q8WXD2	Q8WXD2				1.91653e+08
Q8WXD2-2	Q8WXD2-2				6.26368e+06
Q8WXS5	Q8WXS5				167280
Q8WY21;Q8WY21-2;Q8WY21-3;Q8WY21-4	Q8WY21;Q8WY21-2;Q8WY21-3;Q8WY21-4				7.49178e+06
Q8WYK1	Q8WYK1				5.9019e+06
Q8WZ75;Q8WZ75-2;Q8WZ75-3	Q8WZ75;Q8WZ75-2;Q8WZ75-3				4.657e+06
Q8WZA1	Q8WZA1;Q8WZA1-2				3.00069e+07
Q92484;Q92484-2	Q92484;Q92484-2				4.7321e+06
Q92485	Q92485				3.45348e+06
Q92520	Q92520				3.72656e+08
Q92542;Q92542-2	Q92542;Q92542-2				2.46091e+06
Q92563	Q92563				2.29069e+07
Q92581;Q92581-1;Q92581-3	Q92581;Q92581-1;Q92581-3				78173.4
Q92598;Q92598-2;Q92598-3;Q92598-4	Q92598;Q92598-2;Q92598-3;Q92598-4				164870
Q92626	Q92626				730316
Q92673	Q92673				6.78774e+06
Q92686	Q92686				886649
Q92692;Q92692-2	Q92692;Q92692-2				3.50227e+06
Q92729;Q92729-2;Q92729-3;Q92729-4	Q92729;Q92729-2;Q92729-3;Q92729-4				1.38272e+06
Q92743	Q92743				4.35051e+06
Q92752	Q92752;Q92752-2				6.58332e+06
Q92765	Q92765				1.45965e+07
Q92820	Q92820				1.73006e+07
Q92823;Q92823-2;Q92823-5	Q92823;Q92823-2;Q92823-3;Q92823-4;Q92823-5;Q92823-6				3.27487e+08
Q92824;Q92824-2	Q92824;Q92824-2				678051
Q92832;Q92832-2	Q92832;Q92832-2				1.88947e+06
Q92854	Q92854;Q92854-2				3.25987e+06
Q92859;Q92859-2;Q92859-3	Q92859;Q92859-2;Q92859-3;Q92859-4				2.5371e+07
Q92876	Q92876;Q92876-2				3.34193e+08
Q92890;Q92890-1;Q92890-3	Q92890;Q92890-1;Q92890-3				1.1628e+06
Q92896;Q92896-2;Q92896-3	Q92896;Q92896-2;Q92896-3				2.02189e+06
Q92911	Q92911				4.26323e+06
Q92932-2	Q92932;Q92932-2;Q92932-3;Q92932-4				2.55226e+07
Q92945;Q96AE4;Q96AE4-2	Q92945;Q96AE4;Q96AE4-2				2.91691e+06
Q92954;Q92954-2;Q92954-5;Q92954-6	Q92954;Q92954-2;Q92954-3;Q92954-4;Q92954-5;Q92954-6				8.27808e+06
Q93063;Q93063-3	Q93063;Q93063-2;Q93063-3				1.85003e+06
Q93091	Q93091				6.8074e+06
Q969H8	Q969H8				4.94568e+06
Q969P0;Q969P0-3	Q969P0;Q969P0-3				8.51515e+07
Q969T9	Q969T9;Q969T9-2				1.21647e+07
Q969Z4	Q969Z4				1.12104e+06
Q96AP7	Q96AP7				1.0578e+07
Q96AQ1;Q96AQ1-2;Q96LY2;Q96LY2-2	Q96LY2;Q96LY2-2;Q96AQ1;Q96AQ1-2				3.65549e+06
Q96AQ6;Q96AQ6-2	Q96AQ6;Q96AQ6-2;Q96AQ6-3				1.84157e+06
Q96B86;Q96B86-3;Q96B86-4	Q96B86;Q96B86-3;Q96B86-4				1.6602e+07
Q96BY9	Q96BY9				1.58892e+06
Q96BZ4	Q96BZ4				7.16467e+06
Q96CG8;Q96CG8-2;Q96CG8-3	Q96CG8;Q96CG8-2;Q96CG8-3				4.08122e+06
Q96CW9;Q96CW9-2	Q96CW9;Q96CW9-2				507557
Q96CX2	Q96CX2;Q68DU8				2.79853e+06
Q96D05;Q96D05-2	Q96D05;Q96D05-2				3.29016e+06
Q96DB5;Q96DB5-2	Q96DB5;Q96DB5-2				137706
Q96DD7	Q96DD7				266207
Q96DG6	Q96DG6				106052
Q96DZ1;Q96DZ1-2;Q96DZ1-3	Q96DZ1;Q96DZ1-2;Q96DZ1-3				213677
Q96EE4	Q96EE4				5.00039e+06
Q96EG1	Q96EG1				727349
Q96EU7	Q96EU7				392363
Q96FE5;Q96FE5-2	Q96FE5;Q7L985;Q96FE5-2				1.25448e+07
Q96FE7-4	Q96FE7;Q96FE7-2;Q96FE7-4;Q96FE7-5				4.73539e+07
Q96FJ2	P63167;Q96FJ2				5.38684e+06
Q96FW1	Q96FW1;Q96FW1-2				399758
Q96GD0	Q6ZT62;Q96GD0;Q6ZT62-2				319656
Q96GW7	Q96GW7;Q96GW7-2				3.42343e+08
Q96HD1;Q96HD1-2	Q96HD1;Q96HD1-2				5.1236e+06
Q96HF1	Q96HF1				699896
Q96HU1;Q96HU1-2	Q96HU1;Q96HU1-2				1.84312e+06
Q96I82	Q96I82				359531
Q96ID5	Q96ID5				1.97141e+07
Q96IU4	Q96IU4				4.59087e+06
Q96IY4	Q96IY4				1.17603e+07
Q96J42;Q96J42-2	Q96J42;Q96J42-2				549980
Q96JA1;Q96JA1-2	Q96JA1;Q96JA1-2				459712
Q96JF0	Q96JF0;Q96JF0-2				1.51855e+07
Q96JP9	Q96JP9				407419
Q96JQ0	Q96JQ0				1.70366e+06
Q96KG7	Q96KG7				438138
Q96KN2	Q96KN2				6.73238e+08
Q96KP4;Q96KP4-2	Q96KP4;Q96KP4-2				826840
Q96KR4;Q96KR4-3	Q96KR4;Q96KR4-3				2.10616e+06
Q96L96	Q96L96				507757
Q96MK3	Q96MK3				298522
Q96MU8;Q96MU8-2;Q96MU8-3	Q96MU8;Q96MU8-2;Q96MU8-3				329878
Q96NI6	Q96NI6				836139
Q96NU0;Q9BZ76;Q9BZ76-2	Q96NU0;Q9BZ76;Q9BZ76-2;Q96NU0-2				519360
Q96NY7;Q96NY7-2	Q96NY7;Q96NY7-2				119546
Q96NZ9	Q96NZ9;Q96NZ9-3;Q96NZ9-4				1.15322e+07
Q96P44;Q96P44-3	Q96P44;Q96P44-3				899174
Q96PD2;Q96PD2-2	Q96PD2;Q96PD2-2				2.34959e+06
Q96PD5	Q96PD5				2.54461e+07
Q96PQ0	Q96PQ0				8.69207e+06
Q96PX8	Q96PX8				6.15031e+07
Q96RP7	Q96RP7				197820
Q96RW7;Q96RW7-2	Q96RW7;Q96RW7-2				983956
Q96S96	Q96S96				1.05002e+08
Q96SM3	Q96SM3				1.1524e+06
Q96TA2;Q96TA2-2;Q96TA2-3	Q96TA2;Q96TA2-2;Q96TA2-3				7.39876e+06
Q96TC7	Q96TC7				3.01729e+07
Q99435;Q99435-2;Q99435-3;Q99435-4	Q99435;Q99435-2;Q99435-3;Q99435-4				2.35661e+08
Q99442	Q99442				322055
Q99497	Q99497				1.7615e+07
Q99519	Q99519				1.64992e+06
Q99523	Q99523;Q99523-2				8.369e+06
Q99536;Q99536-2;Q99536-3	Q99536;Q99536-2;Q99536-3				187860
Q99538	Q99538;Q99538-2;Q99538-3				2.3611e+06
Q99574	Q99574				2.53357e+07
Q99584	Q99584				463939
Q99650;Q99650-2	Q99650;Q99650-2				711220
Q99674	Q99674;Q99674-2				3.49179e+07
Q99715;Q99715-4	Q99715;Q99715-2;Q99715-4				2.31334e+06
Q99731	Q99731				193412
Q99784	Q99784;Q99784-3;Q99784-5				1.11997e+07
Q99941;Q99941-2	Q99941;Q99941-2				4.67481e+06
Q99946	Q99946				1.00384e+07
Q99969	Q99969				3.0495e+07
Q99972	Q99972				1.61308e+06
Q99983	Q99983				2.56811e+07
Q99985	Q99985				2.16596e+06
Q9BQ16	Q9BQ16;Q9BQ16-1;Q9BQ16-4;Q9BQ16-5;Q9BQ16-6;Q9BQ16-7;Q9BQ16-8				1.2133e+07
Q9BQS7;Q9BQS7-2;Q9BQS7-3	Q9BQS7;Q9BQS7-2;Q9BQS7-3;Q9BQS7-4				334225
Q9BQT9;Q9BQT9-2	Q9BQT9;Q9BQT9-2				1.28699e+08
Q9BRA2	Q9BRA2				3.84561e+06
Q9BRK3;Q9BRK3-2;Q9BRK3-3	Q9BRK3;Q9BRK3-2;Q9BRK3-3				3.14905e+06
Q9BRK5	Q9BRK5;Q9BRK5-2;Q9BRK5-5				1.73775e+07
Q9BRR6;Q9BRR6-2	Q9BRR6;Q9BRR6-2;Q9BRR6-6				456981
Q9BS26	Q9BS26				1.98554e+06
Q9BSG5;Q9BSG5-2;Q9BSG5-3	Q9BSG5;Q9BSG5-2;Q9BSG5-3				3.32018e+06
Q9BT88	Q9BT88				1.72574e+06
Q9BTY2	Q9BTY2				1.37306e+07
Q9BU40-4;Q9BU40-5	Q9BU40;Q9BU40-3;Q9BU40-4;Q9BU40-5				1.65096e+07
Q9BUD6	Q9BUD6				2.29043e+06
Q9BUJ0	Q9BUJ0				5.07344e+06
Q9BUN1	Q9BUN1				7.78098e+06
Q9BVH7	Q9BVH7				564919
Q9BVK6	Q9BVK6				596314
Q9BWD1;Q9BWD1-2	Q9BWD1;Q9BWD1-2				48642.9
Q9BWP8;Q9BWP8-10;Q9BWP8-2;Q9BWP8-3;Q9BWP8-4;Q9BWP8-5;Q9BWP8-6;Q9BWP8-7;Q9BWP8-8;Q9BWP8-9	Q9BWP8;Q9BWP8-10;Q9BWP8-2;Q9BWP8-3;Q9BWP8-4;Q9BWP8-5;Q9BWP8-6;Q9BWP8-7;Q9BWP8-8;Q9BWP8-9				722353
Q9BWQ8	Q9BWQ8				8.6727e+06
Q9BWS9;Q9BWS9-3	Q9BWS9;Q9BWS9-3				2.17344e+06
Q9BWV1;Q9BWV1-3	Q9BWV1;Q9BWV1-3				774998
Q9BX67;Q9BX67-2	Q9BX67;Q9BX67-2				7.53349e+06
Q9BXJ0	Q9BXJ0				7.99055e+06
Q9BXJ1;Q9BXJ1-2	Q9BXJ1;Q9BXJ1-2				7.78702e+06
Q9BXJ3	Q9BXJ3				1.67064e+07
Q9BXJ4;Q9BXJ4-2;Q9BXJ4-3	Q9BXJ4;Q9BXJ4-2;Q9BXJ4-3				7.14644e+06
Q9BXP8	Q9BXP8				799308
Q9BY67-5	Q9BY67;Q9BY67-2;Q9BY67-3;Q9BY67-4;Q9BY67-5				4.87058e+07
Q9BY76;Q9BY76-2	Q9BY76;Q9BY76-2				528918
Q9BYC5	Q9BYC5;Q9BYC5-3				789038
Q9BYH1;Q9BYH1-5;Q9BYH1-6;Q9BYH1-7	Q9BYH1;Q9BYH1-2;Q9BYH1-3;Q9BYH1-4;Q9BYH1-5;Q9BYH1-6;Q9BYH1-7				4.90091e+07
Q9BYJ0	Q9BYJ0				402609
Q9BZC7;Q9BZC7-2;Q9BZC7-3;Q9BZC7-4	Q9BZC7;Q9BZC7-2;Q9BZC7-3;Q9BZC7-4				2.54003e+07
Q9BZR6	Q9BZR6				1.95484e+07
Q9C0A0	Q9C0A0;Q96NU0;Q9BZ76;Q9BZ76-2;Q96NU0-2;Q9C0A0-2				1.03762e+08
Q9C0C4	Q9C0C4				645243
Q9GZM5	Q9GZM5				4.74479e+07
Q9GZP0;Q9GZP0-2	Q9GZP0;Q9GZP0-2				2.21644e+06
Q9GZP4;Q9GZP4-2	Q9GZP4;Q9GZP4-2				4.08034e+06
Q9GZT8;Q9GZT8-2	Q9GZT8;Q9GZT8-2;Q9GZT8-3				651700
Q9GZV7	Q9GZV7				2.36118e+06
Q9GZX3	Q9GZS9;Q9GZX3;Q9GZS9-2				1.09334e+06
Q9GZX9	Q9GZX9				5.52361e+06
Q9H008	Q9H008;Q9H008-2				1.09973e+06
Q9H0E2	Q9H0E2;Q9H0E2-2				138452
Q9H0Q3;Q9H0Q3-2	Q9H0Q3;Q9H0Q3-2				4.85608e+06
Q9H0R4;Q9H0R4-2	Q9H0R4;Q9H0R4-2				1.36921e+06
Q9H0W9;Q9H0W9-2;Q9H0W9-3	Q9H0W9;Q9H0W9-3;Q9H0W9-2;Q9H0W9-4				464297
Q9H0X4;Q9H0X4-2	Q9H0X4;Q9H0X4-2				149364
Q9H156;Q9H156-2	Q9H156;Q9H156-2				1.8409e+06
Q9H173	Q9H173				3.83947e+06
Q9H1B5	Q9H1B5				2.02361e+06
Q9H1U4	Q9H1U4				8.31105e+06
Q9H1Z8	Q9H1Z8				5.47007e+07
Q9H251;Q9H251-2;Q9H251-3;Q9H251-4;Q9H251-8	Q9H251;Q9H251-2;Q9H251-3;Q9H251-4;Q9H251-6;Q9H251-8				909256
Q9H257;Q9H257-2;Q9H257-3	Q9H257;Q9H257-2;Q9H257-3				870524
Q9H299	Q9H299				4.07292e+06
Q9H2A7	Q9H2A7				1.20625e+07
Q9H2A9	Q9H2A9				291210
Q9H2B2;Q9H2B2-2	Q9H2B2;Q9H2B2-2				1.94319e+07
Q9H2E6;Q9H2E6-2	Q9H2E6;Q9H2E6-2				7.14377e+06
Q9H2X0;Q9H2X0-5	Q9H2X0;Q9H2X0-5				2.77202e+06
Q9H2X8	Q9H2X8				621143
Q9H336	Q9H336				2.59298e+06
Q9H3G5	Q9H3G5				9.93026e+06
Q9H3S1;Q9H3S1-2	Q9H3S1;Q9H3S1-2				669934
Q9H3S3	Q9H3S3				1.38207e+06
Q9H3T2;Q9H3T2-3	Q9H3T2;Q9H3T2-2;Q9H3T2-3				1.71311e+06
Q9H3T3;Q9H3T3-3	Q9H3T3;Q9H3T3-3				2.5442e+06
Q9H3U7;Q9H3U7-2	Q9H3U7;Q9H3U7-2				117067
Q9H461	Q9H461				329632
Q9H492;Q9H492-2	Q9GZQ8;Q9H492;A6NCE7;Q9H492-2				1.1882e+06
Q9H4A4	Q9H4A4				70489.7
Q9H4A9;Q9H4A9-2	Q9H4A9;Q9H4A9-2;Q9H4A9-3				390075
Q9H4D0	Q9H4D0				3.95136e+06
Q9H4F8;Q9H4F8-2	Q9H4F8;Q9H4F8-2				4.02146e+06
Q9H5Y7	Q9H5Y7				434675
Q9H6B4	Q9H6B4				1.92318e+06
Q9H6X2;Q9H6X2-5	Q9H6X2;Q9H6X2-2;Q9H6X2-3;Q9H6X2-4;Q9H6X2-5;Q9H6X2-6				3.15253e+06
Q9H741	Q9H741				1.12434e+06
Q9H7Y0	Q9H7Y0;Q9H7Y0-2				2.21854e+06
Q9H853	Q9H853				474664
Q9H8J5	Q9H8J5				8.2542e+06
Q9H8L6	Q9H8L6				1.4062e+07
Q9H9S5	Q9H9S5				1.17382e+06
Q9HAR2;Q9HAR2-2;Q9HAR2-3;Q9HAR2-4	Q9HAR2;Q9HAR2-2;Q9HAR2-3;Q9HAR2-4				7.6412e+06
Q9HAT2	Q9HAT2;Q9HAT2-2				1.15697e+07
Q9HB40	Q9HB40;Q9HB40-2				1.18484e+06
Q9HBR0	Q9HBR0				3.65959e+06
Q9HBT6	Q9HBT6				4.72368e+06
Q9HBW1	Q9HBW1				2.1865e+06
Q9HC38-2	Q9HC38;Q9HC38-2;Q9HC38-3				1.03473e+06
Q9HC56;Q9HC56-2	Q9HC56;Q9HC56-2				1.01406e+07
Q9HC57	Q9HC57				9.40417e+06
Q9HCB6	Q9HCB6				1.05076e+07
Q9HCK4;Q9HCK4-2;Q9HCK4-3	Q9HCK4;Q9HCK4-2;Q9HCK4-3				5.47353e+06
Q9HCM2;Q9HCM2-2;Q9HCM2-3	Q9HCM2;Q9HCM2-2;Q9HCM2-3				335481
Q9HCU0	Q9HCU0				6.69176e+06
Q9HCU4	Q9HCU4				2.48484e+07
Q9HD45	Q9HD45				382736
Q9HDB5	Q9HDB5;Q9Y4C0;Q9HDB5-2;Q9HDB5-4;Q9Y4C0-3				1.1003e+07
Q9HDC9;Q9HDC9-2	Q9HDC9;Q9HDC9-2				1.61e+06
Q9NP58;Q9NP58-4	Q9NP58;Q9NP58-4				8.03883e+06
Q9NP80;Q9NP80-2;Q9NP80-3	Q9NP80;Q9NP80-2;Q9NP80-3				8.854e+06
Q9NP84	Q9NP84				1.68118e+06
Q9NPC4	Q9NPC4				1.72045e+06
Q9NPD7	Q9NPD7				4.00401e+06
Q9NPG4	Q9NPG4				3.03211e+06
Q9NPH0	Q9NPH0				439555
Q9NPH3;Q9NPH3-2;Q9NPH3-5	Q9NPH3;Q9NPH3-2;Q9NPH3-3;Q9NPH3-5				1.2907e+06
Q9NPR2;Q9NPR2-2	Q9NPR2;Q9NPR2-2				1.15737e+07
Q9NPY3	Q9NPY3				2.88252e+06
Q9NQ30	Q9NQ30				1.86521e+06
Q9NQ36;Q9NQ36-2;Q9NQ36-3	Q9NQ36;Q9NQ36-2;Q9NQ36-3				1.62553e+06
Q9NQ38;Q9NQ38-3	Q9NQ38;Q9NQ38-2;Q9NQ38-3				243984
Q9NQ79;Q9NQ79-2	Q9NQ79;Q9NQ79-2;Q9NQ79-3				1.10454e+08
Q9NQS3;Q9NQS3-2;Q9NQS3-3	Q9NQS3;Q9NQS3-2;Q9NQS3-3				2.69385e+06
Q9NQX5	Q9NQX5				7.78953e+06
Q9NQX7	Q9NQX7;Q9NQX7-2;Q9NQX7-3				832571
Q9NR34	Q9NR34				8.41519e+06
Q9NRB3	Q9NRB3				1.59906e+06
Q9NRN5	Q9NRN5;Q9NRN5-2				1.65341e+07
Q9NRR1	Q9NRR1				1.11673e+07
Q9NRV9	Q9NRV9				417152
Q9NRX5	Q9NRX5				391939
Q9NS00;Q9NS00-2	Q9NS00;Q9NS00-2				1.0354e+06
Q9NS15;Q9NS15-2	Q9NS15;Q9NS15-2				1.02776e+06
Q9NS84	Q9NS84				536058
Q9NS85	Q9NS85;Q9NS85-2				3.58721e+06
Q9NS98	Q9NS98				1.48942e+07
Q9NSC7	Q9NSC7				1.7048e+06
Q9NT22;Q9NT22-2	Q9NT22;Q9NT22-2				3.88021e+06
Q9NT99	Q9NT99				1.46105e+07
Q9NTU7	Q9NTU7				1.36085e+07
Q9NU53	Q9NU53				1.1511e+06
Q9NUQ9	Q9NUQ9;Q9NUQ9-2				2.13534e+06
Q9NWD8	Q9NWD8				848381
Q9NX62	Q9NX62				4.83955e+07
Q9NXS2;Q9NXS2-3	Q9NXS2;Q9NXS2-3				1.16679e+06
Q9NY15	Q9NY15;Q9NY15-2				1.12622e+06
Q9NY33	Q9NY33;Q9NY33-4				2.78074e+06
Q9NY47;Q9NY47-2	Q9NY47;Q9NY47-2;Q9NY47-3;Q9NY47-4;Q9NY47-5				5.00291e+06
Q9NY72	Q9NY72				4.22587e+06
Q9NY97;Q9NY97-2	Q9NY97;Q9NY97-2				1.36264e+07
Q9NYQ8	Q9NYQ8				9.41196e+06
Q9NYX4	Q9NYX4				3.57057e+07
Q9NZ08;Q9NZ08-2	Q9NZ08;Q9NZ08-2				3.08162e+06
Q9NZ53	Q9NZ53;Q9NZ53-2				1.3645e+07
Q9NZ72;Q9NZ72-2	Q9NZ72;Q9NZ72-2				1.55222e+06
Q9NZ94;Q9NZ94-2;Q9NZ94-3	Q9NZ94;Q9NZ94-2;Q9NZ94-3				2.05959e+06
Q9NZC2;Q9NZC2-2;Q9NZC2-3	Q9NZC2;Q9NZC2-2;Q9NZC2-3				6.10936e+06
Q9NZK5	Q9NZK5				5.74782e+06
Q9NZN1	Q9NZN1				1.88984e+06
Q9NZN4;Q9NZN4-2	Q9NZN4;Q9NZN4-2				232054
Q9NZP8	Q9NZP8				3.28278e+07
Q9NZR2	Q9NZR2				2.75285e+06
Q9NZU0	Q9NZU0				410607
Q9NZU1	Q9NZU1				2.43126e+06
Q9P035	Q9P035				300693
Q9P0K1;Q9P0K1-2;Q9P0K1-5	Q9P0K1;Q9P0K1-2;Q9P0K1-3;Q9P0K1-4;Q9P0K1-5				4.99313e+07
Q9P0K9	Q9P0K9				1.55964e+07
Q9P0L0;Q9P0L0-2	Q9P0L0;Q9P0L0-2				6.08065e+06
Q9P0S2	Q9P0S2				870076
Q9P121-4	Q9P121;Q9P121-3;Q9P121-2;Q9P121-4				1.3845e+08
Q9P232	Q9P232				5.24646e+06
Q9P2E7;Q9P2E7-2	Q9P2E7;Q9P2E7-2				4.57536e+06
Q9P2S2	P58401;Q9P2S2				2.95759e+07
Q9UBG0	Q9UBG0				3.62133e+06
Q9UBP4	Q9UBP4				6.73014e+08
Q9UBQ6	Q9UBQ6				2.18151e+07
Q9UBR2	Q9UBR2				2.34047e+07
Q9UBX1	Q9UBX1				9.6925e+06
Q9UBX5	Q9UBX5				1.97351e+07
Q9UBX7;Q9UBX7-1;Q9UBX7-3;Q9UBX7-4	Q9UBX7;Q9UBX7-1;Q9UBX7-3;Q9UBX7-4				1.98437e+06
Q9UBX8	Q9UBX8				104183
Q9UD71;Q9UD71-2	Q9UD71;Q9UD71-2				178945
Q9UEW3;Q9UEW3-2	Q9UEW3;Q9UEW3-2				3.13949e+06
Q9UF11;Q9UF11-2;Q9UF11-3;Q9UF11-4	Q9UF11;Q9UF11-2;Q9UF11-3;Q9UF11-4				5.1314e+06
Q9UFP1	Q9UFP1				4.8667e+06
Q9UGM5;Q9UGM5-2	Q9UGM5;Q9UGM5-2				6.30473e+06
Q9UGV2;Q9UGV2-2;Q9UGV2-3	Q9UGV2;Q9UGV2-2;Q9UGV2-3				1.08923e+06
Q9UHC6	Q9UHC6				1.46007e+07
Q9UHD9	Q9UHD9				1.15426e+06
Q9UHF0-2	Q9UHF0-2				7.38115e+06
Q9UHG2	Q9NPY3;Q9UHG2				3.67455e+08
Q9UHG3	Q9UHG3;Q9UHG3-2				3.49052e+06
Q9UHI8	Q9UHI8				4.4455e+06
Q9UHL4	Q9UHL4				1.46756e+07
Q9UHY7	Q9UHY7;Q9UHY7-2				329090
Q9UI15	Q9UI15				633121
Q9UI42;Q9UI42-2	Q9UI42;Q9UI42-2				642404
Q9UIB8;Q9UIB8-2;Q9UIB8-3;Q9UIB8-4;Q9UIB8-5;Q9UIB8-6	Q9UIB8;Q9UIB8-2;Q9UIB8-3;Q9UIB8-4;Q9UIB8-5;Q9UIB8-6				1.57851e+06
Q9UIQ6;Q9UIQ6-2;Q9UIQ6-3	Q9UIQ6;Q9UIQ6-2;Q9UIQ6-3				665886
Q9UIW2	P51805;Q9UIW2				1.97787e+06
Q9UJ14	Q9UJ14				2.98918e+06
Q9UJ37	Q9UJ37				2.26335e+06
Q9UJ90	Q9UJ90				3.8922e+06
Q9UJ99	Q9UJ99				6.2397e+06
Q9UJA9	Q9UJA9				6.65655e+06
Q9UJH8	Q9UJH8				6.00241e+06
Q9UJJ9	Q9UJJ9				1.37288e+07
Q9UJQ1;Q9UJQ1-2	Q9UJQ1;Q9UJQ1-2				1.37531e+06
Q9UK28	Q9UK28				2.43791e+06
Q9UK55	Q9UK55				1.79074e+06
Q9UKB5	Q9UKB5				1.57859e+07
Q9UKJ1-3	Q9UKJ1;Q9UKJ1-2;Q9UKJ1-3;Q9UKJ1-4				4.51927e+06
Q9UKK9	Q9UKK9				231830
Q9UKM7	Q9UKM7				2.82779e+06
Q9UKQ2;Q9UKQ2-2	Q9UKQ2;Q9UKQ2-2				1.27044e+06
Q9UKU6	Q9UKU6				939065
Q9UKU9	Q9UKU9;Q9UKU9-2				3.35062e+06
Q9UKY0	Q9UKY0				268748
Q9UKZ4;Q9UKZ4-2	Q9UKZ4;Q9UKZ4-2				322774
Q9ULB1-2;Q9ULB1-3	P58400;Q9ULB1-2;Q9ULB1-3				3.37011e+07
Q9ULB4	Q9ULB4				3.65505e+06
Q9ULB5	Q9ULB5				1.32782e+06
Q9ULF5	Q9ULF5				1.97007e+07
Q9ULH4	Q9ULH4				1.91206e+06
Q9ULI3;Q9ULI3-2	Q9ULI3;Q9ULI3-2				1.22008e+07
Q9ULI4	Q9ULI4				490099
Q9ULK6;Q9ULK6-2;Q9ULK6-3	Q9ULK6;Q9ULK6-2;Q9ULK6-3				66655.1
Q9ULL4;Q9ULL4-2	Q9ULL4;Q9ULL4-2				1.89253e+06
Q9ULP0-3;Q9ULP0-6	Q9ULP0;Q9ULP0-2;Q9ULP0-3;Q9ULP0-4;Q9ULP0-5;Q9ULP0-6;Q9ULP0-7;Q9ULP0-8				2.24062e+06
Q9ULU8;Q9ULU8-2;Q9ULU8-3;Q9ULU8-4	Q86UW7;Q9ULU8;Q86UW7-2;Q86UW7-3;Q9ULU8-2;Q9ULU8-3;Q9ULU8-4				607478
Q9ULX7	Q9ULX7				2.50763e+06
Q9ULZ3;Q9ULZ3-2;Q9ULZ3-3	Q9ULZ3;Q9ULZ3-2;Q9ULZ3-3				385691
Q9ULZ9;Q9ULZ9-2	Q9ULZ9;Q9ULZ9-2				2.17185e+06
Q9UM21;Q9UM21-2	Q9UM21;Q9UM21-2				410439
Q9UM22	Q9UM22;Q9UM22-3				1.07152e+07
Q9UM47	Q9UM47				2.49193e+06
Q9UMF0	Q9UMF0				3.30101e+07
Q9UMX0;Q9UMX0-2;Q9UMX0-4	Q9UMX0;Q9UMX0-2;Q9UMX0-4				212396
Q9UMX5	Q9UMX5				4.52543e+06
Q9UN36-2;Q9UN36-6	Q9UN36;Q9UN36-2;Q9UN36-3;Q9UN36-5;Q9UN36-6				6.96367e+06
Q9UN67;Q9Y5E1	Q9UN67;Q9Y5E1				1.35061e+06
Q9UN70;Q9UN70-2	Q9UN70;Q9UN70-2				5.2157e+06
Q9UN72;Q9UN72-2;Q9UN75;Q9UN75-2;Q9Y5H6;Q9Y5H6-2;Q9Y5H7;Q9Y5H7-2;Q9Y5H7-3;Q9Y5H8;Q9Y5H8-2;Q9Y5I0;Q9Y5I0-2;Q9Y5I1;Q9Y5I1-2	Q9UN72;Q9Y5H8;Q9UN75;Q9Y5H6;Q9Y5H7;Q9Y5I0;Q9Y5I1;Q9UN72-2;Q9UN75-2;Q9Y5H6-2;Q9Y5H7-2;Q9Y5H7-3;Q9Y5H8-2;Q9Y5I0-2;Q9Y5I1-2				733268
Q9UNN8	Q9UNN8				8.27991e+06
Q9UNW1	Q9UNW1;Q9UNW1-4				5.95319e+06
Q9UP79	Q9UP79				3.1634e+06
Q9UPU3	Q9UPU3				2.199e+07
Q9UQ52	Q9UQ52				3.85698e+06
Q9UQM7	Q9UQM7;Q9UQM7-2				1.06332e+07
Q9Y227;Q9Y227-2	Q9Y227;Q9Y227-2				1.05374e+06
Q9Y240	Q9Y240				8.14999e+06
Q9Y274	Q9Y274;Q9Y274-2				5.66336e+06
Q9Y279;Q9Y279-2	Q9Y279;Q9Y279-2				3.2364e+06
Q9Y281;Q9Y281-3	Q9Y281;Q9Y281-3				179197
Q9Y287	Q9Y287;Q9Y287-2				1.84187e+07
Q9Y2B0	Q9Y2B0				793709
Q9Y2C2	Q9Y2C2				396157
Q9Y2E5	Q9Y2E5;Q9Y2E5-2				2.32141e+06
Q9Y2G1;Q9Y2G1-2	Q9Y2G1;Q9Y2G1-2				2.26438e+06
Q9Y2G5;Q9Y2G5-1;Q9Y2G5-2	Q9Y2G5;Q9Y2G5-1;Q9Y2G5-2				164665
Q9Y2I2;Q9Y2I2-1;Q9Y2I2-2;Q9Y2I2-4;Q9Y2I2-5;Q9Y2I2-6	Q9Y2I2;Q9Y2I2-1;Q9Y2I2-2;Q9Y2I2-4;Q9Y2I2-5;Q9Y2I2-6				6.96781e+06
Q9Y2J0;Q9Y2J0-2	Q9Y2J0;Q9Y2J0-2				926699
Q9Y2S2;Q9Y2S2-2	Q9Y2S2;Q9Y2S2-2				121633
Q9Y2T3;Q9Y2T3-3	Q9Y2T3;Q9Y2T3-2;Q9Y2T3-3				2.70016e+07
Q9Y2Z0;Q9Y2Z0-2	Q9Y2Z0;Q9Y2Z0-2				925305
Q9Y328	Q9Y328				699969
Q9Y334;Q9Y334-2	Q9Y334;Q9Y334-2				1.88473e+06
Q9Y3C5	Q9Y3C5				306900
Q9Y3D6	Q9Y3D6				111001
Q9Y490	Q9Y490				193558
Q9Y4C0-4	Q9HDB5-3;Q9HDB5-4;Q9Y4C0-4				4.30725e+07
Q9Y4D7	Q9Y4D7				5.04735e+07
Q9Y4L1	Q9Y4L1				1.16568e+07
Q9Y5E5	Q9Y5E5				155522
Q9Y5F6-2	Q9Y5F6;Q9Y5F6-2				2.88542e+07
Q9Y5H3;Q9Y5H3-2	Q9Y5G4;Q9Y5H3;Q9Y5G4-2;Q9Y5H3-2				1.68927e+06
Q9Y5I2;Q9Y5I2-2;Q9Y5I2-3	Q9Y5I2;Q9Y5I2-2;Q9Y5I2-3				166835
Q9Y5I4;Q9Y5I4-2	Q9Y5I4;Q9Y5I4-2				8.18359e+06
Q9Y5L2	Q9Y5L2				4.622e+06
Q9Y5Y7	Q9Y5Y7				5.61155e+07
Q9Y617	Q9Y617;Q9Y617-2				3.89972e+06
Q9Y625	Q9Y625				3.3572e+06
Q9Y639;Q9Y639-1;Q9Y639-3;Q9Y639-4;Q9Y639-5	Q9Y639;Q9Y639-1;Q9Y639-3;Q9Y639-4;Q9Y639-5				2.94737e+06
Q9Y646	Q9Y646				3.58101e+07
Q9Y653;Q9Y653-2;Q9Y653-3	Q9Y653;Q9Y653-2;Q9Y653-3;Q9Y653-4;Q9Y653-5				3.38847e+07
Q9Y696	Q9Y696				1.74968e+06
Q9Y6C2	Q9Y6C2;Q9Y6C2-2				1.86499e+06
Q9Y6N6	Q9Y6N6				1.22373e+06
Q9Y6N7;Q9Y6N7-2;Q9Y6N7-4	Q9Y6N7;Q9Y6N7-2;Q9Y6N7-3;Q9Y6N7-4;Q9Y6N7-5;Q9Y6N7-6				1.25254e+07
Q9Y6N8	Q9Y6N8				3.28903e+06
Q9Y6R7	Q9Y6R7				2.51886e+07
Q9Y6X5	Q9Y6X5				2.27076e+06
Q9Y6Y8;Q9Y6Y8-2	Q9Y6Y8;Q9Y6Y8-2				1.55787e+07
