Protein.Group	Protein.Ids	Protein.Names	Genes	First.Protein.Description	/fs/pool/pool-mann-projects/Johannes/Jakob_AD_CSF_data/Berlin_cohort_Sweden_mag_speclib_OBO/All_Raw/20190228_QX1_PhGe_SA_EASY12-10_Deigendesch_E10_190225272.mzML
A0A075B6H7;A0A0C4DH55;P01624	P01624;A0A075B6H7;A0A0C4DH55				3.99194e+08
A0A075B6H9	A0A075B6H9				6.27199e+07
A0A075B6I0	A0A075B6I0				7.87394e+07
A0A075B6I1	A0A075B6I1				4.03748e+06
A0A075B6I9	A0A075B6I9				2.16559e+08
A0A075B6J1;A0A0A0MRZ9	A0A075B6J1;A0A0A0MRZ9				9.32147e+06
A0A075B6J9	A0A075B6J9				6.18948e+06
A0A075B6K0;A0A075B6K4	A0A075B6K0;A0A075B6K4				1.01091e+06
A0A075B6K5	P01715;P01717;P01718;P80748;A0A075B6K0;A0A075B6K2;A0A075B6K4;A0A075B6K5				4.11267e+07
A0A075B6P5;P01615	P01615;A0A075B6P5				5.52542e+08
A0A075B6Q5	A0A075B6Q5				4.39956e+06
A0A075B6R2	A0A075B6R2				3.35422e+07
A0A075B6R9;A0A0C4DH68	A0A075B6R9;A0A0C4DH68				3.41002e+07
A0A075B6S2	A0A075B6S2;A2NJV5				5.66176e+08
A0A075B6S5	A0A075B6S5;A0A0C4DH67;A0A0C4DH69				2.95059e+07
A0A087WSX0	A0A087WSX0;A0A0G2JS06				5.60628e+06
A0A087WSY4	A0A087WSY4				4.33775e+07
A0A087WSY6	A0A087WSY6				5.87019e+08
A0A087WSZ0	A0A087WSZ0				2.91607e+06
A0A087WW87;P01614	P01614;A0A087WW87				4.77907e+06
A0A0A0MRZ8;P04433	P04433;A0A0A0MRZ8				3.06451e+08
A0A0A0MS15	A0A0A0MS15				2.26044e+07
A0A0A0MT36;A0A0C4DH26	A0A0A0MT36;A0A0C4DH26				1.1089e+06
A0A0B4J1U7	A0A0B4J1U7				7.97086e+07
A0A0B4J1V0	A0A0B4J1V0				2.03068e+08
A0A0B4J1V2	A0A0B4J1V2				2.09589e+07
A0A0B4J1X5	P01764;P01768;P01772;P01767;A0A0B4J1X5;A0A0C4DH42;P0DP02;P0DP03				1.61348e+08
A0A0B4J1Y8	A0A0B4J1Y8				1.413e+07
A0A0B4J1Y9	A0A0B4J1Y9				2.72912e+06
A0A0B4J2D9;P0DP09	A0A0B4J2D9;P0DP09				5.02937e+06
A0A0C4DH24	A0A0C4DH24				1.93857e+07
A0A0C4DH25	A0A0C4DH25				2.97029e+07
A0A0C4DH30	A0A0C4DH30				1.97879e+06
A0A0C4DH33	A0A0C4DH33				3.02399e+06
A0A0C4DH34	A0A0C4DH34				1.52815e+07
A0A0C4DH35	A0A0C4DH35				9.81489e+06
A0A0C4DH36	A0A0C4DH36				1.69313e+07
A0A0C4DH38	A0A0C4DH38				6.86499e+07
A0A0C4DH43	A0A0C4DH43				3.52224e+07
A0A0C4DH67	A0A0C4DH67				1.14437e+07
A0A0C4DH72;A0A0C4DH73;P01597;P01611;P04432	P01597;P01611;P04432;A0A0C4DH72;A0A0C4DH73				1.27029e+07
A0A0G2JMI3	A0A0G2JMI3				4.47141e+07
A0A0G2JS06	A0A0G2JS06				4.04824e+06
A0A0J9YX35	A0A0J9YX35				2.05536e+07
A0A0J9YXX1	A0A0C4DH38;A0A0J9YXX1				8.69961e+07
A0A1B0GUS4;P68036;P68036-2;P68036-3	P68036;A0A1B0GUS4;P68036-2;P68036-3				1.40551e+06
A0A2R8Y619;O60814;P06899;P23527;P33778;P57053;P58876;P62807;Q16778;Q5QNW6;Q5QNW6-2;Q8N257;Q93079;Q96A08;Q99877;Q99879;Q99880	O60814;P06899;P23527;P33778;P57053;P58876;P62807;Q16778;Q5QNW6;Q8N257;Q93079;Q96A08;Q99877;Q99879;Q99880;A0A2R8Y619;Q5QNW6-2				634190
A0M8Q6	P0CG04;P0DOY2;P0DOY3;A0M8Q6;P0CF74;B9A064;P0DOX8				1.50815e+08
A1L4H1	A1L4H1;A1L4H1-2				1.32213e+07
A6BM72;A6BM72-2;A6BM72-4	A6BM72;A6BM72-2;A6BM72-4				1.11745e+06
A6NCE7;Q9GZQ8	Q9GZQ8;A6NCE7				1.05667e+06
A6NGN9	A6NGN9				5.64328e+06
A6NL88	A6NL88				3.13378e+06
A6NLU5	A6NLU5				1.26486e+07
A6NMY6;P07355;P07355-2	A6NMY6;P07355;P07355-2				19303.4
A8MTW9	A8MTW9				2.22264e+06
B1AJZ9;B1AJZ9-4	B1AJZ9;B1AJZ9-4				1.52882e+06
B4DS77;B4DS77-2;B4DS77-3	B4DS77;B4DS77-2;B4DS77-3				446539
C9JVW0	C9JVW0				1.10238e+07
I3L3R5	I3L3R5				542825
O00115;O00115-2	O00115;O00115-2				3.45425e+06
O00142;O00142-2;O00142-3;O00142-4;O00142-5;O00142-6	O00142;O00142-2;O00142-3;O00142-4;O00142-5;O00142-6				7.50112e+07
O00264	O00264;O00264-2				4.89427e+06
O00299	O00299				2.17712e+06
O00339;O00339-2;O00339-3	O00339;O00339-2;O00339-3				4.14745e+06
O00391	O00391;O00391-2				3.52099e+07
O00451	O00451;O00451-2;O00451-3				1.48229e+07
O00461	O00461				1.29909e+07
O00462	O00462				1.22963e+07
O00468-6	O00468-6;O00468-7				2.07975e+07
O00469;O00469-2;O00469-3	O00469;O00469-2;O00469-3				299584
O00533	O00533;O00533-2				1.61726e+08
O00533-2	O00533-2				1.25903e+07
O00560;O00560-2;O00560-3	O00560;O00560-2;O00560-3				1.28424e+06
O00567	O00567				366271
O00584	O00584				1.65312e+07
O00754;O00754-2	O00754;O00754-2				6.49608e+06
O14498	O14498				1.14057e+08
O14514	O14514				2.96643e+06
O14522;O14522-1	O14522;O14522-1				2.19696e+06
O14525;O14525-2;O14525-3	O14525;O14525-2;O14525-3				228160
O14594	O14594				1.75192e+08
O14657	O14657				550685
O14668	O14668;O14668-2				4.39931e+06
O14672	O14672				3.56178e+06
O14733;O14733-2;O14733-3;O14733-4	O14733;O14733-2;O14733-3;O14733-4				5.12335e+07
O14737;O14737-2	O14737;O14737-2				261154
O14745	O14745				266069
O14773	O14773				1.03503e+07
O14786;O14786-2;O14786-3	O14786;O14786-2;O14786-3				1.29248e+07
O14791-2	O14791;O14791-2;O14791-3				2.76043e+07
O14793	O14793				4.03883e+06
O14917;O14917-2	O14917;O14917-2				1.02944e+07
O15031	O15031				3.83118e+07
O15041;O15041-2	O15041;O15041-2				290281
O15197;O15197-3	O15197;O15197-3				8.67968e+06
O15204;O15204-2	O15204;O15204-2				7.46296e+06
O15230	O15230				2.15226e+06
O15232;O15232-2	O15232;O15232-2				2.76893e+06
O15240	O15240				1.25973e+08
O15335	O15335				4.0717e+06
O15354	O15354				2.85651e+07
O15394	O15394;O15394-2				4.52709e+07
O15466;O15466-2	O15466;O15466-2				1.36449e+06
O15540;O15540-2	O15540;O15540-2				6.9689e+06
O43155	O43155				504891
O43157	O43157				3.74039e+06
O43173	O43173				5.48415e+06
O43240	O43240				3.70786e+06
O43278;O43278-2	O43278;O43278-2				3.0243e+06
O43291	O43291				7.89034e+06
O43300	O43300				3.49691e+06
O43405;O43405-2	O43405;O43405-2				2.44583e+07
O43493;O43493-3;O43493-5;O43493-7	O43493;O43493-3;O43493-5;O43493-4;O43493-6;O43493-7				5.46998e+07
O43505	O43505				6.89423e+08
O43508	O43508				556822
O43529	O43529				1.02814e+07
O43556;O43556-3;O43556-4	O43556;O43556-3;O43556-4				1.39177e+07
O43567	O43567				2.77991e+07
O43581-2;O43581-3;O43581-5	O43581-2;O43581-3;O43581-5				84619
O43707	O43707;O43707-2;O43707-3				893709
O43736;O43736-2	O43736;O43736-2				276513
O43827	O43827				1.08298e+07
O43852;O43852-2;O43852-3;O43852-4;O43852-5;O43852-9	O43852;O43852-10;O43852-11;O43852-12;O43852-13;O43852-14;O43852-2;O43852-3;O43852-4;O43852-5;O43852-6;O43852-7;O43852-8;O43852-9				1.56358e+06
O43854;O43854-2	O43854;O43854-2				614671
O43866	O43866				1.07516e+07
O43897;O43897-2	O43897;O43897-2				1.20922e+06
O43909	O43909				672514
O43916	O43916				2.33822e+06
O60241;O60241-2;O60241-3;O60241-4	O60241;O60241-2;O60241-3;O60241-4				1.86052e+07
O60242	O60242				1.82787e+06
O60243	O60243;O60243-2				4.58726e+06
O60245;O60245-2	O60245;O60245-2				3.13671e+06
O60279	O60279				2.09252e+07
O60330;O60330-2	O60330;Q9Y5G5;Q9Y5G8;Q9Y5G9;O60330-2;Q9Y5G5-2;Q9Y5G8-2;Q9Y5G9-2				731107
O60462;O60462-2;O60462-3;O60462-4;O60462-5	O60462;O60462-2;O60462-3;O60462-4;O60462-5;O60462-6				1.54269e+07
O60476	O60476				3.56788e+06
O60512	O60512				2.75978e+06
O60565	O60565				436509
O60568	O60568				3.66997e+06
O60613	O60613				3.69688e+06
O60883	O60883				9.61298e+07
O60888-3	O60888;O60888-2;O60888-3				3.20463e+06
O60909;O60909-2;O60909-3	O60909;O60909-2;O60909-3				3.88338e+06
O60939	O60939				3.02103e+06
O75015	O75015				1.10148e+06
O75063	O75063				4.46226e+06
O75071	O75071				8.65407e+06
O75077;O75077-2;O75077-3	O75077;O75077-2;O75077-3				2.75047e+06
O75078	O75078;O75078-2				1.06593e+07
O75083	O75083;O75083-3				2.64186e+06
O75084;Q14332	O75084;Q14332				436726
O75144;O75144-2	O75144;O75144-2;O75144-3				5.05069e+07
O75173;O75173-2	O75173;O75173-2				1.5722e+07
O75223	O75223;O75223-2;O75223-4				9.55489e+06
O75326	O75326;O75326-2				3.33763e+07
O75339	O75339				2.37838e+06
O75340;O75340-2	O75340;O75340-2				902856
O75347;O75347-2	O75347;O75347-2				2.04765e+06
O75354;O75354-2;O75354-3	O75354;O75354-2;O75354-3				1.20503e+06
O75363-2	O75363;O75363-2				453238
O75368	O75368				2.32565e+06
O75493	O75493				1.24923e+07
O75503	O75503				5.45375e+06
O75509	O75509				1.81639e+07
O75636;O75636-2	O75636;O75636-2				2.99378e+06
O75711	O75711				3.3182e+08
O75752	O75752				5.12397e+06
O75787;O75787-2	O75787;O75787-2				4.41568e+07
O75874	O75874				956345
O75882-2;O75882-3	O75882;O75882-2;O75882-3				2.33871e+07
O75973	O75973				832804
O75976	O75976				1.91152e+06
O76061	O76061				1.02758e+07
O76070	O76070				4.47341e+06
O94760	O94760				9.35003e+06
O94766	O94766;Q9NPZ5				1.37838e+07
O94769	O94769;O94769-2				2.55406e+07
O94772;O94772-2	O94772;O94772-2				2.17632e+07
O94779;O94779-2;O94779-4	O94779;O94779-2;O94779-4				626773
O94856-11	O94856;O94856-10;O94856-11;O94856-12;O94856-13;O94856-3;O94856-4;O94856-5;O94856-6;O94856-7;O94856-8;O94856-9				5.75744e+07
O94898	O94898				604356
O94910;O94910-2	O94910;O94910-2				1.09374e+07
O94919	O94919				2.83118e+07
O94933	O94933				1.90966e+06
O94973;O94973-2	O94973;O94973-2				1.1226e+06
O94985-2	O94985;O94985-2				2.847e+08
O94991	O94991;O94991-2				4.40631e+06
O95157	O95157				752276
O95158	O95158				2.14962e+07
O95185;O95185-2	O95185;O95185-2				2.7611e+06
O95196;O95196-2	O95196;O95196-2				5.53391e+06
O95206;O95206-2	O95206;O95206-2				4.07124e+06
O95297;O95297-2;O95297-3;O95297-4	O95297;O95297-2;O95297-3;O95297-4				1.10084e+06
O95390	O95390				3.13931e+06
O95428;O95428-5;O95428-6	O95428;O95428-3;O95428-4;O95428-5;O95428-6				1.00006e+07
O95445	O95445;O95445-2				7.27179e+07
O95450;O95450-2	O95450;O95450-2				1.19573e+06
O95467	O95467				3.64211e+06
O95477	O95477				1.34273e+07
O95479;O95479-2	O95479;O95479-2				409023
O95490;O95490-2;O95490-3;O95490-4;O95490-5;O95490-6;O95490-7	O95490;O95490-2;O95490-3;O95490-4;O95490-5;O95490-6;O95490-7				667588
O95497	O95497				3.87136e+06
O95502	O95502				8.62633e+07
O95633;O95633-2	O95633;O95633-2				7.97161e+06
O95841	O95841				275968
O95865	O95865				2.39824e+06
O95881	O95881				334250
O95897	O95897				1.25796e+06
O95967	O95967				1.27634e+07
O95980	O95980				1.47822e+07
O95998	O95998;O95998-4				1.49397e+07
P00338;P00338-3	P00338;P00338-3;P00338-4				8.23621e+06
P00390;P00390-2;P00390-3;P00390-4;P00390-5	P00390;P00390-2;P00390-3;P00390-4;P00390-5				2.49894e+06
P00441	P00441				6.92073e+08
P00450	P00450				3.07474e+08
P00488	P00488				4.27131e+06
P00492	P00492				1.89422e+06
P00505	P00505;P00505-2				9.96597e+06
P00533;P00533-3;P00533-4	P00533;P00533-3;P00533-4				1.94469e+06
P00558	P00558;P00558-2				8.3635e+06
P00568	P00568				1.59049e+06
P00734	P00734				8.84415e+07
P00736	P00736				1.31974e+08
P00738	P00738;P00738-2				4.10913e+09
P00739	P00739;P00739-2				2.71238e+09
P00740;P00740-2	P00740;P00740-2				5.12814e+06
P00742	P00742				1.93781e+07
P00746	P00746				1.08838e+08
P00747	P00747				1.82772e+08
P00748	P00748				7.27981e+07
P00751	P00751;P00751-2				1.54737e+08
P01008	P01008				5.49121e+08
P01009	P01009;P01009-2;P01009-3				6.55204e+09
P01011	P01011				2.25945e+09
P01019	P01019				2.70619e+08
P01023	P01023;P20742;P20742-2				7.28669e+08
P01024	P01024				1.34196e+09
P01031	P01031				8.69523e+07
P01033	P01033				9.42549e+07
P01034	P01034				2.28211e+09
P01042	P01042;P01042-2;P01042-3				1.44331e+08
P01042-2;P01042-3	P01042-2;P01042-3				2.37715e+08
P01127;P01127-2	P01127;P01127-2				3.49903e+07
P01130;P01130-2;P01130-3;P01130-4;P01130-5;P01130-6	P01130;P01130-2;P01130-3;P01130-4;P01130-5;P01130-6				1.00398e+06
P01178	P01178				2.41914e+06
P01210	P01210				8.83491e+07
P01213	P01213				3.89965e+06
P01236	P01236				919328
P01258;P01258-2;P06881	P01258;P06881;P10092;P01258-2				2.2581e+06
P01303	P01303				8.76456e+06
P01344;P01344-2;P01344-3	P01344;P01344-2;P01344-3				6.75672e+07
P01591	P01591				3.11894e+07
P01593;P01594	P01593;P01594				2.4436e+07
P01599	P01599;A0A0C4DH72				1.57189e+07
P01601	P01601				251698
P01619	P01619				8.46012e+08
P01700	P01700				1.24915e+08
P01701	P01701				1.96481e+07
P01706	P01706				6.47291e+06
P01709	P01706;P01709;P0DOX8				3.21617e+07
P01714	P01714				2.08621e+07
P01715	P01715;A0A075B6K4				7.03787e+07
P01717	P01717				4.38408e+08
P01721	P01721				5.81755e+06
P01742	P01742				3.96809e+06
P01743	P01743				1.29687e+06
P01768;P0DP03	P01768;P01772;P0DP02;P0DP03				7.25174e+07
P01780	P01780				1.58729e+08
P01814	P01814				3.83698e+06
P01817	P01817				2.0793e+07
P01833	P01833				2.20116e+06
P01834	P01834				6.92375e+07
P01859;P01859-1	P01859;P01859-1				2.79371e+09
P01860;P01860-1	P01860;P01860-1				3.4658e+08
P01861;P01861-1	P01861;P01861-1				3.59141e+08
P01871;P01871-1	P01871;P0DOX6;P01871-1				9.85511e+07
P01876;P01876-1	P01876;P01876-1				2.965e+09
P01889	P01889;P13747				1.09568e+06
P01903	P01903;P01906				565726
P01911;P04440	P01911;P04440				2.97441e+06
P02144	P02144				3.14276e+06
P02452	P02452				3.29844e+07
P02461	P02461;P02461-2				1.52639e+07
P02511	P02511				2.49635e+06
P02647	P02647				9.26833e+09
P02649	P02649				4.55008e+09
P02652	P02652				1.19511e+09
P02654	P02654				1.42894e+08
P02655	P02655				2.18242e+07
P02656	P02656				1.21975e+08
P02671;P02671-2	P02671;P02671-2				5.28011e+08
P02675	P02675				6.72353e+08
P02679;P02679-2	P02679;P02679-2				2.82752e+08
P02686;P02686-3;P02686-4;P02686-5;P02686-6	P02686;P02686-3;P02686-4;P02686-5;P02686-6				1.59079e+06
P02741	P02741				828077
P02743	P02743				1.26799e+07
P02745	P02745				2.85383e+08
P02746	P02746				1.95624e+08
P02747	P02747				7.66598e+07
P02748	P02748				1.02072e+08
P02749	P02749				2.0021e+08
P02750	P02750				2.5372e+08
P02751;P02751-1	P02751;P02751-1;P02751-10;P02751-11;P02751-12;P02751-13;P02751-14;P02751-16;P02751-17;P02751-2;P02751-3;P02751-4;P02751-5;P02751-6;P02751-7;P02751-8;P02751-9				4.27962e+08
P02753	P02753				1.20457e+08
P02760	P02760				1.60335e+08
P02763	P02763				2.39337e+09
P02765	P02765				1.41253e+09
P02766	P02766				5.14147e+09
P02768	P02768				3.15485e+10
P02774;P02774-3	P02774;P02774-2;P02774-3				1.78239e+09
P02786	P02786				906030
P02787	P02787				1.01958e+10
P02788;P02788-2	P02788;P02788-2				5.86949e+07
P02790	P02790				5.01087e+09
P02792	P02792				3.78208e+06
P02794	P02794				7.7285e+06
P02810	P02810				1.46234e+06
P03950	P03950				9.27874e+06
P03951;P03951-2	P03951;P03951-2				7.8757e+06
P03952	P03952				2.28846e+07
P04003	P04003				5.1467e+06
P04004	P04004				8.24955e+08
P04040	P04040				339849
P04062;P04062-2;P04062-4;P04062-5	P04062;P04062-2;P04062-4;P04062-5				4.17192e+06
P04066	P04066				4.72369e+06
P04070;P04070-2	P04070;P04070-2				6.25501e+06
P04075	P04075;P09972;P04075-2				5.13945e+07
P04080	P04080				7.9034e+06
P04085;P04085-2	P04085;P04085-2				1.93664e+07
P04114	P04114				8.42004e+06
P04156	P04156				2.66708e+08
P04179	P04179;P04179-2;P04179-3;P04179-4				5.05681e+08
P04180	P04180				2.70557e+07
P04196	P04196				3.57127e+08
P04216	P04216				7.26184e+08
P04217	P04217;P04217-2				7.48679e+08
P04217-2	P04217-2				608439
P04264	P04264				2.63156e+06
P04271	P04271				4.47755e+06
P04275	P04275				5.45835e+06
P04278	P04278;P04278-2;P04278-3;P04278-4;P04278-5				9.6825e+06
P04350;P07437;P68371	P04350;P07437;P68371				711599
P04406	P04406;P04406-2				4.63663e+07
P04439;P04439-2	P01893;P04439;P04439-2				1.20535e+06
P04792	P04792				1.24063e+06
P04908;P0C0S5;P0C0S8;P16104;P20671;Q16777;Q6FI13;Q71UI9;Q71UI9-2;Q71UI9-5;Q7L7L0;Q8IUE6;Q93077;Q96KK5;Q96QV6;Q99878;Q9BTM1;Q9BTM1-2	P04908;P0C0S5;P0C0S8;P16104;P20671;Q16777;Q6FI13;Q71UI9;Q7L7L0;Q8IUE6;Q93077;Q96KK5;Q96QV6;Q99878;Q9BTM1;Q71UI9-2;Q71UI9-5;Q9BTM1-2				931200
P05023;P05023-2;P05023-4	P05023;P05023-2;P05023-4				1.31871e+06
P05060	P05060				7.13115e+08
P05067;P05067-11;P05067-8	P05067;P05067-4;P05067-10;P05067-11;P05067-3;P05067-5;P05067-6;P05067-7;P05067-8;P05067-9				5.73682e+08
P05090	P05090				8.99111e+09
P05107	P05107				2.21259e+06
P05109	P05109				1.42543e+06
P05121;P05121-2	P05121;P05121-2				361827
P05154	P05154				8.41974e+06
P05155;P05155-3	P05155;P05155-2;P05155-3				1.32392e+09
P05156	P05156				3.15797e+07
P05160	P05160				4.25107e+06
P05362	P05362				1.54216e+06
P05408;P05408-2	P05408;P05408-2				4.02366e+08
P05413	P05413				6.07189e+06
P05451	P05451;P48304				3.71856e+06
P05452	P05452				1.50338e+08
P05543	P05543				4.13261e+07
P05546	P05546				1.95122e+08
P05556;P05556-2;P05556-3;P05556-4;P05556-5	P05556;P05556-2;P05556-5;P05556-3;P05556-4				1.3073e+06
P05937;P05937-2	P05937;P05937-2				4.23681e+06
P05997	P05997				916661
P06276	P06276				9.77467e+06
P06280	P06280				1.02696e+06
P06307	P06307				1.3532e+07
P06310	P06310				3.86704e+08
P06312	P06312				1.04429e+08
P06331	P01824;P01825;P06331;A0A0C4DH41;P0DP06;P0DP08				4.43858e+07
P06396	P06396;P06396-2;P06396-3;P06396-4				2.55087e+09
P06396-2	P06396-2				1.30919e+07
P06681	P06681;P06681-2;P06681-3				6.58584e+07
P06702	P06702				1.55394e+06
P06703	P06703				5.22479e+06
P06727	P06727				6.79306e+08
P06733	P06733				6.76872e+06
P06744;P06744-2	P06744;P06744-2				7.01165e+06
P06753;P06753-2;P06753-3;P06753-4;P06753-5;P06753-6;P67936;P67936-2	P06753;P07951;P09493;P09493-10;P67936;P07951-2;P09493-5;P06753-2;P06753-3;P09493-2;P09493-3;P09493-4;P09493-6;P09493-7;P09493-8;P09493-9;P06753-4;P06753-5;P06753-6;P07951-3;P67936-2				1.37097e+06
P06865	P06865				2.49944e+07
P07093-2;P07093-3	P07093;P07093-2;P07093-3				5.77518e+06
P07108;P07108-2;P07108-3;P07108-4;P07108-5	P07108;P07108-2;P07108-3;P07108-4;P07108-5;P07108-6				1.54327e+07
P07195	P00338;P07195;P07864;Q6ZMR3;P00338-3;P00338-2;P00338-4;P00338-5				4.1784e+07
P07225	P07225				1.20016e+08
P07237	P07237				2.64237e+07
P07307;P07307-2;P07307-3	P07307;P07307-3;P07307-2				802781
P07311	P07311				1.32845e+06
P07333	P07333;P07333-2				8.58277e+07
P07339	P07339				1.64313e+08
P07357	P07357				3.21225e+07
P07358	P07358				2.49141e+07
P07360	P07360				1.52713e+07
P07451	P07451				30142.2
P07477	P07477;Q9BYE2;Q9BYE2-2;Q9BYE2-3;Q9BYE2-6				8.75617e+06
P07492	P07492;P07492-2;P07492-3				3.40069e+06
P07585	P07585				4.15384e+07
P07602;P07602-2;P07602-3	P07602;P07602-2;P07602-3				3.20423e+07
P07686	P07686				9.69122e+06
P07711	P07711;P07711-3				2.23613e+07
P07737	P07737				3.93897e+06
P07858	P07858				6.39536e+07
P07900;P07900-2	P07900;P08238;P07900-2				1.57765e+06
P07942	P07942				6.97142e+06
P07996	P07996;P35442;P07996-2				1.32048e+07
P07998	P07998				3.19285e+07
P08123	P08123				5.3045e+07
P08133;P08133-2	P08133;P08133-2				225383
P08174;P08174-2;P08174-3;P08174-4;P08174-5;P08174-6;P08174-7	P08174;P08174-2;P08174-3;P08174-4;P08174-5;P08174-6;P08174-7				3.18157e+07
P08185	P08185				1.16659e+08
P08195;P08195-2;P08195-3;P08195-4;P08195-5	P08195;P08195-4;P08195-2;P08195-3;P08195-5				8.54095e+06
P08253	P08253;P08253-2;P08253-3				3.83025e+07
P08294	P08294				1.79954e+08
P08493;P08493-2	P08493;P08493-2				6.42401e+07
P08571	P08571				3.68834e+08
P08572	P08572				3.05437e+06
P08581;P08581-2	P08581;P08581-2				4.9789e+06
P08582	P08582				2.63514e+06
P08603	P08603				4.03345e+08
P08637	P08637				1.8454e+07
P08670	P08670;P17661				4.00944e+06
P08697	P08697;P08697-2				2.85459e+08
P08758	P08758				2.90568e+06
P08949;P08949-2	P08949;P08949-2				13848
P09104	P09104;P09104-2				6.93465e+06
P09172	P09172				5.43705e+06
P09211	P09211				6.55538e+06
P09382	P09382				3.70262e+07
P09417;P09417-2	P09417;P09417-2				1.75837e+07
P09455;P09455-2;P09455-3	P09455;P09455-2;P09455-3				681715
P09486	P09486				1.04927e+08
P09603	P09603				5.37678e+07
P09619	P09619;P09619-2				7.20763e+06
P09622;P09622-2	P09622;P09622-2				1.10657e+07
P09668	P09668				2.23627e+07
P09871	P09871				1.75107e+08
P09936	P09936				6.11499e+06
P09960;P09960-4	P09960;P09960-2;P09960-3;P09960-4				975740
P09972	P09972				1.69376e+07
P0C0L4;P0C0L4-2	P0C0L4;P0C0L4-2				6.58644e+07
P0C0L5	P0C0L4;P0C0L5;P0C0L4-2				7.10088e+08
P0C6S8	P0C6S8				2.04658e+06
P0CG47;P0CG48;P62979;P62987	P0CG47;P0CG48;P62979;P62987				1.3133e+08
P0DJD7;P0DJD8;P0DJD9	P0DJD7;P0DJD8;P0DJD9				964939
P0DMQ5	P0DMQ5				1.60267e+07
P0DMV8;P0DMV8-2;P0DMV9	P0DMV8;P0DMV9;P0DMV8-2				2.51371e+06
P0DOX2	P01876;P01877;P01876-1;P01877-1;P0DOX2				3.89969e+09
P0DOX3	P0DOX3				4.26934e+07
P0DOX4	P0DOX4				3.1213e+07
P0DOX5	P0DOX5				7.55532e+09
P0DOX7	P01834;P0DOX7				1.18301e+09
P0DOX8	B9A064;P0DOX8				7.19948e+08
P0DOY3	P0DOY2;P0DOY3				3.08555e+09
P0DP23;P0DP24;P0DP25	P0DP23;P0DP24;P0DP25;P27482				1.56477e+06
P0DP58	P0DP58				1.50133e+08
P0DTE1	P0DTE1				2.10941e+07
P10124	P10124				5.99392e+06
P10153	P10153				1.10839e+07
P10253	P10253				6.14289e+07
P10321;P10321-2	P10321;P10321-2				3.92686e+06
P10451-3	P10451-3				2.26663e+07
P10451-5	P10451;P10451-4;P10451-5				5.30522e+08
P10586;P10586-2	P10586;P10586-2				1.00532e+07
P10599	P10599;P10599-2				1.05985e+07
P10619;P10619-2	P10619;P10619-2				1.49658e+06
P10636;P10636-2;P10636-3;P10636-4;P10636-5;P10636-6;P10636-7;P10636-8;P10636-9	P10636;P10636-8;P10636-6;P10636-2;P10636-3;P10636-4;P10636-5;P10636-7;P10636-9				777221
P10643	P10643				8.94616e+07
P10644;P10644-2	P10644;P10644-2				942580
P10645	P10645				3.97018e+08
P10721;P10721-2	P10721;P10721-2				8.29048e+06
P10745	P10745				1.14727e+06
P10768	P10768				3.38033e+06
P10909-6	P10909;P10909-4;P10909-6;P10909-2;P10909-3;P10909-5				7.72862e+09
P11021	P11021				1.15289e+07
P11047	P11047				1.10873e+08
P11117	P11117				1.48193e+06
P11137;P11137-3	P11137;P11137-3				98460.9
P11142	P11142				1.08088e+07
P11279	P11279				5.9704e+06
P11362-16	P11362;P11362-10;P11362-11;P11362-16;P11362-2;P11362-20;P11362-3;P11362-4;P11362-8;P11362-9				1.32079e+06
P11362-21;P11362-7	P11362;P11362-10;P11362-11;P11362-12;P11362-13;P11362-14;P11362-16;P11362-18;P11362-19;P11362-2;P11362-20;P11362-21;P11362-3;P11362-4;P11362-5;P11362-6;P11362-7;P11362-8;P11362-9				4.20503e+07
P11464-4	P11464-4				1.18766e+07
P11597;P11597-2	P11597;P11597-2				3.24041e+06
P11684	P11684				6.31881e+06
P11717	P11717				1.64317e+07
P12107;P12107-2;P12107-3;P12107-4	P12107;P12107-2;P12107-3;P12107-4				706931
P12109	P12109				6.016e+07
P12110	P12110;P12110-2;P12110-3				6.50681e+06
P12111	P12111;P12111-2;P12111-5				1.19442e+06
P12111-4	P12111;P12111-2;P12111-4				2.06443e+07
P12259	P12259				3.38017e+07
P12272;P12272-2;P12272-3	P12272;P12272-2;P12272-3				1.59968e+06
P12277	P12277				2.16662e+06
P12314;Q92637;Q92637-3	P12314;Q92637;Q92637-3				1.91897e+07
P12318;P12318-2	P12318;P31994;P31995;P12318-2;P31994-2;P31994-3;P31994-4;P31994-5;P31995-2;P31995-3;P31995-4				1.13637e+07
P12821;P12821-2	P12821;P12821-2				1.15185e+06
P12830;P12830-2	P12830;P12830-2				5.67928e+06
P12955	P12955;P12955-2;P12955-3				2.13415e+06
P13284	P13284				3.87152e+06
P13385	P13385				5.15339e+06
P13473;P13473-2;P13473-3	P13473;P13473-2;P13473-3				1.09495e+08
P13497;P13497-2;P13497-3;P13497-4;P13497-5;P13497-6	P13497;P13497-2;P13497-3;P13497-4;P13497-5;P13497-6				1.60833e+06
P13521	P13521				8.46453e+07
P13591	P13591;P13591-1;P13591-3;P13591-4;P13591-5;P13591-6				3.19583e+08
P13591-3	P13591-1;P13591-3;P13591-4				1.27408e+08
P13598	P13598				1.19199e+07
P13611;P13611-5	P13611;P13611-2;P13611-3;P13611-4;P13611-5				4.24344e+07
P13637;P13637-2;P13637-3	P13637;P13637-2;P13637-3				2.40305e+06
P13645	P02533;P08779;P13645;Q7Z3Y7;Q7Z3Y8;Q7Z3Y9;Q7Z3Z0				3.76346e+06
P13667	P13667				1.4639e+06
P13671	P13671				5.30503e+07
P13693	P13693;P13693-2;Q56UQ5				871410
P13796	P13796				6.66183e+06
P13797;P13797-2;P13797-3	P13797;P13797-2;P13797-3				1.23343e+06
P13987;P13987-2	P13987;P13987-2				7.55328e+07
P14136	P14136				5.68738e+06
P14138;P14138-2;P14138-3	P14138;P14138-2;P14138-3				2.64431e+06
P14151;P14151-2	P14151;P14151-2				5.72316e+06
P14174	P14174				1.02343e+07
P14207	P14207				1.39396e+07
P14209	P14209;P14209-3				1.77487e+07
P14314-2	P14314;P14314-2				5.62405e+06
P14324;P14324-2	P14324;P14324-2				340322
P14384	P14384				1.51643e+06
P14415	P14415				4.26861e+06
P14543	P14543;P14543-2				3.21385e+07
P14550	P14550				4.57299e+06
P14618-2	P14618;P14618-2;P14618-3				8.20473e+07
P14618;P14618-3	P14618;P14618-3				364500
P14621	P14621				5.25652e+06
P14625	P14625				9.84158e+06
P14778	P14778				311794
P15086	P15085;P15086				2.08742e+06
P15121	C9JRZ8;P15121;C9JRZ8-2				1.56637e+06
P15144	P15144				4.25712e+06
P15151;P15151-2;P15151-3;P15151-4	P15151;P15151-2;P15151-3;P15151-4				7.35612e+06
P15169	P15169				6.79152e+06
P15289;P15289-2	P15289;P15289-2				1.85727e+06
P15291;P15291-2	P15291;P15291-2				1.59099e+07
P15311	P15311				652844
P15328	P15328				4.91645e+06
P15502;P15502-1;P15502-10;P15502-12;P15502-13;P15502-2;P15502-4;P15502-5;P15502-6;P15502-7;P15502-9	P15502;P15502-1;P15502-10;P15502-12;P15502-13;P15502-2;P15502-4;P15502-5;P15502-6;P15502-7;P15502-9				1.21155e+06
P15509;P15509-2;P15509-3;P15509-5;P15509-7	P15509;P15509-3;P15509-2;P15509-5;P15509-7;P15509-8				7.2878e+06
P15529;P15529-10;P15529-11;P15529-12;P15529-13;P15529-14;P15529-15;P15529-16;P15529-2;P15529-3;P15529-4;P15529-5;P15529-6;P15529-7;P15529-8;P15529-9	P15529;P15529-3;P15529-10;P15529-11;P15529-12;P15529-13;P15529-14;P15529-15;P15529-16;P15529-2;P15529-4;P15529-5;P15529-6;P15529-7;P15529-8;P15529-9				1.00268e+06
P15531;P15531-2	P15531;P15531-2				561110
P15586;P15586-2	P15586;P15586-2				2.05071e+06
P15848;P15848-2	P15848;P15848-2				149171
P16035	P16035				1.46632e+08
P16070;P16070-10;P16070-11;P16070-12;P16070-13;P16070-14;P16070-15;P16070-16;P16070-17;P16070-18;P16070-3;P16070-4;P16070-5;P16070-6;P16070-7;P16070-8;P16070-9	P16070;P16070-10;P16070-11;P16070-12;P16070-13;P16070-14;P16070-15;P16070-16;P16070-17;P16070-18;P16070-3;P16070-4;P16070-5;P16070-6;P16070-7;P16070-8;P16070-9				2.26367e+08
P16083	P16083				669120
P16112;P16112-2	P16112;P16112-2;P16112-3				3.00341e+06
P16152	P16152				4.58906e+06
P16278;P16278-3	P16278;P16278-3				783713
P16519;P16519-2;P16519-3	P16519;P16519-2;P16519-3				8.07716e+06
P16870;P16870-2	P16870;P16870-2				8.22942e+07
P16930	P16930				174272
P16949	P16949;P16949-2				5.24159e+06
P17050	P17050				1.79084e+06
P17066;P48741	P17066;P48741				5.28525e+06
P17174	P17174				5.68179e+07
P17302	P17302				1.7736e+06
P17405;P17405-2;P17405-3;P17405-4	P17405;P17405-2;P17405-3;P17405-4				304534
P17600;P17600-2	P17600;P17600-2				4.10812e+06
P17677;P17677-2	P17677;P17677-2				3.52961e+06
P17813;P17813-2	P17813;P17813-2				765888
P17900	P17900				5.95327e+07
P17931	P17931				3.83325e+06
P17936;P17936-2	P17936;P17936-2				2.32353e+07
P18065	P18065				1.5471e+08
P18075	P18075				475814
P18206;P18206-2	P18206;P18206-2				5.74294e+06
P18428	P18428				1.56471e+07
P18669	P15259;P18669				1.70095e+07
P19021;P19021-5;P19021-6	P19021;P19021-3;P19021-4;P19021-2;P19021-5;P19021-6				7.42817e+07
P19022	P19022;P19022-2				9.58894e+07
P19256;P19256-2;P19256-3	P19256;P19256-2;P19256-3				1.3785e+06
P19320	P19320;P19320-2;P19320-3				1.06766e+07
P19367;P19367-2;P19367-3;P19367-4	P19367;P52789;P19367-2;P19367-3;P19367-4				1.23425e+06
P19652	P19652				1.08815e+09
P19823	P19823				9.3975e+07
P19827	P19827;P19827-2				3.11494e+07
P19835;P19835-2	P19835;P19835-2				492166
P19961;P19961-2	P04746;P0DTE7;P0DTE8;P0DUB6;P19961;P19961-2;P04746-2				1.91922e+06
P20036	P20036				276774
P20062	P20062				3.45306e+07
P20366;P20366-2	P20366;P20366-2;P20366-3;P20366-4				2.35559e+07
P20382	P20382				841480
P20396	P20396				2.75031e+06
P20472	P20472				1.8917e+07
P20742	P20742;P20742-2				2.94984e+06
P20774	P20774				3.7356e+08
P20827	P20827				1.19326e+07
P20908;P20908-2	P20908;P20908-2				2.01939e+06
P20916;P20916-2;P20916-3	P20916;P20916-2;P20916-3				1.45342e+07
P20933	P20933				4.06114e+07
P21246	P21246				5.07558e+06
P21333;P21333-2	P21333;P21333-2				1.69356e+06
P21554	P21554				3.25185e+06
P21579	P21579				1.43267e+06
P21583;P21583-2;P21583-3	P21583;P21583-2;P21583-3				2.13954e+06
P21802;P21802-16;P21802-2;P21802-5;P21802-6;P21802-8	P21802;P21802-3;P21802-14;P21802-15;P21802-16;P21802-17;P21802-18;P21802-19;P21802-2;P21802-23;P21802-5;P21802-6;P21802-8				1.62007e+07
P21810	P21810				3.2561e+07
P21860;P21860-3;P21860-4	P21860;P21860-3;P21860-4				880758
P21926	P21926				82391.8
P22004	P22004				2.71381e+06
P22061;P22061-2	P22061;P22061-2				1.41172e+07
P22105;P22105-1;P22105-4	P22105;P22105-1;P22105-4				1.94591e+07
P22303;P22303-2;P22303-4	P22303;P22303-2;P22303-3;P22303-4				1.97769e+06
P22304	P22304;P22304-2;P22304-3				2.80335e+07
P22352	P22352				5.04409e+07
P22392-2	P15531;P22392;O60361;P22392-2;P15531-2				4.42987e+06
P22466	P22466				26466.3
P22607;P22607-2;P22607-3;P22607-4	P22607;P22607-2;P22607-3;P22607-4				1.1244e+07
P22676	P22676				1.71873e+06
P22692;P22692-2	P22692;P22692-2				1.46559e+08
P22748	P22748				5.34994e+06
P22792	P22792				4.20738e+06
P22794;P22794-2	P22794;P22794-2				6.7718e+06
P22891;P22891-2	P22891;P22891-2				450803
P22897	P22897				6.09238e+06
P23083	P23083;P01743;A0A0C4DH29;A0A0C4DH31;A0A0C4DH33;A0A0J9YVY3;P0DP01				2.55208e+07
P23142	P23142				3.80927e+08
P23142-4	P23142-4				3.363e+08
P23284	P23284				2.44964e+07
P23381;P23381-2	P23381;P23381-2				343139
P23435	P23435				5.03742e+07
P23468-5;P23468-6;P23468-7	P23468;P23468-2;P23468-3;P23468-4;P23468-5;P23468-6;P23468-7				1.94891e+07
P23470;P23470-2	P23470;P23470-2				1.64733e+07
P23471;P23471-2	P23471;P23471-2;P23471-3				2.82e+07
P23515	P23515				1.72081e+08
P23560;P23560-2;P23560-3;P23560-4;P23560-5	P23560;P23560-2;P23560-3;P23560-4;P23560-5				4.747e+06
P23582	P23582				6.32134e+07
P24043	P24043				2.39783e+07
P24347	P24347				1.78e+07
P24592	P24592				6.48773e+08
P24593	P24593				2.82963e+07
P24821;P24821-2;P24821-3;P24821-4;P24821-5;P24821-6	P24821;P24821-2;P24821-3;P24821-4;P24821-5;P24821-6				1.26487e+06
P25189;P25189-2	P25189;P25189-2				1.57927e+07
P25311	P25311				3.09828e+08
P25713	P25713				6.25343e+06
P25774;P25774-2	P25774;P25774-2				6.40857e+06
P25788;P25788-2	P25788;P25788-2				597003
P26022	P26022				235321
P26038	P26038				6.74403e+06
P26447	P26447				2.11307e+06
P26572	P26572				9.57632e+06
P26927	P26927;Q2TV78;Q2TV78-2				1.8512e+07
P26992	P26992				6.14063e+07
P27169	P27169				4.05103e+07
P27487	P27487				95130.1
P27658	P27658				1.09631e+06
P27797	P27797				3.94322e+07
P27824;P27824-2	P27824;P27824-2;P27824-3				1.06392e+07
P28074;P28074-2	P28074;P28074-2				190337
P28161;P28161-2	P28161;P28161-2				211048
P28799;P28799-2;P28799-3	P28799;P28799-2;P28799-3				859810
P28827;P28827-2	P28827;P28827-2				1.33715e+06
P28838;P28838-2	P28838;P28838-2				256609
P29120;P29120-2	P29120;P29120-2				9.60252e+06
P29218;P29218-3	P29218;P29218-3				3.72261e+06
P29401;P29401-2	P29401;P29401-2				2.4552e+06
P29622	P29622				5.14057e+07
P29762	P29762				2.47511e+06
P29966	P29966				7.34906e+06
P30041	P30041				3.41745e+06
P30043	P30043				1.48846e+06
P30044;P30044-2	P30044;P30044-2;P30044-3				973806
P30048;P30048-2	P30048;P30048-2				1.24857e+06
P30086	P30086				4.01605e+07
P30101	P30101				6.03142e+06
P30530;P30530-2	P30530;P30530-2				2.013e+07
P30711	P30711				233136
P30740	P30740				2.97176e+06
P31146	P31146				1.31429e+06
P31150	P31150				1.00191e+07
P31151	P31151;Q86SG5				193073
P31153;P31153-2	P31153;P31153-2				1.84838e+07
P31937	P31937				516468
P31946;P31946-2	P31946;P31946-2				4.31683e+06
P31948;P31948-2;P31948-3	P31948;P31948-2;P31948-3				197412
P31949	P31949				4.17569e+06
P32004;P32004-2;P32004-3	P32004;P32004-2;P32004-3				9.22736e+06
P32119	P32119				5.46395e+06
P32926	P32926				1.02555e+06
P33151	P33151;P33151-2				5.91253e+07
P33908	P33908				3.93075e+07
P34059	P34059				3.87415e+06
P34096	P34096				1.68601e+07
P34741	P34741				1.71421e+06
P34932	P34932				237181
P34949;P34949-2	P34949;P34949-2				1.47268e+06
P35052	P35052				1.44033e+07
P35080	P35080				865783
P35237	P35237				556500
P35318	P35318				6.94779e+06
P35442	P35442				6.6873e+06
P35443	P35443				1.67482e+07
P35475	P35475				341030
P35542	P35542				1.38616e+08
P35555	P35555				8.59938e+06
P35590	P35590;P35590-2;P35590-3				2.63255e+06
P35613;P35613-2	P35613;P35613-2;P35613-3;P35613-4				1.52405e+07
P35749;P35749-2;P35749-3;P35749-4	P35749;P35749-2;P35749-3;P35749-4				610853
P35754	P35754				2.93081e+06
P35858;P35858-2	P35858;P35858-2				8.03331e+07
P36222	P36222				2.33903e+08
P36269;P36269-2;P36269-3	P36269;P36269-2;P36269-3				259406
P36871	P36871;P36871-2;P36871-3				2.43065e+06
P36888;P36888-2	P36888;P36888-2				578564
P36955	P36955				1.84745e+09
P36957;P36957-2	P36957;P36957-2				1.34995e+08
P36980	P36980				3.4464e+07
P37173;P37173-2	P37173;P37173-2				5.86284e+06
P37235;P61601;P84074	P37235;P61601;P84074				276580
P37837;P37837-2	P37837;P37837-2				2.93428e+07
P37840;P37840-2	P37840;P37840-2				292646
P38571;P38571-2	P38571;P38571-2				3.32132e+06
P39059	P39059				1.28075e+07
P39060;P39060-1;P39060-2	P39060;P39060-1;P39060-2				4.23398e+07
P40189	P40189;P40189-3				1.40272e+08
P40925;P40925-3	P40925;P40925-2;P40925-3				2.15978e+07
P40926	P40926;P40926-2				2.72e+06
P40967;P40967-2;P40967-4;P40967-5	P40967;P40967-2;P40967-4;P40967-5				801681
P41217;P41217-2;P41217-3	P41217;P41217-2;P41217-3				2.5851e+06
P41222	P41222				1.54323e+10
P41271;P41271-2	P41271;P41271-2				1.76005e+08
P42262;P42262-2;P42262-3;P42262-4	P42262;P42262-2;P42262-3;P42262-4				673206
P42658;P42658-2	P42658;P42658-2				6.91959e+06
P42785	P42785				3.65562e+07
P42857;P42857-2	P42857;P42857-2				1.95412e+06
P43004;P43004-2;P43004-3	P43004;P43004-2;P43004-3				1.01456e+06
P43121	P43121;P43121-2				3.58846e+07
P43146	P43146				2.17852e+07
P43234	P43234				4.07182e+06
P43251;P43251-2;P43251-3;P43251-4	P43251;P43251-2;P43251-3;P43251-4				9.75545e+07
P43652	P43652				4.35519e+08
P45877	P45877				1.9895e+08
P46459	P46459				2.63014e+06
P47755;P47755-2;P52907	P47755;P52907;P47755-2				843385
P47972	P47972				4.96275e+07
P48058;P48058-2	P48058;P48058-2				5.88392e+06
P48061;P48061-2;P48061-3;P48061-4;P48061-5;P48061-6	P48061;P48061-2;P48061-3;P48061-4;P48061-5;P48061-6				1.89113e+07
P48147	P48147				1.55587e+06
P48163;P48163-2	P48163;P48163-2				516757
P48539	P48539				1.84225e+06
P48551;P48551-2;P48551-3	P48551;P48551-2;P48551-3				1.53052e+06
P48634;P48634-2;P48634-3;P48634-4	P48634;P48634-2;P48634-3;P48634-4				3.58928e+06
P48637	P48637				3.05787e+06
P48723	P48723				3.8552e+06
P48740-2;P48740-4	P48740-2;P48740-4				7.44395e+06
P48740-3	P48740-3				7.07666e+06
P48745	P48745				1.22179e+06
P49221	P49221				2.12241e+07
P49257	P49257				1.28683e+07
P49418;P49418-2	P49418;P49418-2				1.5563e+06
P49641	P49641;P49641-1;P49641-2				1.87929e+07
P49746;P49746-2	P49746;P49746-2				512438
P49747;P49747-2	P49747;P49747-2				5.08159e+06
P49908	P49908				3.04415e+07
P50281	P50281				2.16527e+06
P50395;P50395-2	P50395;P50395-2				1.70253e+06
P50502;Q8NFI4	P50502;Q8NFI4				1.85283e+06
P50750-2	P50750-2				2.03895e+06
P50895	P50895				2.71914e+06
P50897	P50897				1.50646e+06
P50993	P50993				1.93996e+06
P51674;P51674-2;P51674-3	P51674;P51674-2;P51674-3				723839
P51688	P51688				287572
P51693	P51693;P51693-2				5.0364e+08
P51693-2	P51693-2				2.73873e+06
P51884	P51884				2.13012e+08
P51888	P51888				2.96797e+07
P52566	P52566				1.58784e+06
P52797	P52797				2.43548e+06
P52799	P52799				6.13142e+06
P52803	P52803				1.15302e+07
P52823;P52823-2	P52823;P52823-2				567769
P52848	P52848;P52848-3;P52848-2				2.44443e+06
P52943;P52943-2	P52943;P52943-2				1.23618e+06
P53041	P53041				1.13779e+06
P53634	P53634				1.6516e+07
P54108;P54108-2;P54108-3	P54108;P54108-2;P54108-3				8.83984e+06
P54253	P54253				2.88527e+09
P54289-2;P54289-3	P54289;P54289-2;P54289-3;P54289-4;P54289-5				1.95834e+07
P54652	P54652				929498
P54709;P54709-2	P54709;P54709-2				1.21927e+06
P54727	P54725;P54727;P54725-2;P54725-3				3.45035e+06
P54764	P54764				3.21355e+07
P54802	P54802				6.51726e+06
P54803;P54803-4;P54803-5	P54803;P54803-3;P54803-4;P54803-5				1.45886e+06
P55058	P55058;P55058-2;P55058-3;P55058-4				4.76522e+08
P55083;P55083-2	P55083;P55083-2				4.38909e+07
P55087;P55087-2	P55087;P55087-2				5.70298e+06
P55103	P55103				655904
P55268	P55268				5.63723e+06
P55283;P55283-2	P55283;P55283-2				9.32413e+06
P55285;P55285-2	P55285;P55285-2				1.11237e+07
P55286	P55286;Q86UP0;Q86UP0-2				6.71467e+06
P55287;P55287-2	P55287;P55287-2				6.46496e+06
P55290;P55290-4	P55290;P55290-2;P55290-3;P55290-4;P55290-5				8.916e+07
P55291	P55291				1.70038e+07
P55774	P55774				1.11644e+06
P55786;P55786-2	P55786;P55786-2				4.65621e+06
P55854;P55854-2;P61956;P61956-2;Q6EEV6	P55854;P61956;Q6EEV6;P55854-2;P61956-2				600617
P55899	P55899				570230
P56159;P56159-2	P56159;P56159-2				5.77015e+06
P56817;P56817-2	P56817;P56817-2;P56817-3;P56817-4				2.51699e+06
P57087;P57087-2;P57087-3	P57087;P57087-2;P57087-3				1.05629e+06
P58215	P58215				1.18675e+06
P58400	P58400;P58400-1				2.3169e+06
P58401	P58401				3.43919e+06
P58417	O95156;P58417				6.6715e+07
P59282;Q9BW30	P59282;Q9BW30				389131
P60174;P60174-3	P60174;P60174-3;P60174-4				1.7189e+07
P60520	O95166;P60520;Q9H0R8;Q9H0R8-2				1.72847e+06
P60660;P60660-2	P60660;P60660-2				807001
P60709;P63261	P60709;P63261				9.8448e+07
P60900;P60900-2	P60900;P60900-2				184787
P60981;P60981-2	P60981;P60981-2				1.96909e+06
P60983	O60234;P60983				750409
P61026	P51153;P59190;P61006;P61026;P62820;Q92930;Q9H0U4;Q92928;P61006-2;P62820-2;P62820-3;P59190-2				765813
P61088	P61088				1.23637e+06
P61106	P61106				1.26402e+06
P61266;P61266-2	P61266;P61266-2				1.11111e+06
P61278	P61278				4.25138e+07
P61604	P61604				518184
P61626	P61626				1.22171e+08
P61769	P61769				1.72564e+09
P61916	P61916;P61916-2				1.21944e+08
P61970	P61970				1.97505e+06
P61981	P61981				3.39404e+07
P62258;P62258-2	P62258;P62258-2				1.78192e+07
P62328	P62328;P63313				1.71961e+07
P62873;P62873-2;P62879;P62879-2;Q9HAV0	P62873;P62879;Q9HAV0;P62873-2;P62879-2				1.11305e+06
P62937	P62937				2.04366e+08
P62942	P62942				3.21339e+06
P62993	P62993;P62993-2				1.53077e+06
P63010;P63010-2;P63010-3	P63010;P63010-2;Q10567;Q10567-3;P63010-3;Q10567-2;Q10567-4				5.11128e+06
P63104	P63104;P63104-2				1.54481e+08
P63208	P63208;P63208-2				3.18239e+06
P63241;P63241-2;Q6IS14;Q9GZV4	P63241;Q9GZV4;Q6IS14;P63241-2				1.21522e+06
P63302	P63302				96890.9
P68032;P68133	P62736;P63267;P68032;P68133				4.85739e+06
P68104;Q05639;Q5VTE0	P68104;Q05639;Q5VTE0				679615
P68402	P68402				376090
P68871	P02042;P68871				8.79054e+06
P69849;Q15155;Q5JPE7;Q5JPE7-2	P69849;Q15155;Q5JPE7;Q5JPE7-2;Q5JPE7-3				821879
P69905	P69905				7.61776e+06
P78310;P78310-2;P78310-5;P78310-6;P78310-7	P78310;P78310-2;P78310-4;P78310-5;P78310-6;P78310-7				1.94635e+06
P78324;P78324-2;P78324-4	P78324;Q5TFQ8;P78324-2;P78324-4				4.38891e+07
P78330	P78330				799715
P78417;P78417-3	P78417;P78417-3				4.95883e+06
P78504	P78504				494892
P78509;P78509-2	P78509;P78509-2;P78509-3				1.61858e+07
P78536;P78536-2	P78536;P78536-2				3.25525e+06
P78539;P78539-2;P78539-3;P78539-5	P78539;P78539-2;P78539-3;P78539-5				2.77483e+06
P78563;P78563-2;P78563-3;P78563-4;P78563-5;P78563-6	P78563;P78563-4;P78563-2;P78563-3;P78563-5;P78563-6				2.71092e+07
P80108	P80108				9.07966e+06
P80188;P80188-2	P80188;P80188-2				2.55659e+06
P80303;P80303-2	P80303;P80303-2				8.39347e+06
P80723	P80723;P80723-2				1.07378e+07
P80748	P80748				3.96427e+07
P82987;P82987-2	P82987;P82987-2				1.02421e+06
P84157	P84157				403588
P98095;P98095-2	P98095;P98095-2				1.03334e+07
P98153;P98153-2;P98153-3	P98153;P98153-2;P98153-3				2.66384e+06
P98160	P98160				1.37614e+08
P98164	P98164				2.04661e+06
P98172	P98172				2.31789e+06
P98173;P98173-2;P98173-3	P98173;P98173-2;P98173-3				1.45363e+06
P99999	P99999				5.90248e+06
Q00973	Q00973;Q00973-2;Q00973-3				4.58517e+06
Q01459	Q01459				2.16142e+07
Q01469	Q01469				3.0009e+07
Q01995	Q01995				7.50419e+06
Q02246	Q02246				1.14311e+08
Q02487;Q02487-2	Q02487;Q02487-2				6.97774e+06
Q02790	Q02790				261515
Q02809;Q02809-2	Q02809;Q02809-2				8.2931e+06
Q02818	Q02818				5.91614e+07
Q02985;Q02985-2	Q02985;Q02985-2				8.02069e+06
Q03167;Q03167-2	Q03167;Q03167-2				2.11106e+07
Q04721	Q04721				4.46163e+06
Q04756	Q04756				1.0693e+07
Q04760;Q04760-2	Q04760;Q04760-2				3.96238e+06
Q05707;Q05707-2	Q05707;Q05707-2;Q05707-3				4.2779e+06
Q05996;Q05996-2	Q05996;Q05996-2				3.29499e+06
Q06033;Q06033-2	Q06033;Q06033-2				1.2962e+07
Q06418	Q06418				1.49249e+07
Q06481	Q06481;Q06481-3;Q06481-6				7.81918e+07
Q06828	Q06828				1.15432e+08
Q06830	Q06830				1.06303e+07
Q07092;Q07092-2	Q07092;Q07092-2				3.036e+06
Q07954	Q07954				1.57977e+07
Q08174-2	Q08174;Q08174-2				7.27879e+06
Q08345;Q08345-5	Q08345;Q08345-2;Q08345-4;Q08345-5;Q08345-6				1.78134e+07
Q08380	Q08380				1.59041e+08
Q08397	Q08397				949450
Q08431;Q08431-3;Q08431-4	Q08431;Q08431-3;Q08431-4				6.53163e+06
Q08554;Q08554-2	Q08554;Q08554-2				5.40404e+06
Q08629	Q08629				1.46945e+07
Q08ET2	O15389;Q08ET2				6.43107e+06
Q09328	Q09328				2.37291e+06
Q09666	Q09666				2.76341e+06
Q0P6D2	Q0P6D2				2.57224e+06
Q10469	Q10469				4.6682e+06
Q10471	Q10471				7.99884e+06
Q10472	Q10472;Q8IUC8;Q8IUC8-3;Q8IUC8-2				4.88662e+06
Q10588	Q10588;Q10588-2				4.24871e+06
Q12765;Q12765-2;Q12765-3	Q12765;Q12765-2;Q12765-3				960608
Q12794;Q12794-2;Q12794-7	Q12794;Q12794-2;Q12794-4;Q12794-7				2.23993e+06
Q12797;Q12797-10	Q12797;Q12797-10				3.59227e+06
Q12805;Q12805-2;Q12805-3;Q12805-4;Q12805-5	Q12805;Q12805-2;Q12805-3;Q12805-4;Q12805-5				6.80759e+08
Q12841;Q12841-2	Q12841;Q12841-2				1.03865e+07
Q12860	Q12860;Q12860-2				1.82812e+08
Q12866	Q12866				3.10814e+06
Q12884	Q12884				233614
Q12907	Q12907				9.46965e+07
Q12913;Q12913-3	Q12913;Q12913-3				436648
Q13093	Q13093				724047
Q13103	Q13103				1.07822e+06
Q13145	Q13145				1.23136e+06
Q13201;Q13201-2	Q13201;Q13201-2				1.50962e+06
Q13214;Q13214-2	Q13214;Q13214-2				2.19961e+06
Q13217	Q13217				3.67305e+06
Q13228;Q13228-4	Q13228;Q13228-2;Q13228-3;Q13228-4				3.20031e+07
Q13231;Q13231-2;Q13231-3	Q13231;Q13231-2;Q13231-3;Q13231-4				4.94088e+06
Q13232	Q13232				2.09008e+06
Q13275-2	Q13275;Q13275-2				1.78374e+06
Q13308;Q13308-2;Q13308-3;Q13308-4;Q13308-5;Q13308-6	Q13308;Q13308-2;Q13308-3;Q13308-4;Q13308-5;Q13308-6				1.68949e+06
Q13332;Q13332-2;Q13332-3;Q13332-4;Q13332-6	Q13332;Q13332-2;Q13332-3;Q13332-4;Q13332-5;Q13332-6;Q13332-7				1.6782e+07
Q13421;Q13421-2;Q13421-3;Q13421-4	Q13421;Q13421-2;Q13421-3;Q13421-4				2.15927e+06
Q13433	Q13433				698088
Q13443;Q13443-2	Q13443;Q13443-2				8.61525e+06
Q13444;Q13444-10;Q13444-12;Q13444-2;Q13444-3;Q13444-4;Q13444-5;Q13444-6;Q13444-7;Q13444-8;Q13444-9	Q13444;Q13444-2;Q13444-10;Q13444-11;Q13444-12;Q13444-3;Q13444-4;Q13444-5;Q13444-6;Q13444-7;Q13444-8;Q13444-9				2.73178e+06
Q13449	Q13449				1.91148e+08
Q13501;Q13501-2	Q13501;Q13501-2				1.31696e+06
Q13508;Q13508-2;Q13508-3	Q13508;Q13508-2;Q13508-3				1.72005e+07
Q13510;Q13510-2	Q13510;Q13510-2;Q13510-3				9.48597e+06
Q13519;Q13519-2	Q13519;Q13519-2				2.88485e+06
Q13554;Q13554-2;Q13554-3;Q13554-4;Q13554-5;Q13554-7;Q13554-8	Q13554;Q13554-3;Q13554-2;Q13554-4;Q13554-5;Q13554-6;Q13554-7;Q13554-8				4.31714e+06
Q13555;Q13555-10;Q13555-11;Q13555-2;Q13555-3;Q13555-4;Q13555-5;Q13555-6;Q13555-7;Q13555-8;Q13555-9	Q13555;Q13555-5;Q13555-10;Q13555-11;Q13555-2;Q13555-3;Q13555-4;Q13555-6;Q13555-7;Q13555-8;Q13555-9				6.61593e+06
Q13557;Q13557-10;Q13557-11;Q13557-12;Q13557-3;Q13557-4;Q13557-5;Q13557-6;Q13557-8;Q13557-9	Q13557;Q13557-8;Q13557-10;Q13557-11;Q13557-12;Q13557-3;Q13557-4;Q13557-5;Q13557-6;Q13557-9				2.24444e+06
Q13634;Q13634-2	Q13634;Q13634-2				5.33148e+06
Q13641	Q13641				3.87015e+06
Q13740;Q13740-2	Q13740;Q13740-2;Q13740-3				3.63535e+07
Q13790	Q13790				2.56044e+06
Q13822-3	Q13822;Q13822-3				3.81167e+08
Q13867	Q13867				1.608e+06
Q14019	Q14019				5.46019e+06
Q14112;Q14112-2	Q14112;Q14112-2				8.29809e+06
Q14114;Q14114-2;Q14114-3;Q14114-4	Q14114;Q14114-3;Q14114-2;Q14114-4				858304
Q14118	Q14118				1.96577e+08
Q14126	Q14126				6.4896e+07
Q14165	Q14165				1.55452e+07
Q14213	Q14213				1.80237e+06
Q14242;Q14242-2	Q14242;Q14242-2				2.93026e+06
Q14257;Q14257-2	Q14257;Q14257-2				2.37529e+06
Q14314	Q14314				1.15468e+07
Q14315;Q14315-2	Q14315;Q14315-2				1.15134e+06
Q14393;Q14393-1;Q14393-3;Q14393-4;Q14393-5	Q14393;Q14393-1;Q14393-3;Q14393-4;Q14393-5				9.75167e+06
Q14515	Q14515;Q14515-2				2.97513e+08
Q14517	Q14517				1.82011e+06
Q14520;Q14520-2	Q14520;Q14520-2				1.16336e+07
Q14563	Q14563				1.96879e+06
Q14566	Q14566				1.63285e+07
Q14574;Q14574-2	Q14574;Q14574-2				7.0917e+06
Q14624	Q14624				1.83276e+08
Q14624-2;Q14624-3;Q14624-4	Q14624-2;Q14624-3;Q14624-4				6.4487e+07
Q14696	Q14696				5.18967e+06
Q14697;Q14697-2	Q14697;Q14697-2				1.88926e+07
Q14766	Q14766;Q14766-4				9.05956e+06
Q14767	Q14767				9.50171e+06
Q14894	Q14894				1.0918e+06
Q14956;Q14956-2	Q14956;Q14956-2				2.23862e+06
Q14982;Q14982-2;Q14982-3;Q14982-4	Q14982;Q14982-2;Q14982-3;Q14982-4				2.63291e+07
Q14C87	Q14C87;Q14C87-2				7.62102e+06
Q14CZ8	Q14CZ8;Q14CZ8-2				5.852e+06
Q14DG7	Q14DG7;Q14DG7-2				1.63832e+06
Q15063-2;Q15063-4	Q15063-2;Q15063-4				96289.2
Q15063;Q15063-3;Q15063-5	Q15063;Q15063-3;Q15063-5				2.45509e+06
Q15084;Q15084-2;Q15084-3;Q15084-4;Q15084-5	Q15084;Q15084-2;Q15084-3;Q15084-4;Q15084-5				1.17724e+06
Q15113	Q15113				4.63255e+07
Q15121;Q15121-2	Q15121;Q15121-2				875559
Q15149;Q15149-2;Q15149-3;Q15149-4;Q15149-5;Q15149-6;Q15149-7;Q15149-8;Q15149-9	Q15149;Q15149-2;Q15149-3;Q15149-4;Q15149-5;Q15149-6;Q15149-7;Q15149-8;Q15149-9				5.23003e+06
Q15165;Q15165-1;Q15165-3	Q15165;Q15165-1;Q15165-3				350134
Q15166	Q15166				3.43622e+07
Q15223;Q15223-2;Q15223-3	Q15223;Q15223-2;Q15223-3				2.78131e+07
Q15256	Q15256;Q15256-5				1.14844e+06
Q15257;Q15257-2;Q15257-3;Q15257-4	Q15257;Q15257-2;Q15257-3;Q15257-4				1.17758e+06
Q15262;Q15262-2;Q15262-3;Q15262-4	Q15262;Q15262-2;Q15262-3;Q15262-4				2.46243e+06
Q15293;Q15293-2	Q15293;Q15293-2				1.16952e+07
Q15375;Q15375-4	Q15375;Q15375-2;Q15375-4				3.88906e+06
Q15459;Q15459-2	Q15459;Q15459-2				1.74496e+06
Q15465	Q15465				6.41549e+06
Q15582	Q15582				6.41776e+07
Q15768	Q15768				1.3724e+07
Q15782;Q15782-6	Q15782;Q15782-6				9.87134e+06
Q15818	Q15818				9.04309e+07
Q15819	Q13404;Q15819;Q13404-1;Q13404-2;Q13404-7;Q13404-8				2.50638e+06
Q15828	Q15828				2.92733e+06
Q15846	Q15846				735648
Q15848	Q15848				4.53895e+06
Q15904	Q15904				1.07852e+08
Q16270	Q16270;Q16270-2				5.06436e+08
Q16288;Q16288-2;Q16288-3;Q16288-4;Q16288-5	Q16288;Q16288-2;Q16288-3;Q16288-4;Q16288-5				4.94567e+06
Q16363;Q16363-2	Q16363;Q16363-2				918322
Q16394	Q16394				1.15003e+06
Q16531	Q16531				1.63657e+06
Q16555;Q16555-2	Q16555;Q16555-2				670262
Q16568	Q16568				5.58123e+06
Q16581	Q16581				4.43908e+06
Q16610;Q16610-4	Q16610;Q16610-2;Q16610-3;Q16610-4				9.27653e+07
Q16627;Q16627-2	Q16627;Q16627-2				1.44674e+07
Q16651	Q16651				836610
Q16653;Q16653-10;Q16653-11;Q16653-13;Q16653-2;Q16653-3;Q16653-5;Q16653-6;Q16653-7;Q16653-8;Q16653-9	Q16653;Q16653-10;Q16653-11;Q16653-13;Q16653-2;Q16653-3;Q16653-5;Q16653-6;Q16653-7;Q16653-8;Q16653-9				9.86477e+06
Q16658	Q16658				3.3365e+06
Q16674	Q16674				2.50383e+07
Q16706	Q16706				1.5736e+07
Q16769	Q16769				2.72769e+07
Q16775;Q16775-2	Q16775;Q16775-2				1.39865e+06
Q16799	Q16799				367822
Q16849	Q16849;Q16849-3;Q16849-2				3.00792e+07
Q16853;Q16853-2	Q16853;Q16853-2				2.36258e+06
Q16880	Q16880				2.24899e+06
Q16891;Q16891-2;Q16891-3;Q16891-4	Q16891;Q16891-2;Q16891-3;Q16891-4				1.719e+06
Q24JP5;Q24JP5-2	Q24JP5;Q24JP5-2;Q24JP5-3				2.33738e+07
Q2TAL6	Q2TAL6				1.71146e+06
Q2UY09	Q2UY09;Q2UY09-2;Q2UY09-3				3.12633e+06
Q495W5;Q495W5-2	Q495W5;Q495W5-2				6.39245e+06
Q4G0P3	Q4G0P3;Q4G0P3-10;Q4G0P3-5;Q4G0P3-6;Q4G0P3-8				2.88443e+07
Q4G148;Q4G148-2	Q4G148;Q4G148-2				802875
Q4KMG0;Q4KMG0-2	Q4KMG0;Q4KMG0-2				261631
Q4LDE5	Q4LDE5				485497
Q4ZHG4;Q4ZHG4-2	Q4ZHG4;Q4ZHG4-2				196970
Q504Y0;Q504Y0-2;Q504Y0-3;Q504Y0-4;Q504Y0-5	Q504Y0;Q504Y0-2;Q504Y0-3;Q504Y0-4;Q504Y0-5				304139
Q53EL9;Q53EL9-3	Q53EL9;Q53EL9-2;Q53EL9-3				5.86308e+07
Q53RD9;Q53RD9-2;Q53RD9-4	Q53RD9;Q53RD9-2;Q53RD9-3;Q53RD9-4				1.37898e+07
Q53RT3;Q53RT3-2	Q53RT3;Q53RT3-2				1.5208e+06
Q562R1	Q562R1				7.97254e+07
Q58FF6	Q58FF6				1.56348e+06
Q5BIV9	Q5BIV9				1.04355e+07
Q5BLP8;Q5BLP8-2;Q5BLP8-3	Q5BLP8;Q5BLP8-2;Q5BLP8-3				6.67569e+06
Q5FWE3;Q5FWE3-3	Q5FWE3;Q5FWE3-3				5.01195e+07
Q5IJ48;Q5IJ48-2;Q5IJ48-3	Q5IJ48;Q5IJ48-2;Q5IJ48-3				5.07885e+06
Q5JRA6;Q5JRA6-2	Q5JRA6;Q5JRA6-2;Q5JRA6-3				1.5715e+06
Q5JS37;Q5JS37-2	Q5JS37;Q5JS37-2				1.42896e+06
Q5JTV8;Q5JTV8-2;Q5JTV8-3	Q5JTV8;Q5JTV8-2;Q5JTV8-3				657653
Q5KU26	Q5KU26				3.33591e+07
Q5SGD2;Q5SGD2-2;Q5SGD2-3	Q5SGD2;Q5SGD2-2;Q5SGD2-3				548871
Q5SRI9	Q5SRI9				1.48599e+06
Q5SZK8	Q5SZK8;Q5SZK8-2				2.15519e+06
Q5T013;Q5T013-2;Q5T013-3;Q5T013-4	Q5T013;Q5T013-2;Q5T013-3;Q5T013-4				3.8108e+09
Q5T5C0;Q5T5C0-2	Q5T5C0;Q5T5C0-2				2.28014e+07
Q5T848	Q5T848				6.1285e+06
Q5VSG8	Q5VSG8				1.0466e+07
Q5VSL9;Q5VSL9-2;Q5VSL9-3	Q5VSL9;Q5VSL9-2;Q5VSL9-3				7.59531e+06
Q5VU97	Q5VU97				3.75224e+06
Q5VUB5	Q5VUB5				1.2386e+06
Q5VV43;Q5VV43-2;Q5VV43-3;Q5VV43-4	Q5VV43;Q5VV43-2;Q5VV43-3;Q5VV43-4				9.7679e+06
Q5VV63	Q5VV63				1.57867e+06
Q5VWW1;Q5VWW1-2;Q5VWW1-3	Q5VWW1;Q5VWW1-2;Q5VWW1-3				3.6979e+06
Q5VY80;Q6H3X3;Q6H3X3-2;Q9BZM5	Q5VY80;Q6H3X3;Q9BZM5;Q6H3X3-2;Q6H3X3-3				1.62262e+06
Q63HQ2;Q63HQ2-2	Q63HQ2;Q63HQ2-2				1.59326e+06
Q641Q3	Q641Q3;Q641Q3-2				7.73995e+06
Q658N2	Q658N2				3.15172e+06
Q68BL7;Q68BL7-2;Q68BL7-3	Q68BL7;Q68BL7-2;Q68BL7-3				6.96134e+06
Q68D85	Q68D85				1.05198e+06
Q6E0U4;Q6E0U4-16;Q6E0U4-2;Q6E0U4-3;Q6E0U4-4;Q6E0U4-5;Q6E0U4-6;Q6E0U4-7	Q6E0U4;Q6E0U4-16;Q6E0U4-2;Q6E0U4-3;Q6E0U4-4;Q6E0U4-5;Q6E0U4-6;Q6E0U4-7				1.67858e+06
Q6EMK4	Q6EMK4				2.55866e+07
Q6FHJ7	Q6FHJ7				2.983e+07
Q6GTX8;Q6GTX8-2;Q6GTX8-3;Q6GTX8-4;Q6ISS4;Q6ISS4-2	Q6GTX8;Q6ISS4;Q6GTX8-2;Q6GTX8-3;Q6GTX8-4;Q6ISS4-2				1.18481e+07
Q6IEE7	Q6IEE7				898892
Q6IS24	Q6IS24				2.75263e+06
Q6MZW2	Q6MZW2;Q6MZW2-2;Q6MZW2-3				1.32195e+07
Q6NUJ2	Q6NUJ2				3.51043e+06
Q6NW40	Q6NW40				2.35994e+07
Q6P4E1;Q6P4E1-2;Q6P4E1-5	Q6P4E1;Q6P4E1-2;Q6P4E1-5				9.99338e+06
Q6P9A2	Q6P9A2				1.69659e+06
Q6PCB0	Q6PCB0				3.44987e+06
Q6PUV4	O14810;Q6PUV4				1.17875e+06
Q6RVD6	Q6RVD6				1.27613e+06
Q6UVK1	Q6UVK1				6.26388e+06
Q6UVY6;Q6UVY6-2	Q6UVY6;Q6UVY6-2				685435
Q6UW01	Q6UW01				7.4405e+07
Q6UWH4;Q6UWH4-2	Q6UWH4;Q6UWH4-2				7.29756e+06
Q6UWP8	Q6UWP8;Q6UWP8-2				6.33452e+07
Q6UWR7	Q6UWR7				5.32224e+06
Q6UWY5	Q6UWY5				498002
Q6UX15;Q6UX15-2	Q6UX15;Q6UX15-2				6.87129e+06
Q6UX71	Q6UX71;Q6UX71-2				5.13058e+07
Q6UX72	Q6UX72				4.01176e+06
Q6UX73;Q6UX73-2	Q6UX73;Q6UX73-2				4.50118e+07
Q6UXB8	Q6UXB8;Q6UXB8-2				7.19481e+07
Q6UXD5-3;Q6UXD5-5	Q6UXD5;Q6UXD5-2;Q6UXD5-3;Q6UXD5-4;Q6UXD5-5;Q6UXD5-6				1.27338e+08
Q6UXH9;Q6UXH9-2	Q6UXH9;Q6UXH9-2;Q6UXH9-3				2.58874e+07
Q6UXI7;Q6UXI7-2;Q6UXI7-3;Q6UXI7-4;Q6UXI7-5	Q6UXI7;Q6UXI7-2;Q6UXI7-3;Q6UXI7-4;Q6UXI7-5				521404
Q6UXI9;Q6UXI9-3;Q6UXI9-4;Q6UXI9-5;Q6UXI9-6	Q6UXI9;Q6UXI9-2;Q6UXI9-3;Q6UXI9-4;Q6UXI9-5;Q6UXI9-6				2.55176e+06
Q6UXK2	Q6UXK2				801151
Q6UXK5	Q6UXK5				1.81782e+06
Q6UXZ4;Q6UXZ4-2	Q6UXZ4;Q6UXZ4-2				2.61172e+06
Q6UY14;Q6UY14-2;Q6UY14-3	Q6UY14;Q6UY14-3;Q6UY14-2				2.4967e+06
Q6YHK3	Q6YHK3;Q6YHK3-2;Q6YHK3-4				5.62936e+06
Q6ZMI3	Q6ZMI3;Q6ZMI3-2				1.44665e+07
Q6ZMP0;Q6ZMP0-2	Q6ZMP0;Q6ZMP0-2				2.62618e+06
Q6ZN30;Q6ZN30-2	Q6ZN30;Q6ZN30-2				9.86933e+06
Q6ZRP7	Q6ZRP7				4.81041e+06
Q6ZSJ9;Q6ZSJ9-2;Q6ZSJ9-3	Q6ZSJ9;Q6ZSJ9-2;Q6ZSJ9-3				4.36986e+07
Q6ZVL6;Q6ZVL6-2	Q6ZVL6;Q6ZVL6-2				6.22929e+06
Q76KP1	Q76KP1				1.93315e+06
Q76M96;Q76M96-2	Q76M96;Q76M96-2				557041
Q7KYR7;Q7KYR7-1;Q7KYR7-4;Q7KYR7-6;Q8WVV5;Q8WVV5-2;Q8WVV5-3	Q7KYR7;Q8WVV5;Q7KYR7-4;Q7KYR7-1;Q7KYR7-5;Q7KYR7-6;Q8WVV5-2;Q8WVV5-3				721460
Q7L014	Q7L014				9.0579e+07
Q7L0X0	Q7L0X0				1.07371e+06
Q7LFX5	Q7LFX5;Q7LFX5-2				7.05085e+06
Q7LGC8	Q7LGC8				243144
Q7Z304	Q7Z304				1.87704e+06
Q7Z3B1	Q7Z3B1;Q7Z3B1-2				1.40119e+08
Q7Z3D4	Q7Z3D4				1.1302e+06
Q7Z553;Q7Z553-2;Q7Z553-3	Q7Z553;Q7Z553-2;Q7Z553-3				2.66288e+06
Q7Z5A7;Q7Z5A7-2	Q7Z5A7;Q7Z5A7-2;Q7Z5A7-3				1.77199e+07
Q7Z5L0	Q7Z5L0				1.64212e+06
Q7Z5L7;Q7Z5L7-2;Q7Z5L7-3	Q7Z5L7;Q7Z5L7-2;Q7Z5L7-3;Q7Z5L7-4				4.73028e+06
Q7Z7G0	Q7Z7G0;Q7Z7G0-2;Q7Z7G0-3;Q7Z7G0-4				4.3176e+06
Q7Z7H5;Q7Z7H5-2;Q7Z7H5-3	Q7Z7H5;Q7Z7H5-2;Q7Z7H5-3				5.73477e+06
Q7Z7M0	Q7Z7M0;Q7Z7M0-2				6.13473e+07
Q7Z7M8	Q7Z7M8				959663
Q86SF2	Q86SF2				8.35506e+06
Q86SJ2	Q86SJ2				301464
Q86SQ4;Q86SQ4-2;Q86SQ4-3;Q86SQ4-4	Q86SQ4;Q86SQ4-2;Q86SQ4-3;Q86SQ4-4				200230
Q86SR1	Q86SR1;Q86SR1-2;Q86SR1-3				8.58129e+06
Q86TE4;Q86TE4-4	Q86TE4;Q86TE4-4				3.77931e+06
Q86TH1	Q86TH1				4.30759e+06
Q86TY3;Q86TY3-2	Q86TY3;Q86TY3-2				3.19036e+07
Q86UD1	Q86UD1				1.12341e+07
Q86UN2	Q86UN2				6.76508e+06
Q86UN3	Q86UN3;Q86UN3-2				1.37225e+07
Q86UP0;Q86UP0-2	Q86UP0;Q86UP0-2				3.30334e+06
Q86UW8	Q86UW8				100575
Q86UX2	Q86UX2;Q86UX2-2;Q86UX2-3				3.99544e+07
Q86V85	Q86V85				904769
Q86VB7;Q86VB7-2;Q86VB7-3;Q86VB7-4	Q86VB7;Q86VB7-2;Q86VB7-3;Q86VB7-4				3.47565e+07
Q86VR8	Q86VR8				1.23933e+06
Q86VV8;Q86VV8-3	Q86VV8;Q86VV8-3				2.42943e+06
Q86VZ4	Q86VZ4				4.8995e+06
Q86X29;Q86X29-2;Q86X29-3;Q86X29-4;Q86X29-5;Q86X29-6	Q86X29;Q86X29-2;Q86X29-3;Q86X29-4;Q86X29-5;Q86X29-6				6.07603e+06
Q86XR7-2;Q9Y3B3;Q9Y3B3-2	Q9Y3B3;Q86XR7-2;Q9Y3B3-2				1.49525e+06
Q86Y38	Q86Y38				6.94318e+07
Q86Y82	Q86Y82				954552
Q86YD3;Q86YD3-2;Q86YD3-4;Q86YD3-5	Q86YD3;Q86YD3-2;Q86YD3-3;Q86YD3-4;Q86YD3-5				6.11221e+06
Q86YT9;Q86YT9-2;Q86YT9-3;Q86YT9-4	Q86YT9;Q86YT9-2;Q86YT9-3;Q86YT9-4				2.97252e+06
Q8IUC8;Q8IUC8-2;Q8IUC8-3	Q8IUC8;Q8IUC8-3;Q8IUC8-2				4.13054e+06
Q8IUK5;Q8IUK5-2;Q8IUK5-3	Q8IUK5;Q8IUK5-2;Q8IUK5-3;Q8IUK5-4				1.0037e+07
Q8IUK8	Q8IUK8				1.89958e+07
Q8IUX7	Q8IUX7;Q8IUX7-2				1.92594e+07
Q8IV08	Q8IV08				5.23285e+06
Q8IW45;Q8IW45-2;Q8IW45-4	Q8IW45;Q8IW45-2;Q8IW45-4				517028
Q8IW52	Q8IW52				3.05153e+06
Q8IWT1	Q8IWT1				2.02572e+06
Q8IWU5;Q8IWU5-2	Q8IWU5;Q8IWU5-2				5.66608e+07
Q8IWV2	Q8IWV2				5.36187e+06
Q8IWY4	Q8IWY4				5.48293e+06
Q8IXL6	Q8IXL6				8.18455e+06
Q8IYE1	Q8IYE1				1.92307e+08
Q8IYJ0;Q8IYJ0-2	Q8IYJ0;Q8IYJ0-2				9.90316e+07
Q8IYS5-2;Q8IYS5-3;Q8IYS5-6	Q8IYS5;Q8IYS5-2;Q8IYS5-3;Q8IYS5-4;Q8IYS5-5;Q8IYS5-6;Q8IYS5-7				4.47996e+06
Q8IZA0;Q8IZA0-2	Q8IZA0;Q8IZA0-2				1.13142e+07
Q8IZJ3;Q8IZJ3-2	Q8IZJ3;Q8IZJ3-2				2.26929e+06
Q8IZP7	Q8IZP7				1.79477e+07
Q8IZS8;Q8IZS8-2	Q8IZS8;Q8IZS8-2;Q8IZS8-3				3.36803e+06
Q8IZU9;Q8IZU9-2	Q8IZU9;Q8IZU9-2				88979.2
Q8N114;Q8N114-2	Q8N114;Q8N114-2				5.17779e+07
Q8N126;Q8N126-2	Q8N126;Q8N126-2;Q8N126-3				5.41881e+07
Q8N2S1;Q8N2S1-2;Q8N2S1-3	Q8N2S1;Q8N2S1-2;Q8N2S1-3				2.26053e+07
Q8N3G9;Q8N3G9-2;Q8N3G9-3	Q8N3G9;Q8N3G9-2;Q8N3G9-3				581250
Q8N3J2	Q8N3J2				2.54559e+07
Q8N3J6;Q8N3J6-2;Q8N3J6-3;Q8N3J6-4;Q8N3J6-5	Q8N3J6;Q8N3J6-2;Q8N3J6-3;Q8N3J6-4;Q8N3J6-5				6.7714e+06
Q8N3T1	Q8N3T1				3.44202e+06
Q8N3T6	Q8N3T6				6.65043e+06
Q8N428;Q8N428-2	Q8N428;Q8N428-2				2.69622e+06
Q8N436	Q8N436				2.98675e+06
Q8N474	Q8N474				995749
Q8N475;Q8N475-2	Q8N475;Q8N475-2;Q8N475-3				3.16869e+06
Q8N608;Q8N608-2;Q8N608-3;Q8N608-4	Q8N608;Q8N608-2;Q8N608-3;Q8N608-4				1.47658e+06
Q8N6C5;Q8N6C5-2;Q8N6C5-4	Q8N6C5;Q8N6C5-2;Q8N6C5-4				2.47192e+06
Q8N8Z6;Q8N8Z6-2	Q8N8Z6;Q8N8Z6-2				800986
Q8N967	Q8N967				1.74099e+06
Q8N9I0	Q8N9I0				1.72707e+06
Q8NBI6	Q8NBI6				4.3079e+06
Q8NBJ4;Q8NBJ4-2	Q8NBJ4;Q8NBJ4-2				2.12432e+07
Q8NBJ7;Q8NBJ7-2	Q8NBJ7;Q8NBJ7-2;Q8NBJ7-3				742403
Q8NBP7	Q8NBP7				1.77583e+06
Q8NC42	Q8NC42				1.05654e+06
Q8NCC3	Q8NCC3;Q8NCC3-2				3.61029e+06
Q8NCH0	Q8NCH0				2.63179e+06
Q8NCL4	Q8NCL4				8.60166e+06
Q8NCW5;Q8NCW5-2	Q8NCW5;Q8NCW5-2				2.81285e+06
Q8NEP3;Q8NEP3-2;Q8NEP3-3	Q8NEP3;Q8NEP3-2;Q8NEP3-3				1.5788e+09
Q8NES3;Q8NES3-3	Q8NES3;Q8NES3-2;Q8NES3-3;Q8NES3-4				2.26284e+07
Q8NEY1;Q8NEY1-2;Q8NEY1-3;Q8NEY1-4;Q8NEY1-6;Q8NEY1-7	Q8NEY1;Q8NEY1-2;Q8NEY1-3;Q8NEY1-4;Q8NEY1-6;Q8NEY1-7				1.62119e+08
Q8NFF2;Q8NFF2-3	Q8NFF2;Q8NFF2-3				2.7346e+06
Q8NFL0	Q8NFL0				445427
Q8NFP4;Q8NFP4-2	Q8NFP4;Q8NFP4-2				4.24239e+06
Q8NFT8	Q8NFT8				434022
Q8NFY4;Q8NFY4-6	Q8NFY4;Q8NFY4-6				2.07257e+07
Q8NFZ4	Q8N0W4;Q8N2Q7;Q8NFZ3;Q8NFZ4;Q8NFZ3-2;Q8N0W4-2;Q8N2Q7-2				5.78033e+06
Q8NFZ8	Q8NFZ8				7.36269e+07
Q8NHJ6;Q8NHJ6-2;Q8NHJ6-3	Q8NHJ6;Q8NHJ6-2;Q8NHJ6-3				502512
Q8NHP8	Q8NHP8;Q8NHP8-2				7.14294e+06
Q8NHQ9	Q8NHQ9				3.91835e+08
Q8TAB3;Q8TAB3-2;Q8TAB3-3	Q8TAB3;Q8TAB3-2;Q8TAB3-3				1.95069e+06
Q8TAG5;Q8TAG5-2	Q8TAG5;Q8TAG5-2				3.45551e+07
Q8TBP5	Q8TBP5				1.90838e+07
Q8TCZ2	Q8TCZ2;Q8TCZ2-2;Q8TCZ2-3;Q8TCZ2-5;Q8TCZ2-6				6.50494e+07
Q8TDF5;Q8TDF5-1;Q8TDF5-2	Q8TDF5;Q8TDF5-1;Q8TDF5-2				919940
Q8TDQ0;Q8TDQ0-2	Q8TDQ0;Q8TDQ0-2				5.00005e+06
Q8TEA8	Q8TEA8				2.86377e+06
Q8TER0;Q8TER0-5	Q8TER0;Q8TER0-3;Q8TER0-4;Q8TER0-5				1.65635e+07
Q8TEU8	Q8TEU8				5.13412e+07
Q8WUA8	Q8WUA8				1.68139e+06
Q8WUJ3	Q8WUJ3;Q8WUJ3-2				1.03842e+07
Q8WVN6	Q8WVN6				6.4754e+06
Q8WVQ1;Q8WVQ1-3	Q8WVQ1;Q8WVQ1-2;Q8WVQ1-3				6.80245e+06
Q8WWX9	Q8WWX9				3.89866e+06
Q8WX77	Q8WX77				1.18956e+06
Q8WXB1	Q8WXB1				483975
Q8WXD2	Q8WXD2				1.64186e+08
Q8WXD2-2	Q8WXD2-2				5.20875e+06
Q8WY21;Q8WY21-2;Q8WY21-3;Q8WY21-4	Q8WY21;Q8WY21-2;Q8WY21-3;Q8WY21-4				7.54423e+06
Q8WYK1	Q8WYK1				2.79204e+06
Q8WZ75;Q8WZ75-2;Q8WZ75-3	Q8WZ75;Q8WZ75-2;Q8WZ75-3				4.93182e+06
Q8WZA1	Q8WZA1;Q8WZA1-2				3.25798e+07
Q92485	Q92485;Q92485-2				1.2425e+07
Q92520	Q92520				4.92789e+08
Q92542;Q92542-2	Q92542;Q92542-2				1.84925e+06
Q92563	Q92563				2.38166e+07
Q92626	Q92626				815465
Q92673	Q92673				6.71918e+06
Q92686	Q92686				608636
Q92692;Q92692-2	Q92692;Q92692-2				2.04323e+06
Q92729;Q92729-2;Q92729-3;Q92729-4	Q92729;Q92729-2;Q92729-3;Q92729-4				1.11119e+06
Q92743	Q92743				6.97253e+06
Q92752	Q92752;Q92752-2				7.1781e+06
Q92765	Q92765				1.09035e+07
Q92820	Q92820				1.24676e+07
Q92823;Q92823-2;Q92823-5	Q92823;Q92823-2;Q92823-3;Q92823-4;Q92823-5;Q92823-6				2.66773e+08
Q92832;Q92832-2	Q92832;Q92832-2				1.81591e+06
Q92854	Q92854;Q92854-2				2.62665e+06
Q92859;Q92859-2;Q92859-3;Q92859-4	Q92859;Q92859-2;Q92859-3;Q92859-4				2.99144e+07
Q92876	Q92876;Q92876-2				5.40306e+08
Q92896;Q92896-2;Q92896-3	Q92896;Q92896-2;Q92896-3				1.59632e+06
Q92911	Q92911				1.27316e+07
Q92932;Q92932-2;Q92932-3;Q92932-4	Q92932;Q92932-2;Q92932-3;Q92932-4				1.22025e+07
Q92945;Q96AE4;Q96AE4-2	Q92945;Q96AE4;Q96AE4-2				1.1711e+07
Q92954;Q92954-2;Q92954-5;Q92954-6	Q92954;Q92954-2;Q92954-3;Q92954-4;Q92954-5;Q92954-6				2.03626e+07
Q93063;Q93063-3	Q93063;Q93063-2;Q93063-3				2.38674e+06
Q93091	Q93091				9.14431e+06
Q969H8	Q969H8				4.29188e+06
Q969P0;Q969P0-3	Q969P0;Q969P0-3				8.58769e+07
Q969T9	Q969T9;Q969T9-2				1.84694e+07
Q96AP7	Q96AP7				5.35254e+06
Q96AQ6;Q96AQ6-2	Q96AQ6;Q96AQ6-2				4.52231e+06
Q96B86;Q96B86-3;Q96B86-4	Q96B86;Q96B86-3;Q96B86-4				1.55576e+07
Q96BY9	Q96BY9				2.71474e+06
Q96BZ4	Q96BZ4				1.56335e+07
Q96CG8;Q96CG8-2;Q96CG8-3	Q96CG8;Q96CG8-2;Q96CG8-3				8.12805e+06
Q96CW9;Q96CW9-2	Q96CW9;Q96CW9-2				321631
Q96DB5;Q96DB5-2	Q96DB5;Q96DB5-2				158833
Q96DG6	Q96DG6				71010.2
Q96DT5	Q96DT5				1.19208e+07
Q96DZ1;Q96DZ1-2;Q96DZ1-3	Q96DZ1;Q96DZ1-2;Q96DZ1-3				390610
Q96EG1	Q96EG1				364819
Q96FE5;Q96FE5-2	Q96FE5;Q7L985;Q96FE5-2				4.06783e+06
Q96FE7-4	Q96FE7;Q96FE7-2;Q96FE7-4;Q96FE7-5				3.85849e+07
Q96FJ2	P63167;Q96FJ2				5.5075e+06
Q96FW1	Q96FW1				275484
Q96GD0	Q6ZT62;Q96GD0;Q6ZT62-2				661151
Q96GW7	Q96GW7;Q96GW7-2				2.3931e+08
Q96HD1;Q96HD1-2	Q96HD1;Q96HD1-2				5.7529e+06
Q96HF1	Q96HF1				775691
Q96HU1;Q96HU1-2	Q96HU1;Q96HU1-2				4.36483e+06
Q96ID5	Q96ID5				4.36286e+06
Q96IU4	Q96IU4				2.16427e+06
Q96IY4	Q96IY4;Q96IY4-2				4.92935e+07
Q96JA1;Q96JA1-2	Q96JA1;Q96JA1-2				5.7915e+06
Q96JF0	Q96JF0;Q96JF0-2				4.70125e+07
Q96JP9;Q96JP9-2	Q96JP9;Q96JP9-2				585854
Q96JQ0	Q96JQ0				1.58963e+06
Q96KN2	Q96KN2				6.73003e+08
Q96KR4;Q96KR4-3	Q96KR4;Q96KR4-3				3.20353e+06
Q96MK3	Q96MK3				735093
Q96MU8;Q96MU8-2;Q96MU8-3	Q96MU8;Q96MU8-2;Q96MU8-3				4.48283e+06
Q96NY7;Q96NY7-2	Q96NY7;Q96NY7-2				565440
Q96NZ9	Q96NZ9;Q96NZ9-2;Q96NZ9-4				1.64883e+07
Q96P44;Q96P44-3	Q96P44;Q96P44-3				2.42896e+07
Q96PD2;Q96PD2-2	Q96PD2;Q96PD2-2				1.38832e+06
Q96PD5	Q96PD5;Q96PD5-2				6.33315e+07
Q96PQ0	Q96PQ0				1.91762e+07
Q96PX8	Q96PX8				5.45551e+07
Q96RP7	Q96RP7				530532
Q96RW7;Q96RW7-2	Q96RW7;Q96RW7-2				1.33046e+06
Q96S96	Q96S96				3.70526e+07
Q96SM3	Q96SM3				2.899e+06
Q96TA2;Q96TA2-2;Q96TA2-3	Q96TA2;Q96TA2-2;Q96TA2-3				1.93619e+07
Q99435;Q99435-2;Q99435-3;Q99435-4	Q99435;Q99435-2;Q99435-3;Q99435-4				2.97197e+08
Q99497	Q99497				1.22984e+07
Q99519	Q99519				4.65895e+06
Q99523	Q99523;Q99523-2				8.26016e+06
Q99536;Q99536-2;Q99536-3	Q99536;Q99536-2;Q99536-3				174500
Q99538;Q99538-2;Q99538-3	Q99538;Q99538-2;Q99538-3				1.39416e+06
Q99574	Q99574				3.68309e+07
Q99584	Q99584				482876
Q99650;Q99650-2	Q99650;Q99650-2				807102
Q99674	Q99674;Q99674-2				1.96962e+07
Q99715	Q99715;Q99715-2;Q99715-4				3.03594e+06
Q99784;Q99784-3;Q99784-5	Q99784;Q99784-3;Q99784-5				2.42641e+08
Q99946	Q99946				4.67456e+06
Q99969	Q99969				5.65685e+07
Q99972	Q99972				3.66404e+06
Q99983	Q99983				4.18388e+07
Q99985	Q99985				2.81196e+06
Q9BQ16	Q9BQ16;Q9BQ16-1;Q9BQ16-4;Q9BQ16-5;Q9BQ16-6;Q9BQ16-7;Q9BQ16-8				8.08955e+06
Q9BQS7;Q9BQS7-2;Q9BQS7-3	Q9BQS7;Q9BQS7-2;Q9BQS7-3;Q9BQS7-4				825687
Q9BQT9;Q9BQT9-2	Q9BQT9;Q9BQT9-2				8.60697e+07
Q9BRA2	Q9BRA2				3.72705e+06
Q9BRK3;Q9BRK3-2;Q9BRK3-3	Q9BRK3;Q9BRK3-2;Q9BRK3-3				5.64568e+06
Q9BRK5	Q9BRK5;Q9BRK5-2;Q9BRK5-5				3.02348e+07
Q9BS26	Q9BS26				1.6819e+06
Q9BSG5;Q9BSG5-2;Q9BSG5-3	Q9BSG5;Q9BSG5-2;Q9BSG5-3				2.88754e+06
Q9BTY2	Q9BTY2				1.01729e+07
Q9BU40-3;Q9BU40-4;Q9BU40-5	Q9BU40;Q9BU40-3;Q9BU40-4;Q9BU40-5				5.92244e+06
Q9BUD6	Q9BUD6				1.90892e+06
Q9BUJ0	Q9BUJ0				7.01472e+06
Q9BUN1	Q9BUN1				1.4306e+07
Q9BV94;Q9BV94-2	Q9BV94;Q9BV94-2				377518
Q9BVH7	Q9BVH7				377881
Q9BVK6	Q9BVK6				1.11629e+06
Q9BWD1;Q9BWD1-2	Q9BWD1;Q9BWD1-2				226298
Q9BWQ8	Q9BWQ8				8.88762e+06
Q9BWS9;Q9BWS9-3	Q9BWS9;Q9BWS9-3				4.13454e+06
Q9BX67;Q9BX67-2	Q9BX67;Q9BX67-2				6.08993e+06
Q9BXJ0	Q9BXJ0				6.14082e+06
Q9BXJ1;Q9BXJ1-2	Q9BXJ1;Q9BXJ1-2				3.89472e+06
Q9BXJ3	Q9BXJ3				5.30331e+06
Q9BXJ4;Q9BXJ4-2;Q9BXJ4-3	Q9BXJ4;Q9BXJ4-2;Q9BXJ4-3				9.21658e+06
Q9BXP8	Q9BXP8				552128
Q9BXX0	Q9BXX0				859663
Q9BY67-5	Q9BY67;Q9BY67-2;Q9BY67-3;Q9BY67-4;Q9BY67-5				3.68253e+07
Q9BYC5	Q9BYC5;Q9BYC5-3				2.0898e+06
Q9BYH1;Q9BYH1-5;Q9BYH1-6;Q9BYH1-7	Q9BYH1;Q9BYH1-2;Q9BYH1-3;Q9BYH1-4;Q9BYH1-5;Q9BYH1-6;Q9BYH1-7				5.7756e+07
Q9BYJ0	Q9BYJ0				2.34022e+06
Q9BZC7;Q9BZC7-2;Q9BZC7-3;Q9BZC7-4	Q9BZC7;Q9BZC7-2;Q9BZC7-3;Q9BZC7-4				2.59809e+07
Q9BZR6	Q9BZR6				2.54022e+07
Q9C0A0	Q9C0A0;Q96NU0;Q9BZ76;Q9BZ76-2;Q96NU0-2;Q9C0A0-2				2.81901e+07
Q9GZM5	Q9GZM5				3.04084e+07
Q9GZP0;Q9GZP0-2	Q9GZP0;Q9GZP0-2				1.01565e+06
Q9GZP4;Q9GZP4-2	Q9GZP4;Q9GZP4-2				3.06262e+06
Q9GZT8;Q9GZT8-2	Q9GZT8;Q9GZT8-2				534128
Q9GZV7	Q9GZV7				1.15512e+06
Q9GZX3	Q9GZS9;Q9GZX3;Q9GZS9-2				1.34256e+06
Q9GZX9	Q9GZX9				1.35123e+07
Q9H008	Q9H008;Q9H008-2				788226
Q9H0Q3;Q9H0Q3-2	Q9H0Q3;Q9H0Q3-2				6.44509e+06
Q9H0R4;Q9H0R4-2	Q9H0R4;Q9H0R4-2				1.16173e+06
Q9H156;Q9H156-2	Q9H156;Q9H156-2				3.99337e+06
Q9H173	Q9H173				3.81518e+06
Q9H1B5	Q9H1B5				1.53365e+06
Q9H1U4	Q9H1U4				5.12488e+06
Q9H1Z8	Q9H1Z8				4.99236e+07
Q9H251;Q9H251-2;Q9H251-3;Q9H251-4;Q9H251-8	Q9H251;Q9H251-2;Q9H251-3;Q9H251-4;Q9H251-8				9.57143e+06
Q9H299	Q9H299				2.73252e+06
Q9H2A7	Q9H2A7				1.64113e+07
Q9H2B2;Q9H2B2-2	Q9H2B2;Q9H2B2-2				4.80453e+06
Q9H2E6;Q9H2E6-2	Q9H2E6;Q9H2E6-2				5.80343e+06
Q9H2X0;Q9H2X0-5	Q9H2X0;Q9H2X0-5				4.06005e+06
Q9H2X8	Q9H2X8				131375
Q9H3G5	Q9H3G5				1.87524e+07
Q9H3S1;Q9H3S1-2	Q9H3S1;Q9H3S1-2				944807
Q9H3S3	Q9H3S3				2.8324e+06
Q9H3T2;Q9H3T2-3	Q9H3T2;Q9H3T2-3				854678
Q9H3T3;Q9H3T3-3	Q9H3T3;Q9H3T3-3				1.88322e+06
Q9H3U7;Q9H3U7-2	Q9H3U7;Q9H3U7-2				178422
Q9H492;Q9H492-2	Q9GZQ8;Q9H492;A6NCE7;Q9H492-2				1.84936e+06
Q9H4A4	Q9H4A4				133371
Q9H4A9;Q9H4A9-2	Q9H4A9;Q9H4A9-2				590052
Q9H4D0	Q9H4D0				5.0868e+06
Q9H4F8;Q9H4F8-2	Q9H4F8;Q9H4F8-2				4.26765e+06
Q9H6B4	Q9H6B4				2.07706e+06
Q9H6X2;Q9H6X2-2;Q9H6X2-3;Q9H6X2-4;Q9H6X2-5;Q9H6X2-6	Q9H6X2;Q9H6X2-2;Q9H6X2-3;Q9H6X2-4;Q9H6X2-5;Q9H6X2-6				7.26678e+06
Q9H741	Q9H741				4.94338e+06
Q9H7Y0	Q9H7Y0;Q9H7Y0-2				1.22244e+06
Q9H8J5;Q9H8J5-2	Q9H8J5;Q9H8J5-2				4.75212e+06
Q9H8L6	Q9H8L6				5.35483e+06
Q9H9S5	Q9H9S5				598505
Q9HAR2;Q9HAR2-2;Q9HAR2-3;Q9HAR2-4	Q9HAR2;Q9HAR2-2;Q9HAR2-3;Q9HAR2-4				5.56713e+06
Q9HAT2;Q9HAT2-2	Q9HAT2;Q9HAT2-2				1.45444e+07
Q9HBR0	Q9HBR0				2.98733e+07
Q9HBT6	Q9HBT6				3.5384e+06
Q9HBW1	Q9HBW1				2.19314e+06
Q9HC38-2	Q9HC38;Q9HC38-2;Q9HC38-3				1.60093e+06
Q9HC56;Q9HC56-2	Q9HC56;Q9HC56-2				4.01168e+06
Q9HC57	Q9HC57				1.31209e+06
Q9HCB6	Q9HCB6				7.11526e+06
Q9HCK4;Q9HCK4-2;Q9HCK4-3	Q9HCK4;Q9HCK4-2;Q9HCK4-3				2.70367e+06
Q9HCU0	Q9HCU0				6.399e+06
Q9HCU4	Q9HCU4				1.14912e+07
Q9HD45	Q9HD45				566060
Q9HDB5;Q9HDB5-2;Q9HDB5-3;Q9HDB5-4	Q9HDB5;Q9HDB5-2;Q9HDB5-3;Q9HDB5-4				1.48211e+07
Q9HDC9	Q9HDC9;Q9HDC9-2				1.14476e+06
Q9NP78;Q9NP78-2;Q9NP78-3;Q9NP78-5;Q9NP78-6;Q9NP78-7	Q9NP78;Q9NP78-2;Q9NP78-3;Q9NP78-5;Q9NP78-6;Q9NP78-7				1.21271e+06
Q9NP80;Q9NP80-2;Q9NP80-3	Q9NP80;Q9NP80-2;Q9NP80-3				1.41151e+07
Q9NPC4	Q9NPC4				3.02903e+06
Q9NPG4	Q9NPG4				2.16013e+06
Q9NPH3;Q9NPH3-2;Q9NPH3-5	Q9NPH3;Q9NPH3-2;Q9NPH3-3;Q9NPH3-5				1.73184e+06
Q9NPR2;Q9NPR2-2	Q9NPR2;Q9NPR2-2				2.05306e+07
Q9NQ36;Q9NQ36-2;Q9NQ36-3	Q9NQ36;Q9NQ36-2;Q9NQ36-3				1.88769e+06
Q9NQ38;Q9NQ38-2;Q9NQ38-3	Q9NQ38;Q9NQ38-2;Q9NQ38-3				284472
Q9NQ79;Q9NQ79-2	Q9NQ79;Q9NQ79-2;Q9NQ79-3				1.23345e+08
Q9NQX5	Q9NQX5				2.09493e+06
Q9NR34	Q9NR34				1.12471e+07
Q9NRB3	Q9NRB3				721378
Q9NRN5	Q9NRN5;Q9NRN5-2				2.04565e+07
Q9NRR1	Q9NRR1				1.1187e+07
Q9NS00;Q9NS00-2	Q9NS00;Q9NS00-2				1.03903e+06
Q9NS84	Q9NS84				220890
Q9NS85	Q9NS85;Q9NS85-2				921624
Q9NS98	Q9NS98				1.84865e+07
Q9NSC7	Q9NSC7				2.33978e+06
Q9NT22;Q9NT22-2	Q9NT22;Q9NT22-2				6.54818e+06
Q9NT99	Q9NT99				3.23993e+07
Q9NTU7	Q9NTU7				8.31651e+06
Q9NUQ9	Q9NUQ9				4.60425e+06
Q9NWD8	Q9NWD8				838970
Q9NX62	Q9NX62				1.8037e+07
Q9NXS2;Q9NXS2-3	Q9NXS2;Q9NXS2-3				571189
Q9NY15	Q9NY15				1.2818e+06
Q9NY33;Q9NY33-4	Q9NY33;Q9NY33-2;Q9NY33-4				1.90765e+06
Q9NY47;Q9NY47-2;Q9NY47-3;Q9NY47-4;Q9NY47-5	Q9NY47;Q9NY47-2;Q9NY47-3;Q9NY47-4;Q9NY47-5				5.26898e+06
Q9NY72	Q9NY72				3.15223e+06
Q9NY97;Q9NY97-2	Q9NY97;Q9NY97-2				1.45324e+07
Q9NYQ8	Q9NYQ8				1.06442e+07
Q9NYX4	Q9NYX4				7.15714e+06
Q9NZ08;Q9NZ08-2	Q9NZ08;Q9NZ08-2				1.92003e+06
Q9NZ53	Q9NZ53;Q9NZ53-2				5.62276e+06
Q9NZ72;Q9NZ72-2	Q9NZ72;Q9NZ72-2				945517
Q9NZ94;Q9NZ94-2;Q9NZ94-3	Q9NZ94;Q9NZ94-2;Q9NZ94-3				635587
Q9NZC2;Q9NZC2-2;Q9NZC2-3	Q9NZC2;Q9NZC2-2;Q9NZC2-3				6.58099e+06
Q9NZK5	Q9NZK5				5.68028e+06
Q9NZP8	Q9NZP8				1.59904e+08
Q9NZR2	Q9NZR2				2.47894e+06
Q9NZU0	Q9NZU0				578399
Q9NZU1	Q9NZU1				1.12413e+06
Q9P035	Q9P035				307410
Q9P0K1;Q9P0K1-2;Q9P0K1-5	Q9P0K1;Q9P0K1-2;Q9P0K1-3;Q9P0K1-4;Q9P0K1-5				3.73011e+07
Q9P0K9	Q9P0K9				5.99617e+06
Q9P0L0;Q9P0L0-2	Q9P0L0;Q9P0L0-2				3.05514e+06
Q9P121-4	Q9P121;Q9P121-3;Q9P121-2;Q9P121-4				1.09952e+08
Q9P232	Q9P232				2.98541e+06
Q9P2E7;Q9P2E7-2	Q9P2E7;Q9P2E7-2				7.19934e+06
Q9P2S2	P58401;Q9P2S2				3.59327e+07
Q9UBG0	Q9UBG0				2.02351e+06
Q9UBP4	Q9UBP4				6.08864e+08
Q9UBQ6	Q9UBQ6				3.11827e+07
Q9UBR2	Q9UBR2				2.57387e+07
Q9UBX1	Q9UBX1				1.6086e+07
Q9UBX5	Q9UBX5				3.29279e+07
Q9UBX7;Q9UBX7-1;Q9UBX7-3;Q9UBX7-4	Q9UBX7;Q9UBX7-1;Q9UBX7-3;Q9UBX7-4				2.20307e+06
Q9UBX8	Q9UBX8				27900.9
Q9UD71;Q9UD71-2	Q9UD71;Q9UD71-2				225132
Q9UEW3;Q9UEW3-2	Q9UEW3;Q9UEW3-2				6.68716e+06
Q9UF11;Q9UF11-2;Q9UF11-3;Q9UF11-4	Q9UF11;Q9UF11-2;Q9UF11-3;Q9UF11-4				1.27522e+07
Q9UFP1	Q9UFP1				3.90689e+06
Q9UGM5;Q9UGM5-2	Q9UGM5;Q9UGM5-2				9.55046e+06
Q9UHC6	Q9UHC6				1.79877e+07
Q9UHF0;Q9UHF0-2;Q9UHF0-3	Q9UHF0;Q9UHF0-2;Q9UHF0-3				1.96068e+06
Q9UHG2	Q9NPY3;Q9UHG2				2.35966e+08
Q9UHG3;Q9UHG3-2	Q9UHG3;Q9UHG3-2				1.6843e+06
Q9UHI8	Q9UHI8				1.07054e+06
Q9UHL4	Q9UHL4				2.2532e+07
Q9UI40;Q9UI40-2	Q9UI40;Q9UI40-2				9.10642e+06
Q9UIB8;Q9UIB8-2;Q9UIB8-3;Q9UIB8-4;Q9UIB8-5;Q9UIB8-6	Q9UIB8;Q9UIB8-2;Q9UIB8-3;Q9UIB8-4;Q9UIB8-5;Q9UIB8-6				3.48463e+06
Q9UIQ6;Q9UIQ6-2;Q9UIQ6-3	Q9UIQ6;Q9UIQ6-2;Q9UIQ6-3				754502
Q9UIW2	P51805;Q9UIW2				1.40712e+06
Q9UJ14	Q9UJ14				2.03866e+06
Q9UJ37	Q9UJ37				877833
Q9UJ90	Q9UJ90				4.4594e+06
Q9UJ99	Q9UJ99				6.22341e+06
Q9UJA9	Q9UJA9				2.04673e+06
Q9UJH8	Q9UJH8				6.26365e+06
Q9UJJ9	Q9UJJ9				7.44746e+06
Q9UJQ1;Q9UJQ1-2	Q9UJQ1;Q9UJQ1-2				4.98185e+06
Q9UK55	Q9UK55				2.17186e+06
Q9UKB5	Q9UKB5				9.25516e+06
Q9UKF6	Q9UKF6				790027
Q9UKJ1-3	Q9UKJ1;Q9UKJ1-2;Q9UKJ1-3;Q9UKJ1-4				3.32148e+06
Q9UKK9	Q9UKK9				289319
Q9UKM7	Q9UKM7				3.53277e+06
Q9UKQ2;Q9UKQ2-2	Q9UKQ2;Q9UKQ2-2				1.13394e+06
Q9UKU6	Q9UKU6				408074
Q9UKU9	Q9UKU9;Q9UKU9-2				2.3041e+06
Q9UKZ4;Q9UKZ4-2	Q9UKZ4;Q9UKZ4-2				205130
Q9ULB1-2;Q9ULB1-3	P58400;Q9ULB1-2;Q9ULB1-3				2.1253e+07
Q9ULB4	Q9ULB4				1.33744e+06
Q9ULF5	Q9ULF5				1.77143e+07
Q9ULH4	Q9ULH4				523392
Q9ULI3;Q9ULI3-2	Q9ULI3;Q9ULI3-2				8.83028e+06
Q9ULI4	Q9ULI4				604131
Q9ULP0-3;Q9ULP0-6	Q9ULP0;Q9ULP0-2;Q9ULP0-3;Q9ULP0-4;Q9ULP0-5;Q9ULP0-6;Q9ULP0-7;Q9ULP0-8				1.71783e+06
Q9ULX7	Q9ULX7				3.57931e+06
Q9ULZ3;Q9ULZ3-2;Q9ULZ3-3	Q9ULZ3;Q9ULZ3-2;Q9ULZ3-3				443546
Q9ULZ9;Q9ULZ9-2	Q9ULZ9;Q9ULZ9-2				2.25911e+06
Q9UM21;Q9UM21-2	Q9UM21;Q9UM21-2				137380
Q9UM22	Q9UM22				1.52012e+06
Q9UM47	Q9UM47				3.50276e+06
Q9UMF0	Q9UMF0				1.64519e+07
Q9UMX0;Q9UMX0-2;Q9UMX0-4	Q9UMX0;Q9UMX0-2;Q9UMX0-4				195476
Q9UMX5	Q9UMX5				1.22214e+07
Q9UN36;Q9UN36-2;Q9UN36-6	Q9UN36;Q9UN36-2;Q9UN36-3;Q9UN36-4;Q9UN36-5;Q9UN36-6				6.29239e+06
Q9UN70;Q9UN70-2	Q9UN70;Q9UN70-2				2.53058e+06
Q9UNN8	Q9UNN8				1.38572e+07
Q9UNW1	Q9UNW1;Q9UNW1-4				9.74958e+06
Q9UP79	Q9UP79				1.19649e+06
Q9UPU3	Q9UPU3				5.5708e+06
Q9UQ52	Q9UQ52				3.99997e+06
Q9UQM7;Q9UQM7-2	Q9UQM7;Q9UQM7-2				6.26388e+06
Q9Y240	Q9Y240				1.99001e+07
Q9Y274	Q9Y274;Q9Y274-2				7.64953e+06
Q9Y279;Q9Y279-2	Q9Y279;Q9Y279-2				7.30309e+06
Q9Y287	Q9Y287;Q9Y287-2				5.22026e+06
Q9Y2C2	Q9Y2C2				248995
Q9Y2E5	Q9Y2E5;Q9Y2E5-2				1.69715e+06
Q9Y2G1;Q9Y2G1-2	Q9Y2G1;Q9Y2G1-2				155551
Q9Y2G5;Q9Y2G5-1;Q9Y2G5-2	Q9Y2G5;Q9Y2G5-1;Q9Y2G5-2				325419
Q9Y2I2;Q9Y2I2-1;Q9Y2I2-2;Q9Y2I2-4;Q9Y2I2-5;Q9Y2I2-6	Q9Y2I2;Q9Y2I2-1;Q9Y2I2-2;Q9Y2I2-4;Q9Y2I2-5;Q9Y2I2-6				4.42756e+06
Q9Y2T3;Q9Y2T3-3	Q9Y2T3;Q9Y2T3-2;Q9Y2T3-3				1.72676e+07
Q9Y2Z0;Q9Y2Z0-2	Q9Y2Z0;Q9Y2Z0-2				921004
Q9Y334;Q9Y334-2	Q9Y334;Q9Y334-2				424650
Q9Y376	Q9Y376				388494
Q9Y3D6	Q9Y3D6				155616
Q9Y490	Q9Y490				535840
Q9Y4C0-4	Q9HDB5-3;Q9HDB5-4;Q9Y4C0-4				2.03875e+07
Q9Y4D7	Q9Y4D7				2.47392e+08
Q9Y4L1	Q9Y4L1				1.05622e+07
Q9Y5F6-2	Q9Y5F6;Q9Y5F6-2				4.09863e+07
Q9Y5I2;Q9Y5I2-2;Q9Y5I2-3	Q9Y5I2;Q9Y5I2-2;Q9Y5I2-3				93316.2
Q9Y5I4;Q9Y5I4-2	O75153;Q9Y5I4;Q9Y5I4-2				1.75026e+07
Q9Y5L2	Q9Y5L2				5.83368e+06
Q9Y5U5;Q9Y5U5-2;Q9Y5U5-3	Q9Y5U5;Q9Y5U5-2;Q9Y5U5-3				2.62411e+07
Q9Y5Y7	Q9Y5Y7				3.93018e+07
Q9Y617	Q9Y617;Q9Y617-2				5.43736e+06
Q9Y639;Q9Y639-1;Q9Y639-3;Q9Y639-4;Q9Y639-5	Q9Y639;Q9Y639-1;Q9Y639-3;Q9Y639-4;Q9Y639-5				5.99747e+06
Q9Y646	Q9Y646				3.07808e+07
Q9Y653;Q9Y653-2;Q9Y653-3	Q9Y653;Q9Y653-2;Q9Y653-3;Q9Y653-4;Q9Y653-5				4.50077e+07
Q9Y696	Q9Y696				2.71852e+08
Q9Y6C2	Q9Y6C2;Q9Y6C2-2				3.40879e+06
Q9Y6N6	Q9Y6N6				3.0857e+06
Q9Y6N7;Q9Y6N7-2;Q9Y6N7-3;Q9Y6N7-4;Q9Y6N7-5;Q9Y6N7-6	Q9HCK4;Q9Y6N7;Q9Y6N7-2;Q9Y6N7-3;Q9Y6N7-4;Q9Y6N7-5;Q9Y6N7-6;Q9HCK4-2;Q9HCK4-3				1.3619e+07
Q9Y6N8	Q9Y6N8				3.63666e+06
Q9Y6R7	Q9Y6R7				2.20972e+07
Q9Y6X5	Q9Y6X5				1.4595e+06
Q9Y6Y8;Q9Y6Y8-2	Q9Y6Y8;Q9Y6Y8-2				1.41063e+07
