Protein.Group	Protein.Ids	Protein.Names	Genes	First.Protein.Description	/fs/pool/pool-mann-projects/Johannes/Jakob_AD_CSF_data/Berlin_cohort_Sweden_mag_speclib_OBO/All_Raw/20190228_QX1_PhGe_SA_EASY12-10_Deigendesch_G4_190101656_repeat.mzML
A0A075B6H7;A0A0C4DH55;P01624	P01624;A0A075B6H7;A0A0C4DH55				2.58782e+08
A0A075B6H9	A0A075B6H9				2.89815e+07
A0A075B6I0	A0A075B6I0				2.57387e+07
A0A075B6I1	A0A075B6I1				2.20492e+06
A0A075B6I9	A0A075B6I9				1.11293e+08
A0A075B6J1;A0A0A0MRZ9	A0A075B6J1;A0A0A0MRZ9				4.03459e+06
A0A075B6J9	A0A075B6J9				2.94558e+06
A0A075B6K2	A0A075B6K2				2.9832e+06
A0A075B6K4	A0A075B6K0;A0A075B6K4				1.38517e+07
A0A075B6K5	A0A075B6K5				1.90701e+07
A0A075B6K6	A0A075B6K6				899833
A0A075B6P5;P01615	P01615;A0A075B6P5				2.0996e+08
A0A075B6R2	A0A075B6R2				1.82534e+07
A0A075B6R9;A0A0C4DH68	A0A075B6R9;A0A0C4DH68				9.49869e+07
A0A075B6S2	A0A075B6S2;A2NJV5				2.46569e+08
A0A075B6S5	A0A075B6S5;A0A0C4DH67;A0A0C4DH69				1.10886e+08
A0A087WSX0	A0A087WSX0;A0A0G2JS06				1.247e+07
A0A087WSY6	A0A087WSY6				1.92212e+08
A0A087WSZ0	A0A087WSZ0				4.32557e+06
A0A087WW87;P01614	P01614;A0A087WW87				526436
A0A0A0MRZ8;P04433	P04433;A0A0A0MRZ8				3.47825e+08
A0A0A0MS15	A0A0A0MS15				1.0717e+07
A0A0A0MT36;A0A0C4DH26	A0A0A0MT36;A0A0C4DH26				599467
A0A0A0MT89	A0A0A0MT89				1.94981e+07
A0A0B4J1U7	A0A0B4J1U7				2.57529e+07
A0A0B4J1V0	A0A0B4J1V0				1.79235e+08
A0A0B4J1V2	A0A0B4J1V2				1.03609e+07
A0A0B4J1X5	P01764;P01768;P01772;P01767;A0A0B4J1X5;A0A0C4DH42;P0DP02;P0DP03				1.29222e+08
A0A0B4J1Y8	A0A0B4J1Y8				6.15302e+06
A0A0B4J1Y9	A0A0B4J1Y9				6.9261e+06
A0A0C4DH25	A0A0C4DH25				5.6517e+07
A0A0C4DH29	A0A0C4DH29				1.04083e+06
A0A0C4DH30	A0A0C4DH30				167571
A0A0C4DH33	A0A0C4DH33				9.67486e+06
A0A0C4DH34	A0A0C4DH34				1.10279e+07
A0A0C4DH35	A0A0C4DH35				5.20606e+06
A0A0C4DH36	A0A0C4DH36				9.81816e+06
A0A0C4DH38	A0A0C4DH38				2.69262e+06
A0A0C4DH43	A0A0C4DH43				9.68281e+06
A0A0C4DH67	A0A0C4DH67				1.17213e+06
A0A0C4DH72	P01599;A0A0C4DH72				1.68447e+07
A0A0G2JMI3	A0A0G2JMI3				1.62423e+07
A0A0G2JS06	A0A0G2JS06				2.51903e+06
A0A0J9YX35	A0A0J9YX35				1.09378e+07
A0A0J9YXX1	A0A0C4DH38;A0A0J9YXX1				1.52631e+08
A0M8Q6	P0CG04;P0DOY2;P0DOY3;A0M8Q6;P0CF74;B9A064;P0DOX8				3.10127e+08
A1L4H1	A1L4H1;A1L4H1-2				3.38171e+06
A2NJV5	A2NJV5				105536
A2RU67	A2RU67				365212
A5D6W6	A5D6W6				2.61898e+06
A6BM72;A6BM72-2;A6BM72-4	A6BM72;A6BM72-2;A6BM72-4				1.07078e+06
A6NCE7;Q9GZQ8	Q9GZQ8;A6NCE7				586416
A6NGN9	A6NGN9				8.33923e+06
A6NHG4;P30046;P30046-2	P30046;A6NHG4;P30046-2				3.17847e+06
A6NL88	A6NL88				5.15782e+06
A6NLU5	A6NLU5				2.7097e+07
A6NML5	A6NML5				2.94814e+06
A8MTW9	A8MTW9				2.67439e+06
B4DS77;B4DS77-2;B4DS77-3	B4DS77;B4DS77-2;B4DS77-3				413397
C9JVW0	C9JVW0				8.0813e+06
E2RYF7	E2RYF7				2.63189e+06
I3L3R5	I3L3R5				1.23701e+06
O00115;O00115-2	O00115;O00115-2				2.74807e+06
O00142;O00142-2;O00142-3;O00142-4;O00142-5;O00142-6	O00142;O00142-2;O00142-3;O00142-4;O00142-5;O00142-6				4.11379e+07
O00187;O00187-2	O00187;O00187-2				624944
O00244	O00244				886248
O00264	O00264;O00264-2				2.61536e+08
O00292;O00292-2	O00292;O00292-2				656441
O00299	O00299				1.33433e+06
O00339;O00339-2;O00339-3	O00339;O00339-2;O00339-3				2.29465e+06
O00391	O00391;O00391-2				1.8058e+07
O00451	O00451;O00451-2;O00451-3				1.70699e+07
O00461	O00461				1.00674e+07
O00462	O00462				6.23271e+06
O00468-6	O00468-6;O00468-7				2.1473e+07
O00469;O00469-2;O00469-3	O00469;O00469-2;O00469-3				397273
O00499;O00499-10;O00499-11;O00499-2;O00499-3;O00499-4;O00499-5;O00499-6;O00499-7;O00499-8;O00499-9	O00499;O00499-10;O00499-11;O00499-2;O00499-3;O00499-4;O00499-5;O00499-6;O00499-7;O00499-8;O00499-9				132415
O00533	O00533				7.72245e+06
O00533-2	O00533;O00533-2				2.01141e+08
O00560;O00560-2;O00560-3	O00560;O00560-2;O00560-3				1.42382e+06
O00567	O00567				456250
O00584	O00584				1.23867e+07
O00754;O00754-2	O00754;O00754-2				2.28031e+06
O14498	O14498				7.70783e+07
O14514	O14514				2.84821e+06
O14522	O14522;O14522-1				838257
O14525;O14525-2;O14525-3	O14525;O14525-2;O14525-3				633344
O14594	O14594				1.26961e+08
O14657	O14657				121117
O14668;O14668-2	O14668;O14668-2				2.62708e+06
O14672	O14672				4.17498e+06
O14737;O14737-2	O14737;O14737-2				189255
O14745	O14745				429952
O14773	O14773				1.2481e+07
O14786	O14786;O14786-2;O14786-3				7.73281e+06
O14791-2	O14791;O14791-2;O14791-3				1.15615e+08
O14793	O14793				2.44319e+06
O14810	O14810;Q6PUV4				249408
O14917;O14917-2	O14917;O14917-2				3.21572e+06
O15031	O15031				3.30143e+07
O15041;O15041-2	O15041;O15041-2				216092
O15123;O15123-2;O15123-3	O15123;O15123-2;O15123-3				405380
O15197;O15197-3	O15197;O15197-3				7.97475e+06
O15204;O15204-2	O15204;O15204-2				1.53502e+06
O15230	O15230				2.31451e+06
O15232;O15232-2	O15232;O15232-2				1.19723e+06
O15240	O15240				1.79496e+08
O15335	O15335				6.03022e+06
O15354	O15354				2.3729e+07
O15394	O15394;O15394-2				2.2857e+07
O15466;O15466-2	O15466;O15466-2				1.23001e+06
O15498;O15498-2	O15498;O15498-2				316696
O43155	O43155				664030
O43157	O43157;O43157-2;O43157-3				5.14292e+06
O43173	O43173				2.98441e+06
O43240	O43240				1.45512e+06
O43278;O43278-2	O43278;O43278-2				2.29428e+06
O43291	O43291				8.97734e+06
O43300	O43300				3.69814e+06
O43323	O43323				873692
O43405	O43405;O43405-2				3.82679e+07
O43491;O43491-4	O43491;O43491-4				164965
O43493;O43493-3;O43493-5;O43493-7	O43493;O43493-3;O43493-5;O43493-7				4.72676e+07
O43504	O43504				1.20276e+06
O43505	O43505				4.49072e+08
O43508	O43508				1.21099e+06
O43529	O43529				5.22954e+06
O43556;O43556-3;O43556-4	O43556;O43556-3;O43556-4				9.48858e+06
O43567	O43567;O43567-2				1.89711e+06
O43581-2;O43581-3;O43581-5	O43581-2;O43581-3;O43581-5				899082
O43736;O43736-2	O43736;O43736-2				267828
O43827	O43827				3.99585e+07
O43852;O43852-2;O43852-3;O43852-4;O43852-5;O43852-9	O43852;O43852-10;O43852-11;O43852-12;O43852-13;O43852-14;O43852-2;O43852-3;O43852-4;O43852-5;O43852-6;O43852-7;O43852-8;O43852-9				1.03932e+07
O43854;O43854-2	O43854;O43854-2				1.47602e+06
O43866	O43866				5.20129e+06
O43897;O43897-2	O43897;O43897-2				1.16323e+06
O43909	O43909				487913
O43916	O43916				1.16853e+06
O60241;O60241-2;O60241-3;O60241-4	O60241;O60241-2;O60241-3;O60241-4				1.23084e+07
O60242	O60242				1.49505e+06
O60243	O60243;O60243-2				2.9947e+06
O60245;O60245-2	O60245;O60245-2				2.22466e+07
O60279	O60279				1.89272e+07
O60291;O60291-2;O60291-3;O60291-4	O60291;O60291-2;O60291-3;O60291-4				4.25909e+06
O60330;O60330-2	O60330;Q9Y5G5;Q9Y5G8;Q9Y5G9;O60330-2;Q9Y5G5-2;Q9Y5G8-2;Q9Y5G9-2				760373
O60449;O60449-2;O60449-3	O60449;O60449-2;O60449-3				1.2976e+06
O60462;O60462-2;O60462-3;O60462-4;O60462-5	O60462;O60462-2;O60462-3;O60462-4;O60462-5;O60462-6				8.43352e+06
O60476	O60476				4.2184e+06
O60477	O60477;Q76B58;O60477-3;Q76B58-2				575765
O60512	O60512				1.59604e+06
O60565	O60565				434090
O60568	O60568				2.53742e+06
O60613	O60613				2.24557e+06
O60741	O60741				846931
O60814;P06899;P23527;P33778;P57053;P58876;P62807;Q16778;Q5QNW6;Q5QNW6-2;Q93079;Q96A08;Q99877;Q99879;Q99880	O60814;P06899;P23527;P33778;P57053;P58876;P62807;Q16778;Q5QNW6;Q8N257;Q93079;Q96A08;Q99877;Q99879;Q99880;A0A2R8Y619;Q5QNW6-2				2.18079e+06
O60883	O60883				1.01107e+08
O60888-3	O60888;O60888-2;O60888-3				9.66447e+06
O60909;O60909-2;O60909-3	O60909;O60909-2;O60909-3				503458
O60939	O60939				1.36501e+06
O75051;O75051-2	O75051;O75051-2				1.17417e+06
O75063	O75063				2.18554e+06
O75071	O75071				5.61635e+06
O75077;O75077-2;O75077-3	O75077;O75077-2;O75077-3				3.97753e+06
O75078	O75078;O75078-2				4.39504e+06
O75083	O75083;O75083-3				2.21097e+06
O75084;Q14332	O75084;Q14332				555678
O75144;O75144-2	O75144;O75144-2;O75144-3				3.0054e+07
O75173;O75173-2	O75173;O75173-2				7.72672e+06
O75223	O75223				504080
O75326	O75326;O75326-2				2.73265e+07
O75339	O75339				893728
O75347;O75347-2	O75347;O75347-2				3.71682e+06
O75354;O75354-2;O75354-3	O75354;O75354-2;O75354-3				948548
O75368	O75368				1.50511e+06
O75487	O75487;O75487-2				537611
O75493	O75493				6.72094e+06
O75503	O75503				5.86747e+06
O75509	O75509				2.09081e+07
O75629	O75629				898239
O75636;O75636-2	O75636;O75636-2				2.23963e+06
O75711	O75711				2.23803e+08
O75752	O75752				5.25874e+06
O75781;O75781-2	O75781;O75781-2				3.24027e+06
O75787;O75787-2	O75787;O75787-2				2.98381e+07
O75828	O75828				2.35535e+06
O75874	O75874				898424
O75882;O75882-2;O75882-3	O75882;O75882-2;O75882-3				1.03102e+07
O75973	O75973				718450
O75976	O75976				1.56733e+06
O76061	O76061				4.34446e+06
O76070	O76070				387895
O94760	O94760;O94760-2				7.49759e+06
O94766	O94766;Q9NPZ5				1.20656e+06
O94769	O94769;O94769-2				1.30078e+07
O94772;O94772-2	O94772;O94772-2				1.37781e+08
O94779;O94779-2	O94779;O94779-2				795285
O94856-11	O94856;O94856-10;O94856-11;O94856-12;O94856-13;O94856-3;O94856-4;O94856-5;O94856-6;O94856-7;O94856-8;O94856-9				3.38608e+07
O94898	O94898				522648
O94910;O94910-2	O94910;O94910-2				8.98056e+06
O94919	O94919				4.83642e+07
O94923	O94923				219138
O94933	O94933				2.4567e+06
O94973;O94973-2	O94973;O94973-2				421476
O94985	O94985				2.18748e+06
O94985-2	O94985;O94985-2				2.14683e+08
O94991	O94991;O94991-2				1.16867e+07
O95084	O95084;O95084-2				2.38347e+06
O95157	O95157				1.1546e+06
O95158	O95158				1.77127e+07
O95159	O95159				1.05196e+06
O95185;O95185-2	O95185;O95185-2				4.32514e+06
O95196;O95196-2	O95196;O95196-2				5.7007e+06
O95206;O95206-2	O95206;O95206-2				4.50709e+06
O95292	O95292;Q9P0L0;O95292-2;Q9P0L0-2				4.62462e+06
O95297;O95297-2;O95297-3	O95297;O95297-2;O95297-3;O95297-4				1.35009e+06
O95336	O95336				1.20114e+06
O95390	O95390				3.05224e+06
O95428;O95428-5;O95428-6	O95428;O95428-3;O95428-4;O95428-5;O95428-6				6.38803e+06
O95445	O95445;O95445-2				3.18525e+07
O95445-2	O95445-2				710864
O95450;O95450-2	O95450;O95450-2				1.77311e+06
O95467	O95467				1.95911e+06
O95477	O95477				2.22151e+06
O95490;O95490-2;O95490-3;O95490-4;O95490-5;O95490-6;O95490-7	O95490;O95490-2;O95490-3;O95490-4;O95490-5;O95490-6;O95490-7				788749
O95497	O95497				1.46392e+06
O95502	O95502				1.00812e+08
O95633;O95633-2	O95633;O95633-2				1.99401e+06
O95841	O95841;Q9UKU9;Q9UKU9-2				1.93339e+06
O95865	O95865				1.56488e+06
O95881	O95881				247259
O95897	O95897				1.4039e+06
O95967	O95967				1.1785e+07
O95970	O95970;O95970-2				238247
O95980	O95980				1.13304e+07
O95998	O95998;O95998-4				6.20255e+06
P00338;P00338-3	P00338;P00338-3;P00338-4				1.0959e+07
P00352	P00352				512312
P00390;P00390-2;P00390-3;P00390-4;P00390-5	P00390;P00390-2;P00390-3;P00390-4;P00390-5				2.97061e+06
P00441	P00441				5.35008e+08
P00450	P00450				2.49768e+08
P00488	P00488				3.17241e+06
P00492	P00492				4.08659e+06
P00505	P00505;P00505-2				4.08985e+08
P00533;P00533-3;P00533-4	P00533;P00533-2;P00533-3;P00533-4				1.11601e+06
P00558	P00558;P00558-2				9.74603e+06
P00568	P00568				615060
P00734	P00734				8.88269e+07
P00736	P00736				9.26065e+07
P00738	P00738;P00738-2				2.16319e+09
P00739	P00739;P00739-2				1.09775e+09
P00740;P00740-2	P00740;P00740-2				6.25971e+06
P00742	P00742				2.67559e+07
P00746	P00746				4.41929e+07
P00747	P00747				2.11837e+08
P00748	P00748				1.2446e+08
P00751	P00751;P00751-2				1.79923e+08
P00918	P00918				470291
P01008	P01008				3.77211e+08
P01009	P01009;P01009-2;P01009-3				4.07469e+09
P01011	P01011				1.57971e+09
P01019	P01019				9.21636e+08
P01023	P01023;P20742;P20742-2				4.0002e+08
P01024	P01024				1.10586e+09
P01031	P01031				3.34326e+07
P01033	P01033				7.03862e+07
P01034	P01034				3.27669e+09
P01042	P01042;P01042-2;P01042-3				3.03495e+08
P01042-2;P01042-3	P01042-2;P01042-3				1.23131e+08
P01127;P01127-2	P01127;P01127-2				3.02906e+07
P01130;P01130-2;P01130-3;P01130-4;P01130-5;P01130-6	P01130;P01130-2;P01130-3;P01130-4;P01130-5;P01130-6				778811
P01178	P01178				1.41427e+06
P01210	P01210				1.1775e+08
P01213	P01213				9.73103e+06
P01236	P01236				533119
P01258;P01258-2	P01258;P06881;P10092;P01258-2				2.1161e+06
P01282;P01282-2	P01282;P01282-2				1.11562e+06
P01303	P01303				1.21578e+07
P01344;P01344-2;P01344-3	P01344;P01344-2;P01344-3				3.77695e+07
P01591	P01591				1.1518e+07
P01593;P01594	P01593;P01594				2.56253e+07
P01601	P01601				2.6212e+06
P01602	P01602				9.85304e+06
P01619	P01619				7.00864e+08
P01700	P01700				5.69712e+07
P01701	P01701				4.21792e+07
P01703	P01703				3.49008e+06
P01705	P01704;P01705				8.23781e+06
P01706	P01706				4.87137e+06
P01709	P01706;P01709;P0DOX8				1.85922e+07
P01714	P01714				8.51597e+06
P01717	P01717				8.83961e+07
P01721	P01721				4.06186e+06
P01742	P01742				3.51276e+06
P01743	P01743				404890
P01768;P0DP03	P01768;P01772;P0DP02;P0DP03				3.31091e+07
P01780	P01780				1.74117e+08
P01814	P01814				8.71922e+06
P01817	P01817				9.55658e+06
P01833	P01833				1.24155e+06
P01834	P01834				5.53115e+07
P01859;P01859-1	P01859;P01859-1				1.31386e+09
P01860;P01860-1	P01860;P01860-1				5.92929e+07
P01861;P01861-1	P01861;P01861-1				2.14727e+08
P01871;P01871-1	P01871;P0DOX6;P01871-1				1.89807e+07
P01876;P01876-1	P01876;P01876-1				4.44188e+08
P01889	P01889;P13747				709216
P01903	P01903;P01906				255592
P02144	P02144				1.51753e+06
P02452	P02452				3.31602e+07
P02461	P02461;P02461-2				8.42919e+06
P02647	P02647				6.96576e+09
P02649	P02649				6.34238e+09
P02652	P02652				8.03761e+08
P02654	P02654				1.58851e+08
P02655	P02655				1.33019e+07
P02656	P02656				4.0848e+07
P02671	P02671;P02671-2				3.68911e+08
P02675	P02675				1.37771e+08
P02679;P02679-2	P02679;P02679-2				1.36727e+08
P02686;P02686-3;P02686-4;P02686-5;P02686-6	P02686;P02686-3;P02686-4;P02686-5;P02686-6				315540
P02741	P02741				3.4609e+06
P02743	P02743				1.80861e+07
P02745	P02745				1.30652e+08
P02746	P02746				2.63185e+08
P02747	P02747				2.14485e+08
P02748	P02748				6.55009e+07
P02749	P02749				6.53243e+07
P02750	P02750				1.24684e+08
P02751;P02751-1	P02751;P02751-1;P02751-10;P02751-11;P02751-12;P02751-13;P02751-14;P02751-16;P02751-17;P02751-2;P02751-3;P02751-4;P02751-5;P02751-6;P02751-7;P02751-8;P02751-9				3.31086e+08
P02753	P02753				2.09914e+08
P02760	P02760				7.83793e+07
P02763	P02763				2.85617e+09
P02765	P02765				8.50952e+08
P02766	P02766				7.08969e+09
P02768	P02768				3.14546e+10
P02774;P02774-3	P02774;P02774-2;P02774-3				1.02124e+09
P02786	P02786				1.42204e+06
P02787	P02787				7.03544e+09
P02788;P02788-2	P02788;P02788-2				2.97082e+06
P02790	P02790				1.58901e+09
P02792	P02792				2.02442e+06
P02794	P02794				4.13686e+06
P02810	P02810				805788
P03950	P03950				2.7096e+06
P03951;P03951-2	P03951;P03951-2				1.30761e+07
P03952	P03952				2.5397e+07
P04003	P04003				6.96534e+06
P04004	P04004				6.29631e+08
P04040	P04040				697676
P04062;P04062-2;P04062-4;P04062-5	P04062;P04062-2;P04062-3;P04062-4;P04062-5				3.25965e+06
P04066	P04066				4.46584e+06
P04070;P04070-2	P04070;P04070-2				4.90159e+06
P04075	P04075;P09972;P04075-2				4.62833e+07
P04080	P04080				2.78941e+06
P04083	P04083				22373.3
P04085;P04085-2	P04085;P04085-2				9.5223e+06
P04114	P04114				1.22479e+08
P04156	P04156				2.83001e+08
P04179	P04179;P04179-2;P04179-3;P04179-4				9.68202e+06
P04180	P04180				2.55376e+07
P04196	P04196				1.2411e+08
P04216	P04216				2.93799e+08
P04217	P04217;P04217-2				3.70622e+08
P04217-2	P04217-2				3.47288e+06
P04233;P04233-2;P04233-4;P04233-5	P04233;P04233-2;P04233-4;P04233-5				4.32257e+06
P04264	P04264				2.51722e+06
P04271	P04271				2.62528e+06
P04275	P04275				3.67238e+06
P04278	P04278;P04278-5				5.6232e+06
P04350;P07437;P68371	P04350;P07437;P68371				472618
P04406	P04406;P04406-2				2.61587e+07
P04430	P04430				438161
P04439;P04439-2	P01889;P01893;P04439;P13747;P17693;P17693-2;P17693-5;P17693-6;P04439-2				6.27645e+06
P04746-2	P04746;P04746-2				200949
P04792	P04792				1.74375e+06
P04908;P0C0S5;P0C0S8;P16104;P20671;Q16777;Q6FI13;Q71UI9;Q71UI9-2;Q71UI9-5;Q7L7L0;Q8IUE6;Q93077;Q96KK5;Q96QV6;Q99878;Q9BTM1;Q9BTM1-2	P04908;P0C0S5;P0C0S8;P16104;P20671;Q16777;Q6FI13;Q71UI9;Q7L7L0;Q8IUE6;Q93077;Q96KK5;Q96QV6;Q99878;Q9BTM1;Q71UI9-2;Q71UI9-5;Q9BTM1-2				893665
P05023;P05023-2;P05023-4	P05023;P05023-2;P05023-4				966011
P05026;P05026-2	P05026;P05026-2				989101
P05060	P05060				6.10141e+08
P05067;P05067-11;P05067-8	P05067;P05067-4;P05067-10;P05067-11;P05067-3;P05067-5;P05067-6;P05067-7;P05067-8;P05067-9				8.0652e+08
P05090	P05090				2.60318e+09
P05107	P05107				358785
P05109	P05109				140133
P05121	P05121				543077
P05154	P05154				1.49695e+07
P05155;P05155-3	P05155;P05155-2;P05155-3				6.59297e+08
P05156	P05156				4.24553e+07
P05160	P05160				3.34858e+06
P05362	P05362				3.60558e+06
P05408;P05408-2	P05408;P05408-2				2.99813e+08
P05413	P05413				1.9334e+07
P05451;P48304	P05451;P48304				289339
P05452	P05452				1.1026e+08
P05543	P05543				5.13879e+07
P05546	P05546				9.05898e+07
P05556;P05556-2;P05556-3;P05556-4;P05556-5	P05556;P05556-2;P05556-5;P05556-3;P05556-4				1.53872e+06
P05937	P05937;P05937-2				6.38198e+06
P05997	P05997				1.3573e+06
P06276	P06276				5.75746e+06
P06280	P06280				688412
P06307	P06307				1.72228e+07
P06310	P06310				1.86165e+08
P06312	P06312				3.3168e+08
P06331	P01824;P01825;P06331;A0A0C4DH41;P0DP06;P0DP08				1.21938e+07
P06396	P06396;P06396-2;P06396-3;P06396-4				1.23589e+09
P06396-2	P06396-2				4.60147e+06
P06454;P06454-2	P06454;P06454-2				151522
P06681	P06681;P06681-2;P06681-3				4.26517e+07
P06702	P06702				446129
P06703	P06703				2.06924e+06
P06727	P06727				3.7375e+08
P06733	P06733;P06733-2				7.14454e+06
P06744;P06744-2	P06744;P06744-2				3.71741e+06
P06865	P06865				8.47291e+06
P07093;P07093-2;P07093-3	P07093;P07093-2;P07093-3				4.03677e+06
P07108;P07108-2;P07108-3;P07108-4;P07108-5	P07108;P07108-2;P07108-3;P07108-4;P07108-5;P07108-6				1.79441e+07
P07195	P00338;P07195;P07864;Q6ZMR3;P00338-3;P00338-2;P00338-4;P00338-5				3.56236e+07
P07196	P07196				50876
P07225	P07225				6.15796e+07
P07237	P07237				5.09249e+06
P07307;P07307-2;P07307-3	P07307;P07307-3;P07307-2				546784
P07311	P07311				2.26436e+06
P07333	P07333;P07333-2				6.037e+07
P07339	P07339				2.00221e+08
P07355;P07355-2	A6NMY6;P07355;P07355-2				494568
P07357	P07357				2.40547e+07
P07358	P07358				1.9264e+07
P07360	P07360				1.63717e+07
P07451	P07451				109920
P07477	P07477;Q9BYE2;Q9BYE2-2;Q9BYE2-3;Q9BYE2-6				1.84788e+07
P07492	P07492				1.55856e+06
P07585	P07585				2.24571e+07
P07602;P07602-2;P07602-3	P07602;P07602-2;P07602-3				3.00846e+07
P07686	P07686				5.15184e+06
P07711	P07711;P07711-3				1.48308e+07
P07737	P07737				4.13658e+06
P07858	P07858				2.89371e+07
P07900;P07900-2	P07900;P08238;P07900-2				1.67329e+06
P07942	P07942				6.36535e+06
P07988	P07988				130409
P07996	P07996;P07996-2				1.09634e+07
P07998	P07998				2.53581e+07
P08123	P08123				2.04363e+07
P08133;P08133-2	P08133;P08133-2				269632
P08134;P61586	P08134;P61586				268533
P08174;P08174-2;P08174-3;P08174-4;P08174-5;P08174-6;P08174-7	P08174;P08174-2;P08174-3;P08174-4;P08174-5;P08174-6;P08174-7				2.53141e+07
P08185	P08185				1.53194e+08
P08195;P08195-2;P08195-3;P08195-4;P08195-5	P08195;P08195-4;P08195-2;P08195-3;P08195-5				1.99856e+07
P08238	P08238;Q58FF7				1.11694e+06
P08253	P08253;P08253-2;P08253-3				2.4873e+07
P08254;P09238	P08254;P09238				234466
P08294	P08294				1.52184e+08
P08476	P08476				1.284e+06
P08493-2	P08493;P08493-2				4.9815e+07
P08519	P08519				1.23757e+06
P08571	P08571				2.48012e+08
P08572	P08572				2.91883e+06
P08581;P08581-2	P08581;P08581-2				5.50907e+06
P08582	P08582				1.86947e+06
P08603	P08603				1.9316e+08
P08637	P08637				9.95554e+06
P08670	P08670				1.56375e+06
P08697	P08697;P08697-2				2.41124e+08
P08709;P08709-2	P08709;P08709-2				649581
P08758	P08758				1.9547e+06
P09104	P09104;P09104-2				4.31488e+06
P09172	P09172				165273
P09211	P09211				4.39277e+06
P09382	P09382				1.81897e+07
P09417;P09417-2	P09417;P09417-2				8.91247e+06
P09455	P09455;P09455-2;P09455-3				597328
P09486	P09486				1.24556e+08
P09493;P09493-10;P09493-2;P09493-3;P09493-4;P09493-5;P09493-6;P09493-7;P09493-8;P09493-9	P06753;P07951;P09493;P09493-10;P67936;P07951-2;P09493-5;P06753-2;P06753-3;P09493-2;P09493-3;P09493-4;P09493-6;P09493-7;P09493-8;P09493-9;P06753-4;P06753-5;P06753-6;P07951-3;P67936-2				705585
P09603	P09603				5.19973e+07
P09619	P09619;P09619-2				1.09814e+07
P09622;P09622-2	P09622;P09622-2				4.30874e+06
P09668	P09668				7.49753e+06
P09871	P09871				1.31234e+08
P09936	P09936				6.64732e+06
P09958	P09958				1.03497e+06
P09960;P09960-4	P09960;P09960-4				1.02416e+06
P09972	P09972				2.0719e+07
P0C0L4;P0C0L4-2	P0C0L4;P0C0L4-2				1.01561e+08
P0C0L5	P0C0L4;P0C0L5;P0C0L4-2				1.0936e+09
P0C6S8	P0C6S8				1.37572e+06
P0CG47;P0CG48	P0CG47;P0CG48;P62979;P62987				6.54693e+07
P0DJI8;P0DJI9	P0DJI8;P0DJI9;P0DJI9-2				994319
P0DMQ5	P0DMQ5				1.82619e+07
P0DMV8;P0DMV8-2;P0DMV9	P0DMV8;P0DMV9;P0DMV8-2				1.7179e+06
P0DOX2	P01876;P01877;P01876-1;P01877-1;P0DOX2				5.7477e+08
P0DOX3	P0DOX3				7.86401e+06
P0DOX4	P0DOX4				4.66794e+06
P0DOX5	P0DOX5				6.81346e+09
P0DOX7	P01834;P0DOX7				5.0909e+08
P0DOX8	B9A064;P0DOX8				2.13621e+08
P0DOY3	P0DOY2;P0DOY3				1.05097e+09
P0DP23;P0DP24;P0DP25	P0DP23;P0DP24;P0DP25;P27482				2.47322e+06
P0DP58	P0DP58				1.35102e+08
P0DTE1	P0DTE1				5.04547e+06
P0DTE7;P0DTE8;P0DUB6	P0DTE7;P0DTE8;P0DUB6				182546
P10124	P10124				4.38306e+06
P10153	P10153				1.70844e+07
P10253	P10253				2.92717e+06
P10321	P10321;P10321-2				4.64935e+06
P10412;P16402;P16403	P10412;P16402;P16403				656333
P10451-3	P10451-3				2.6558e+07
P10451-5	P10451;P10451-4;P10451-5				3.16021e+08
P10451;P10451-4	P10451;P10451-4				1.88667e+06
P10586;P10586-2	P10586;P10586-2				1.21038e+07
P10599	P10599;P10599-2				1.35567e+07
P10619;P10619-2	P10619;P10619-2				1.14017e+06
P10636-2;P10636-6	P10636;P10636-8;P10636-6;P10636-2;P10636-3;P10636-4;P10636-5;P10636-7;P10636-9				1.42836e+06
P10643	P10643				3.70051e+07
P10644	P10644;P10644-2				935817
P10645	P10645				4.86829e+08
P10721;P10721-2	P10721;P10721-2				5.22466e+06
P10745	P10745				2.02714e+06
P10768	P10768				2.61947e+06
P10909-6	P10909;P10909-4;P10909-6;P10909-2;P10909-3;P10909-5				5.07569e+09
P10915	P10915				149944
P11021	P11021				8.86855e+06
P11047	P11047				1.29113e+07
P11117	P11117				1.70195e+06
P11142	P11142				1.11529e+07
P11215;P11215-2	P11215;P11215-2				232038
P11226	P11226				237582
P11279	P11279				6.24524e+06
P11362-21;P11362-7	P11362;P11362-10;P11362-11;P11362-12;P11362-13;P11362-14;P11362-16;P11362-18;P11362-19;P11362-2;P11362-20;P11362-21;P11362-3;P11362-4;P11362-5;P11362-6;P11362-7;P11362-8;P11362-9				2.31221e+07
P11464-4	P11464-4				4.73764e+06
P11597	P11597;P11597-2				1.09877e+06
P11717	P11717				6.44519e+06
P12107;P12107-2;P12107-3;P12107-4	P12107;P12107-2;P12107-3;P12107-4				401322
P12109	P12109				3.50377e+07
P12110	P12110;P12110-2;P12110-3				4.33253e+06
P12111	P12111;P12111-2;P12111-4				2.30376e+07
P12111-4	P12111-4				1.54803e+06
P12259	P12259				1.81849e+07
P12272;P12272-2;P12272-3	P12272;P12272-2;P12272-3				3.06369e+06
P12277	P12277				1.69782e+06
P12314;Q92637;Q92637-3	P12314;Q92637;Q92637-3				1.22254e+07
P12318;P12318-2	P12318;P31994;P31995;P12318-2;P31994-2;P31994-3;P31994-4;P31994-5;P31995-2;P31995-3;P31995-4				4.84026e+06
P12532;P12532-2	P12532;P12532-2				2.51824e+06
P12821;P12821-2	P12821;P12821-2				1.24648e+06
P12830;P12830-2	P12830;P12830-2				2.6612e+06
P12955	P12955;P12955-3				1.1979e+06
P13284	P13284				1.82545e+06
P13385	P13385;P51864				978732
P13473;P13473-2;P13473-3	P13473;P13473-2;P13473-3				8.24955e+07
P13489	P13489				788179
P13497;P13497-2;P13497-3;P13497-4;P13497-5;P13497-6	P13497;P13497-2;P13497-3;P13497-4;P13497-5;P13497-6				2.30327e+06
P13521	P13521				1.11093e+08
P13591	P13591;P13591-1;P13591-3;P13591-4;P13591-5;P13591-6				2.21867e+08
P13591-3	P13591-1;P13591-3;P13591-4				7.24093e+07
P13598	P13598				4.63231e+06
P13611;P13611-5	P13611;P13611-2;P13611-3;P13611-4;P13611-5				2.83115e+07
P13637;P13637-2;P13637-3	P13637;P13637-2;P13637-3				1.7725e+06
P13645	P02533;P08779;P13645;Q7Z3Y7;Q7Z3Y8;Q7Z3Y9;Q7Z3Z0				2.43348e+06
P13667	P13667				1.0954e+06
P13671	P13671				2.49085e+07
P13693	P13693				1.09324e+06
P13747	P13747				1.82203e+06
P13796	P13796;P13796-2				5.10198e+06
P13797;P13797-2;P13797-3	P13797;P13797-2;P13797-3				544286
P13987;P13987-2	P13987;P13987-2				4.78161e+07
P14136	P14136				3.94143e+06
P14138;P14138-2;P14138-3	P14138;P14138-2;P14138-3				4.0669e+06
P14151;P14151-2	P14151;P14151-2				8.45353e+06
P14174	P14174				1.12797e+07
P14207	P14207				7.41643e+06
P14209	P14209;P14209-3				1.0439e+07
P14314-2	P14314;P14314-2				6.62909e+06
P14324;P14324-2	P14324;P14324-2				420009
P14384	P14384				992412
P14415	P14415				2.20301e+06
P14543	P14543;P14543-2				2.22422e+07
P14550	P14550				1.26138e+06
P14618-2	P14618;P14618-2;P14618-3				6.72567e+07
P14618;P14618-3	P14618;P14618-3				1.32606e+06
P14621	P14621				6.08602e+06
P14625	P14625				7.99462e+06
P15086	P15085;P15086				1.26715e+06
P15090	P15090				6.08249e+06
P15121	P15121				1.16129e+06
P15144	P15144				9.55319e+06
P15151;P15151-2;P15151-3;P15151-4	P15151;P15151-2;P15151-3;P15151-4				4.10359e+06
P15169	P15169				4.40043e+06
P15289;P15289-2	P15289;P15289-2				3.01088e+06
P15291;P15291-2	P15291;P15291-2				5.8698e+06
P15328	P15328				2.03026e+06
P15502;P15502-1;P15502-10;P15502-12;P15502-13;P15502-2;P15502-4;P15502-5;P15502-6;P15502-7;P15502-9	P15502;P15502-1;P15502-10;P15502-12;P15502-13;P15502-2;P15502-4;P15502-5;P15502-6;P15502-7;P15502-9				2.55674e+06
P15509;P15509-2;P15509-3;P15509-4;P15509-5;P15509-7	P15509;P15509-3;P15509-4;P15509-2;P15509-5;P15509-7;P15509-8				2.83343e+06
P15531;P15531-2	P15531;P15531-2				882952
P15586	P15586;P15586-2				3.14789e+06
P15848;P15848-2	P15848;P15848-2				176945
P16035	P16035				8.14528e+07
P16070;P16070-10;P16070-11;P16070-12;P16070-13;P16070-14;P16070-15;P16070-16;P16070-17;P16070-18;P16070-3;P16070-4;P16070-5;P16070-6;P16070-7;P16070-8;P16070-9	P16070;P16070-10;P16070-11;P16070-12;P16070-13;P16070-14;P16070-15;P16070-16;P16070-17;P16070-18;P16070-3;P16070-4;P16070-5;P16070-6;P16070-7;P16070-8;P16070-9				1.84636e+08
P16112;P16112-2	P16112;P16112-2;P16112-3				2.1771e+06
P16152	P16152				2.68384e+06
P16278;P16278-3	P16278;P16278-3				502327
P16519;P16519-2;P16519-3	P16519;P16519-2;P16519-3				6.80324e+06
P16870;P16870-2	P16870;P16870-2				6.12322e+07
P16930	P16930				1.12817e+06
P16949;P16949-2	P16949;P16949-2				5.40081e+06
P17050	P17050				1.31289e+06
P17066	P17066;P48741				9.14016e+06
P17174	P17174;P17174-2				1.89531e+07
P17302	P17302				1.55357e+06
P17405;P17405-4	P17405;P17405-4				1.02714e+06
P17600;P17600-2	P17600;P17600-2				1.73001e+06
P17677;P17677-2	P17677;P17677-2				5.0473e+06
P17813;P17813-2	P17813;P17813-2				2.21354e+06
P17900	P17900				6.62771e+07
P17931	P17931				2.36209e+06
P17936;P17936-2	P17936;P17936-2				1.12683e+07
P18065	P18065				1.35734e+08
P18075	P18075				392546
P18206;P18206-2	P18206;P18206-2				1.35209e+06
P18428	P18428				5.44293e+06
P18669	P15259;P18669				1.05212e+07
P18850	P18850				495743
P19021;P19021-5;P19021-6	P19021;P19021-3;P19021-4;P19021-2;P19021-5;P19021-6				5.92339e+07
P19022	P19022;P19022-2				8.13326e+07
P19320	P19320;P19320-2;P19320-3				9.35768e+06
P19367;P19367-2;P19367-3;P19367-4	P19367;P19367-2;P19367-3;P19367-4				1.29209e+06
P19526	P19526				105791
P19652	P19652				1.09236e+09
P19823	P19823				1.26778e+08
P19827	P19827;P19827-2				5.1748e+07
P19835	P19835				1.17514e+06
P19961	P04746;P0DTE7;P0DTE8;P0DUB6;P19961;P19961-2;P04746-2				1.32921e+06
P20036	P20036				176097
P20062	P20062				2.75324e+07
P20138;P20138-2	P20138;P20138-2				1.25167e+06
P20340;P20340-2;P20340-4;Q9NRW1;Q9NRW1-2	P20340;Q9NRW1;P20340-2;P20340-4;Q9NRW1-2				70364.7
P20366;P20366-2	P20366;P20366-2;P20366-3;P20366-4				1.17528e+07
P20382	P20382				751393
P20472	P20472				1.74805e+07
P20618	P20618				2.61198e+06
P20742	P20742;P20742-2				2.88986e+06
P20774	P20774				1.38232e+08
P20827	P20827;P20827-2				6.41409e+06
P20851;P20851-2	P20851;P20851-2				1.23358e+06
P20908;P20908-2	P20908;P20908-2				562038
P20916;P20916-2;P20916-3	P20916;P20916-2;P20916-3				4.88281e+06
P20933	P20933				3.32936e+07
P21246	P21246				2.80432e+06
P21333;P21333-2	P21333;P21333-2				2.24853e+06
P21453	P21453				3.31007e+06
P21554	P21554				2.37671e+06
P21579	P21579				1.9357e+06
P21802;P21802-16;P21802-2;P21802-5;P21802-6;P21802-8	P21802;P21802-3;P21802-14;P21802-15;P21802-16;P21802-17;P21802-18;P21802-19;P21802-2;P21802-23;P21802-5;P21802-6;P21802-8				8.91844e+06
P21810	P21810				5.59647e+06
P21860;P21860-4	P21860;P21860-4				566991
P21926	P21926				1.40478e+06
P21980	P21980				35186.8
P22004	P22004				1.56651e+06
P22061;P22061-2	P22061;P22061-2				5.80999e+06
P22105;P22105-1;P22105-4	P22105;P22105-1;P22105-4				1.17858e+07
P22223;P22223-2	P22223;P22223-2				504845
P22303;P22303-2;P22303-3;P22303-4	P22303;P22303-2;P22303-3;P22303-4				1.3822e+06
P22304	P22304				1.17556e+07
P22352	P22352				3.78743e+07
P22392-2	P15531;P22392;O60361;P22392-2;P15531-2				5.27002e+06
P22466	P22466				29418.4
P22607;P22607-2;P22607-3;P22607-4	P22607;P22607-2;P22607-3;P22607-4				1.62904e+07
P22676	P22676				1.63001e+06
P22692;P22692-2	P22692;P22692-2				6.05543e+07
P22748	P22748				1.1037e+07
P22792	P22792				7.26696e+06
P22794;P22794-2	P22794;P22794-2				2.17393e+06
P22891;P22891-2	P22891;P22891-2				1.53034e+06
P22897	P22897;P22897-2				5.56583e+06
P23083	P23083;A0A0C4DH31				3.92385e+08
P23142	P23142				1.65007e+08
P23142-4	P23142-4				2.37597e+08
P23284	P23284				2.0005e+07
P23381;P23381-2	P23381;P23381-2				805388
P23435	P23435;Q8IUK8				2.75031e+07
P23468	P23468;P23468-2;P23468-3;P23468-4;P23468-5;P23468-6;P23468-7				1.14332e+07
P23468-7	P23468-4;P23468-5;P23468-6;P23468-7				1.24012e+06
P23470;P23470-2	P23470;P23470-2				1.11716e+07
P23471;P23471-2	P23471;P23471-2;P23471-3				3.01181e+07
P23515	P23515				9.41726e+07
P23526;P23526-2	P23526;P23526-2				330281
P23528	P23528;Q9Y281;Q9Y281-3				1.87181e+06
P23560;P23560-2;P23560-3;P23560-4;P23560-5	P23560;P23560-2;P23560-3;P23560-4;P23560-5				3.11217e+06
P23582	P23582				4.84472e+07
P24043	P24043				1.20953e+07
P24347	P24347				6.68461e+06
P24387	P24387				269052
P24592	P24592				3.07564e+08
P24593	P24593				1.84377e+07
P24821;P24821-4	P24821;P24821-2;P24821-3;P24821-4;P24821-5;P24821-6				1.57086e+06
P25189;P25189-2	P25189;P25189-2				2.69867e+06
P25311	P25311				1.22956e+08
P25391	P25391				945023
P25713	P25713				6.86026e+06
P25774	P25774;P25774-2				7.77962e+06
P26022	P26022				83332
P26038	P26038				4.84563e+06
P26447	P26447				951579
P26572	P26572				5.86884e+06
P26927	P26927;Q2TV78;Q2TV78-2				4.93638e+06
P26992	P26992				3.35323e+07
P27169	P27169				2.04418e+07
P27487	P27487				213943
P27658	P27658				944472
P27797	P27797				2.31055e+07
P27824;P27824-2	P27824;P27824-2;P27824-3				7.51767e+06
P28074;P28074-2	P28074;P28074-2				273561
P28161;P28161-2	P28161;P28161-2				207838
P28300	P28300				2.33083e+06
P28482	P28482				473324
P28799;P28799-2	P28799;P28799-2				3.20771e+06
P28827;P28827-2	P28827;P28827-2				1.02187e+06
P29120;P29120-2	P29120;P29120-2				1.1065e+07
P29218;P29218-3	P29218;P29218-3;P29218-2				5.29048e+06
P29279;P29279-2	P29279;P29279-2				498201
P29323;P29323-2;P29323-3	P29323;P29323-3;P29323-2				7.59964e+06
P29401;P29401-2	P29401;P29401-2				2.12387e+06
P29622	P29622				5.84716e+07
P29762	P29762				1.65473e+06
P29966	P29966				5.37001e+06
P30041	P30041				2.62055e+06
P30043	P30043				721818
P30044;P30044-2;P30044-3	P30044;P30044-2;P30044-3				109055
P30047;P30047-2	P30047;P30047-2				583466
P30048;P30048-2	P30048;P30048-2				190836
P30086	P30086				5.03958e+07
P30101	P30101				4.43343e+06
P30530;P30530-2	P30530;P30530-2				9.84053e+06
P30533	P30533				177160
P30711	P30711				453810
P30740	P30740				1.27466e+06
P30990	P30990				1.04127e+06
P31146	P31146				1.21093e+06
P31150	P31150				5.45814e+06
P31153;P31153-2	P31153;P31153-2				494379
P31321	P31321				2.52569e+06
P31937	P31937				413616
P31946;P31946-2	P31946;P31946-2				3.86256e+06
P31948;P31948-2;P31948-3	P31948;P31948-2;P31948-3				149464
P31949	P31949				219222
P32004;P32004-2;P32004-3	P32004;P32004-2;P32004-3				1.04444e+07
P32119	P32119				1.12523e+07
P32926	P32926				712925
P33151	P33151;P33151-2				7.73107e+06
P33908	P33908				2.84626e+07
P34059	P34059				3.79064e+06
P34096	P34096				8.3607e+06
P34741	P34741				1.21074e+06
P34932	P34932				944019
P35030;P35030-2;P35030-3;P35030-4;P35030-5	P35030;P35030-2;P35030-3;P35030-4;P35030-5				1.2459e+06
P35052	P35052				1.07004e+07
P35080	P35080				1.37543e+06
P35237	P35237;P50452;P50452-2				2.07944e+06
P35318	P35318				5.84329e+06
P35442	P35442				4.44881e+06
P35443	P35443				1.62265e+07
P35475	P35475				471444
P35527	P35527				806873
P35542	P35542				1.22424e+08
P35555	P35555				4.69275e+06
P35590	P35590;P35590-2;P35590-3				1.35312e+06
P35613;P35613-2	P35613;P35613-2;P35613-3;P35613-4				9.24787e+06
P35625	P35625				320793
P35749;P35749-2;P35749-3;P35749-4	P35579;P35749;Q7Z406;P35749-2;P35749-3;P35749-4;Q7Z406-2;Q7Z406-4;Q7Z406-5;Q7Z406-6				1.46668e+06
P35754	P35754				3.072e+06
P35858;P35858-2	P35858;P35858-2				2.23542e+07
P35908	P35908				6.2316e+06
P35968;P35968-2;P35968-3	P35968;P35968-2;P35968-3				1.52694e+06
P36222	P36222				9.07058e+07
P36871	P36871;P36871-2				6.12733e+06
P36888;P36888-2	P36888;P36888-2				431111
P36955	P36955				4.96403e+08
P36957;P36957-2	P36957;P36957-2				3.04588e+07
P36980	P36980				4.70925e+07
P37173;P37173-2	P37173;P37173-2				4.00748e+06
P37235;P61601;P84074	P37235;P61601;P84074				383735
P37802;P37802-2	P37802;P37802-2				833586
P37837;P37837-2	P37837;P37837-2				6.56825e+06
P37840;P37840-2	P37840;P37840-2				281585
P38571;P38571-2	P38571;P38571-2				2.54643e+06
P39059	P39059				4.55183e+06
P39060;P39060-1;P39060-2	P39060;P39060-1;P39060-2				1.77629e+07
P40121;P40121-2	P40121;P40121-2				570199
P40189	P40189;P40189-3				2.25543e+07
P40925;P40925-3	P40925;P40925-2;P40925-3				3.13198e+07
P40926	P40926;P40926-2				2.65228e+06
P41217;P41217-2;P41217-3	P41217;P41217-2;P41217-3				2.00114e+07
P41222	P41222				9.37993e+09
P41271;P41271-2	P41271;P41271-2				1.52712e+08
P42262;P42262-2;P42262-3	P42262;P42262-2;P42262-3				2.14892e+06
P42658;P42658-2	P42658;P42658-2				4.93232e+06
P42785	P42785;P42785-2				1.49436e+07
P42857;P42857-2	P42857;P42857-2				3.20129e+06
P43004;P43004-2;P43004-3	P43004;P43004-2;P43004-3				1.23291e+06
P43121	P43121;P43121-2				3.08278e+07
P43146	P43146				8.6227e+06
P43234	P43234				3.46683e+06
P43251;P43251-2;P43251-3;P43251-4	P43251;P43251-2;P43251-3;P43251-4				4.49689e+07
P43652	P43652				1.52136e+08
P45877	P45877				7.76268e+06
P46459	P46459				2.75096e+06
P47972	P47972				1.04535e+07
P48058;P48058-2	P48058;P48058-2				1.66261e+07
P48061;P48061-2;P48061-3;P48061-4;P48061-5;P48061-6	P48061;P48061-2;P48061-3;P48061-4;P48061-5;P48061-6				1.45126e+07
P48066;P48066-2	P48066;P48066-2				499598
P48147	P48147				609135
P48163	P48163				270209
P48539	P48539				2.76801e+06
P48551;P48551-2;P48551-3	P48551;P48551-2;P48551-3				1.32244e+06
P48634;P48634-2;P48634-3;P48634-4	P48634;P48634-2;P48634-3;P48634-4				1.26219e+06
P48637	P48637				3.58405e+06
P48723	P48723				5.50148e+06
P48740-2;P48740-4	P48740-2;P48740-4				1.0198e+07
P48745	P48745				1.11076e+07
P49221	P49221				7.44895e+06
P49257	P49257				7.04152e+06
P49418;P49418-2	P49418;P49418-2				1.38243e+06
P49641	P49641;P49641-1;P49641-2				2.23024e+07
P49746;P49746-2	P49746;P49746-2				175562
P49747;P49747-2	P49747;P49747-2				3.51207e+06
P49908	P49908				7.45313e+07
P50238	P50238				3.1183e+06
P50281	P50281				2.95549e+07
P50395;P50395-2	P50395;P50395-2				2.17596e+06
P50502	P50502;Q8IZP2				1.95156e+06
P50750-2	P50750-2				1.4231e+06
P50895	P50895				1.47138e+06
P50897	P50897;P50897-2				1.73788e+06
P50993	P05023;P13637;P20648;P50993;P05023-2;P05023-3;P05023-4;P13637-2;P13637-3				1.65041e+06
P51512;P51512-2	P51512;P51512-2				1.16568e+06
P51668;P61077;P61077-2;P61077-3;P62837;P62837-2;Q9Y2X8	P51668;P61077;P62837;Q9Y2X8;P62837-2;P61077-2;P61077-3				419832
P51674;P51674-2;P51674-3	P51674;P51674-2;P51674-3				1.18934e+06
P51693	P51693;P51693-2				3.96916e+08
P51693-2	P51693-2				1.27142e+07
P51805	P51805				223556
P51812	P51812;Q15418;Q15418-2;Q15418-3;Q15418-4				1.28964e+06
P51884	P51884				1.06571e+08
P51888	P51888				1.24258e+07
P52565;P52565-2	P52565;P52565-2				463807
P52566	P52566				470258
P52758	P52758				2.17276e+06
P52797	P52797				2.1315e+06
P52799	P52799				3.71153e+06
P52803	P52803				7.49599e+06
P52848;P52848-3	P52848;P52848-3				1.02234e+06
P52943;P52943-2	P52943;P52943-2				1.22949e+06
P53041	P53041				1.07613e+06
P53634	P53634				8.2567e+06
P54253	P54253				1.0752e+09
P54289-2;P54289-3	P54289;P54289-2;P54289-3;P54289-4;P54289-5				2.90243e+07
P54652	P54652				645974
P54709;P54709-2	P54709;P54709-2				526278
P54727	P54725;P54727;P54725-2;P54725-3				2.96831e+06
P54756;P54756-2	P54756;P54756-2				282422
P54764	P54764;P54764-2				2.18048e+07
P54802	P54802				4.22885e+06
P54803	P54803;P54803-3;P54803-4;P54803-5				1.44039e+06
P54826	P54826				610714
P55058	P55058;P55058-2;P55058-3;P55058-4				2.43299e+08
P55083;P55083-2	P55083;P55083-2				2.75594e+07
P55087;P55087-2	P55087;P55087-2				3.37007e+06
P55103	P55103				481601
P55107	P55107				799686
P55268	P55268				4.30928e+06
P55283	P55283;P55283-2				1.5444e+07
P55285;P55285-2	P55285;P55285-2				6.58759e+06
P55286	P55286				1.197e+07
P55287;P55287-2	P55287;P55287-2				4.90262e+06
P55289;P55289-2	P55289;P55289-2				1.64426e+06
P55290;P55290-4	P55290;P55290-2;P55290-3;P55290-4;P55290-5				1.15581e+08
P55291	P55291				8.39345e+06
P55774	P55774				519669
P55786	P55786;P55786-2				3.1023e+06
P55899	P55899				451053
P55957;P55957-2;P55957-4	P55957;P55957-2;P55957-4				67748.7
P56159;P56159-2	P56159;P56159-2				9.07317e+06
P56705;P56705-2	P56705;P56705-2				393393
P56817;P56817-2	P56817;P56817-2;P56817-3;P56817-4;P56817-5;P56817-6				1.26891e+06
P57087;P57087-2;P57087-3	P57087;P57087-2;P57087-3				2.33942e+06
P58215	P58215;P58215-2;P58215-3				769115
P58400	P58400;P58400-1				2.8143e+06
P58401	P58401				2.10458e+06
P58417	O95156;P58417				2.81244e+07
P60174;P60174-3	P60174;P60174-3;P60174-4				1.38936e+07
P60520	O95166;P60520;Q9H0R8;Q9H0R8-2				1.11252e+06
P60660;P60660-2	P60660;P60660-2				529413
P60709;P63261	P60709;P63261				4.67308e+07
P60900;P60900-2	P60900;P60900-2				119257
P60981;P60981-2	P60981;P60981-2				939705
P60983	P60983				1.50373e+06
P61088	P61088				3.39223e+06
P61106	P61106				1.45561e+06
P61204;P61204-2;P84077;P84085	P18085;P61204;P84077;P84085;P61204-2				575379
P61278	P61278				5.23806e+07
P61604	P61604				1.73996e+06
P61626	P61626				6.20865e+07
P61769	P61769				1.54459e+09
P61916	P61916;P61916-2				8.27816e+07
P61970	P61970				8.69746e+06
P61981	P61981				1.64872e+07
P62258	P62258;P62258-2				7.483e+06
P62328	P62328;P63313				1.32144e+07
P62805	P62805				868746
P62873;P62873-2;P62879;P62879-2;Q9HAV0	P62873;P62879;Q9HAV0;P62873-2;P62879-2				1.06611e+06
P62937	P62937				1.52471e+07
P62942	P62942				2.58264e+06
P62993	P62993;P62993-2				1.32855e+06
P63000;P63000-2	P63000;P63000-2				87013
P63010;P63010-2;P63010-3	P63010;P63010-2;P63010-3				3.13783e+06
P63104	P63104;P63104-2				9.24103e+07
P63208	P63208;P63208-2				4.57441e+06
P63241;P63241-2;Q6IS14;Q9GZV4	P63241;Q9GZV4;Q6IS14;P63241-2				284052
P63302	P63302				163670
P68032	P62736;P63267;P68032;P68133				8.8843e+06
P68036;P68036-2;P68036-3	P68036;A0A1B0GUS4;P68036-2;P68036-3				1.47784e+06
P68104;Q05639;Q5VTE0	P68104;Q05639;Q5VTE0				682436
P68363;Q71U36;Q71U36-2;Q9BQE3	P0DPH7;P0DPH8;P68363;P68366;Q6PEY2;Q71U36;Q9BQE3;P0DPH7-2;P68363-2;P68366-2;Q71U36-2				411770
P68402	P68402				282055
P68871	P68871				1.71957e+06
P69849;Q15155;Q5JPE7;Q5JPE7-2	P69849;Q15155;Q5JPE7;Q5JPE7-2;Q5JPE7-3				4.42969e+06
P69905	P69905				1.58346e+06
P78310;P78310-2;P78310-5;P78310-6;P78310-7	P78310;P78310-2;P78310-4;P78310-5;P78310-6;P78310-7				1.39379e+06
P78324;P78324-2	P78324;Q9P1W8;Q5TFQ8;P78324-2;P78324-4;Q9P1W8-2;Q9P1W8-3;Q9P1W8-4				4.52884e+07
P78417;P78417-3	P78417;P78417-3				3.18343e+06
P78504	P78504				1.709e+06
P78509;P78509-2	P78509;P78509-2;P78509-3				1.60685e+07
P78536;P78536-2	P78536;P78536-2				818143
P78539;P78539-2;P78539-3;P78539-5	P78539;P78539-2;P78539-3;P78539-4;P78539-5				3.04005e+06
P80108	P80108				7.97167e+06
P80188;P80188-2	P80188;P80188-2				1.77382e+06
P80303;P80303-2	P80303;P80303-2				4.11428e+06
P80723	P80723				1.44188e+07
P80748	P80748				6.76483e+07
P84157-2	P84157-2				686111
P98095;P98095-2	P98095;P98095-2				8.26012e+06
P98153;P98153-2;P98153-3	P98153;P98153-2;P98153-3				2.55499e+06
P98155;P98155-2	P98155;P98155-2				318223
P98160	P98160				5.24689e+07
P98172	P98172				2.47073e+06
P98173;P98173-2;P98173-3	P98173;P98173-2;P98173-3				2.81334e+06
P99999	P99999				6.46887e+06
Q00169	Q00169				468348
Q00973	Q00973;Q00973-2;Q00973-3				3.78486e+06
Q01459	Q01459				1.84436e+07
Q01469	Q01469				5.09879e+06
Q01973;Q01973-3	Q01973;Q01973-3				530251
Q01995	Q01995				2.21109e+07
Q02246	Q02246				3.24698e+07
Q02487;Q02487-2	Q02487;Q02487-2				5.60468e+06
Q02790	Q02790				869984
Q02809;Q02809-2	Q02809;Q02809-2				4.12894e+06
Q02818	Q02818				3.64649e+07
Q02952;Q02952-2;Q02952-3	Q02952;Q02952-2;Q02952-3				58676.3
Q02985;Q02985-2	Q02985;Q92496;Q02985-2;Q92496-2;Q92496-3				1.57799e+07
Q03167;Q03167-2	Q03167;Q03167-2				1.17474e+07
Q03591	Q03591				645566
Q04721	Q04721				6.41149e+06
Q04756	Q04756				4.92218e+06
Q04760;Q04760-2	Q04760;Q04760-2				2.15299e+06
Q04917	Q04917				1.02697e+06
Q05193;Q05193-2;Q05193-3;Q05193-5	Q05193;Q05193-2;Q05193-3;Q05193-5				149032
Q05707;Q05707-2	Q05707;Q05707-2;Q05707-3				3.46197e+06
Q05996;Q05996-2	Q05996;Q05996-2				7.05459e+06
Q06033;Q06033-2	Q06033;Q06033-2				7.4171e+06
Q06418	Q06418				8.04218e+06
Q06481	Q06481;Q06481-3;Q06481-6				1.16804e+08
Q06828	Q06828				3.34722e+07
Q06830	Q06830				7.03278e+06
Q07092;Q07092-2	Q07092;Q07092-2				3.27832e+06
Q07507	Q07507				1.17951e+06
Q07699;Q07699-2	Q07699;Q07699-2				2.52927e+06
Q07954	Q07954				1.06446e+07
Q08174;Q08174-2	Q08174;Q08174-2				7.72509e+06
Q08209;Q08209-2;Q08209-3;Q08209-5	Q08209;Q08209-2;Q08209-3;Q08209-5				131005
Q08257;Q08257-2;Q08257-3	Q08257;Q08257-2;Q08257-3				441376
Q08345;Q08345-5	Q08345;Q08345-2;Q08345-4;Q08345-5;Q08345-6				1.17851e+07
Q08380	Q08380				1.41148e+08
Q08397	Q08397				664399
Q08431;Q08431-4	Q08431;Q08431-3;Q08431-4				6.96942e+06
Q08554;Q08554-2	Q08554;Q08554-2				1.3038e+06
Q08629	Q08629				1.00465e+07
Q08ET2	O15389;Q08ET2				1.20133e+07
Q09327	Q09327				1.15483e+06
Q09328	Q09328				2.05946e+06
Q09666	Q09666				890315
Q0P6D2	Q0P6D2;Q0P6D2-2				5.22585e+06
Q10469	Q10469				3.11744e+06
Q10471	Q10471				9.71456e+06
Q10472	Q10472				7.09046e+06
Q10588	Q10588;Q10588-2				2.86276e+06
Q12765;Q12765-2;Q12765-3	Q12765;Q12765-2;Q12765-3				580002
Q12794;Q12794-2;Q12794-7	Q12794;Q12794-2;Q12794-3;Q12794-7				2.75948e+06
Q12797;Q12797-10	Q12797;Q12797-10				912825
Q12805;Q12805-2;Q12805-3;Q12805-4;Q12805-5	Q12805;Q12805-2;Q12805-3;Q12805-4;Q12805-5				5.04578e+08
Q12841;Q12841-2	Q12841;Q12841-2				7.77472e+06
Q12860	Q12860;Q12860-2				1.23679e+08
Q12866	Q12866				4.48663e+06
Q12884	Q12884				144280
Q12907	Q12907				9.088e+07
Q12913;Q12913-3	Q12913;Q12913-2;Q12913-3				3.02361e+06
Q13093	Q13093				267081
Q13145	Q13145				264425
Q13201;Q13201-2	Q13201;Q13201-2				2.01822e+06
Q13214;Q13214-2	Q13214;Q13214-2				2.78536e+06
Q13217	Q13217				3.23192e+06
Q13228;Q13228-4	Q13228;Q13228-2;Q13228-3;Q13228-4				1.57383e+07
Q13231;Q13231-2;Q13231-3	Q13231;Q13231-2;Q13231-3;Q13231-4				2.58738e+06
Q13232	Q13232				1.41205e+06
Q13275-2	Q13275;Q13275-2				6.32764e+06
Q13308;Q13308-2;Q13308-3;Q13308-4;Q13308-5;Q13308-6	Q13308;Q13308-2;Q13308-3;Q13308-4;Q13308-5;Q13308-6				1.22041e+06
Q13332-2;Q13332-6	Q13332;Q13332-2;Q13332-3;Q13332-4;Q13332-5;Q13332-6;Q13332-7				1.94879e+07
Q13332-5	Q13332;Q13332-3;Q13332-4;Q13332-5				574054
Q13404;Q13404-1;Q13404-2;Q13404-7	Q13404;Q13404-1;Q13404-2;Q13404-6;Q13404-7				2.12764e+06
Q13421-2;Q13421-3;Q13421-4	Q13421;Q13421-2;Q13421-3;Q13421-4				1.46137e+06
Q13433	Q13433				1.35923e+06
Q13443;Q13443-2	Q13443;Q13443-2				2.47117e+07
Q13444;Q13444-10;Q13444-12;Q13444-2;Q13444-3;Q13444-4;Q13444-5;Q13444-6;Q13444-7;Q13444-8;Q13444-9	Q13444;Q13444-2;Q13444-10;Q13444-11;Q13444-12;Q13444-3;Q13444-4;Q13444-5;Q13444-6;Q13444-7;Q13444-8;Q13444-9				1.10947e+06
Q13449	Q13449				4.70579e+08
Q13501;Q13501-2	Q13501;Q13501-2				845783
Q13508;Q13508-2;Q13508-3	Q13508;Q13508-2;Q13508-3				1.16749e+07
Q13510;Q13510-2	Q13510;Q13510-2;Q13510-3				8.07266e+06
Q13519;Q13519-2	Q13519;Q13519-2				1.43155e+06
Q13554;Q13554-2;Q13554-3;Q13554-4;Q13554-5;Q13554-7;Q13554-8	Q13554;Q13554-3;Q13554-2;Q13554-4;Q13554-5;Q13554-6;Q13554-7;Q13554-8				5.93809e+06
Q13555;Q13555-10;Q13555-11;Q13555-2;Q13555-3;Q13555-4;Q13555-5;Q13555-6;Q13555-7;Q13555-8;Q13555-9	Q13555;Q13555-5;Q13555-10;Q13555-11;Q13555-2;Q13555-3;Q13555-4;Q13555-6;Q13555-7;Q13555-8;Q13555-9				1.61429e+06
Q13557;Q13557-10;Q13557-11;Q13557-12;Q13557-3;Q13557-4;Q13557-5;Q13557-6;Q13557-8;Q13557-9	Q13557;Q13557-8;Q13557-10;Q13557-11;Q13557-12;Q13557-3;Q13557-4;Q13557-5;Q13557-6;Q13557-9				2.23649e+06
Q13634;Q13634-2	Q13634;Q13634-2				1.2761e+07
Q13641	Q13641				1.92015e+06
Q13642-4;Q13642-5	Q13642;Q13642-1;Q13642-3;Q13642-4;Q13642-5				2.36127e+06
Q13683;Q13683-10;Q13683-3;Q13683-7;Q13683-9	Q13683;Q13683-10;Q13683-13;Q13683-3;Q13683-7;Q13683-9				3.88231e+06
Q13740;Q13740-2	Q13740;Q13740-2;Q13740-3				2.80027e+07
Q13790	Q13790				4.30433e+06
Q13822-3	Q13822;Q13822-3				3.60768e+08
Q13867	Q13867				1.17698e+06
Q14019	Q14019				3.66703e+06
Q14112;Q14112-2	Q14112;Q14112-2				2.68573e+07
Q14114;Q14114-2;Q14114-3;Q14114-4	Q14114;Q14114-3;Q14114-2;Q14114-4				1.41424e+06
Q14118	Q14118				1.60115e+08
Q14126	Q14126				4.62818e+06
Q14165	Q14165				6.59976e+06
Q14213	Q14213				578627
Q14242;Q14242-2	Q14242;Q14242-2				3.95369e+06
Q14257;Q14257-2	Q14257;Q14257-2				1.65775e+06
Q14314	Q14314				6.36335e+06
Q14315;Q14315-2	Q14315;Q14315-2				2.24024e+06
Q14393;Q14393-1;Q14393-3;Q14393-4;Q14393-5	Q14393;Q14393-1;Q14393-3;Q14393-4;Q14393-5				7.64341e+06
Q14515	Q14515;Q14515-2				3.12392e+08
Q14517	Q14517				690656
Q14520;Q14520-2	Q14520;Q14520-2				8.80764e+06
Q14563	Q14563				1.17769e+06
Q14574;Q14574-2	Q14574;Q14574-2				6.48362e+06
Q14596;Q14596-2	Q14596;Q14596-2				1.44213e+06
Q14624	Q14624				1.42697e+08
Q14624-2;Q14624-3;Q14624-4	Q14624-2;Q14624-3;Q14624-4				3.05764e+07
Q14696	Q14696				3.20662e+06
Q14697;Q14697-2	Q14697;Q14697-2				8.5634e+06
Q14766;Q14766-2;Q14766-3	Q14766;Q14766-2;Q14766-3;Q14766-4;Q14766-5				5.68281e+06
Q14767	Q14767				1.03354e+07
Q14894	Q14894				1.53811e+06
Q14956;Q14956-2	Q14956;Q14956-2				1.45297e+06
Q14982;Q14982-2;Q14982-3;Q14982-4	Q14982;Q14982-2;Q14982-3;Q14982-4				2.54569e+07
Q14C87	Q14C87;Q14C87-2				5.34705e+06
Q14CZ8	Q14CZ8				3.45755e+06
Q14DG7	Q14DG7;Q14DG7-2				2.50029e+06
Q15043;Q15043-2;Q15043-3	Q15043;Q15043-2;Q15043-3				260580
Q15063;Q15063-3;Q15063-5	Q15063;Q15063-2;Q15063-3;Q15063-4;Q15063-5;Q15063-6;Q15063-7				920402
Q15084;Q15084-2;Q15084-3;Q15084-4;Q15084-5	Q15084;Q15084-2;Q15084-3;Q15084-4;Q15084-5				2.76429e+06
Q15113	Q15113				4.37591e+07
Q15121;Q15121-2	Q15121;Q15121-2				620325
Q15165;Q15165-1;Q15165-3	Q15165;Q15165-1;Q15165-3				465449
Q15166	Q15166				3.74331e+07
Q15223;Q15223-2;Q15223-3	Q15223;Q15223-2;Q15223-3				2.55432e+07
Q15256	Q15256;Q15256-5				2.56555e+06
Q15257;Q15257-2;Q15257-3;Q15257-4	Q15257;Q15257-2;Q15257-3;Q15257-4				129398
Q15262;Q15262-2;Q15262-3;Q15262-4	Q15262;Q15262-2;Q15262-3;Q15262-4				2.78724e+06
Q15293;Q15293-2	Q15293;Q15293-2				5.29226e+06
Q15303;Q15303-2;Q15303-3;Q15303-4	Q15303;Q15303-2;Q15303-3;Q15303-4				1.63516e+06
Q15375;Q15375-2;Q15375-4	Q15375;Q15375-2;Q15375-4				2.76257e+06
Q15435;Q15435-2	Q15435;Q15435-2				512712
Q15459;Q15459-2	Q15459;Q15459-2				2.32182e+06
Q15465	Q15465				2.61167e+06
Q15493;Q15493-2	Q15493;Q15493-2				192974
Q15582	Q15582				4.96635e+07
Q15768	Q15768				5.41686e+06
Q15782;Q15782-6	Q15782;Q15782-6				1.60398e+07
Q15818	Q15818				1.08678e+08
Q15828	Q15828				1.04777e+06
Q15846	Q15846				3.61817e+06
Q15847	Q15847				899445
Q15848	Q15848				6.85145e+06
Q15904	Q15904				4.84348e+07
Q16143	Q16143				2.34332e+06
Q16270	Q16270;Q16270-2				5.31115e+08
Q16288;Q16288-2;Q16288-3;Q16288-4;Q16288-5	Q16288;Q16288-2;Q16288-3;Q16288-4;Q16288-5				5.48023e+06
Q16363;Q16363-2	Q16363;Q16363-2				4.73263e+06
Q16394	Q16394				745856
Q16531	Q16531				1.87437e+06
Q16555;Q16555-2	Q16555;Q16555-2				877848
Q16568	Q16568				5.50856e+06
Q16610;Q16610-4	Q16610;Q16610-2;Q16610-3;Q16610-4				2.09142e+07
Q16620;Q16620-2;Q16620-3;Q16620-4;Q16620-5;Q16620-6	Q16620;Q16620-2;Q16620-3;Q16620-4;Q16620-5;Q16620-6				7.94293e+06
Q16623;Q16623-2;Q16623-3	Q16623;Q16623-2;Q16623-3				193832
Q16627;Q16627-2	Q16627;Q16627-2				2.56298e+06
Q16651	Q16651;Q16651-2				677536
Q16653;Q16653-10;Q16653-11;Q16653-13;Q16653-2;Q16653-3;Q16653-5;Q16653-6;Q16653-7;Q16653-8;Q16653-9	Q16653;Q16653-10;Q16653-11;Q16653-13;Q16653-2;Q16653-3;Q16653-5;Q16653-6;Q16653-7;Q16653-8;Q16653-9				4.83394e+06
Q16658	Q16658				5.24961e+06
Q16674	Q16674				5.60862e+06
Q16706	Q16706				6.60134e+06
Q16769	Q16769				3.28299e+07
Q16775;Q16775-2	Q16775;Q16775-2				2.03334e+06
Q16799	Q16799;Q16799-2				938596
Q16849	Q16849;Q16849-3;Q16849-2				3.30313e+07
Q16853;Q16853-2	Q16853;Q16853-2				1.18696e+06
Q16881;Q16881-2;Q16881-3;Q16881-4;Q16881-5;Q16881-6;Q16881-7	Q16881;Q16881-4;Q16881-5;Q16881-2;Q16881-3;Q16881-6;Q16881-7				615734
Q16891;Q16891-2;Q16891-3;Q16891-4	Q16891;Q16891-2;Q16891-3;Q16891-4				365246
Q24JP5;Q24JP5-2	Q24JP5;Q24JP5-2;Q24JP5-3				1.71736e+07
Q2TAL6	Q2TAL6				1.70449e+06
Q2UY09	Q2UY09;Q2UY09-2;Q2UY09-3				3.06051e+06
Q495W5	Q495W5;Q495W5-2				1.22058e+06
Q496H8	Q496H8				347065
Q4G0I0	Q4G0I0				157884
Q4G148;Q4G148-2	Q4G148;Q4G148-2				243471
Q4KWH8;Q4KWH8-3;Q4KWH8-4	Q4KWH8;Q4KWH8-2;Q4KWH8-3;Q4KWH8-4				1.4213e+07
Q4LDE5	Q4LDE5				688995
Q504Y0;Q504Y0-2;Q504Y0-3;Q504Y0-4;Q504Y0-5	Q504Y0;Q504Y0-2;Q504Y0-3;Q504Y0-4;Q504Y0-5				488663
Q53EL9;Q53EL9-3	Q53EL9;Q53EL9-2;Q53EL9-3				4.3903e+07
Q53RD9;Q53RD9-2;Q53RD9-3;Q53RD9-4	Q53RD9;Q53RD9-2;Q53RD9-3;Q53RD9-4				7.09718e+06
Q53RT3;Q53RT3-2	Q53RT3;Q53RT3-2				268469
Q562R1	Q562R1				3.65776e+07
Q58EX2;Q58EX2-2;Q58EX2-3;Q58EX2-4	Q58EX2;Q58EX2-2;Q58EX2-3;Q58EX2-4				717673
Q58FF6	Q58FF6				1.08819e+06
Q5BIV9	Q5BIV9				1.10902e+07
Q5BLP8;Q5BLP8-2;Q5BLP8-3	Q5BLP8;Q5BLP8-2;Q5BLP8-3				1.00043e+07
Q5FWE3;Q5FWE3-3	Q5FWE3;Q5FWE3-3				4.0254e+07
Q5IJ48;Q5IJ48-2;Q5IJ48-3	Q5IJ48;Q5IJ48-2;Q5IJ48-3				6.17334e+06
Q5JRA6;Q5JRA6-2	Q5JRA6;Q5JRA6-2				1.49479e+06
Q5JS37;Q5JS37-2	Q5JS37;Q5JS37-2				1.47927e+06
Q5JZY3;Q5JZY3-2;Q5JZY3-3	Q5JZY3;Q5JZY3-2;Q5JZY3-3				5.0104e+06
Q5KU26	Q5KU26				1.80541e+07
Q5R3F8	Q5R3F8				1.25676e+06
Q5SGD2;Q5SGD2-2;Q5SGD2-3	Q5SGD2;Q5SGD2-2;Q5SGD2-3				442077
Q5SRI9	Q5SRI9				668817
Q5SZK8	Q5SZK8;Q5SZK8-2				555563
Q5T013;Q5T013-2;Q5T013-3;Q5T013-4	Q5T013;Q5T013-2;Q5T013-3;Q5T013-4				8.70056e+08
Q5T848	Q5T848				8.56871e+06
Q5VSG8	Q5VSG8				1.35644e+07
Q5VSL9;Q5VSL9-2;Q5VSL9-3	Q5VSL9;Q5VSL9-2;Q5VSL9-3				4.79953e+06
Q5VU97	Q5VU97				5.62974e+06
Q5VUB5	Q5VUB5				1.40364e+06
Q5VV43;Q5VV43-2;Q5VV43-4	Q5VV43;Q5VV43-2;Q5VV43-4				2.71242e+06
Q5VV63	Q5VV63				651996
Q5VWW1	Q5VWW1;Q5VWW1-2;Q5VWW1-3				3.72162e+06
Q5VY80;Q6H3X3;Q6H3X3-2;Q9BZM5	Q5VY80;Q6H3X3;Q9BZM5;Q6H3X3-2				698984
Q63HQ2;Q63HQ2-2;Q63HQ2-4	Q63HQ2;Q63HQ2-2;Q63HQ2-4				86206.3
Q641Q3;Q641Q3-2	Q641Q3;Q641Q3-2				6.91728e+06
Q658N2	Q658N2				5.33168e+06
Q66K79;Q66K79-2;Q66K79-3	Q66K79;Q66K79-2;Q66K79-3				153845
Q68BL7;Q68BL7-2;Q68BL7-3	Q68BL7;Q68BL7-2;Q68BL7-3				5.07183e+06
Q68D85	Q68D85				1.38754e+06
Q6E0U4;Q6E0U4-16;Q6E0U4-2;Q6E0U4-3;Q6E0U4-4;Q6E0U4-5;Q6E0U4-6;Q6E0U4-7	Q6E0U4;Q6E0U4-16;Q6E0U4-2;Q6E0U4-3;Q6E0U4-4;Q6E0U4-5;Q6E0U4-6;Q6E0U4-7				1.56809e+06
Q6EMK4	Q6EMK4				1.40802e+07
Q6FHJ7	Q6FHJ7				1.87671e+07
Q6GTX8;Q6GTX8-2;Q6GTX8-3;Q6GTX8-4;Q6ISS4;Q6ISS4-2	Q6GTX8;Q6ISS4;Q6GTX8-2;Q6GTX8-3;Q6GTX8-4;Q6ISS4-2				6.50671e+06
Q6IBS0	Q12792;Q6IBS0;Q12792-3;Q12792-4				558209
Q6IEE7	Q6IEE7				973234
Q6IS24	Q6IS24				4.75697e+06
Q6MZW2	Q6MZW2;Q6MZW2-2;Q6MZW2-3				9.40435e+06
Q6NUI6;Q6NUI6-2	Q6NUI6;Q6NUI6-2				115739
Q6NUJ2	Q6NUJ2				3.7787e+06
Q6NW40	Q6NW40				2.4954e+07
Q6P0Q8;Q6P0Q8-2	Q6P0Q8;Q6P0Q8-2				1.38542e+07
Q6P179;Q6P179-3	Q6P179;Q6P179-3				898544
Q6P4E1;Q6P4E1-5	Q6P4E1;Q6P4E1-2;Q6P4E1-5				7.55266e+06
Q6P9A2	Q6P9A2				1.43385e+06
Q6PCB0	Q6PCB0				2.93026e+06
Q6PUV4	Q6PUV4				1.02825e+06
Q6RVD6	Q6RVD6				837889
Q6UVK1	Q6UVK1				1.03688e+07
Q6UVY6;Q6UVY6-2	Q6UVY6;Q6UVY6-2				1.09261e+06
Q6UW01	Q6UW01				3.03134e+07
Q6UWH4;Q6UWH4-2	Q6UWH4;Q6UWH4-2				3.27764e+06
Q6UWP8	Q6UWP8				184311
Q6UWR7	Q6UWR7				4.37246e+07
Q6UWY5	Q6UWY5				396634
Q6UX15;Q6UX15-2	Q6UX15;Q6UX15-2				2.60753e+06
Q6UX71	Q6UX71;Q6UX71-2				4.32971e+07
Q6UX72	Q6UX72				1.89051e+06
Q6UX73;Q6UX73-2	Q6UX73;Q6UX73-2				3.81833e+07
Q6UXB8	Q6UXB8;Q6UXB8-2				2.38497e+07
Q6UXD5-6	Q6UXD5-3;Q6UXD5-5;Q6UXD5-6				2.57419e+06
Q6UXD5;Q6UXD5-2	Q6UXD5;Q6UXD5-2;Q6UXD5-3;Q6UXD5-4;Q6UXD5-5;Q6UXD5-6				3.72689e+07
Q6UXF1;Q6UXF1-2	Q6UXF1;Q6UXF1-2				667407
Q6UXH9;Q6UXH9-2	Q6UXH9;Q6UXH9-2;Q6UXH9-3				1.23578e+06
Q6UXI7;Q6UXI7-2;Q6UXI7-4;Q6UXI7-5	Q6UXI7;Q6UXI7-2;Q6UXI7-3;Q6UXI7-4;Q6UXI7-5				8.36569e+06
Q6UXI9;Q6UXI9-3;Q6UXI9-4;Q6UXI9-5;Q6UXI9-6	Q6UXI9;Q6UXI9-2;Q6UXI9-3;Q6UXI9-4;Q6UXI9-5;Q6UXI9-6				911048
Q6UXK2	Q6UXK2				3.94756e+06
Q6UXK5	Q6UXK5				2.93873e+06
Q6UXZ4;Q6UXZ4-2	Q6UXZ4;Q6UXZ4-2				2.0796e+06
Q6UY14;Q6UY14-2;Q6UY14-3	Q6UY14;Q6UY14-3;Q6UY14-2				571308
Q6YHK3;Q6YHK3-4	Q6YHK3;Q6YHK3-2;Q6YHK3-4				3.35847e+06
Q6ZMI3	Q6ZMI3;Q6ZMI3-2				8.90843e+06
Q6ZMP0;Q6ZMP0-2	Q6ZMP0;Q6ZMP0-2				1.65786e+06
Q6ZN30;Q6ZN30-2	Q6ZN30;Q6ZN30-2				766945
Q6ZRI8;Q6ZRI8-2;Q6ZRI8-3;Q6ZRI8-4;Q6ZRI8-5	Q6ZRI8;Q6ZRI8-2;Q6ZRI8-3;Q6ZRI8-4;Q6ZRI8-5				878983
Q6ZRP7	Q6ZRP7				4.15354e+06
Q6ZSJ9;Q6ZSJ9-2;Q6ZSJ9-3	Q6ZSJ9;Q6ZSJ9-2;Q6ZSJ9-3				3.80415e+07
Q6ZVL6	Q6ZVL6;Q6ZVL6-2				7.37038e+06
Q70JA7	Q70JA7				237902
Q76KP1	Q76KP1				1.13494e+06
Q76LX8;Q76LX8-2;Q76LX8-3;Q76LX8-4	Q76LX8;Q76LX8-2;Q76LX8-3;Q76LX8-4				283173
Q76M96;Q76M96-2	Q76M96;Q76M96-2				421157
Q7KYR7;Q7KYR7-1;Q7KYR7-4;Q7KYR7-5;Q7KYR7-6;Q8WVV5;Q8WVV5-2;Q8WVV5-3	Q7KYR7;Q8WVV5;Q7KYR7-4;Q7KYR7-1;Q7KYR7-5;Q7KYR7-6;Q8WVV5-2;Q8WVV5-3				382533
Q7L014	Q7L014				3.31912e+07
Q7LFX5	Q7LFX5				7.00463e+06
Q7LGC8	Q7LGC8				1.73297e+06
Q7Z2D5;Q7Z2D5-3	Q7Z2D5;Q7Z2D5-3				125795
Q7Z304	Q7Z304				1.64917e+06
Q7Z3B1	Q7Z3B1;Q7Z3B1-2				1.06317e+08
Q7Z3D4	Q7Z3D4				693478
Q7Z408;Q7Z408-4	Q7Z408;Q7Z408-4				488648
Q7Z553;Q7Z553-3	Q7Z553;Q7Z553-2;Q7Z553-3				1.65745e+06
Q7Z5A7;Q7Z5A7-2	Q7Z5A7;Q7Z5A7-2;Q7Z5A7-3				2.46019e+07
Q7Z5L0	Q7Z5L0				1.15572e+06
Q7Z5L3	Q7Z5L3				182400
Q7Z5L7;Q7Z5L7-2;Q7Z5L7-3	Q7Z5L7;Q7Z5L7-2;Q7Z5L7-3;Q7Z5L7-4				2.94065e+06
Q7Z5N4;Q7Z5N4-3	Q7Z5N4;Q7Z5N4-3				124268
Q7Z6L0;Q7Z6L0-2;Q7Z6L0-3	Q7Z6L0;Q7Z6L0-2;Q7Z6L0-3				868606
Q7Z7G0	Q7Z7G0;Q7Z7G0-2;Q7Z7G0-3;Q7Z7G0-4				1.09127e+06
Q7Z7H5;Q7Z7H5-3	Q7Z7H5;Q7Z7H5-2;Q7Z7H5-3				2.0968e+06
Q7Z7M0	Q7Z7M0;Q7Z7M0-2				4.46372e+07
Q7Z7M8	Q7Z7M8				754220
Q7Z7M9	Q7Z7M9				1.74341e+06
Q86SF2	Q86SF2				8.6941e+06
Q86SJ2	Q86SJ2				283063
Q86SR1	Q86SR1;Q86SR1-2;Q86SR1-3				5.00859e+06
Q86T13	Q86T13				158798
Q86TE4;Q86TE4-4	Q86TE4;Q86TE4-4				3.01359e+06
Q86TY3;Q86TY3-2	Q86TY3;Q86TY3-2				1.14754e+07
Q86UD1	Q86UD1				1.04026e+07
Q86UN2	Q86UN2				3.29886e+06
Q86UN3	Q86UN3				1.66441e+07
Q86UP0;Q86UP0-2	Q86UP0;Q86UP0-2				6.2065e+06
Q86UW8	Q86UW8				2.7143e+06
Q86UX2	Q86UX2;Q86UX2-2;Q86UX2-3				2.70744e+07
Q86V85	Q86V85				609313
Q86VB7;Q86VB7-2;Q86VB7-3;Q86VB7-4	Q86VB7;Q86VB7-2;Q86VB7-3;Q86VB7-4				2.78783e+07
Q86VP6;Q86VP6-2	Q86VP6;Q86VP6-2				240890
Q86VR8	Q86VR8				1.28807e+06
Q86VV8;Q86VV8-3	Q86VV8;Q86VV8-3				1.85902e+06
Q86VZ4	Q86VZ4				3.46797e+06
Q86X29;Q86X29-4;Q86X29-5;Q86X29-6	Q86X29;Q86X29-2;Q86X29-3;Q86X29-4;Q86X29-5;Q86X29-6				5.42118e+06
Q86XR7-2;Q9Y3B3;Q9Y3B3-2	Q9Y3B3;Q86XR7-2;Q9Y3B3-2				1.43057e+06
Q86Y38	Q86Y38				1.98023e+07
Q86Y82	Q86Y82				1.39112e+06
Q86YD3;Q86YD3-2;Q86YD3-4;Q86YD3-5	Q86YD3;Q86YD3-2;Q86YD3-3;Q86YD3-4;Q86YD3-5				7.24911e+06
Q86YT9;Q86YT9-2;Q86YT9-3;Q86YT9-4	Q86YT9;Q86YT9-2;Q86YT9-3;Q86YT9-4				2.12227e+06
Q8IUC8	Q10472;Q8IUC8;Q8IUC8-3;Q8IUC8-2				5.9477e+06
Q8IUK5;Q8IUK5-2;Q8IUK5-3	Q8IUK5;Q8IUK5-2;Q8IUK5-3;Q8IUK5-4				8.77169e+06
Q8IUK8	Q8IUK8				8.79594e+06
Q8IUX7	Q8IUX7;Q8IUX7-2				9.77985e+06
Q8IV08	Q8IV08				1.55013e+07
Q8IW45;Q8IW45-2;Q8IW45-4	Q8IW45;Q8IW45-2;Q8IW45-4				485758
Q8IW52	Q8IW52				5.24777e+06
Q8IWT1	Q8IWT1;Q8IWT1-2				2.50845e+06
Q8IWU5;Q8IWU5-2	Q8IWU5;Q8IWU5-2				3.68475e+07
Q8IWV2	Q8IWV2				5.85383e+06
Q8IWY4	Q8IWY4				3.72614e+06
Q8IXL6	Q8IXL6				3.85908e+06
Q8IYE1	Q8IYE1				1.20687e+08
Q8IYJ0;Q8IYJ0-2	Q8IYJ0;Q8IYJ0-2				8.73558e+07
Q8IYS5-2;Q8IYS5-3;Q8IYS5-6	Q8IYS5;Q8IYS5-2;Q8IYS5-3;Q8IYS5-4;Q8IYS5-5;Q8IYS5-6;Q8IYS5-7				2.21722e+07
Q8IZA0;Q8IZA0-2	Q8IZA0;Q8IZA0-2				7.24638e+06
Q8IZF2;Q8IZF2-2;Q8IZF2-3	Q8IZF2;Q8IZF2-2;Q8IZF2-3				172829
Q8IZJ1;Q8IZJ1-2	Q8IZJ1;Q8IZJ1-2				774194
Q8IZJ3;Q8IZJ3-2	Q8IZJ3;Q8IZJ3-2				647684
Q8IZP7	Q8IZP7				6.81165e+06
Q8IZS8;Q8IZS8-2	Q8IZS8;Q8IZS8-2;Q8IZS8-3				4.75e+06
Q8N0W4;Q8N0W4-2;Q8NFZ3;Q8NFZ3-2	Q8N0W4;Q8NFZ3;Q8NFZ3-2;Q8N0W4-2				3.86201e+06
Q8N114;Q8N114-2	Q8N114;Q8N114-2				4.5619e+07
Q8N126;Q8N126-2	Q8N126;Q8N126-2				4.58277e+07
Q8N149;Q8N149-2;Q8N149-3;Q8N149-4	Q8N149;Q8N149-2;Q8N149-3;Q8N149-4				2.65099e+06
Q8N2Q7;Q8N2Q7-2	Q8N2Q7;Q8N2Q7-2				1.54486e+06
Q8N2S1;Q8N2S1-2;Q8N2S1-3	Q8N2S1;Q8N2S1-2;Q8N2S1-3				1.37201e+07
Q8N3G9;Q8N3G9-2;Q8N3G9-3	Q8N3G9;Q8N3G9-2;Q8N3G9-3				449913
Q8N3J2	Q8N3J2				2.61968e+07
Q8N3J6;Q8N3J6-2;Q8N3J6-3;Q8N3J6-4;Q8N3J6-5	Q8N3J6;Q8N3J6-2;Q8N3J6-3;Q8N3J6-4;Q8N3J6-5				8.93298e+06
Q8N3T1	Q8N3T1				813504
Q8N3T6	Q8N3T6				2.85902e+06
Q8N428	Q8N428;Q8N428-2				4.86487e+06
Q8N436	Q8N436				4.77186e+06
Q8N474	Q8N474				1.24777e+06
Q8N475;Q8N475-2	Q8N475;Q8N475-2;Q8N475-3				3.15201e+06
Q8N608;Q8N608-2;Q8N608-3;Q8N608-4	Q8N608;Q8N608-2;Q8N608-3;Q8N608-4				837971
Q8N6C5;Q8N6C5-2;Q8N6C5-4	Q8N6C5;Q8N6C5-2;Q8N6C5-4				2.64354e+06
Q8N729	Q8N729				472310
Q8N8Z6;Q8N8Z6-2	Q8N8Z6;Q8N8Z6-2				1.10249e+06
Q8N967	Q8N967				1.83377e+06
Q8NBI6	Q8NBI6				4.0571e+06
Q8NBJ4;Q8NBJ4-2	Q8NBJ4;Q8NBJ4-2				1.79583e+07
Q8NBJ7;Q8NBJ7-2	Q8NBJ7;Q8NBJ7-2;Q8NBJ7-5				844536
Q8NBP7	Q8NBP7				1.6319e+06
Q8NBS9;Q8NBS9-2	Q8NBS9;Q8NBS9-2				1.69001e+06
Q8NC42	Q8NC42				964619
Q8NCC3	Q8NCC3;Q8NCC3-2				2.40143e+06
Q8NCH0	Q8NCH0				434305
Q8NCL4	Q8NCL4				6.44088e+06
Q8NCW5	Q8NCW5;Q8NCW5-2				2.57977e+06
Q8NCW6	Q8NCW6				1.90509e+06
Q8NEP3;Q8NEP3-2;Q8NEP3-3	Q8NEP3;Q8NEP3-2;Q8NEP3-3				1.16921e+09
Q8NES3;Q8NES3-3	Q8NES3;Q8NES3-2;Q8NES3-3;Q8NES3-4				1.27149e+07
Q8NEY1;Q8NEY1-2;Q8NEY1-3;Q8NEY1-4;Q8NEY1-6;Q8NEY1-7	Q8NEY1;Q8NEY1-2;Q8NEY1-3;Q8NEY1-4;Q8NEY1-6;Q8NEY1-7				3.42952e+07
Q8NFL0	Q8NFL0				244189
Q8NFP4;Q8NFP4-2	Q8NFP4;Q8NFP4-2				1.10582e+06
Q8NFT8	Q8NFT8				800088
Q8NFY4;Q8NFY4-6	Q8NFY4;Q8NFY4-6				4.71683e+06
Q8NFZ4	Q8NFZ4				6.80109e+06
Q8NFZ8	Q8NFZ8				5.50324e+07
Q8NHJ6;Q8NHJ6-2;Q8NHJ6-3	Q8NHJ6;Q8NHJ6-2;Q8NHJ6-3				1.87884e+06
Q8NHP8	Q8NHP8;Q8NHP8-2				4.7561e+06
Q8NHQ9	Q8NHQ9				4.58809e+08
Q8TAB3;Q8TAB3-2;Q8TAB3-3	Q8TAB3;Q8TAB3-2;Q8TAB3-3				1.17183e+06
Q8TAG5;Q8TAG5-2	Q8TAG5;Q8TAG5-2				5.7506e+07
Q8TBP5	Q8TBP5				1.42148e+07
Q8TCZ2	Q8TCZ2;Q8TCZ2-2;Q8TCZ2-3;Q8TCZ2-5;Q8TCZ2-6				5.8774e+07
Q8TDF5;Q8TDF5-1;Q8TDF5-2	Q8TDF5;Q8TDF5-1;Q8TDF5-2				1.21685e+06
Q8TDQ0;Q8TDQ0-2	Q8TDQ0;Q8TDQ0-2				3.42616e+06
Q8TE96;Q8TE96-2	Q8TE96;Q8TE96-2				1.09825e+06
Q8TEA8	Q8TEA8				2.99134e+06
Q8TER0;Q8TER0-5	Q8TER0;Q8TER0-3;Q8TER0-4;Q8TER0-5				3.3406e+07
Q8TEU8	Q8TEU8				1.57999e+07
Q8WUA8	Q8WUA8				652260
Q8WUJ3	Q8WUJ3;Q8WUJ3-2				9.58592e+06
Q8WVN6	Q8WVN6				3.19656e+06
Q8WVQ1;Q8WVQ1-3	Q8WVQ1;Q8WVQ1-2;Q8WVQ1-3				5.70101e+06
Q8WWA0	Q8WWA0				817497
Q8WWX9	Q8WWX9				4.96305e+06
Q8WX77	Q8WX77				995074
Q8WXD2	Q8WXD2				1.32533e+08
Q8WXD2-2	Q8WXD2-2				6.34494e+06
Q8WY21;Q8WY21-2;Q8WY21-3;Q8WY21-4	Q8WY21;Q8WY21-2;Q8WY21-3;Q8WY21-4				1.68882e+07
Q8WYK1	Q8WYK1				4.20732e+06
Q8WZ75;Q8WZ75-2;Q8WZ75-3	Q8WZ75;Q8WZ75-2;Q8WZ75-3				3.07328e+06
Q8WZA1	Q8WZA1;Q8WZA1-2				2.69022e+07
Q92484;Q92484-2	Q92484;Q92484-2				4.85432e+06
Q92485	Q92485;Q92485-2				6.25841e+06
Q92520	Q92520				2.92228e+08
Q92542;Q92542-2	Q92542;Q92542-2				1.53441e+06
Q92563	Q92563				2.63175e+07
Q92598;Q92598-2;Q92598-3;Q92598-4	Q92598;Q92598-2;Q92598-3;Q92598-4				156884
Q92626	Q92626				332108
Q92673	Q92673				7.30413e+06
Q92686	Q92686				736590
Q92692;Q92692-2	Q92692;Q92692-2				2.22482e+06
Q92729;Q92729-2;Q92729-3;Q92729-4	Q92729;Q92729-2;Q92729-3;Q92729-4				506715
Q92743	Q92743				3.8961e+06
Q92752	Q92752;Q92752-2				4.8639e+06
Q92765	Q92765				7.07617e+06
Q92820	Q92820				1.25949e+07
Q92823;Q92823-2;Q92823-5	Q92823;Q92823-2;Q92823-3;Q92823-4;Q92823-5;Q92823-6				2.03831e+08
Q92824;Q92824-2	Q92824;Q92824-2				193940
Q92832;Q92832-2	Q92832;Q92832-2				1.95126e+06
Q92854	Q92854;Q92854-2				1.8167e+06
Q92859;Q92859-2;Q92859-3	Q92859;Q92859-2;Q92859-3;Q92859-4				1.89124e+07
Q92876	Q92876;Q92876-2				1.94649e+08
Q92896;Q92896-2;Q92896-3	Q92896;Q92896-2;Q92896-3				1.57786e+06
Q92911	Q92911				1.8046e+06
Q92932-2	Q92932;Q92932-2;Q92932-3;Q92932-4				2.26875e+07
Q92945;Q96AE4;Q96AE4-2	Q92945;Q96AE4;Q96AE4-2				3.17953e+06
Q92954;Q92954-2;Q92954-5;Q92954-6	Q92954;Q92954-2;Q92954-3;Q92954-4;Q92954-5;Q92954-6				9.78808e+06
Q93063;Q93063-3	Q93063;Q93063-2;Q93063-3				979954
Q93091	Q93091				3.41328e+06
Q969H8	Q969H8				2.83854e+06
Q969P0;Q969P0-3	Q969P0;Q969P0-3				4.62853e+07
Q969T9	Q969T9				1.00071e+07
Q969Z4	Q969Z4				1.04505e+06
Q96AP7	Q96AP7				7.57638e+06
Q96AQ1;Q96AQ1-2;Q96LY2;Q96LY2-2	Q96LY2;Q96LY2-2;Q96AQ1;Q96AQ1-2				1.76252e+06
Q96AQ6;Q96AQ6-2	Q96AQ6;Q96AQ6-2				1.43588e+06
Q96B86;Q96B86-3;Q96B86-4	Q96B86;Q96B86-3;Q96B86-4				1.08904e+07
Q96BY9	Q96BY9				751733
Q96BZ4	Q96BZ4				7.5154e+06
Q96CW9;Q96CW9-2	Q96CW9;Q96CW9-2				304137
Q96CX2	Q96CX2;Q68DU8				1.5385e+06
Q96DB5;Q96DB5-2	Q96DB5;Q96DB5-2				80330.2
Q96EE4	Q96EE4				1.12235e+07
Q96EG1	Q96EG1				297404
Q96EU7	Q96EU7				364818
Q96FE5;Q96FE5-2	Q96FE5;Q7L985;Q96FE5-2				5.85633e+06
Q96FE7-4	Q96FE7;Q96FE7-2;Q96FE7-4;Q96FE7-5				2.47895e+07
Q96FJ2	P63167;Q96FJ2				8.10299e+06
Q96FW1	Q96FW1;Q96FW1-2				463467
Q96GD0	Q96GD0				1.26143e+06
Q96GW7	Q96GW7;Q96GW7-2				2.63206e+08
Q96HD1;Q96HD1-2	Q96HD1;Q96HD1-2				3.11956e+06
Q96HF1	Q96HF1				486403
Q96HU1;Q96HU1-2	Q96HU1;Q96HU1-2				1.60485e+06
Q96ID5	Q96ID5				1.66523e+07
Q96IU4	Q96IU4				678725
Q96IY4	Q96IY4				3.05811e+07
Q96JA1;Q96JA1-2	Q96JA1;Q96JA1-2				1.0738e+06
Q96JF0	Q96JF0;Q96JF0-2				1.25547e+07
Q96JP9	Q96JP9				315769
Q96JQ0	Q96JQ0				1.10003e+06
Q96KN2	Q96KN2				6.49339e+08
Q96KR4;Q96KR4-3	Q96KR4;Q96KR4-3				3.20131e+06
Q96MK3	Q96MK3				296004
Q96MU8;Q96MU8-2;Q96MU8-3	Q96MU8;Q96MU8-2;Q96MU8-3				844743
Q96NI6	Q96NI6				103217
Q96NU0;Q96NU0-2;Q9BZ76;Q9BZ76-2	Q96NU0;Q9BZ76;Q9BZ76-2;Q96NU0-2				599053
Q96NY7;Q96NY7-2	Q96NY7;Q96NY7-2				204774
Q96NZ9	Q96NZ9;Q96NZ9-3;Q96NZ9-4				5.58737e+06
Q96P44;Q96P44-3	Q96P44;Q96P44-3				1.27758e+06
Q96PD2;Q96PD2-2	Q96PD2;Q96PD2-2				908351
Q96PD5	Q96PD5;Q96PD5-2				4.0956e+07
Q96PQ0	Q96PQ0				1.02014e+07
Q96PX8	Q96PX8				3.74897e+07
Q96RP7	Q96RP7				167934
Q96RW7;Q96RW7-2	Q96RW7;Q96RW7-2				940719
Q96S96	Q96S96				6.55295e+07
Q96SM3	Q96SM3				2.10739e+06
Q96TA2;Q96TA2-2;Q96TA2-3	Q96TA2;Q96TA2-2;Q96TA2-3				9.64856e+06
Q99435;Q99435-2;Q99435-3;Q99435-4	Q99435;Q99435-2;Q99435-3;Q99435-4				2.27725e+08
Q99497	Q99497				2.16321e+07
Q99519	Q99519				2.31476e+06
Q99523	Q99523;Q99523-2				7.56871e+06
Q99536;Q99536-2;Q99536-3	Q99536;Q99536-2;Q99536-3				285690
Q99538	Q99538;Q99538-2;Q99538-3				2.12821e+06
Q99574	Q99574				2.89956e+07
Q99584	Q99584				221793
Q99650;Q99650-2	Q99650;Q99650-2				739782
Q99674	Q99674;Q99674-2				1.99113e+07
Q99715;Q99715-4	Q99715;Q99715-4				2.7801e+06
Q99731	Q99731				144170
Q99784	Q99784;Q99784-3;Q99784-5				9.64804e+06
Q99941;Q99941-2	Q99941;Q99941-2				824727
Q99946	Q99946				5.64434e+06
Q99969	Q99969				1.36035e+07
Q99972	Q99972				3.05828e+06
Q99983	Q99983				2.69678e+07
Q99985	Q99985				1.61814e+06
Q9BQ16	Q9BQ16;Q9BQ16-1;Q9BQ16-4;Q9BQ16-5;Q9BQ16-6;Q9BQ16-7;Q9BQ16-8				1.39812e+07
Q9BQS7;Q9BQS7-2;Q9BQS7-3	Q9BQS7;Q9BQS7-2;Q9BQS7-3;Q9BQS7-4				381227
Q9BQT9;Q9BQT9-2	Q9BQT9;Q9BQT9-2				9.7131e+07
Q9BRA2	Q9BRA2				3.82302e+06
Q9BRF8;Q9BRF8-2;Q9BRF8-3	Q9BRF8;Q9BRF8-2;Q9BRF8-3				984775
Q9BRK3;Q9BRK3-2;Q9BRK3-3	Q9BRK3;Q9BRK3-2;Q9BRK3-3				3.71187e+06
Q9BRK5	Q9BRK5;Q9BRK5-2;Q9BRK5-5				1.24992e+07
Q9BS26	Q9BS26				2.1495e+06
Q9BSG5;Q9BSG5-2;Q9BSG5-3	Q9BSG5;Q9BSG5-2;Q9BSG5-3				1.91434e+06
Q9BTY2	Q9BTY2				3.17737e+07
Q9BU40-3;Q9BU40-4;Q9BU40-5	Q9BU40;Q9BU40-3;Q9BU40-4;Q9BU40-5				2.41262e+08
Q9BUD6	Q9BUD6				1.88307e+06
Q9BUJ0	Q9BUJ0				2.82077e+06
Q9BUN1	Q9BUN1				7.8708e+06
Q9BV94;Q9BV94-2	Q9BV94;Q9BV94-2				961482
Q9BVH7	Q9BVH7				370663
Q9BVK6	Q9BVK6				986685
Q9BW30	P59282;Q9BW30				824983
Q9BWD1;Q9BWD1-2	Q9BWD1;Q9BWD1-2				86391.4
Q9BWP8;Q9BWP8-10;Q9BWP8-2;Q9BWP8-3;Q9BWP8-4;Q9BWP8-5;Q9BWP8-6;Q9BWP8-7;Q9BWP8-8;Q9BWP8-9	Q9BWP8;Q9BWP8-10;Q9BWP8-2;Q9BWP8-3;Q9BWP8-4;Q9BWP8-5;Q9BWP8-6;Q9BWP8-7;Q9BWP8-8;Q9BWP8-9				593967
Q9BWQ8	Q9BWQ8				1.1728e+07
Q9BWS9;Q9BWS9-3	Q9BWS9;Q9BWS9-3				3.51332e+06
Q9BWV1;Q9BWV1-3	Q9BWV1;Q9BWV1-3				225087
Q9BX67;Q9BX67-2	Q9BX67;Q9BX67-2				5.18654e+06
Q9BXJ0	Q9BXJ0				8.37596e+06
Q9BXJ1;Q9BXJ1-2	Q9BXJ1;Q9BXJ1-2				4.89183e+06
Q9BXJ3	Q9BXJ3				9.64841e+06
Q9BXJ4;Q9BXJ4-2;Q9BXJ4-3	Q9BXJ4;Q9BXJ4-2;Q9BXJ4-3				6.86929e+06
Q9BXN1	Q9BXN1				119565
Q9BXP8	Q9BXP8				795219
Q9BY67;Q9BY67-2;Q9BY67-3;Q9BY67-4;Q9BY67-5	Q9BY67;Q9BY67-2;Q9BY67-3;Q9BY67-4;Q9BY67-5				6.79203e+07
Q9BY76;Q9BY76-2	Q9BY76;Q9BY76-2				359689
Q9BYC5	Q9BYC5;Q9BYC5-3				499863
Q9BYH1;Q9BYH1-5;Q9BYH1-6;Q9BYH1-7	Q9BYH1;Q9BYH1-2;Q9BYH1-3;Q9BYH1-4;Q9BYH1-5;Q9BYH1-6;Q9BYH1-7				3.95776e+07
Q9BYJ0	Q9BYJ0				1.45465e+06
Q9BZC7;Q9BZC7-2;Q9BZC7-3;Q9BZC7-4	Q9BZC7;Q9BZC7-2;Q9BZC7-3;Q9BZC7-4				1.61032e+07
Q9BZR6	Q9BZR6				1.09849e+07
Q9C0A0	Q9C0A0;Q96NU0;Q9BZ76;Q9BZ76-2;Q96NU0-2;Q9C0A0-2				1.48785e+07
Q9C0C4	Q9C0C4				517405
Q9GZM5	Q9GZM5				129160
Q9GZP0;Q9GZP0-2	Q9GZP0;Q9GZP0-2				573287
Q9GZP4;Q9GZP4-2	Q9GZP4;Q9GZP4-2				3.63082e+06
Q9GZT8;Q9GZT8-2	Q9GZT8;Q9GZT8-2;Q9GZT8-3				619829
Q9GZV7	Q9GZV7				967778
Q9GZX3	Q9GZX3				1.50847e+06
Q9GZX9	Q9GZX9				2.82534e+06
Q9H008;Q9H008-2	Q9H008;Q9H008-2				864996
Q9H0E2;Q9H0E2-2	Q9H0E2;Q9H0E2-2				173011
Q9H0Q3;Q9H0Q3-2	Q9H0Q3;Q9H0Q3-2				6.53229e+06
Q9H0R4;Q9H0R4-2	Q9H0R4;Q9H0R4-2				1.28508e+06
Q9H0W9;Q9H0W9-2;Q9H0W9-3	Q9H0W9;Q9H0W9-3;Q9H0W9-2;Q9H0W9-4				418388
Q9H156;Q9H156-2	Q9H156;Q9H156-2				1.39283e+06
Q9H173	Q9H173				2.30055e+06
Q9H1B5;Q9H1B5-2	Q9H1B5;Q9H1B5-2				1.07968e+06
Q9H1C7	Q9H1C7				1.15652e+06
Q9H1U4	Q9H1U4				8.26468e+06
Q9H1Z8	Q9H1Z8				3.35445e+07
Q9H251;Q9H251-2;Q9H251-3;Q9H251-4;Q9H251-8	Q9H251;Q9H251-2;Q9H251-3;Q9H251-4;Q9H251-8				704925
Q9H254;Q9H254-2;Q9H254-4	O43707;Q9H254;Q9H254-2;Q9H254-4				551042
Q9H257;Q9H257-2;Q9H257-3	Q9H257;Q9H257-2;Q9H257-3				1.27191e+06
Q9H299	Q9H299				4.13126e+06
Q9H2A7	Q9H2A7				1.14101e+07
Q9H2B2;Q9H2B2-2	Q9H2B2;Q9H2B2-2				8.22665e+06
Q9H2E6;Q9H2E6-2	Q9H2E6;Q9H2E6-2				4.306e+06
Q9H2X0;Q9H2X0-5	Q9H2X0;Q9H2X0-5				6.80405e+06
Q9H2X8	Q9H2X8				396161
Q9H2X9;Q9H2X9-2	Q9H2X9;Q9H2X9-2				964289
Q9H3G5	Q9H3G5				1.95797e+07
Q9H3S1;Q9H3S1-2	Q9H3S1;Q9H3S1-2				1.13632e+06
Q9H3S3	Q9H3S3				1.05208e+06
Q9H3T2;Q9H3T2-3	Q9H3T2;Q9H3T2-2;Q9H3T2-3				575383
Q9H3T3;Q9H3T3-3	Q9H3T3;Q9H3T3-3				1.71969e+06
Q9H3U7;Q9H3U7-2	Q9H3U7;Q9H3U7-2				122813
Q9H492;Q9H492-2	Q9GZQ8;Q9H492;A6NCE7;Q9H492-2				1.7552e+06
Q9H4A4	Q9H4A4				70079.9
Q9H4A9;Q9H4A9-2	Q9H4A9;Q9H4A9-2				279405
Q9H4D0	Q9H4D0				7.69535e+06
Q9H4F8;Q9H4F8-2	Q9H4F8;Q9H4F8-2				5.89988e+06
Q9H5Y7	Q9H5Y7				816798
Q9H6B4	Q9H6B4				1.85875e+06
Q9H6X2;Q9H6X2-5	Q9H6X2;Q9H6X2-2;Q9H6X2-3;Q9H6X2-4;Q9H6X2-5;Q9H6X2-6				3.69667e+06
Q9H741	Q9H741				1.60902e+06
Q9H7Y0	Q9H7Y0;Q9H7Y0-2				938020
Q9H8J5	Q9H8J5				3.12506e+06
Q9H8L6	Q9H8L6				9.49836e+06
Q9H9S5	Q9H9S5				630825
Q9HAR2;Q9HAR2-2;Q9HAR2-3;Q9HAR2-4	Q9HAR2;Q9HAR2-2;Q9HAR2-3;Q9HAR2-4				4.64736e+06
Q9HAT2;Q9HAT2-2	Q9HAT2;Q9HAT2-2				1.18578e+07
Q9HBR0	Q9HBR0				3.06399e+06
Q9HBT6	Q9HBT6				1.44557e+06
Q9HBW1	Q9HBW1				1.74495e+06
Q9HC38-2	Q9HC38;Q9HC38-2;Q9HC38-3				1.05472e+07
Q9HC56;Q9HC56-2	Q9HC56;Q9HC56-2				7.31448e+06
Q9HC57	Q9HC57				9.39194e+06
Q9HCB6	Q9HCB6				8.98306e+06
Q9HCK4;Q9HCK4-2;Q9HCK4-3	Q9HCK4;Q9HCK4-2;Q9HCK4-3				2.4834e+06
Q9HCL0;Q9HCL0-2	Q9HCL0;Q9HCL0-2				301697
Q9HCU0	Q9HCU0				4.72526e+06
Q9HCU4	Q9HCU4				1.6528e+07
Q9HD45	Q9HD45				368448
Q9HDB5	Q9HDB5;Q9Y4C0;Q9HDB5-2;Q9HDB5-4;Q9Y4C0-3				9.00605e+06
Q9HDC9;Q9HDC9-2	Q9HDC9;Q9HDC9-2				1.25929e+06
Q9NP80;Q9NP80-2;Q9NP80-3	Q9NP80;Q9NP80-2;Q9NP80-3				9.16107e+06
Q9NP84	Q9NP84				1.72631e+06
Q9NPC4	Q9NPC4				1.36849e+06
Q9NPG4	Q9NPG4				2.51836e+06
Q9NPH0	Q9NPH0				570204
Q9NPH3;Q9NPH3-2;Q9NPH3-5	Q9NPH3;Q9NPH3-2;Q9NPH3-3;Q9NPH3-5				1.21912e+06
Q9NPR2;Q9NPR2-2	Q9NPR2;Q9NPR2-2				9.61445e+06
Q9NPY3	Q9NPY3				1.41933e+06
Q9NQ30	Q9NQ30				565050
Q9NQ36;Q9NQ36-2;Q9NQ36-3	Q9NQ36;Q9NQ36-2;Q9NQ36-3				1.5819e+06
Q9NQ79;Q9NQ79-2	Q9NQ79;Q9NQ79-2;Q9NQ79-3				1.05493e+08
Q9NQS3;Q9NQS3-2;Q9NQS3-3	Q9NQS3;Q9NQS3-2;Q9NQS3-3				1.1294e+06
Q9NQX5	Q9NQX5				5.80543e+06
Q9NQX7	Q9NQX7;Q9NQX7-2;Q9NQX7-3				1.08045e+06
Q9NR34	Q9NR34				2.44233e+07
Q9NRB3	Q9NRB3				648845
Q9NRN5	Q9NRN5;Q9NRN5-2				1.38521e+07
Q9NRR1	Q9NRR1				9.26788e+06
Q9NRV9	Q9NRV9				544401
Q9NRX5	Q9NRX5				253466
Q9NS15;Q9NS15-2	Q9NS15;Q9NS15-2				513071
Q9NS84	Q9NS84				694893
Q9NS85	Q9NS85;Q9NS85-2				3.98688e+06
Q9NS98	Q9NS98				1.00129e+07
Q9NSC7	Q9NSC7				2.08067e+06
Q9NT22;Q9NT22-2	Q9NT22;Q9NT22-2				1.3711e+06
Q9NT99	Q9NT99				1.61888e+07
Q9NTU7	Q9NTU7				1.01126e+07
Q9NU53	Q9NU53				716125
Q9NUQ9	Q9NUQ9;Q9NUQ9-2				2.20097e+06
Q9NX62	Q9NX62				3.33143e+07
Q9NXS2;Q9NXS2-3	Q9NXS2;Q9NXS2-3				575562
Q9NY15	Q9NY15;Q9NY15-2				1.72937e+06
Q9NY33	Q9NY33;Q9NY33-4				1.65718e+06
Q9NY47;Q9NY47-2;Q9NY47-3;Q9NY47-4;Q9NY47-5	Q9NY47;Q9NY47-2;Q9NY47-3;Q9NY47-4;Q9NY47-5				5.14679e+06
Q9NY72	Q9NY72				6.31401e+06
Q9NY97;Q9NY97-2	Q9NY97;Q9NY97-2				8.96391e+06
Q9NYQ8	Q9NYQ8				7.81537e+06
Q9NYX4	Q9NYX4				1.43358e+07
Q9NZ08;Q9NZ08-2	Q9NZ08;Q9NZ08-2				1.55731e+07
Q9NZ53	Q9NZ53;Q9NZ53-2				7.39434e+06
Q9NZ72;Q9NZ72-2	Q9NZ72;Q9NZ72-2				1.8408e+06
Q9NZ94;Q9NZ94-2;Q9NZ94-3	Q9NZ94;Q9NZ94-2;Q9NZ94-3				1.3572e+06
Q9NZC2;Q9NZC2-2;Q9NZC2-3	Q9NZC2;Q9NZC2-2;Q9NZC2-3				6.08321e+06
Q9NZK5	Q9NZK5				2.96541e+06
Q9NZN1	Q9NZN1				1.07149e+06
Q9NZP8	Q9NZP8				2.41954e+07
Q9NZR2	Q9NZR2				1.58226e+06
Q9NZU0	Q9NZU0				360634
Q9NZU1	Q9NZU1				3.94759e+06
Q9P035	Q9P035				201718
Q9P0K1;Q9P0K1-2;Q9P0K1-5	Q9P0K1;Q9P0K1-2;Q9P0K1-3;Q9P0K1-4;Q9P0K1-5				3.71619e+07
Q9P0K9	Q9P0K9				1.16823e+07
Q9P0L0;Q9P0L0-2	Q9P0L0;Q9P0L0-2				2.39316e+06
Q9P0S2	Q9P0S2				841566
Q9P121-4	Q9P121;Q9P121-3;Q9P121-2;Q9P121-4				8.7022e+07
Q9P232	Q9P232				3.22755e+06
Q9P2E7;Q9P2E7-2	Q9P2E7;Q9P2E7-2				1.81759e+06
Q9P2S2	P58401;Q9P2S2				1.7614e+07
Q9UBG0	Q9UBG0				4.01504e+07
Q9UBP4	Q9UBP4				6.0204e+08
Q9UBQ6	Q9UBQ6				1.17058e+07
Q9UBR2	Q9UBR2				1.20342e+07
Q9UBV2;Q9UBV2-2	Q9UBV2;Q9UBV2-2				720995
Q9UBX1	Q9UBX1				6.92176e+06
Q9UBX5	Q9UBX5				2.86474e+07
Q9UBX7;Q9UBX7-1;Q9UBX7-3;Q9UBX7-4	Q9UBX7;Q9UBX7-1;Q9UBX7-3;Q9UBX7-4				1.53175e+06
Q9UBX8	Q9UBX8				190197
Q9UD71;Q9UD71-2	Q9UD71;Q9UD71-2				249995
Q9UEW3;Q9UEW3-2	Q9UEW3;Q9UEW3-2				353304
Q9UF11;Q9UF11-2;Q9UF11-3;Q9UF11-4	Q9UF11;Q9UF11-2;Q9UF11-3;Q9UF11-4				4.09827e+06
Q9UFP1	Q9UFP1				4.76378e+06
Q9UGM5;Q9UGM5-2	Q9UGM5;Q9UGM5-2				6.48457e+06
Q9UGV2;Q9UGV2-2;Q9UGV2-3	Q9UGV2;Q9UGV2-2;Q9UGV2-3				550452
Q9UHC6	Q9UHC6				2.15901e+07
Q9UHD9	Q9UHD9				725629
Q9UHF0-2	Q9UHF0-2				4.10551e+06
Q9UHG2	Q9NPY3;Q9UHG2				2.05551e+08
Q9UHG3;Q9UHG3-2	Q9UHG3;Q9UHG3-2				1.9778e+06
Q9UHI8	Q9UHI8				4.51209e+06
Q9UHL4	Q9UHL4				1.14899e+07
Q9UHY7	Q9UHY7;Q9UHY7-2				476371
Q9UI15	Q9UI15				730130
Q9UI42;Q9UI42-2	Q9UI42;Q9UI42-2				504340
Q9UIB8;Q9UIB8-2;Q9UIB8-3;Q9UIB8-4;Q9UIB8-5;Q9UIB8-6	Q9UIB8;Q9UIB8-2;Q9UIB8-3;Q9UIB8-4;Q9UIB8-5;Q9UIB8-6				2.32222e+06
Q9UIQ6;Q9UIQ6-2;Q9UIQ6-3	Q9UIQ6;Q9UIQ6-2;Q9UIQ6-3				663512
Q9UIW2	P51805;Q9UIW2				1.54673e+06
Q9UJ14	Q9UJ14				2.44839e+06
Q9UJ37	Q9UJ37				124547
Q9UJ90	Q9UJ90				2.85474e+06
Q9UJ99	Q9UJ99				5.89293e+06
Q9UJA9	Q9UJA9				4.32007e+06
Q9UJH8	Q9UJH8				1.73247e+06
Q9UJJ9	Q9UJJ9				8.28442e+06
Q9UJQ1;Q9UJQ1-2	Q9UJQ1;Q9UJQ1-2				4.25632e+06
Q9UK55	Q9UK55				2.44027e+06
Q9UKB5	Q9UKB5				1.66212e+07
Q9UKJ1-3	Q9UKJ1;Q9UKJ1-2;Q9UKJ1-3;Q9UKJ1-4				1.02066e+06
Q9UKK9	Q9UKK9				109993
Q9UKM7	Q9UKM7				3.10479e+06
Q9UKQ2;Q9UKQ2-2	Q9UKQ2;Q9UKQ2-2				887004
Q9UKU6	Q9UKU6				346767
Q9UKU9	Q9UKU9;Q9UKU9-2				3.47347e+06
Q9UKZ4;Q9UKZ4-2	Q9UKZ4;Q9UKZ4-2				245846
Q9ULB1-2;Q9ULB1-3	P58400;Q9ULB1-2;Q9ULB1-3				3.71491e+07
Q9ULB4	Q9ULB4				1.42009e+06
Q9ULB5	Q9ULB5				921827
Q9ULF5	Q9ULF5				2.08692e+07
Q9ULH4	Q9ULH4				890790
Q9ULI3;Q9ULI3-2	Q9ULI3;Q9ULI3-2				7.62164e+06
Q9ULI4	Q9ULI4				634719
Q9ULL4;Q9ULL4-2	Q9ULL4;Q9ULL4-2				2.2914e+06
Q9ULP0-3;Q9ULP0-6	Q9ULP0;Q9ULP0-2;Q9ULP0-3;Q9ULP0-4;Q9ULP0-5;Q9ULP0-6;Q9ULP0-7;Q9ULP0-8				2.11574e+06
Q9ULP0-5	Q9ULP0;Q9ULP0-2;Q9ULP0-4;Q9ULP0-5				95098.7
Q9ULX7	Q9ULX7				1.49137e+06
Q9ULZ3;Q9ULZ3-2;Q9ULZ3-3	Q9ULZ3;Q9ULZ3-2;Q9ULZ3-3				239126
Q9ULZ9;Q9ULZ9-2	Q9ULZ9;Q9ULZ9-2				1.74148e+06
Q9UM22	Q9UM22				5.74603e+06
Q9UM47	Q9UM47				1.84013e+06
Q9UMF0	Q9UMF0				2.3782e+07
Q9UMX5	Q9UMX5				6.18999e+06
Q9UN36-2;Q9UN36-6	Q9UN36;Q9UN36-2;Q9UN36-3;Q9UN36-5;Q9UN36-6				7.75778e+06
Q9UN67;Q9Y5E1	Q9UN67;Q9Y5E1				282401
Q9UN70;Q9UN70-2	Q9UN70;Q9UN70-2				2.97277e+06
Q9UNN8	Q9UNN8				8.08136e+06
Q9UNW1	Q9UNW1;Q9UNW1-4				6.2291e+06
Q9UP79	Q9UP79				1.85217e+06
Q9UPU3	Q9UPU3				8.90996e+06
Q9UQ52	Q9UQ52				4.37226e+06
Q9UQM7;Q9UQM7-2	Q9UQM7;Q9UQM7-2				8.49648e+06
Q9Y240	Q9Y240				7.28048e+06
Q9Y274	Q9Y274;Q9Y274-2				6.68696e+06
Q9Y279;Q9Y279-2	Q9Y279;Q9Y279-2				4.45306e+06
Q9Y281;Q9Y281-3	Q9Y281;Q9Y281-3				332814
Q9Y287	Q9Y287;Q9Y287-2				8.70633e+06
Q9Y2B0	Q9Y2B0				670993
Q9Y2E5	Q9Y2E5;Q9Y2E5-2				3.43268e+06
Q9Y2G1;Q9Y2G1-2	Q9Y2G1;Q9Y2G1-2				1.09092e+06
Q9Y2G5;Q9Y2G5-1;Q9Y2G5-2	Q9Y2G5;Q9Y2G5-1;Q9Y2G5-2				144819
Q9Y2I2;Q9Y2I2-1;Q9Y2I2-2;Q9Y2I2-4;Q9Y2I2-5;Q9Y2I2-6	Q9Y2I2;Q9Y2I2-1;Q9Y2I2-2;Q9Y2I2-4;Q9Y2I2-5;Q9Y2I2-6				5.69589e+06
Q9Y2S2;Q9Y2S2-2	Q9Y2S2;Q9Y2S2-2				147756
Q9Y2T3;Q9Y2T3-3	Q9Y2T3;Q9Y2T3-2;Q9Y2T3-3				1.6652e+07
Q9Y2V2	Q9Y2V2				109746
Q9Y2Z0;Q9Y2Z0-2	Q9Y2Z0;Q9Y2Z0-2				847150
Q9Y328	Q9Y328				590533
Q9Y334;Q9Y334-2	Q9Y334;Q9Y334-2				1.49429e+06
Q9Y336;Q9Y336-2	Q9Y336;Q9Y336-2				303296
Q9Y490	Q9Y490				105862
Q9Y4C0-4	Q9HDB5-3;Q9HDB5-4;Q9Y4C0-4				3.83042e+07
Q9Y4L1	Q9Y4L1				8.93182e+06
Q9Y5F6-2	Q9Y5F6;Q9Y5F6-2				1.65581e+07
Q9Y5H3;Q9Y5H3-2	Q9Y5G4;Q9Y5H3;Q9Y5G4-2;Q9Y5H3-2				1.48244e+06
Q9Y5I2;Q9Y5I2-2;Q9Y5I2-3	Q9Y5I2;Q9Y5I2-2;Q9Y5I2-3				152802
Q9Y5I4;Q9Y5I4-2	Q9Y5I4;Q9Y5I4-2				8.46025e+06
Q9Y5L2	Q9Y5L2				3.85851e+06
Q9Y5Y7	Q9Y5Y7				4.90413e+07
Q9Y617	Q9Y617;Q9Y617-2				2.18024e+06
Q9Y625	Q9Y625				904616
Q9Y639;Q9Y639-1;Q9Y639-3;Q9Y639-4;Q9Y639-5	Q9Y639;Q9Y639-1;Q9Y639-3;Q9Y639-4;Q9Y639-5				2.98604e+06
Q9Y646	Q9Y646				3.74344e+07
Q9Y653;Q9Y653-2;Q9Y653-3	Q9Y653;Q9Y653-2;Q9Y653-3;Q9Y653-4;Q9Y653-5				3.92677e+07
Q9Y696	Q9Y696				2.43454e+06
Q9Y6C2	Q9Y6C2;Q9Y6C2-2				1.82447e+06
Q9Y6N6	Q9Y6N6				2.10641e+06
Q9Y6N7;Q9Y6N7-2;Q9Y6N7-4	Q9HCK4;Q9Y6N7;Q9Y6N7-2;Q9Y6N7-3;Q9Y6N7-4;Q9Y6N7-5;Q9Y6N7-6;Q9HCK4-2;Q9HCK4-3				1.16128e+07
Q9Y6N8	Q9Y6N8				3.18821e+06
Q9Y6R7	Q9Y6R7				1.19993e+07
Q9Y6X5	Q9Y6X5				2.04536e+06
Q9Y6Y8;Q9Y6Y8-2	Q9Y6Y8;Q9Y6Y8-2				2.39452e+07
