Protein.Group	Protein.Ids	Protein.Names	Genes	First.Protein.Description	/fs/pool/pool-mann-projects/Johannes/Jakob_AD_CSF_data/Berlin_cohort_Sweden_mag_speclib_OBO/All_Raw/20190228_QX1_PhGe_SA_EASY12-10_Deigendesch_G7_79061594.mzML
A0A075B6H7;A0A0C4DH55;P01624	P01624;A0A075B6H7;A0A0C4DH55				1.53025e+08
A0A075B6H9	A0A075B6H9				2.97936e+06
A0A075B6I0	A0A075B6I0				1.06776e+07
A0A075B6I1	A0A075B6I1				1.08761e+06
A0A075B6I9	A0A075B6I9				3.1628e+07
A0A075B6J9	A0A075B6J9				4.58757e+06
A0A075B6K4	P01715;A0A075B6K4				1.67751e+07
A0A075B6K5	A0A075B6K5				1.06601e+07
A0A075B6P5;P01615	P01615;A0A075B6P5				8.41218e+07
A0A075B6Q5	A0A075B6Q5				622737
A0A075B6R2	A0A075B6R2				9.34495e+06
A0A075B6R9;A0A0C4DH68	A0A075B6R9;A0A0C4DH68				1.46169e+07
A0A075B6S2	A0A075B6S2;A2NJV5				2.02236e+08
A0A075B6S5	A0A075B6S5;A0A0C4DH67;A0A0C4DH69				1.2375e+07
A0A087WSX0	A0A087WSX0;A0A0G2JS06				1.91119e+07
A0A087WSY4	A0A087WSY4				8.47927e+06
A0A087WSY6	A0A087WSY6				3.66772e+08
A0A0A0MRZ8;P04433	P04433;A0A0A0MRZ8				1.06319e+08
A0A0A0MS15	A0A0A0MS15				3.92988e+06
A0A0A0MT36;A0A0C4DH26	A0A0A0MT36;A0A0C4DH26				844803
A0A0B4J1U7	A0A0B4J1U7				1.01616e+07
A0A0B4J1V0	A0A0B4J1V0				1.57869e+08
A0A0B4J1X5	P01764;P01768;P01772;P01767;A0A0B4J1X5;A0A0C4DH42;P0DP02;P0DP03				1.23192e+08
A0A0B4J1Y9	A0A0B4J1Y9				2.93195e+06
A0A0C4DH24	A0A0C4DH24				1.12254e+07
A0A0C4DH25	A0A0C4DH25				4.2195e+07
A0A0C4DH33	A0A0C4DH33				3.9679e+08
A0A0C4DH34	A0A0C4DH34				8.20993e+06
A0A0C4DH35	A0A0C4DH35				2.40806e+06
A0A0C4DH36	A0A0C4DH36				2.93057e+06
A0A0C4DH38	A0A0C4DH38;A0A0J9YXX1				1.77204e+07
A0A0C4DH43	P01814;A0A0C4DH43				3.06309e+07
A0A0J9YX35	A0A0J9YX35				7.6348e+06
A0A2R8Y619;O60814;P06899;P23527;P33778;P57053;P58876;P62807;Q16778;Q5QNW6;Q5QNW6-2;Q8N257;Q93079;Q96A08;Q99877;Q99879;Q99880	O60814;P06899;P23527;P33778;P57053;P58876;P62807;Q16778;Q5QNW6;Q8N257;Q93079;Q96A08;Q99877;Q99879;Q99880;A0A2R8Y619;Q5QNW6-2				184160
A0M8Q6	P0CG04;P0DOY2;P0DOY3;A0M8Q6;P0CF74;B9A064;P0DOX8				6.18397e+07
A1L4H1	A1L4H1;A1L4H1-2				1.47157e+07
A6BM72;A6BM72-2;A6BM72-4	A6BM72;A6BM72-2;A6BM72-4				2.38728e+06
A6NCE7;Q9GZQ8	Q9GZQ8;Q9H492;A6NCE7;Q9H492-2				833384
A6NGN9	A6NGN9				7.00931e+06
A6NHG4;P30046;P30046-2	P30046;A6NHG4;P30046-2				1.66617e+06
A6NL88	A6NL88				4.4704e+06
A6NLU5	A6NLU5				8.22483e+06
A6NML5	A6NML5				5.0286e+06
A6NNZ2;P04350;P07437;P68371;Q13885;Q3ZCM7;Q9BUF5;Q9BVA1	A6NNZ2;P04350;P07437;P68371;Q13885;Q3ZCM7;Q9BUF5;Q9BVA1				171255
A8MTW9	A8MTW9				2.05617e+06
I3L3R5	I3L3R5				830040
O00115;O00115-2	O00115;O00115-2				4.48304e+06
O00142;O00142-2;O00142-3;O00142-4;O00142-5;O00142-6	O00142;O00142-2;O00142-3;O00142-4;O00142-5;O00142-6				2.70534e+07
O00187;O00187-2	O00187;O00187-2				2.21257e+06
O00264	O00264;O00264-2				3.39295e+06
O00299	O00299				1.0219e+06
O00339;O00339-2;O00339-3	O00339;O00339-2;O00339-3				2.68301e+06
O00391	O00391;O00391-2				5.17903e+07
O00451	O00451;O00451-2;O00451-3				1.64135e+07
O00461	O00461				1.43079e+07
O00462	O00462				7.58269e+06
O00468-6	O00468-6;O00468-7				1.60374e+07
O00533	O00533;O00533-2				1.2782e+08
O00533-2	O00533-2				1.80722e+07
O00584	O00584				1.21248e+07
O00754;O00754-2	O00754;O00754-2				5.06767e+06
O14498	O14498				2.59511e+07
O14514	O14514				1.94228e+06
O14522;O14522-1	O14522;O14522-1				1.69254e+06
O14525;O14525-2;O14525-3	O14525;O14525-2;O14525-3				1.24351e+06
O14594	O14594				1.39463e+08
O14672	O14672				8.1234e+06
O14733;O14733-2;O14733-3;O14733-4	O14733;O14733-2;O14733-3;O14733-4				2.16394e+07
O14773	O14773				6.5249e+06
O14786;O14786-2;O14786-3	O14786;O14786-2;O14786-3				9.63506e+06
O14791-2	O14791;O14791-2				6.76454e+06
O14793	O14793				4.75254e+06
O14917;O14917-2	O14917;O14917-2				3.8343e+06
O14960	O14960				94675.9
O15031	O15031				2.67113e+07
O15197;O15197-3	O15197;O15197-3				2.84474e+06
O15230	O15230				1.63608e+06
O15232;O15232-2	O15232;O15232-2				2.3322e+06
O15240	O15240				1.65887e+08
O15335	O15335				2.83533e+06
O15354	O15354				1.13594e+07
O15389;Q08ET2	O15389;Q08ET2				2.8561e+06
O15394	O15394;O15394-2				1.35411e+08
O15466;O15466-2	O15466;O15466-2				2.10728e+06
O15540;O15540-2	O15540;O15540-2				4.98506e+06
O43155	O43155				675252
O43157	O43157;O43157-2;O43157-3				4.66431e+06
O43173	O43173				3.24284e+06
O43240	O43240				4.42111e+06
O43278;O43278-2	O43278;O43278-2				1.28419e+07
O43291	O43291				8.40327e+06
O43300	O43300				4.4437e+06
O43405;O43405-2	O43405;O43405-2				3.01431e+07
O43493;O43493-3;O43493-5;O43493-7	O43493;O43493-3;O43493-5;O43493-4;O43493-7				2.17911e+07
O43505	O43505				5.38139e+08
O43508	O43508				1.63893e+06
O43508-2	O75888;O75888-3;O43508-2;O75888-2;O75888-4;O75888-5				2.1622e+06
O43529	O43529				1.16179e+07
O43556;O43556-3;O43556-4	O43556;O43556-3;O43556-4				1.20668e+07
O43567	O43567				8.16808e+06
O43827	O43827				5.3279e+06
O43852;O43852-10;O43852-11;O43852-12;O43852-13;O43852-14;O43852-2;O43852-3;O43852-4;O43852-5;O43852-6;O43852-7;O43852-8;O43852-9	O43852;O43852-10;O43852-11;O43852-12;O43852-13;O43852-14;O43852-2;O43852-3;O43852-4;O43852-5;O43852-6;O43852-7;O43852-8;O43852-9				1.31827e+06
O43897;O43897-2	O43897;O43897-2				1.3292e+06
O43909	O43909				729054
O43916	O43916				386086
O60241;O60241-2;O60241-3;O60241-4	O60241;O60241-2;O60241-3;O60241-4				8.60426e+06
O60242	O60242				1.74134e+06
O60243	O60243;O60243-2				4.32326e+06
O60245;O60245-2	O60245;O60245-2				2.10678e+06
O60279	O60279				7.85129e+07
O60449;O60449-2;O60449-3	O60449;O60449-2;O60449-3				1.90968e+06
O60462;O60462-2;O60462-3;O60462-4;O60462-5	O60462;O60462-2;O60462-3;O60462-4;O60462-5;O60462-6				9.65668e+06
O60476	O60476				2.97397e+06
O60512	O60512				1.82176e+06
O60568	O60568				2.79476e+06
O60613	O60613				2.08732e+06
O60883	O60883				2.78083e+07
O60888-3	O60888;O60888-2;O60888-3				4.12063e+06
O75063	O75063				3.45275e+06
O75071	O75071				4.0571e+06
O75077;O75077-2;O75077-3	O75077;O75077-2;O75077-3				4.66652e+06
O75078	O75078;O75078-2				9.27927e+06
O75083	O75083;O75083-3				933361
O75084;Q14332	O75084;Q14332				441418
O75144;O75144-2	O75144;O75144-2;O75144-3				3.12637e+07
O75173;O75173-2	O75173;O75173-2				5.60797e+06
O75326	O75326;O75326-2				3.96392e+07
O75347	O75347;O75347-2				1.49081e+06
O75354;O75354-2;O75354-3	O75354;O75354-2;O75354-3				1.3075e+06
O75368	O75368				911438
O75467;Q6AW86	O75467;Q6AW86				7.40244e+06
O75493	O75493				5.77773e+06
O75503	O75503				4.07036e+06
O75509	O75509				2.26957e+07
O75629	O75629				154654
O75711	O75711				2.27261e+08
O75752	O75752				5.97164e+06
O75787;O75787-2	O75787;O75787-2				4.49925e+07
O75828	O75828				1.95387e+06
O75874	O75874				565689
O75882;O75882-2;O75882-3	O75882;O75882-2;O75882-3				1.00218e+07
O75976	O75976				1.03832e+06
O76061	O76061				3.90908e+06
O94760	O94760				1.11616e+07
O94766	O94766;Q9NPZ5				1.60354e+06
O94769;O94769-2	O94769;O94769-2				1.40438e+07
O94772;O94772-2	O94772;O94772-2				2.48116e+07
O94779;O94779-2;O94779-4	O94779;O94779-2;O94779-4				485401
O94856-11	O94856;O94856-10;O94856-11;O94856-12;O94856-13;O94856-3;O94856-4;O94856-5;O94856-6;O94856-7;O94856-8;O94856-9				6.59193e+07
O94910;O94910-2	O94910;O94910-2				1.0548e+07
O94919	O94919				4.31348e+07
O94933	O94933				877917
O94985-2	O94985;O94985-2				3.71918e+08
O94991	O94991;O94991-2				1.00956e+07
O95084;O95084-2	O95084;O95084-2				1.48415e+06
O95157	O95157				1.88387e+06
O95158	O95158				1.19975e+07
O95159	O95159				905106
O95185;O95185-2	O95185;O95185-2				261378
O95196;O95196-2	O95196;O95196-2				1.38812e+06
O95206;O95206-2	O95206;O95206-2				3.98007e+06
O95336	O95336				2.25897e+06
O95390	O95390				4.81632e+06
O95428;O95428-5;O95428-6	O95428;O95428-2;O95428-4;O95428-5;O95428-6				7.66463e+06
O95445	O95445;O95445-2				1.462e+07
O95450;O95450-2	O95450;O95450-2				1.92723e+06
O95467	O95467				857530
O95477	O95477				1.87368e+06
O95479;O95479-2	O95479;O95479-2				152811
O95490;O95490-2;O95490-3;O95490-4;O95490-5;O95490-6;O95490-7	O95490;O95490-2;O95490-3;O95490-4;O95490-5;O95490-6;O95490-7				268265
O95497	O95497				1.08232e+06
O95502	O95502				1.10176e+08
O95881	O95881				305303
O95897	O95897				369420
O95967	O95967				1.48412e+07
O95980	O95980				4.89294e+06
O95998	O95998;O95998-4				1.20553e+07
P00338;P00338-3	P00338;P00338-3;P00338-4				9.1886e+06
P00352	P00352				1.01909e+06
P00390;P00390-2;P00390-3;P00390-4;P00390-5	P00390;P00390-2;P00390-3;P00390-4;P00390-5				2.37718e+06
P00441	P00441				6.24278e+08
P00450	P00450				1.56832e+08
P00488	P00488				1.20649e+06
P00491	P00491				132211
P00492	P00492				2.93729e+06
P00505	P00505;P00505-2				7.9137e+06
P00533;P00533-3;P00533-4	P00533;P00533-3;P00533-4				1.90412e+06
P00558;P00558-2	P00558;P07205;P00558-2				6.00983e+06
P00568	P00568				1.62468e+06
P00734	P00734				5.47937e+07
P00736	P00736				1.56086e+08
P00738	P00738;P00738-2				3.87072e+08
P00739;P00739-2	P00739;P00739-2				5.968e+06
P00740;P00740-2	P00740;P00740-2				3.64482e+06
P00742	P00742				2.82677e+07
P00746	P00746				8.54595e+07
P00747	P00747				9.31035e+07
P00748	P00748				7.22008e+07
P00751	P00751;P00751-2				9.67483e+07
P00915	P00915				9.26425e+06
P00918	P00918				898594
P01008	P01008				4.27617e+08
P01009	P01009;P01009-2;P01009-3				3.17985e+09
P01011	P01011				2.3186e+09
P01019	P01019				3.53726e+08
P01023	P01023;P20742;P20742-2				3.80408e+08
P01024	P01024				1.10311e+09
P01031	P01031				3.88096e+07
P01033	P01033				6.08534e+07
P01034	P01034				2.88174e+09
P01042	P01042;P01042-2;P01042-3				1.09962e+08
P01042-2;P01042-3	P01042-2;P01042-3				1.70757e+08
P01127;P01127-2	P01127;P01127-2				2.63429e+07
P01178	P01178				907742
P01210	P01210				5.41397e+07
P01213	P01213				7.89285e+06
P01236	P01236				542562
P01282;P01282-2	P01282;P01282-2				519321
P01303	P01303				6.94797e+06
P01344;P01344-2;P01344-3	P01344;P01344-2;P01344-3				1.66107e+07
P01591	P01591				1.33475e+07
P01593;P01594	P01593;P01594				6.06733e+06
P01597;P04432	P01597;P01611;P04432;A0A0C4DH72;A0A0C4DH73				2.1822e+07
P01599	P01599;A0A0C4DH72				1.36054e+06
P01601	P01601				1.02137e+06
P01602	P01602				3.66232e+06
P01619	P01619				3.89858e+08
P01700	P01700				3.51116e+07
P01701	P01701				2.00774e+07
P01703	P01703				5.00521e+06
P01706	P01706				2.11615e+06
P01709	P01709				9.28396e+06
P01714	P01714				1.88055e+06
P01717	P01717;P01718				2.79786e+07
P01721	P01721				1.59936e+06
P01742	P01742				3.5972e+07
P01768;P0DP02;P0DP03	P01768;P01772;P0DP02;P0DP03				2.76313e+07
P01780	P01780				9.01953e+07
P01817	P01817				7.98102e+06
P01833	P01833				1.3103e+06
P01834	P01834;P0DOX7				2.48456e+08
P01857;P01857-1;P0DOX5	P01857;P01859;P0DOX5;P01857-1;P01859-1				2.77515e+09
P01859;P01859-1	P01859;P01859-1				2.0496e+09
P01860;P01860-1	P01860;P01860-1				9.23171e+06
P01861;P01861-1	P01861;P01861-1				2.4744e+07
P01871;P01871-1	P01871;P0DOX6;P01871-1				6.44189e+07
P01876;P01876-1	P01876;P01876-1				3.77255e+08
P01889	P01889;P01893;P04439;P13747;P17693;P17693-2;P17693-5;P17693-6;P04439-2				1.78692e+06
P01903;P01906	P01903;P01906				185617
P02042	P02042				7.55947e+06
P02144	P02144				985481
P02452	P02452				3.43535e+07
P02461	P02461;P02461-2				2.78264e+06
P02538	P02538;P04259;P48668				2.59911e+06
P02647	P02647				5.78273e+09
P02649	P02649				5.86975e+09
P02652	P02652				4.96539e+08
P02654	P02654				2.21915e+07
P02655	P02655				1.89206e+07
P02656	P02656				1.00502e+08
P02671	P02671;P02671-2				1.36728e+08
P02675	P02675				3.07439e+08
P02679;P02679-2	P02679;P02679-2				1.10151e+08
P02741	P02741				751665
P02743	P02743				1.11205e+07
P02745	P02745				1.37668e+08
P02746	P02746				2.99175e+08
P02747	P02747				2.25316e+08
P02748	P02748				5.49256e+07
P02749	P02749				8.76478e+07
P02750	P02750				1.40965e+08
P02751;P02751-1	P02751;P02751-1;P02751-10;P02751-11;P02751-12;P02751-13;P02751-14;P02751-16;P02751-17;P02751-2;P02751-3;P02751-4;P02751-5;P02751-6;P02751-7;P02751-8;P02751-9				3.1563e+08
P02753	P02753				1.84311e+08
P02760	P02760				5.91505e+07
P02763	P02763				1.30528e+09
P02765	P02765				5.9793e+08
P02766	P02766				6.44197e+09
P02768	P02768				3.13405e+10
P02774;P02774-3	P02774;P02774-2;P02774-3				1.06799e+09
P02786	P02786				566152
P02787	P02787				4.19885e+09
P02788;P02788-2	P02788;P02788-2				2.22405e+07
P02790	P02790				1.367e+09
P02792	P02792				4.13583e+06
P02794	P02794				6.98279e+06
P02810	P02810				478241
P03950	P03950				2.91792e+06
P03951;P03951-2	P03951;P03951-2				5.57159e+06
P03952	P03952				1.46995e+07
P04003	P04003				3.87804e+06
P04004	P04004				2.73026e+08
P04040	P04040				1.67988e+06
P04062;P04062-2;P04062-3;P04062-4;P04062-5	P04062;P04062-2;P04062-3;P04062-4;P04062-5				2.1497e+06
P04066	P04066				2.1434e+06
P04070;P04070-2	P04070;P04070-2				3.16448e+06
P04075	P04075;P04075-2				2.59877e+07
P04080	P04080				3.75051e+06
P04085;P04085-2	P04085;P04085-2				1.89531e+07
P04114	P04114				1.07301e+07
P04156	P04156				3.93771e+08
P04179	P04179;P04179-2;P04179-3;P04179-4				7.9719e+06
P04180	P04180				3.13223e+07
P04196	P04196				1.20819e+08
P04216	P04216				4.01346e+08
P04217	P04217;P04217-2				2.49116e+08
P04217-2	P04217-2				2.62854e+06
P04264	P04264				9.06352e+06
P04271	P04271				1.61962e+06
P04275	P04275				7.38637e+06
P04278	P04278;P04278-5				4.52251e+06
P04406	P04406;P04406-2				2.08376e+07
P04439;P04439-2	P04439;P04439-2				2.73553e+06
P04746	P04746;P0DTE7;P0DTE8;P0DUB6;P19961;P19961-2				2.23724e+06
P04792	P04792				893400
P04908;P0C0S5;P0C0S8;P16104;P20671;Q16777;Q6FI13;Q71UI9;Q71UI9-2;Q71UI9-5;Q7L7L0;Q8IUE6;Q93077;Q96KK5;Q96QV6;Q99878;Q9BTM1;Q9BTM1-2	P04908;P0C0S5;P0C0S8;P16104;P20671;Q16777;Q6FI13;Q71UI9;Q7L7L0;Q8IUE6;Q93077;Q96KK5;Q96QV6;Q99878;Q9BTM1;Q71UI9-2;Q71UI9-5;Q9BTM1-2				381916
P05023;P05023-2;P05023-3;P05023-4	P05023;P13637;P20648;P50993;P05023-2;P05023-3;P05023-4;P13637-2;P13637-3				530087
P05060	P05060				4.03762e+08
P05067;P05067-11;P05067-4;P05067-6;P05067-8	P05067;P05067-4;P05067-10;P05067-11;P05067-3;P05067-5;P05067-6;P05067-7;P05067-8;P05067-9				1.10462e+09
P05090	P05090				3.55484e+09
P05107	P05107				395097
P05109	P05109				330298
P05154	P05154				1.64681e+07
P05155;P05155-3	P05155;P05155-2;P05155-3				5.16007e+08
P05156	P05156				2.07635e+07
P05160	P05160				3.30724e+06
P05362	P05362				1.54566e+06
P05408;P05408-2	P05408;P05408-2				1.67147e+08
P05413	P05413				9.04833e+06
P05452	P05452				8.4138e+07
P05543	P05543				4.38134e+07
P05546	P05546				1.10288e+08
P05556;P05556-2;P05556-3;P05556-4;P05556-5	P05556;P05556-2;P05556-5;P05556-3;P05556-4				1.29324e+06
P05937	P05937;P05937-2				4.44743e+06
P05997	P05997				1.71768e+06
P06276	P06276				6.39436e+06
P06307	P06307				1.29545e+07
P06312	P06312				5.26768e+07
P06331	P01824;P01825;P06331;A0A0C4DH41;P0DP06;P0DP08				4.4142e+07
P06396	P06396;P06396-2;P06396-3;P06396-4				1.02636e+09
P06396-2	P06396-2				7.68012e+06
P06681	P06681;P06681-3				3.17085e+07
P06702	P06702				620458
P06703	P06703				4.38414e+06
P06727	P06727				3.95138e+08
P06733	P06733;P06733-2				1.24205e+07
P06744;P06744-2	P06744;P06744-2				2.71201e+06
P06865	P06865				6.56732e+06
P07093-2;P07093-3	P07093;P07093-2;P07093-3				2.36437e+06
P07108;P07108-2;P07108-3;P07108-4;P07108-5	P07108;P07108-2;P07108-3;P07108-4;P07108-5;P07108-6				1.19668e+07
P07195	P00338;P07195;P07864;Q6ZMR3;P00338-3;P00338-2;P00338-4;P00338-5				2.36754e+07
P07225	P07225				1.06753e+08
P07237	P07237				2.02558e+06
P07307;P07307-2;P07307-3	P07307;P07307-3;P07307-2				550010
P07333	P07333;P07333-2				6.78011e+07
P07339	P07339				1.42002e+08
P07357	P07357				1.39151e+07
P07358	P07358				2.02448e+07
P07360	P07360				1.18647e+07
P07492	P07492;P07492-2;P07492-3				1.80849e+06
P07585	P07585				2.09067e+07
P07602;P07602-2;P07602-3	P07602;P07602-2;P07602-3				4.03594e+07
P07686	P07686				5.14732e+06
P07711	P07711;P07711-3				1.64382e+07
P07737	P07737				4.46181e+06
P07858	P07858				3.75168e+07
P07900;P07900-2	P07900;P08238;P07900-2				575157
P07942	P07942				5.79191e+06
P07996	P07996				2.74564e+06
P07998	P07998				1.75061e+07
P08123	P08123				3.11179e+07
P08174;P08174-2;P08174-3;P08174-4;P08174-5;P08174-6;P08174-7	P08174;P08174-2;P08174-3;P08174-4;P08174-5;P08174-6;P08174-7				3.04135e+07
P08185	P08185				1.86442e+08
P08195;P08195-2;P08195-3;P08195-4;P08195-5	P08195;P08195-4;P08195-2;P08195-3;P08195-5				2.95256e+07
P08253	P08253;P08253-2;P08253-3				1.25053e+08
P08294	P08294				7.27305e+07
P08493;P08493-2	P08493;P08493-2				3.2274e+07
P08519	P08519				3.48007e+06
P08571	P08571				1.92722e+08
P08572	P08572				3.97608e+06
P08581;P08581-2	P08581;P08581-2				2.67033e+07
P08582	P08582;P08582-2				1.0254e+07
P08603	P08603				1.34774e+08
P08637	P08637				8.7108e+06
P08670	P08670				2.10425e+06
P08697	P08697;P08697-2				2.35416e+08
P08758	P08758				2.57684e+06
P09104	P09104;P09104-2				7.35011e+06
P09211	P09211				8.60544e+06
P09382	P09382				7.20746e+06
P09417;P09417-2	P09417;P09417-2				1.41939e+07
P09486	P09486				1.24667e+08
P09603	P09603				5.99279e+07
P09619	P09619				6.34011e+06
P09622;P09622-3	P09622;P09622-2;P09622-3				7.86993e+06
P09668	P09668				3.45922e+07
P09871	P09871				1.22635e+08
P09936	P09936				3.31973e+06
P09960;P09960-4	P09960;P09960-2;P09960-3;P09960-4				533020
P09972	P09972				2.0403e+07
P0C0L4;P0C0L4-2	P0C0L4;P0C0L4-2				1.3767e+08
P0C0L5	P0C0L4;P0C0L5;P0C0L4-2				6.05253e+08
P0C6S8	P0C6S8				2.19941e+06
P0CG47;P0CG48;P62979;P62987	P0CG47;P0CG48;P62979;P62987				1.35061e+08
P0DJI8;P0DJI9	P0DJI8;P0DJI9				1.87732e+06
P0DMQ5	P0DMQ5				2.15473e+07
P0DMV8;P0DMV8-2;P0DMV9	P0DMV8;P0DMV9;P34931;P0DMV8-2				2.47328e+06
P0DOX2	P01876;P01877;P01876-1;P01877-1;P0DOX2				4.02654e+08
P0DOX3	P0DOX3				1.06589e+07
P0DOX7	P0DOX7				9.7335e+07
P0DOX8	B9A064;P0DOX8				1.54773e+08
P0DOY2;P0DOY3	P0DOY2;P0DOY3				4.44616e+08
P0DP23;P0DP24;P0DP25;P27482	P0DP23;P0DP24;P0DP25;P27482				3.69645e+06
P0DP58	P0DP58				1.15507e+08
P0DTE1	P0DTE1				3.51917e+06
P10124	P10124				2.99653e+06
P10153	P10153				1.87708e+07
P10253	P10253				2.17731e+06
P10451-3	P10451-3				2.49727e+07
P10451-5	P10451;P10451-4;P10451-5				1.4401e+08
P10586;P10586-2	P10586;P23468;P10586-2;P23468-3;P23468-4;P23468-5;P23468-6;P23468-7				1.46805e+07
P10599	P10599;P10599-2				1.30794e+07
P10619;P10619-2	P10619;P10619-2				565092
P10636;P10636-2;P10636-3;P10636-4;P10636-5;P10636-6;P10636-7;P10636-8;P10636-9	P10636;P10636-8;P10636-6;P10636-2;P10636-3;P10636-4;P10636-5;P10636-7;P10636-9				596315
P10643	P10643				7.39321e+07
P10644	P10644				1.47419e+06
P10645	P10645				3.65164e+08
P10721;P10721-2	P10721;P10721-2				7.55958e+06
P10745	P10745				2.54858e+06
P10768	P10768				2.05311e+06
P10909;P10909-2;P10909-4;P10909-5;P10909-6	P10909;P10909-4;P10909-6;P10909-2;P10909-3;P10909-5				5.93574e+09
P11021	P11021				2.2931e+07
P11047	P11047				3.22036e+06
P11117	P11117				1.9225e+06
P11142	P11142;P11142-2				3.47002e+07
P11279	P11279;P11279-2				5.40204e+06
P11362-18	P11362-14;P11362-18;P11362-19;P11362-21;P11362-7				2.06538e+06
P11362;P11362-2;P11362-20;P11362-8;P11362-9	P11362;P11362-10;P11362-11;P11362-12;P11362-13;P11362-14;P11362-16;P11362-18;P11362-19;P11362-2;P11362-20;P11362-21;P11362-3;P11362-4;P11362-5;P11362-6;P11362-7;P11362-8;P11362-9				5.2329e+07
P11464-4	P11464-4				5.63424e+06
P11597;P11597-2	P11597;P11597-2				2.40319e+06
P11717	P11717				1.13957e+07
P12107;P12107-2;P12107-3;P12107-4	P12107;P12107-2;P12107-3;P12107-4				758964
P12109	P12109				4.95102e+07
P12110	P12110;P12110-2;P12110-3				4.91493e+06
P12111	P12111;P12111-2;P12111-4				1.33598e+07
P12111-4	P12111-4				666009
P12259	P12259				1.12658e+07
P12318;P12318-2	P12318;P31994;P31995;P12318-2;P31994-2;P31994-3;P31994-4;P31994-5;P31995-2;P31995-3;P31995-4				5.70733e+06
P12821;P12821-2	P12821;P12821-3;P12821-2;P12821-4				803300
P12830;P12830-2	P12830;P12830-2				820962
P12955;P12955-2	P12955;P12955-2;P12955-3				2.0917e+06
P13284	P13284				1.58821e+06
P13473;P13473-2;P13473-3	P13473;P13473-2;P13473-3				6.54349e+07
P13497;P13497-2;P13497-3;P13497-4;P13497-5;P13497-6	P13497;P13497-2;P13497-3;P13497-4;P13497-5;P13497-6				1.63513e+06
P13521	P13521				1.04246e+08
P13591	P13591;P13591-1;P13591-3;P13591-4;P13591-5;P13591-6				1.8031e+08
P13591-3	P13591-1;P13591-3;P13591-4				3.13372e+07
P13598	P13598				4.31555e+06
P13611;P13611-5	P13611;P13611-2;P13611-3;P13611-4;P13611-5				1.59577e+07
P13645	P13645				714750
P13647	P13647				1.61965e+06
P13667	P13667				1.07075e+06
P13671	P13671				3.53823e+07
P13796	P13796;P13796-2				4.31698e+06
P13797;P13797-2;P13797-3	P13797;P13797-2;P13797-3				90403.6
P13987;P13987-2	P13987;P13987-2				7.78154e+07
P14138;P14138-2;P14138-3	P14138;P14138-2;P14138-3				4.19474e+06
P14151;P14151-2	P14151;P14151-2				6.31532e+06
P14174	P14174				6.05198e+06
P14207	P14207				2.2101e+06
P14209;P14209-3	P14209;P14209-3				1.24498e+06
P14314;P14314-2	P14314;P14314-2				9.45438e+06
P14324;P14324-2	P14324;P14324-2				389611
P14384	P14384				678948
P14543	P14543;P14543-2				4.50284e+07
P14550	P14550				610297
P14618-2	P14618;P14618-2;P14618-3				3.01743e+07
P14618;P14618-3	P14618;P14618-3				457579
P14621	P14621				3.61556e+06
P14625	P14625				6.8882e+06
P15086	P15085;P15086				2.20917e+06
P15090	P15090				1.14257e+06
P15121	P15121				1.1558e+06
P15144	P15144				3.7271e+06
P15151;P15151-2;P15151-3;P15151-4	P15151;P15151-2;P15151-3;P15151-4				2.14156e+06
P15169	P15169				8.63732e+06
P15289;P15289-2	P15289;P15289-2				779611
P15291;P15291-2	P15291;P15291-2				8.63185e+06
P15502-1;P15502-2;P15502-4;P15502-5	P15502;P15502-1;P15502-10;P15502-12;P15502-13;P15502-2;P15502-4;P15502-5;P15502-6;P15502-7;P15502-9				1.47905e+06
P15509;P15509-2;P15509-3;P15509-5;P15509-7	P15509;P15509-3;P15509-2;P15509-5;P15509-7;P15509-8				5.82523e+06
P15531;P15531-2	P15531;P22392;P22392-2;P15531-2				1.01751e+06
P15586;P15586-2	P15586;P15586-2				1.27727e+06
P15848;P15848-2	P15848;P15848-2				92101.2
P16035	P16035				6.64654e+07
P16070;P16070-10;P16070-11;P16070-12;P16070-13;P16070-14;P16070-15;P16070-16;P16070-17;P16070-18;P16070-3;P16070-4;P16070-5;P16070-6;P16070-7;P16070-8;P16070-9	P16070;P16070-10;P16070-11;P16070-12;P16070-13;P16070-14;P16070-15;P16070-16;P16070-17;P16070-18;P16070-3;P16070-4;P16070-5;P16070-6;P16070-7;P16070-8;P16070-9				1.41378e+08
P16112;P16112-2	P16112;P16112-2;P16112-3				2.68336e+06
P16152	P16152				3.55411e+06
P16278;P16278-3	P16278;P16278-2;P16278-3				2.08853e+06
P16519;P16519-2;P16519-3	P16519;P16519-2;P16519-3				6.40094e+06
P16870;P16870-2	P16870;P16870-2				5.51806e+07
P16949;P16949-2	P16949;P16949-2				2.22216e+06
P17050	P17050				434230
P17066	P17066;P48741				1.02919e+07
P17174	P17174				1.61887e+07
P17302	P17302				1.39127e+06
P17405;P17405-2;P17405-3;P17405-4	P17405;P17405-2;P17405-3;P17405-4				563974
P17677;P17677-2	P17677;P17677-2				329734
P17900	P17900				1.16919e+08
P17931	P17931				2.12537e+06
P17936;P17936-2	P17936;P17936-2				4.40492e+06
P18065	P18065				1.32025e+08
P18075	P18075				207967
P18085;P61204;P61204-2;P84077;P84085	P18085;P61204;P84077;P84085;P61204-2				225410
P18206;P18206-2	P18206;P18206-2				912376
P18428	P18428				2.56307e+06
P18669	P15259;P18669				9.46588e+06
P19021;P19021-5;P19021-6	P19021;P19021-3;P19021-4;P19021-2;P19021-5;P19021-6				1.01769e+08
P19022	P19022;P19022-2				1.14172e+08
P19320	P19320;P19320-2;P19320-3				1.0303e+07
P19367;P19367-2;P19367-3;P19367-4	P19367;P52789;P19367-2;P19367-3;P19367-4				1.64407e+06
P19652	P02763;P19652				1.61244e+09
P19823	P19823				5.57496e+07
P19827	P19827;P19827-2				2.06474e+07
P19835	P19835				349495
P20062;P20062-2	P20062;P20062-2				2.69929e+07
P20138;P20138-2	P20138;P20138-2				6.4602e+06
P20366;P20366-2;P20366-3;P20366-4	P20366;P20366-2;P20366-3;P20366-4				1.2776e+07
P20382	P20382				725686
P20396	P20396				66485.9
P20472	P20472				1.1995e+07
P20742	P20742;P20742-2				2.92658e+06
P20774	P20774				1.22253e+08
P20827	P20827;P20827-2				7.27827e+06
P20908;P20908-2	P20908;P20908-2				730492
P20916;P20916-2;P20916-3	P20916;P20916-2;P20916-3				1.95619e+07
P20933	P20933				4.27605e+07
P21246	P21246				1.73985e+06
P21333;P21333-2	P21333;P21333-2				1.32114e+06
P21554	P21554				662684
P21579	P21579				2.78144e+06
P21802;P21802-16;P21802-2;P21802-5;P21802-6;P21802-8	P21802;P21802-3;P21802-14;P21802-15;P21802-16;P21802-17;P21802-18;P21802-19;P21802-2;P21802-23;P21802-5;P21802-6;P21802-8				4.20312e+07
P21810	P21810				2.39004e+06
P21860;P21860-4	P21860;P21860-3;P21860-4				2.20977e+06
P22004	P22004				4.09682e+06
P22061;P22061-2	P22061;P22061-2				2.33996e+07
P22105;P22105-1;P22105-4	P22105;P22105-1;P22105-4				8.35028e+06
P22303;P22303-2;P22303-4	P22303;P22303-2;P22303-4				2.20776e+06
P22304	P22304				1.98093e+07
P22352	P22352				3.34196e+07
P22607;P22607-2;P22607-3;P22607-4	P22455;P22607;P22455-2;P22607-2;P22607-3;P22607-4				2.25982e+07
P22676	P22676				343375
P22692;P22692-2	P22692;P22692-2				7.34631e+07
P22748	P22748				9.06941e+06
P22792	P22792				5.41066e+06
P22794;P22794-2	P22794;P22794-2				4.19396e+06
P22891;P22891-2	P22891;P22891-2				1.8032e+06
P22897	P22897;P22897-2				6.69165e+06
P23083	P23083				1.71476e+06
P23142	P23142				1.45468e+08
P23142-4	P23142-4				1.70792e+08
P23284	P23284				1.67783e+07
P23381;P23381-2	P23381;P23381-2				390309
P23435	P23435				5.62057e+07
P23468	P23468;P23468-2				1.87488e+06
P23468-4;P23468-5;P23468-6;P23468-7	P23468;P23468-2;P23468-3;P23468-4;P23468-5;P23468-6;P23468-7				1.54616e+07
P23470;P23470-2	P23470;P23470-2				8.76879e+06
P23471;P23471-2	P23471;P23471-2				3.89342e+07
P23515	P23515				1.22597e+08
P23528	P23528				489976
P23560;P23560-2;P23560-3;P23560-4;P23560-5	P23560;P23560-2;P23560-3;P23560-4;P23560-5				6.16664e+06
P23582	P23582				2.64574e+07
P24043	P24043				1.51881e+07
P24347	P24347				2.30492e+06
P24592	P24592				1.7743e+08
P24593	P24593				1.69591e+07
P24821;P24821-2;P24821-3;P24821-4;P24821-5;P24821-6	P24821;P24821-2;P24821-3;P24821-4;P24821-5;P24821-6				1.62408e+06
P25189;P25189-2	P25189;P25189-2				2.49704e+06
P25311	P25311				1.50229e+08
P25391	P25391				681408
P25774;P25774-2	P25774;P25774-2				8.54387e+06
P25788;P25788-2	P25788;P25788-2				181778
P26038	P26038				3.22367e+06
P26447	P26447				1.49261e+06
P26572	P26572				4.29181e+06
P26927	P26927;Q2TV78;Q2TV78-2				1.12048e+06
P26992	P26992				3.25008e+07
P27169	P27169				2.36074e+07
P27797	P27797				4.25396e+07
P27824;P27824-2	P27824;P27824-2;P27824-3				2.46522e+06
P28799;P28799-2;P28799-3	P28799;P28799-2;P28799-3				418411
P28827;P28827-2	P28827;P28827-2				1.35657e+06
P29120;P29120-2	P29120;P29120-2				6.59471e+06
P29218;P29218-3	P29218;P29218-3;P29218-2				5.80161e+06
P29323;P29323-2;P29323-3	P29323;P29323-3;P29323-2				1.86572e+06
P29622	P29622				2.1342e+07
P29966	P29966				3.82557e+06
P30041	P30041				3.68773e+06
P30043	P30043				3.78713e+06
P30047;P30047-2	P30047;P30047-2				424990
P30048;P30048-2	P30048;P30048-2				2.26206e+06
P30086	P30086				4.17851e+07
P30101	P30101				5.57908e+06
P30530;P30530-2	P30530;P30530-2				1.86492e+07
P30740;P30740-2	P30740;P50452;P50453;O75830;P30740-2;P50452-2				934101
P30990	P30990				942090
P31150	P31150				6.34738e+06
P31937	P31937				508118
P31946;P31946-2	P31946;P31946-2				1.59746e+06
P32004;P32004-2;P32004-3	P32004;P32004-2;P32004-3				8.74885e+06
P32119	P32119				5.53755e+06
P32926	P32926				679486
P33151	P33151;P33151-2				4.22802e+06
P33908	P33908				3.76382e+07
P34059	P34059				4.57253e+06
P34096	P34096				8.40848e+06
P34741	P34741				691248
P34949;P34949-2	P34949;P34949-2				436398
P35030;P35030-2;P35030-3;P35030-4;P35030-5	P35030;P35030-2;P35030-3;P35030-4;P35030-5				984314
P35052	P35052				1.61816e+07
P35080	P35080				338108
P35237	P35237;P50452;P50452-2				2.39515e+06
P35318	P35318				8.71853e+06
P35442	P35442				6.13846e+06
P35443	P35443				1.44204e+07
P35475;P35475-2	P35475;P35475-2				3.91426e+06
P35527	P35527				2.40967e+06
P35542	P35542				9.70536e+07
P35555	P35555				2.93879e+06
P35590	P35590;P35590-2;P35590-3				2.88794e+06
P35613;P35613-2	P35613;P35613-2				977157
P35754	P35754				3.71236e+06
P35858;P35858-2	P35858;P35858-2				1.81245e+07
P35968;P35968-2;P35968-3	P35968;P35968-2;P35968-3				103693
P36222	P36222				1.47048e+08
P36269;P36269-2;P36269-3	P36269;P36269-2;P36269-3				102666
P36871;P36871-2	P36871;P36871-2				1.47172e+06
P36888;P36888-2	P36888;P36888-2				222036
P36955	P36955				7.99686e+08
P36957;P36957-2	P36957;P36957-2				8.76447e+07
P36980;P36980-2;Q03591	P36980;Q03591;P36980-2				3.83767e+07
P37173;P37173-2	P37173;P37173-2				3.25303e+06
P37235;P61601;P84074	P37235;P61601;P84074				81785.4
P37802;P37802-2	P37802;P37802-2				856628
P37837;P37837-2	P37837;P37837-2				1.58725e+07
P37840;P37840-2	P37840;P37840-2				1.01817e+06
P38571;P38571-2	P38571;P38571-2				2.45604e+06
P39059	P39059				3.72673e+06
P39060;P39060-1;P39060-2	P39060;P39060-1;P39060-2				5.67314e+07
P40121;P40121-2	P40121;P40121-2				578047
P40189	P40189;P40189-3				2.44118e+07
P40925;P40925-3	P40925;P40925-2;P40925-3				1.67959e+07
P40926	P40926;P40926-2				2.03971e+06
P41217;P41217-2;P41217-3	P41217;P41217-2;P41217-3				1.78582e+06
P41222	P41222				3.02784e+09
P41271;P41271-2	P41271;P41271-2				2.64231e+07
P42262;P42262-2;P42262-3;P42262-4	P42262;P42262-2;P42262-3;P42262-4				788657
P42658;P42658-2	P42658;P42658-2				9.02128e+07
P42785	P42785;P42785-2				1.31487e+07
P43004;P43004-2;P43004-3	P43004;P43004-2;P43004-3				1.8081e+06
P43121	P43121;P43121-2				4.28026e+07
P43146	P43146				7.38319e+06
P43234	P43234				4.57006e+06
P43251;P43251-2;P43251-3;P43251-4	P43251;P43251-2;P43251-3;P43251-4				6.87891e+07
P43652	P43652				1.46654e+08
P45877	P45877				6.52785e+06
P46459	P46459				4.68753e+06
P47972	P47972				2.09342e+07
P48058;P48058-2	P48058;P48058-2				1.95158e+07
P48061;P48061-2;P48061-3;P48061-4;P48061-5;P48061-6	P48061;P48061-2;P48061-3;P48061-4;P48061-5;P48061-6				1.27029e+07
P48147	P48147				685992
P48163;P48163-2	P48163;P48163-2				130801
P48551;P48551-2;P48551-3	P48551;P48551-2;P48551-3				591146
P48634;P48634-2;P48634-3;P48634-4	P48634;P48634-2;P48634-3;P48634-4				587084
P48637	P48637				1.81097e+06
P48723	P48723				4.77066e+06
P48740-2;P48740-4	P48740-2;P48740-4				6.0933e+06
P48740-3	P48740-3				8.16993e+06
P49257	P49257				9.35752e+06
P49418;P49418-2	P49418;P49418-2				1.05163e+06
P49641	P49641				2.04479e+07
P49747;P49747-2	P49747;P49747-2				4.83747e+06
P49908	P49908				1.74568e+07
P50238	P50238				3.79918e+06
P50281	P50281				1.02145e+06
P50395;P50395-2	P50395;P50395-2				2.01034e+06
P50502;Q8NFI4	P50502;Q8NFI4				755923
P50750-2	P50750-2				1.17647e+06
P50895	P50895				1.78377e+06
P50993	P50993				874572
P51693	P51693;P51693-2				5.0689e+08
P51693-2	P51693-2				4.24907e+06
P51805	P51805				231815
P51884	P51884				7.48828e+07
P51888	P51888				2.26442e+07
P52758	P52758				1.22215e+06
P52799	P52799				4.90947e+06
P52803	P52803				1.16531e+07
P52848	P52848;P52848-3				687266
P53041	P53041				245171
P53634	P53634				6.88514e+06
P54253	P54253				8.15187e+08
P54289-2;P54289-3	P54289;P54289-2;P54289-3;P54289-4;P54289-5				2.7649e+07
P54709;P54709-2	P54709;P54709-2				161808
P54725;P54725-2;P54725-3;P54727	P54725;P54727;P54725-2;P54725-3				1.74724e+06
P54756;P54756-2	P54756;P54756-2				333223
P54764	P54764;P54764-2				8.71606e+06
P54802	P54802				3.37327e+06
P54803;P54803-4;P54803-5	P54803;P54803-3;P54803-4;P54803-5				617864
P55058	P55058;P55058-2;P55058-3;P55058-4				2.07691e+08
P55083;P55083-2	P55083;P55083-2				1.10985e+07
P55087;P55087-2	P55087;P55087-2				4.29304e+06
P55268	P55268				4.90546e+06
P55283;P55283-2	P55283;P55283-2				1.50707e+07
P55285;P55285-2	P55285;P55285-2				6.37009e+06
P55286	P55286				4.48681e+06
P55287;P55287-2	P55287;P55287-2				2.31028e+08
P55290;P55290-4	P55290;P55290-2;P55290-3;P55290-4;P55290-5				4.95284e+07
P55291	P55291				1.65977e+07
P55774	P55774				631772
P55786;P55786-2	P55786;P55786-2				2.23939e+06
P56159;P56159-2	P56159;P56159-2				5.25321e+06
P56817;P56817-2;P56817-3;P56817-4;P56817-5;P56817-6	P56817;P56817-2;P56817-3;P56817-4;P56817-5;P56817-6				1.4e+06
P57087;P57087-3	P57087;P57087-2;P57087-3				1.31912e+06
P58215	P58215;P58215-2;P58215-3				1.19378e+06
P58400;P58400-1	P58400;P58400-1				4.24263e+06
P58401	P58401				6.28776e+06
P58417	O95156;P58417				4.62789e+07
P60174;P60174-3	P60174;P60174-3;P60174-4				1.28841e+07
P60520	O95166;P60520;Q9H0R8;Q9H0R8-2				858214
P60709;P63261	P60709;P63261				4.8874e+07
P61006;P61006-2;P61026;P62820;Q92928;Q92930;Q9H0U4	O95716;P20336;P20337;P20338;P61006;P61018;P61026;P61106;P62820;Q15286;Q15771;Q6IQ22;Q86YS6;Q92930;Q96AX2;Q96DA2;Q96E17;Q9H0U4;Q92928;P61006-2;Q15286-2;Q86YS6-2;P61018-2;Q15771-2;Q96AX2-2;Q96AX2-3;Q96AX2-4				1.1992e+06
P61278	P61278				4.75024e+07
P61604	P61604				135340
P61626	P61626				4.46245e+07
P61769	P61769				1.38136e+09
P61916	P61916;P61916-2				9.9077e+07
P61970	P61970				4.91803e+06
P61981	P61981				6.90894e+06
P62258;P62258-2	P62258;P62258-2				4.64787e+06
P62937	P62937				4.51641e+06
P62942	P62942				3.4083e+06
P62993	P62993;P62993-2				6.6044e+06
P63010;P63010-2;P63010-3	P63010;P63010-2;P63010-3				9.99062e+06
P63104;P63104-2	P63104;P63104-2				3.3999e+06
P63208;P63208-2	P63208;P63208-2				2.6292e+06
P68032	P62736;P63267;P68032;P68133				3.0059e+06
P68036	P68036;A0A1B0GUS4;P68036-2;P68036-3				2.23845e+06
P68402	P68402				89556.2
P68871	P02042;P68871				7.60011e+08
P69849;Q15155;Q5JPE7;Q5JPE7-2	P69849;Q15155;Q5JPE7;Q5JPE7-2;Q5JPE7-3				776175
P69891;P69892	P02100;P69891;P69892				1.17431e+06
P69905	P69905				6.23709e+08
P78310;P78310-2;P78310-5;P78310-6;P78310-7	P78310;P78310-2;P78310-4;P78310-5;P78310-6;P78310-7				1.07125e+06
P78324;P78324-2;P78324-4	P78324;Q5TFQ8;P78324-2;P78324-4				5.01355e+07
P78417;P78417-3	P78417;P78417-3				3.05028e+06
P78504	P78504				789859
P78509	P78509;P78509-2;P78509-3				2.41164e+07
P78539;P78539-2;P78539-3;P78539-5	P78539;P78539-2;P78539-3;P78539-4;P78539-5				2.62034e+06
P80108	P80108				9.1194e+06
P80303;P80303-2	P80303;P80303-2				2.88647e+06
P80723	P80723;P80723-2				5.27657e+06
P80748	P80748				2.4377e+07
P82987;P82987-2	P82987;P82987-2				282827
P98095;P98095-2	P98095;P98095-2				9.00689e+06
P98153;P98153-2;P98153-3	P98153;P98153-2;P98153-3				2.50535e+06
P98160	P98160				6.23418e+07
P98172	P98172				2.40905e+06
P98173;P98173-2;P98173-3	P98173;P98173-2;P98173-3				1.16802e+06
P99999	P99999				7.78001e+06
Q00169	Q00169				342903
Q00973;Q00973-2	Q00973;Q00973-2;Q00973-3				3.32019e+06
Q01459	Q01459				7.63763e+06
Q01469	Q01469				2.0868e+06
Q01973;Q01973-3;Q01974	Q01973;Q01974;Q01973-3				399613
Q01995	Q01995				1.07663e+07
Q02246	Q02246				7.23383e+07
Q02487;Q02487-2	Q02487;Q02487-2				8.54853e+06
Q02790	Q02790				120057
Q02809;Q02809-2	Q02809;Q02809-2				3.24703e+06
Q02818	Q02818				5.40878e+07
Q02985;Q02985-2	Q02985;Q92496;Q02985-2;Q92496-2;Q92496-3				2.27734e+07
Q03167;Q03167-2	Q03167;Q03167-2				1.1456e+07
Q04721	Q04721				3.11502e+06
Q04756	Q04756				4.98372e+06
Q04760;Q04760-2	Q04760;Q04760-2				2.38283e+06
Q05707;Q05707-2	Q05707;Q05707-2;Q05707-3				2.51067e+06
Q05996;Q05996-2	Q05996;Q05996-2				5.93072e+06
Q06033;Q06033-2	Q06033;Q06033-2				4.26812e+06
Q06418	Q06418				9.89383e+06
Q06481	Q06481;Q06481-5;Q06481-2;Q06481-3;Q06481-4;Q06481-6				1.0363e+08
Q06828	Q06828				4.23772e+07
Q06830	Q06830				2.263e+07
Q07092;Q07092-2	Q07092;Q07092-2				2.13901e+06
Q07954	Q07954				8.92516e+06
Q08043	O43707;P12814;P35609;Q08043;P12814-2;P12814-3;P12814-4;P35609-2				1.20445e+06
Q08174;Q08174-2	Q08174;Q08174-2				9.26588e+06
Q08345;Q08345-5	Q08345;Q08345-2;Q08345-4;Q08345-5;Q08345-6				9.40707e+06
Q08380	Q08380				7.63646e+07
Q08397	Q08397				1.02332e+06
Q08431;Q08431-4	Q08431;Q08431-3;Q08431-4				4.11585e+06
Q08554;Q08554-2	Q08554;Q08554-2				2.86971e+06
Q08629	Q08629				1.12099e+07
Q09328	Q09328				4.12221e+06
Q0P6D2	Q0P6D2				1.10603e+07
Q10469	Q10469				5.83508e+07
Q10471	Q10471;Q10471-2				6.64021e+06
Q10472	Q10472;Q8IUC8;Q8IUC8-3;Q8IUC8-2				1.03875e+07
Q10588	Q10588;Q10588-2				2.77953e+06
Q12794;Q12794-2;Q12794-7	Q12794;Q12794-2;Q12794-3;Q12794-7				1.78901e+06
Q12805;Q12805-2;Q12805-3;Q12805-4;Q12805-5	Q12805;Q12805-2;Q12805-3;Q12805-4;Q12805-5				1.12514e+08
Q12841;Q12841-2	Q12841;Q12841-2				4.91241e+06
Q12860	Q12860;Q12860-2				1.45104e+08
Q12866	Q12866				7.95667e+06
Q12907	Q12907				5.2405e+07
Q12913;Q12913-2;Q12913-3	Q12913;Q12913-2;Q12913-3				4.86696e+06
Q13093	Q13093				2.73061e+06
Q13103	Q13103				178727
Q13145	Q13145				1.31531e+06
Q13214;Q13214-2	Q13214;Q13214-2				2.57484e+06
Q13217	Q13217				2.29063e+06
Q13228;Q13228-4	Q13228;Q13228-2;Q13228-3;Q13228-4				2.23141e+07
Q13231;Q13231-2;Q13231-3	Q13231;Q13231-2;Q13231-3;Q13231-4				4.82991e+06
Q13232	Q13232				1.92011e+06
Q13275;Q13275-2	Q13275;Q13275-2				1.39323e+06
Q13332;Q13332-2;Q13332-3;Q13332-4;Q13332-6	Q13332;Q13332-2;Q13332-3;Q13332-4;Q13332-5;Q13332-6;Q13332-7				1.91916e+07
Q13404;Q13404-1;Q13404-2;Q13404-6;Q13404-7	Q13404;Q13404-1;Q13404-2;Q13404-6;Q13404-7				1.36784e+06
Q13421-2;Q13421-3;Q13421-4	Q13421;Q13421-2;Q13421-3;Q13421-4				1.35316e+06
Q13433	Q13433				721275
Q13443;Q13443-2	Q13443;Q13443-2				2.167e+06
Q13444;Q13444-10;Q13444-12;Q13444-2;Q13444-3;Q13444-4;Q13444-5;Q13444-6;Q13444-7;Q13444-8;Q13444-9	Q13444;Q13444-2;Q13444-10;Q13444-11;Q13444-12;Q13444-3;Q13444-4;Q13444-5;Q13444-6;Q13444-7;Q13444-8;Q13444-9				2.42366e+06
Q13449	Q13449				1.27744e+08
Q13508;Q13508-2;Q13508-3	Q13508;Q13508-2;Q13508-3				1.09226e+07
Q13510;Q13510-2	Q13510;Q13510-2				7.25346e+06
Q13519;Q13519-2	Q13519;Q13519-2				1.11587e+06
Q13554;Q13554-2;Q13554-3;Q13554-4;Q13554-5;Q13554-7;Q13554-8	Q13554;Q13554-3;Q13554-2;Q13554-4;Q13554-5;Q13554-6;Q13554-7;Q13554-8				8.37075e+06
Q13555;Q13555-10;Q13555-11;Q13555-2;Q13555-3;Q13555-4;Q13555-5;Q13555-6;Q13555-7;Q13555-8;Q13555-9	Q13555;Q13555-5;Q13555-10;Q13555-11;Q13555-2;Q13555-3;Q13555-4;Q13555-6;Q13555-7;Q13555-8;Q13555-9				2.20906e+06
Q13557;Q13557-10;Q13557-11;Q13557-12;Q13557-3;Q13557-4;Q13557-5;Q13557-6;Q13557-8;Q13557-9	Q13557;Q13557-8;Q13557-10;Q13557-11;Q13557-12;Q13557-3;Q13557-4;Q13557-5;Q13557-6;Q13557-9				2.88497e+06
Q13591	Q13591				412602
Q13634;Q13634-2	Q13634;Q13634-2				7.85874e+06
Q13641	Q13641				866379
Q13740;Q13740-2	Q13740;Q13740-2;Q13740-3				3.01069e+07
Q13790	Q13790				4.13054e+06
Q13822-3	Q13822;Q13822-3				4.5884e+08
Q13867	Q13867				1.41006e+06
Q14019	Q14019				8.73208e+06
Q14112;Q14112-2	Q14112;Q14112-2				9.91111e+06
Q14114;Q14114-2;Q14114-3;Q14114-4	Q14114;Q14114-3;Q14114-2;Q14114-4				1.50459e+06
Q14118	Q14118				2.67879e+08
Q14126	Q14126				1.5201e+07
Q14165	Q14165				6.43025e+06
Q14242;Q14242-2	Q14242;Q14242-2				3.05654e+06
Q14257;Q14257-2	Q14257;Q14257-2				4.35303e+06
Q14314	Q14314				4.92295e+06
Q14315;Q14315-2	Q14315;Q14315-2				2.58562e+06
Q14393;Q14393-1;Q14393-3;Q14393-4;Q14393-5	Q14393;Q14393-1;Q14393-3;Q14393-4;Q14393-5				7.0301e+06
Q14515	Q14515;Q14515-2				2.71355e+08
Q14517	Q14517				507907
Q14520;Q14520-2	Q14520;Q14520-2				8.55528e+07
Q14574;Q14574-2	Q14574;Q14574-2				3.47848e+06
Q14624	Q14624				7.95843e+07
Q14696	Q14696				2.84973e+06
Q14697;Q14697-2	Q14697;Q14697-2				9.78181e+06
Q14766;Q14766-2;Q14766-3	Q14766;Q14766-2;Q14766-3;Q14766-4;Q14766-5				5.50602e+06
Q14767	Q14767				7.60796e+06
Q14894	Q14894				1.33533e+06
Q14956;Q14956-2	Q14956;Q14956-2				2.77342e+06
Q14982;Q14982-2;Q14982-3;Q14982-4	Q14982;Q14982-2;Q14982-3;Q14982-4				2.32251e+07
Q14C87	Q14C87;Q14C87-2				7.02637e+06
Q14CZ8;Q14CZ8-2	Q14CZ8;Q14CZ8-2				3.05835e+06
Q14DG7	Q14DG7;Q14DG7-2				2.63276e+06
Q15043;Q15043-2;Q15043-3	Q15043;Q15043-2;Q15043-3				113129
Q15063-3	Q15063;Q15063-2;Q15063-3;Q15063-4;Q15063-5;Q15063-6;Q15063-7				1.16573e+07
Q15084;Q15084-2;Q15084-3;Q15084-4;Q15084-5	Q15084;Q15084-2;Q15084-3;Q15084-4;Q15084-5				634561
Q15113	Q15113				4.6205e+07
Q15166	Q15166				1.01283e+07
Q15223;Q15223-2;Q15223-3	Q15223;Q15223-2;Q15223-3				1.08232e+07
Q15256;Q15256-5	Q15256;Q15256-5				2.18999e+06
Q15262;Q15262-2;Q15262-3;Q15262-4	Q15262;Q15262-2;Q15262-3;Q15262-4				3.34244e+06
Q15293;Q15293-2	Q15293;Q15293-2				5.11755e+06
Q15375;Q15375-2;Q15375-4	Q15375;Q15375-2;Q15375-4				2.83479e+06
Q15459;Q15459-2	Q15459;Q15459-2				1.26344e+06
Q15465	Q15465				1.54873e+06
Q15582	Q15582				3.90462e+07
Q15768	Q15768				3.96051e+06
Q15782;Q15782-5;Q15782-6	Q15782;Q15782-5;Q15782-6				8.91373e+06
Q15818	Q15818				1.03914e+08
Q15828	Q15828				2.2491e+06
Q15848	Q15848				6.86068e+06
Q15904	Q15904				2.12663e+08
Q16270;Q16270-2	Q16270;Q16270-2				2.23538e+08
Q16288;Q16288-2;Q16288-3;Q16288-4;Q16288-5	Q16288;Q16288-2;Q16288-3;Q16288-4;Q16288-5				9.30108e+06
Q16363;Q16363-2	Q16363;Q16363-2				2.90035e+06
Q16394	Q16394				572795
Q16531	Q16531				1.61305e+06
Q16568	Q16568				3.22836e+06
Q16610;Q16610-4	Q16610;Q16610-2;Q16610-3;Q16610-4				5.1922e+07
Q16620;Q16620-2;Q16620-3;Q16620-4;Q16620-5;Q16620-6	Q16620;Q16620-2;Q16620-3;Q16620-4;Q16620-5;Q16620-6				7.55558e+06
Q16627;Q16627-2	Q16627;Q16627-2				6.74614e+06
Q16653;Q16653-10;Q16653-11;Q16653-13;Q16653-2;Q16653-3;Q16653-5;Q16653-6;Q16653-7;Q16653-8;Q16653-9	Q16653;Q16653-10;Q16653-11;Q16653-13;Q16653-2;Q16653-3;Q16653-5;Q16653-6;Q16653-7;Q16653-8;Q16653-9				2.65256e+06
Q16658	Q16658				1.04752e+06
Q16674	Q16674				5.52392e+06
Q16706	Q16706				8.19606e+06
Q16769	Q16769				3.19014e+07
Q16775;Q16775-2	Q16775;Q16775-2				2.57353e+06
Q16849	Q16849;Q16849-3;Q16849-2				1.53355e+07
Q16880	Q16880				7.69983e+06
Q16891;Q16891-2;Q16891-3;Q16891-4	Q16891;Q16891-2;Q16891-3;Q16891-4				1.21822e+06
Q24JP5;Q24JP5-2	Q24JP5;Q24JP5-2;Q24JP5-3				1.9429e+07
Q2TAL6	Q2TAL6				849415
Q2UY09;Q2UY09-2;Q2UY09-3	Q2UY09;Q2UY09-2;Q2UY09-3				174025
Q495W5;Q495W5-2	Q495W5;Q495W5-2				2.90003e+06
Q4G148;Q4G148-2	Q4G148;Q4G148-2				146612
Q4KWH8;Q4KWH8-3;Q4KWH8-4	Q4KWH8;Q4KWH8-2;Q4KWH8-3;Q4KWH8-4				4.6957e+06
Q504Y0;Q504Y0-2;Q504Y0-3;Q504Y0-4;Q504Y0-5	Q504Y0;Q504Y0-2;Q504Y0-3;Q504Y0-4;Q504Y0-5				376403
Q53EL9;Q53EL9-3	Q53EL9;Q53EL9-2;Q53EL9-3				6.33564e+07
Q53FZ2	Q53FZ2				2.18111e+07
Q53H76;Q53H76-2;Q53H76-3	Q53H76;Q53H76-2;Q53H76-3				533684
Q53RD9;Q53RD9-2;Q53RD9-3;Q53RD9-4	Q53RD9;Q53RD9-2;Q53RD9-3;Q53RD9-4				9.45022e+06
Q562R1	Q562R1				1.5932e+07
Q58FF6	Q58FF6				1.26255e+06
Q5BIV9	Q5BIV9				6.09793e+06
Q5BLP8;Q5BLP8-2;Q5BLP8-3	Q5BLP8;Q5BLP8-2;Q5BLP8-3				1.96546e+07
Q5FWE3;Q5FWE3-3	Q5FWE3;Q5FWE3-3				1.26168e+07
Q5IJ48;Q5IJ48-2;Q5IJ48-3	Q5IJ48;Q5IJ48-2;Q5IJ48-3				6.72979e+06
Q5JRA6;Q5JRA6-2	Q5JRA6;Q5JRA6-2				4.7706e+06
Q5JS37;Q5JS37-2	Q5JS37;Q5JS37-2				695050
Q5JTV8;Q5JTV8-2;Q5JTV8-3	Q5JTV8;Q5JTV8-2;Q5JTV8-3				575738
Q5KU26	Q5KU26				3.60781e+07
Q5R3F8	Q5R3F8				1.24742e+06
Q5SGD2;Q5SGD2-2;Q5SGD2-3	Q5SGD2;Q5SGD2-2;Q5SGD2-3				4.32603e+06
Q5SRI9	Q5SRI9				1.13306e+06
Q5T013;Q5T013-2;Q5T013-3;Q5T013-4	Q5T013;Q5T013-2;Q5T013-3;Q5T013-4				6.26354e+08
Q5T5C0;Q5T5C0-2	Q5T5C0;Q5T5C0-2				1.25489e+07
Q5T848	Q5T848				2.38065e+07
Q5VSG8	Q5VSG8				9.13976e+06
Q5VU97	Q5VU97				8.39749e+06
Q5VUB5	Q5VUB5				3.60029e+06
Q5VV43;Q5VV43-2;Q5VV43-3;Q5VV43-4	Q5VV43;Q5VV43-2;Q5VV43-3;Q5VV43-4				1.73189e+06
Q5VV63	Q5VV63				408174
Q5VWW1;Q5VWW1-2;Q5VWW1-3	Q5VWW1;Q5VWW1-2;Q5VWW1-3				2.56112e+06
Q5VY80;Q6H3X3;Q6H3X3-2;Q9BZM5	Q5VY80;Q6H3X3;Q9BZM5;Q6H3X3-2;Q6H3X3-3				1.61661e+06
Q5ZPR3;Q5ZPR3-3;Q5ZPR3-4	Q5ZPR3;Q5ZPR3-3;Q5ZPR3-4				1.45027e+06
Q641Q3;Q641Q3-2	Q641Q3;Q641Q3-2				6.31792e+06
Q658N2	Q658N2				9.12499e+06
Q68BL7;Q68BL7-2;Q68BL7-3	Q68BL7;Q68BL7-2;Q68BL7-3				6.65983e+06
Q68D85	Q68D85				1.66252e+06
Q6E0U4;Q6E0U4-16;Q6E0U4-2;Q6E0U4-3;Q6E0U4-4;Q6E0U4-5;Q6E0U4-6;Q6E0U4-7	Q6E0U4;Q6E0U4-16;Q6E0U4-2;Q6E0U4-3;Q6E0U4-4;Q6E0U4-5;Q6E0U4-6;Q6E0U4-7				3.8822e+06
Q6EMK4	Q6EMK4				9.26727e+06
Q6FHJ7	Q6FHJ7				3.72262e+06
Q6GTX8;Q6GTX8-2;Q6GTX8-3;Q6GTX8-4;Q6ISS4;Q6ISS4-2	Q6GTX8;Q6ISS4;Q6GTX8-2;Q6GTX8-3;Q6GTX8-4;Q6ISS4-2				5.67253e+06
Q6IEE7	Q6IEE7				1.00706e+06
Q6IS24	Q6IS24				1.39093e+06
Q6MZW2	Q6MZW2;Q6MZW2-2;Q6MZW2-3				1.71041e+07
Q6NUJ2	Q6NUJ2				2.4042e+06
Q6NW40	Q6NW40				2.81993e+07
Q6P179;Q6P179-3	Q6P179;Q6P179-2;Q6P179-3;Q6P179-4				673641
Q6P1N9	Q6P1N9				4.23483e+06
Q6P4E1;Q6P4E1-2;Q6P4E1-5	Q6P4E1;Q6P4E1-2;Q6P4E1-5				7.95919e+06
Q6P9A2	Q6P9A2				4.53078e+06
Q6PCB0	Q6PCB0				2.01915e+07
Q6RVD6	Q6RVD6				1.27488e+06
Q6UVK1	Q6UVK1				6.97879e+06
Q6UW01	Q6UW01				4.86976e+07
Q6UWH4;Q6UWH4-2	Q6UWH4;Q6UWH4-2;Q6UWH4-3				2.41491e+06
Q6UWP8;Q6UWP8-2	Q6UWP8;Q6UWP8-2				79774.1
Q6UWR7	Q6UWR7				2.2688e+06
Q6UX15;Q6UX15-2	Q6UX15;Q6UX15-2				3.0657e+06
Q6UX71	Q6UX71;Q6UX71-2				5.5299e+07
Q6UX72	Q6UX72				2.01439e+06
Q6UX73;Q6UX73-2	Q6UX73;Q6UX73-2				4.60455e+07
Q6UXB8	Q6UXB8;Q6UXB8-2				2.11337e+07
Q6UXD5-3;Q6UXD5-5	Q6UXD5;Q6UXD5-2;Q6UXD5-3;Q6UXD5-4;Q6UXD5-5;Q6UXD5-6				6.49411e+07
Q6UXF1;Q6UXF1-2	Q6UXF1;Q6UXF1-2				1.29171e+06
Q6UXH9;Q6UXH9-2	Q6UXH9;Q6UXH9-2				1.10891e+06
Q6UXI9;Q6UXI9-3;Q6UXI9-4;Q6UXI9-5;Q6UXI9-6	Q6UXI9;Q6UXI9-2;Q6UXI9-3;Q6UXI9-4;Q6UXI9-5;Q6UXI9-6				756968
Q6UXK2	Q6UXK2				1.05629e+06
Q6UXK5	Q6UXK5				1.54593e+06
Q6UXZ4;Q6UXZ4-2	Q6UXZ4;Q6UXZ4-2				4.05731e+06
Q6UY14;Q6UY14-2;Q6UY14-3	Q6UY14;Q6UY14-3;Q6UY14-2				1.19222e+06
Q6YHK3	Q6YHK3;Q6YHK3-2;Q6YHK3-4				4.17582e+06
Q6ZMI3;Q6ZMI3-2	Q6ZMI3;Q6ZMI3-2				9.71367e+06
Q6ZMP0;Q6ZMP0-2	Q6ZMP0;Q6ZMP0-2				1.48206e+06
Q6ZN30;Q6ZN30-2	Q6ZN30;Q6ZN30-2				6.47161e+06
Q6ZRP7	Q6ZRP7				6.93199e+06
Q6ZSJ9;Q6ZSJ9-2;Q6ZSJ9-3	Q6ZSJ9;Q6ZSJ9-2;Q6ZSJ9-3				4.85776e+07
Q6ZVL6	Q6ZVL6;Q6ZVL6-2				3.38094e+06
Q76KP1	Q76KP1				216320
Q7L014	Q7L014				6.26973e+07
Q7L0X0	Q7L0X0				5.4829e+06
Q7LFX5	Q7LFX5				4.55997e+06
Q7Z3B1	Q7Z3B1;Q7Z3B1-2				1.72736e+08
Q7Z553;Q7Z553-2;Q7Z553-3	Q7Z553;Q7Z553-2;Q7Z553-3				2.61099e+06
Q7Z5A7;Q7Z5A7-2	Q7Z5A7;Q7Z5A7-2;Q7Z5A7-3				1.38746e+07
Q7Z5L0	Q7Z5L0				1.00168e+06
Q7Z5L7;Q7Z5L7-2;Q7Z5L7-3	Q7Z5L7;Q7Z5L7-2;Q7Z5L7-3				2.22196e+06
Q7Z7G0;Q7Z7G0-2;Q7Z7G0-3;Q7Z7G0-4	Q7Z7G0;Q7Z7G0-2;Q7Z7G0-3;Q7Z7G0-4				8.08137e+06
Q7Z7H5;Q7Z7H5-3	Q7Z7H5;Q7Z7H5-2;Q7Z7H5-3				2.60166e+06
Q7Z7M0;Q7Z7M0-2	Q7Z7M0;Q7Z7M0-2				3.86441e+07
Q7Z7M8	Q7Z7M8				2.67343e+06
Q7Z7M9	Q7Z7M9				914062
Q86SF2	Q86SF2				7.89226e+06
Q86SQ4;Q86SQ4-2;Q86SQ4-3;Q86SQ4-4	Q86SQ4;Q86SQ4-2;Q86SQ4-3;Q86SQ4-4				186071
Q86SR1	Q86SR1;Q86SR1-2;Q86SR1-4				9.25916e+06
Q86TH1	Q86TH1				2.06938e+06
Q86TY3;Q86TY3-2	Q86TY3;Q86TY3-2				1.3267e+07
Q86UD1	Q86UD1				6.16243e+06
Q86UN2	Q86UN2				4.75558e+06
Q86UN3	Q86UN3;Q86UN3-2				2.62543e+07
Q86UP0;Q86UP0-2	Q86UP0;Q86UP0-2				4.8943e+06
Q86UX2	Q86UX2;Q86UX2-2;Q86UX2-3				2.07484e+07
Q86V85	Q86V85				582816
Q86VB7;Q86VB7-2;Q86VB7-3;Q86VB7-4	Q86VB7;Q86VB7-2;Q86VB7-3;Q86VB7-4				6.59702e+06
Q86VP6;Q86VP6-2	Q86VP6;Q86VP6-2				48102.2
Q86VZ4	Q86VZ4				3.88324e+06
Q86X29;Q86X29-2;Q86X29-3;Q86X29-4;Q86X29-5;Q86X29-6	Q86X29;Q86X29-2;Q86X29-3;Q86X29-4;Q86X29-5;Q86X29-6				1.09882e+07
Q86XR7-2;Q9Y3B3;Q9Y3B3-2	Q9Y3B3;Q86XR7-2;Q9Y3B3-2				1.12941e+06
Q86Y38	Q86Y38				3.81761e+06
Q86Y82	Q86Y82				1.29699e+06
Q86YD3;Q86YD3-2;Q86YD3-4;Q86YD3-5	Q86YD3;Q86YD3-2;Q86YD3-3;Q86YD3-4;Q86YD3-5				9.46088e+06
Q86YT9;Q86YT9-2;Q86YT9-3;Q86YT9-4	Q86YT9;Q86YT9-2;Q86YT9-3;Q86YT9-4				811467
Q8IUC8	Q8IUC8;Q8IUC8-3;Q8IUC8-2				5.43694e+06
Q8IUK5;Q8IUK5-2;Q8IUK5-3;Q8IUK5-4	Q8IUK5;Q8IUK5-2;Q8IUK5-3;Q8IUK5-4				9.86874e+06
Q8IUK8	Q8IUK8				1.34189e+06
Q8IUX7	Q8IUX7;Q8IUX7-2				1.33115e+07
Q8IV08	Q8IV08				1.10727e+07
Q8IW45;Q8IW45-2;Q8IW45-4	Q8IW45;Q8IW45-2;Q8IW45-4				634694
Q8IW52	Q8IW52				6.15774e+06
Q8IWT1	Q8IWT1				2.40604e+06
Q8IWU5;Q8IWU5-2	Q8IWU5;Q8IWU5-2				5.24035e+07
Q8IWV2	Q8IWV2				1.8103e+07
Q8IWY4	Q8IWY4				938392
Q8IXL6	Q8IXL6				6.10104e+06
Q8IYJ0;Q8IYJ0-2	Q8IYJ0;Q8IYJ0-2				3.15923e+07
Q8IYS5-2;Q8IYS5-3;Q8IYS5-6	Q8IYS5;Q8IYS5-2;Q8IYS5-3;Q8IYS5-4;Q8IYS5-5;Q8IYS5-6;Q8IYS5-7				7.22282e+06
Q8IZA0;Q8IZA0-2	Q8IZA0;Q8IZA0-2				6.6115e+06
Q8IZJ1;Q8IZJ1-2	Q8IZJ1;Q8IZJ1-2				1.54557e+06
Q8IZJ3;Q8IZJ3-2	Q8IZJ3;Q8IZJ3-2				2.25782e+06
Q8IZP7	Q8IZP7				9.54607e+06
Q8IZS8	Q8IZS8;Q8IZS8-2;Q8IZS8-3				1.87412e+06
Q8N111	Q8N111				609970
Q8N114;Q8N114-2	Q8N114;Q8N114-2				1.88448e+07
Q8N126;Q8N126-2	Q8N126;Q8N126-2;Q8N126-3				2.21267e+07
Q8N149;Q8N149-2;Q8N149-3;Q8N149-4	Q8N149;Q8N149-2;Q8N149-3;Q8N149-4				5.52341e+06
Q8N2Q7;Q8N2Q7-2	Q8N2Q7;Q8N2Q7-2				1.71451e+06
Q8N2S1;Q8N2S1-2;Q8N2S1-3	Q8N2S1;Q8N2S1-2;Q8N2S1-3				1.30955e+07
Q8N3G9;Q8N3G9-2;Q8N3G9-3	Q8N3G9;Q8N3G9-2;Q8N3G9-3				164315
Q8N3J2	Q8N3J2				1.58833e+07
Q8N3J6;Q8N3J6-2;Q8N3J6-3;Q8N3J6-4;Q8N3J6-5	Q8N3J6;Q8N3J6-2;Q8N3J6-3;Q8N3J6-4;Q8N3J6-5				5.26238e+06
Q8N3T1	Q8N3T1				3.27743e+06
Q8N3T6	Q8N3T6				4.65153e+06
Q8N428;Q8N428-2	Q8N428;Q8N428-2				1.13685e+06
Q8N436	Q8N436				2.44694e+06
Q8N474	Q8N474				925791
Q8N475;Q8N475-2	Q8N475;Q8N475-2;Q8N475-3				4.6595e+06
Q8N608;Q8N608-2;Q8N608-3;Q8N608-4	Q8N608;Q8N608-2;Q8N608-3;Q8N608-4				539638
Q8N6C5;Q8N6C5-2;Q8N6C5-4	Q8N6C5;Q8N6C5-2;Q8N6C5-4				1.38466e+06
Q8N967	Q8N967				1.30336e+06
Q8NBI6	Q8NBI6				2.07661e+06
Q8NBJ4;Q8NBJ4-2	Q8NBJ4;Q8NBJ4-2				1.42222e+07
Q8NBJ7	Q8NBJ7;Q8NBJ7-2;Q8NBJ7-3				1.10961e+06
Q8NBP7	Q8NBP7				2.81646e+06
Q8NBS9;Q8NBS9-2	Q8NBS9;Q8NBS9-2				1.07018e+06
Q8NC42	Q8NC42				869620
Q8NCC3	Q8NCC3;Q8NCC3-2				2.22209e+06
Q8NCH0	Q8NCH0				728444
Q8NCL4	Q8NCL4				7.31186e+06
Q8NCW5;Q8NCW5-2	Q8NCW5;Q8NCW5-2				6.74077e+06
Q8NEP3;Q8NEP3-2;Q8NEP3-3	Q8NEP3;Q8NEP3-2;Q8NEP3-3				2.17987e+09
Q8NES3;Q8NES3-3	Q8NES3;Q8NES3-2;Q8NES3-3;Q8NES3-4				1.46055e+07
Q8NEY1;Q8NEY1-2;Q8NEY1-3;Q8NEY1-4;Q8NEY1-6;Q8NEY1-7	Q8NEY1;Q8NEY1-2;Q8NEY1-3;Q8NEY1-4;Q8NEY1-6;Q8NEY1-7				6.3179e+07
Q8NFF2;Q8NFF2-3	Q8NFF2;Q8NFF2-3				890119
Q8NFL0	Q8NFL0				44388.3
Q8NFP4;Q8NFP4-2	Q8NFP4;Q8NFP4-2				4.58436e+06
Q8NFT8	Q8NFT8				1.33893e+06
Q8NFY4;Q8NFY4-6	Q8NFY4;Q8NFY4-2;Q8NFY4-3;Q8NFY4-4;Q8NFY4-5;Q8NFY4-6;Q8NFY4-8				7.74892e+06
Q8NFZ4	Q8N0W4;Q8N2Q7;Q8NFZ3;Q8NFZ4;Q8NFZ3-2;Q8N0W4-2;Q8N2Q7-2				1.11771e+07
Q8NFZ8	Q8NFZ8				5.75732e+07
Q8NHP8	Q8NHP8;Q8NHP8-2				6.22132e+06
Q8NHQ9	Q8NHQ9				4.13499e+08
Q8TAB3;Q8TAB3-2;Q8TAB3-3	Q8TAB3;Q8TAB3-2;Q8TAB3-3				1.6199e+06
Q8TAG5;Q8TAG5-2	Q8TAG5;Q8TAG5-2				3.77301e+07
Q8TBP5	Q8TBP5				3.46961e+07
Q8TCZ2;Q8TCZ2-2;Q8TCZ2-3;Q8TCZ2-5	Q8TCZ2;Q8TCZ2-2;Q8TCZ2-3;Q8TCZ2-5;Q8TCZ2-6				1.09206e+07
Q8TDQ0;Q8TDQ0-2	Q8TDQ0;Q8TDQ0-2				2.70161e+06
Q8TEA8	Q8TEA8				3.15796e+06
Q8TER0;Q8TER0-5	Q8TER0;Q8TER0-3;Q8TER0-4;Q8TER0-5				1.82206e+07
Q8TEU8	Q8TEU8				3.27784e+07
Q8WUA8	Q8WUA8				519915
Q8WUJ3	Q8WUJ3;Q8WUJ3-2				3.98244e+06
Q8WVN6	Q8WVN6				2.17277e+06
Q8WVQ1;Q8WVQ1-3	Q8WVQ1;Q8WVQ1-2;Q8WVQ1-3				1.07166e+07
Q8WWX9	Q8WWX9				4.33565e+06
Q8WX77	Q8WX77				1.33961e+06
Q8WXD2	Q8WXD2;Q8WXD2-2				9.02817e+07
Q8WXD2-2	Q8WXD2-2				7.38927e+06
Q8WY21;Q8WY21-2;Q8WY21-3;Q8WY21-4	Q8WY21;Q8WY21-2;Q8WY21-3;Q8WY21-4				9.46293e+06
Q8WYK1	Q8WYK1				1.56065e+06
Q8WZ75;Q8WZ75-2;Q8WZ75-3	Q8WZ75;Q8WZ75-2;Q8WZ75-3				5.2588e+06
Q8WZA1	Q8WZA1;Q8WZA1-2				3.1326e+07
Q92484;Q92484-2	Q92484;Q92484-2				545775
Q92485;Q92485-2	Q92485;Q92485-2				2.34581e+06
Q92520	Q92520				1.20938e+08
Q92542;Q92542-2	Q92542;Q92542-2				1.26872e+06
Q92563	Q92563				2.78953e+06
Q92673	Q92673				1.64888e+07
Q92686	Q92686				897387
Q92692;Q92692-2	Q92692;Q92692-2				1.87071e+06
Q92729;Q92729-2;Q92729-3;Q92729-4	Q92729;Q92729-2;Q92729-3;Q92729-4				1.62684e+06
Q92743	Q92743				4.32869e+06
Q92752	Q92752;Q92752-2				1.14692e+07
Q92765	Q92765				1.83969e+07
Q92820	Q92820				2.15834e+07
Q92823;Q92823-2;Q92823-5	Q92823;Q92823-2;Q92823-3;Q92823-4;Q92823-5;Q92823-6				2.71797e+08
Q92832;Q92832-2	Q92832;Q92832-2				1.70735e+06
Q92854	Q92854				1.70204e+06
Q92859;Q92859-2;Q92859-3;Q92859-4	Q92859;Q92859-2;Q92859-3;Q92859-4				2.16314e+07
Q92876	Q92876;Q92876-2				1.76247e+08
Q92896;Q92896-2;Q92896-3	Q92896;Q92896-2;Q92896-3				969885
Q92911	Q92911				2.24832e+06
Q92932-2	Q92932;Q92932-2;Q92932-3;Q92932-4				1.14423e+07
Q92945;Q96AE4;Q96AE4-2	Q92945;Q96AE4;Q96AE4-2				4.66335e+06
Q92954;Q92954-2;Q92954-5;Q92954-6	Q92954;Q92954-2;Q92954-3;Q92954-4;Q92954-5;Q92954-6				4.66345e+06
Q93063;Q93063-3	Q93063;Q93063-2;Q93063-3				7.97692e+06
Q93091	Q93091				3.78801e+06
Q969H8	Q969H8				3.28048e+06
Q969P0;Q969P0-3	Q969P0;Q969P0-3				4.59006e+07
Q969T9	Q969T9;Q969T9-2				5.78795e+06
Q96AP7	Q96AP7				1.70787e+06
Q96AQ1;Q96AQ1-2;Q96LY2;Q96LY2-2	Q96LY2;Q96LY2-2;Q96AQ1;Q96AQ1-2				150561
Q96AQ6;Q96AQ6-2	Q96AQ6;Q96AQ6-2;Q96AQ6-3				1.13056e+06
Q96B86;Q96B86-3;Q96B86-4	Q96B86;Q96B86-3;Q96B86-4				1.42875e+07
Q96BY9	Q96BY9				1.38091e+06
Q96BZ4	Q96BZ4				1.31706e+07
Q96CG8;Q96CG8-3	Q96CG8;Q96CG8-2;Q96CG8-3				5.76803e+06
Q96CW9;Q96CW9-2	Q96CW9;Q96CW9-2				437183
Q96CX2	Q96CX2;Q68DU8				818495
Q96DT5	Q96DT5				1.16766e+07
Q96DZ1;Q96DZ1-2;Q96DZ1-3	Q96DZ1;Q96DZ1-2;Q96DZ1-3				270485
Q96EE4	Q96EE4				848420
Q96EG1	Q96EG1				2.25231e+06
Q96FE5;Q96FE5-2	Q96FE5;Q7L985;Q96FE5-2				6.07956e+06
Q96FE7-4	Q96FE7;Q96FE7-2;Q96FE7-4;Q96FE7-5				4.63973e+07
Q96FJ2	P63167;Q96FJ2				5.76147e+06
Q96GD0	Q96GD0				345385
Q96GW7	Q96GW7;Q96GW7-2				1.92641e+08
Q96HD1;Q96HD1-2	Q96HD1;Q96HD1-2				3.15867e+06
Q96HU1;Q96HU1-2	Q96HU1;Q96HU1-2				4.05977e+06
Q96ID5	Q96ID5				2.09877e+07
Q96IU4	Q96IU4				596257
Q96IY4	Q96IY4;Q96IY4-2				1.69652e+07
Q96JA1;Q96JA1-2	Q96JA1;Q96JA1-2				512266
Q96JF0	Q96JF0;Q96JF0-2				1.08777e+07
Q96JQ0	Q96JQ0				506621
Q96KN2	Q96KN2				4.49457e+08
Q96MK3	Q96MK3				171928
Q96NU0;Q96NU0-2;Q9BZ76;Q9BZ76-2	Q96NU0;Q9BZ76;Q9BZ76-2;Q96NU0-2				240597
Q96NZ9;Q96NZ9-4	Q96NZ9;Q96NZ9-3;Q96NZ9-4				1.80564e+06
Q96P44;Q96P44-3	Q96P44;Q96P44-3				974173
Q96PD2;Q96PD2-2	Q96PD2;Q96PD2-2				1.75182e+06
Q96PD5	Q96PD5;Q96PD5-2				2.88854e+07
Q96PQ0	Q96PQ0				6.05615e+06
Q96PX8	Q96PX8				2.40146e+07
Q96RW7;Q96RW7-2	Q96RW7;Q96RW7-2				1.01589e+06
Q96S96	Q96S96				1.31668e+08
Q96TA2;Q96TA2-2;Q96TA2-3	Q96TA2;Q96TA2-2;Q96TA2-3				1.85193e+07
Q96TC7;Q96TC7-2	Q96TC7;Q96TC7-2				1.04118e+06
Q99435;Q99435-2;Q99435-3;Q99435-4	Q99435;Q99435-2;Q99435-3;Q99435-4				1.67539e+08
Q99497	Q99497				1.28244e+07
Q99519	Q99519				2.05448e+06
Q99523	Q99523;Q99523-2				7.1985e+06
Q99574	Q99574				1.20066e+07
Q99650;Q99650-2	Q99650;Q99650-2				1.23898e+06
Q99674	Q99674;Q99674-2				1.09932e+08
Q99715;Q99715-4	Q99715;Q99715-2;Q99715-4				2.08052e+06
Q99784	Q99784;Q99784-3;Q99784-5				4.07843e+06
Q99946	Q99946				2.96478e+06
Q99969	Q99969				1.73418e+07
Q99972	Q99972				3.1839e+06
Q99983	Q99983				2.22625e+07
Q99985	Q99985				746485
Q9BQ16;Q9BQ16-1;Q9BQ16-2;Q9BQ16-9	Q9BQ16;Q9BQ16-1;Q9BQ16-2;Q9BQ16-4;Q9BQ16-8;Q9BQ16-9				4.23838e+06
Q9BQS7;Q9BQS7-2;Q9BQS7-3;Q9BQS7-4	Q9BQS7;Q9BQS7-2;Q9BQS7-3;Q9BQS7-4				276644
Q9BQT9;Q9BQT9-2	Q9BQT9;Q9BQT9-2				6.56046e+07
Q9BRA2	Q9BRA2				2.8956e+06
Q9BRK3;Q9BRK3-2;Q9BRK3-3	Q9BRK3;Q9BRK3-2;Q9BRK3-3;Q9BRK3-4				3.59298e+06
Q9BRK5	Q9BRK5;Q9BRK5-2;Q9BRK5-5				1.60354e+07
Q9BRR6;Q9BRR6-2	Q9BRR6;Q9BRR6-2;Q9BRR6-6				590889
Q9BS26	Q9BS26				120882
Q9BSG5;Q9BSG5-2;Q9BSG5-3	Q9BSG5;Q9BSG5-2;Q9BSG5-3				1.80558e+06
Q9BT88	Q9BT88				2.76519e+06
Q9BTY2	Q9BTY2				7.95746e+06
Q9BU40;Q9BU40-3;Q9BU40-4;Q9BU40-5	Q9BU40;Q9BU40-3;Q9BU40-4;Q9BU40-5				4.38016e+06
Q9BUD6	Q9BUD6				2.22838e+06
Q9BUJ0	Q9BUJ0				2.98718e+06
Q9BUN1	Q9BUN1				1.73471e+07
Q9BVH7	Q9BVH7				479067
Q9BVK6	Q9BVK6				639666
Q9BWQ8	Q9BWQ8				7.83864e+06
Q9BWS9;Q9BWS9-2;Q9BWS9-3	Q9BWS9;Q9BWS9-2;Q9BWS9-3				4.92181e+06
Q9BX67;Q9BX67-2	Q9BX67;Q9BX67-2				8.8791e+06
Q9BXJ0	Q9BXJ0				6.71172e+06
Q9BXJ1;Q9BXJ1-2	Q9BXJ1;Q9BXJ1-2				6.25651e+06
Q9BXJ3	Q9BXJ3				6.48493e+06
Q9BXJ4;Q9BXJ4-2;Q9BXJ4-3	Q9BXJ4;Q9BXJ4-2;Q9BXJ4-3				9.6604e+06
Q9BXP8;Q9BXP8-2	Q9BXP8;Q9BXP8-2				596409
Q9BY67;Q9BY67-2;Q9BY67-3;Q9BY67-4;Q9BY67-5	Q9BY67;Q9BY67-2;Q9BY67-3;Q9BY67-4;Q9BY67-5				5.87351e+07
Q9BY76;Q9BY76-2	Q9BY76;Q9BY76-2				580903
Q9BYC5	Q9BYC5;Q9BYC5-2				139658
Q9BYH1;Q9BYH1-5;Q9BYH1-6;Q9BYH1-7	Q9BYH1;Q9BYH1-2;Q9BYH1-3;Q9BYH1-4;Q9BYH1-5;Q9BYH1-6;Q9BYH1-7				4.56377e+07
Q9BZC7;Q9BZC7-2;Q9BZC7-3;Q9BZC7-4	Q9BZC7;Q9BZC7-2;Q9BZC7-3;Q9BZC7-4				1.85837e+07
Q9BZR6	Q9BZR6				2.17919e+07
Q9C0A0;Q9C0A0-2	Q9C0A0;Q96NU0;Q9BZ76;Q9BZ76-2;Q96NU0-2;Q9C0A0-2				1.10758e+08
Q9GZP0;Q9GZP0-2	Q9GZP0;Q9GZP0-2				347839
Q9GZP4;Q9GZP4-2	Q9GZP4;Q9GZP4-2				4.12721e+06
Q9GZT8;Q9GZT8-2	Q9GZT8;Q9GZT8-2				502535
Q9GZV7	Q9GZV7				634047
Q9GZX3	Q9GZX3				757837
Q9GZX9	Q9GZX9				8.03535e+06
Q9H008;Q9H008-2	Q9H008;Q9H008-2				612850
Q9H0E2;Q9H0E2-2	Q9H0E2;Q9H0E2-2				63519.6
Q9H0Q3;Q9H0Q3-2	Q9H0Q3;Q9H0Q3-2				9.84064e+06
Q9H0R4;Q9H0R4-2	Q9H0R4;Q9H0R4-2				726870
Q9H156;Q9H156-2	Q9H156;Q9H156-2				3.20486e+06
Q9H173	Q9H173				2.12416e+06
Q9H1Z8	Q9H1Z8				3.34301e+07
Q9H251;Q9H251-2;Q9H251-3;Q9H251-4;Q9H251-8	Q9H251;Q9H251-2;Q9H251-3;Q9H251-4;Q9H251-8				778360
Q9H299	Q9H299				1.93717e+06
Q9H2A7	Q9H2A7				516821
Q9H2B2;Q9H2B2-2	Q9H2B2;Q9H2B2-2				1.36165e+07
Q9H2E6;Q9H2E6-2	Q9H2E6;Q9H2E6-2				2.43927e+06
Q9H2X0;Q9H2X0-5	Q9H2X0;Q9H2X0-5				3.72917e+06
Q9H3G5	Q9H3G5				1.02316e+07
Q9H3S1;Q9H3S1-2	Q9H3S1;Q9H3S1-2				564916
Q9H3S3	Q9H3S3				1.49906e+06
Q9H3T2;Q9H3T2-3	Q9H3T2;Q9H3T2-2;Q9H3T2-3				840614
Q9H3T3;Q9H3T3-3	Q9H3T3;Q9H3T3-3				2.46552e+06
Q9H4A9;Q9H4A9-2	Q9H4A9;Q9H4A9-2				302043
Q9H4D0	Q9H4D0				6.8982e+06
Q9H4F8;Q9H4F8-2	Q9H4F8;Q9H4F8-2				2.63659e+06
Q9H5Y7	Q9H5Y7				76170.2
Q9H6B4	Q9H6B4				1.95721e+07
Q9H6X2;Q9H6X2-2;Q9H6X2-3;Q9H6X2-4;Q9H6X2-5;Q9H6X2-6	Q9H6X2;Q9H6X2-2;Q9H6X2-3;Q9H6X2-4;Q9H6X2-5;Q9H6X2-6				4.56101e+06
Q9H741	Q9H741				807950
Q9H8J5	Q9H8J5				5.22099e+06
Q9H8L6	Q9H8L6				6.27731e+06
Q9H9S5	Q9H9S5				1.01569e+06
Q9HAR2;Q9HAR2-2;Q9HAR2-3;Q9HAR2-4	Q9HAR2;Q9HAR2-2;Q9HAR2-3;Q9HAR2-4				6.78101e+06
Q9HAT2;Q9HAT2-2	Q9HAT2;Q9HAT2-2				1.06748e+07
Q9HBR0	Q9HBR0				2.08014e+07
Q9HBT6	Q9HBT6				1.50529e+06
Q9HBW1	Q9HBW1				1.59876e+06
Q9HC38;Q9HC38-2	Q9HC38;Q9HC38-2				2.4668e+06
Q9HC56;Q9HC56-2	Q9HC56;Q9HC56-2				6.24703e+06
Q9HCB6	Q9HCB6				6.25419e+06
Q9HCK4;Q9HCK4-2;Q9HCK4-3	Q9HCK4;Q9HCK4-2;Q9HCK4-3				3.06252e+06
Q9HCU0	Q9HCU0				5.62258e+06
Q9HCU4	Q9HCU4				2.04545e+07
Q9HD45	Q9HD45				420754
Q9HDB5	Q9HDB5;Q9Y4C0				3.46915e+07
Q9HDC9;Q9HDC9-2	Q9HDC9;Q9HDC9-2				206678
Q9NP58;Q9NP58-4	Q9NP58;Q9NP58-4				7.91963e+06
Q9NP80;Q9NP80-2;Q9NP80-3	Q9NP80;Q9NP80-2;Q9NP80-3				9.60414e+06
Q9NPC4	Q9NPC4				1.63656e+06
Q9NPG4	Q9NPG4				2.49987e+06
Q9NPH3;Q9NPH3-2;Q9NPH3-5	Q9NPH3;Q9NPH3-2;Q9NPH3-3;Q9NPH3-5				2.3224e+06
Q9NPR2;Q9NPR2-2	Q9NPR2;Q9NPR2-2				1.43255e+07
Q9NPY3	Q9NPY3				340427
Q9NQ79;Q9NQ79-2	Q9NQ79;Q9NQ79-2;Q9NQ79-3				1.15967e+08
Q9NQX5	Q9NQX5				3.80562e+06
Q9NR34	Q9NR34				1.11955e+07
Q9NRB3	Q9NRB3				270156
Q9NRN5	Q9NRN5;Q9NRN5-2				1.86045e+07
Q9NRR1	Q9NRR1				1.34929e+07
Q9NS00;Q9NS00-2	Q9NS00;Q9NS00-2				1.0654e+06
Q9NS15;Q9NS15-2	Q9NS15;Q9NS15-2				614203
Q9NS85	Q9NS85;Q9NS85-2				4.11864e+06
Q9NS98	Q9NS98				1.597e+07
Q9NSC7	Q9NSC7				1.81502e+06
Q9NT22;Q9NT22-2	Q9NT22;Q9NT22-2				1.17448e+06
Q9NT99	Q9NT99				2.19769e+07
Q9NTU7	Q9NTU7				9.87076e+06
Q9NUQ9	Q9NUQ9				1.08458e+06
Q9NX62	Q9NX62				6.05656e+07
Q9NXS2;Q9NXS2-3	Q9NXS2;Q9NXS2-3				921577
Q9NY15	Q9NY15				1.5154e+06
Q9NY33;Q9NY33-2;Q9NY33-4	Q9NY33;Q9NY33-2;Q9NY33-4				964733
Q9NY47;Q9NY47-2;Q9NY47-3;Q9NY47-4;Q9NY47-5	Q9NY47;Q9NY47-2;Q9NY47-3;Q9NY47-4;Q9NY47-5				5.80311e+06
Q9NY72	Q9NY72				3.16992e+06
Q9NY97;Q9NY97-2	Q9NY97;Q9NY97-2				7.69553e+06
Q9NYQ8	Q9NYQ8				2.11544e+07
Q9NYX4	Q9NYX4				1.92333e+07
Q9NZ08;Q9NZ08-2	Q9NZ08;Q9NZ08-2				2.34307e+06
Q9NZ53	Q9NZ53;Q9NZ53-2				3.88724e+06
Q9NZ72;Q9NZ72-2	Q9NZ72;Q9NZ72-2				1.13128e+06
Q9NZ94;Q9NZ94-2;Q9NZ94-3	Q9NZ94;Q9NZ94-2;Q9NZ94-3				3.78725e+06
Q9NZC2;Q9NZC2-2;Q9NZC2-3	Q9NZC2;Q9NZC2-2;Q9NZC2-3				4.49824e+06
Q9NZK5	Q9NZK5				5.07962e+06
Q9NZN1	Q9NZN1				2.72209e+06
Q9NZP8	Q9NZP8				2.11492e+07
Q9NZR2	Q9NZR2				1.45329e+06
Q9NZU1	Q9NZU1				4.10166e+06
Q9P0K1;Q9P0K1-2;Q9P0K1-3;Q9P0K1-4;Q9P0K1-5	Q9P0K1;Q9P0K1-2;Q9P0K1-3;Q9P0K1-4;Q9P0K1-5				4.26394e+07
Q9P0K9	Q9P0K9				8.696e+06
Q9P0L0;Q9P0L0-2	Q9P0L0;Q9P0L0-2				4.04574e+06
Q9P0S2	Q9P0S2				669362
Q9P121-4	Q9P121;Q9P121-3;Q9P121-2;Q9P121-4				8.2609e+07
Q9P232	Q9P232				5.36686e+06
Q9P2E7;Q9P2E7-2	Q9P2E7;Q9P2E7-2				3.63283e+06
Q9P2S2	P58401;Q9P2S2				3.49013e+07
Q9UBG0	Q9UBG0				1.22204e+06
Q9UBP4	Q9UBP4				1.21211e+08
Q9UBQ6	Q9UBQ6				3.62955e+07
Q9UBR2	Q9UBR2				1.92898e+07
Q9UBX1	Q9UBX1				9.17807e+06
Q9UBX5	Q9UBX5				2.67555e+07
Q9UBX7;Q9UBX7-1;Q9UBX7-3;Q9UBX7-4	Q9UBX7;Q9UBX7-1;Q9UBX7-3;Q9UBX7-4				1.57875e+06
Q9UEW3;Q9UEW3-2	Q9UEW3;Q9UEW3-2				1.87641e+06
Q9UF11;Q9UF11-2;Q9UF11-3;Q9UF11-4	Q9UF11;Q9UF11-2;Q9UF11-3;Q9UF11-4				2.0217e+06
Q9UFP1	Q9UFP1				2.27069e+06
Q9UGM5;Q9UGM5-2	Q9UGM5;Q9UGM5-2				6.28812e+06
Q9UHC6	Q9UHC6				1.9066e+07
Q9UHG2	Q9NPY3;Q9UHG2				2.40698e+08
Q9UHG3;Q9UHG3-2	Q9UHG3;Q9UHG3-2				1.8672e+06
Q9UHI8	Q9UHI8				1.05641e+07
Q9UHL4	Q9UHL4				1.26489e+07
Q9UI40;Q9UI40-2	Q9UI40;Q9UI40-2				1.85913e+06
Q9UI42;Q9UI42-2	Q9UI42;Q9UI42-2				496230
Q9UIB8;Q9UIB8-2;Q9UIB8-3;Q9UIB8-4;Q9UIB8-5;Q9UIB8-6	Q9UIB8;Q9UIB8-2;Q9UIB8-3;Q9UIB8-4;Q9UIB8-5;Q9UIB8-6				2.70306e+06
Q9UIQ6;Q9UIQ6-2;Q9UIQ6-3	Q9UIQ6;Q9UIQ6-2;Q9UIQ6-3				419281
Q9UIW2	P51805;Q9UIW2				2.24775e+06
Q9UJ14	Q9UJ14				4.1237e+06
Q9UJ90	Q9UJ90				5.07142e+06
Q9UJ99	Q9UJ99				5.11392e+06
Q9UJA9	Q9UJA9				2.84673e+06
Q9UJH8	Q9UJH8				2.55819e+06
Q9UJJ9	Q9UJJ9				8.9986e+06
Q9UJQ1;Q9UJQ1-2	Q9UJQ1;Q9UJQ1-2				1.24588e+06
Q9UK55	Q9UK55				2.35653e+06
Q9UKB5	Q9UKB5				2.38728e+07
Q9UKJ1-3	Q9UKJ1;Q9UKJ1-2;Q9UKJ1-3;Q9UKJ1-4				2.64475e+06
Q9UKK9	Q9UKK9				428853
Q9UKM7	Q9UKM7				3.46502e+06
Q9UKQ2;Q9UKQ2-2	Q9UKQ2;Q9UKQ2-2				2.33254e+06
Q9UKU6	Q9UKU6				4.17526e+06
Q9UKU9;Q9UKU9-2	Q9UKU9;Q9UKU9-2				2.05323e+06
Q9ULB1;Q9ULB1-2;Q9ULB1-3	Q9ULB1;Q9ULB1-2;Q9ULB1-3				4.37844e+07
Q9ULB4	Q9ULB4				1.3961e+06
Q9ULB5	Q9ULB5				141319
Q9ULF5	Q9ULF5				1.78339e+07
Q9ULH4	Q9ULH4				3.23828e+06
Q9ULI3;Q9ULI3-2	Q9ULI3;Q9ULI3-2				6.54106e+06
Q9ULI4	Q9ULI4				1.28875e+06
Q9ULL4;Q9ULL4-2	Q9ULL4;Q9ULL4-2				1.74661e+06
Q9ULP0-3;Q9ULP0-6	Q9ULP0;Q9ULP0-2;Q9ULP0-3;Q9ULP0-4;Q9ULP0-6;Q9ULP0-7;Q9ULP0-8				1.46787e+07
Q9ULX7	Q9ULX7				2.18461e+06
Q9ULZ3;Q9ULZ3-2;Q9ULZ3-3	Q9ULZ3;Q9ULZ3-2;Q9ULZ3-3				39718.9
Q9ULZ9;Q9ULZ9-2	Q9ULZ9;Q9ULZ9-2				1.14092e+06
Q9UM21;Q9UM21-2	Q9UM21;Q9UM21-2				432474
Q9UM22	Q9UM22				4.41415e+07
Q9UM47	Q9UM47				5.47548e+06
Q9UMF0	Q9UMF0				1.36587e+07
Q9UMX5	Q9UMX5				9.39864e+06
Q9UN36-2;Q9UN36-6	Q9UN36;Q9UN36-2;Q9UN36-3;Q9UN36-5;Q9UN36-6				9.53575e+06
Q9UN70;Q9UN70-2	Q9UN70;Q9UN70-2				2.4114e+06
Q9UNN8	Q9UNN8				6.11239e+06
Q9UNW1	Q9UNW1;Q9UNW1-4				6.39908e+06
Q9UP79	Q9UP79				676700
Q9UPU3	Q9UPU3				1.46343e+07
Q9UQ52	Q9UQ52				5.96231e+06
Q9UQM7;Q9UQM7-2	Q9UQM7;Q9UQM7-2				2.77234e+06
Q9Y240	Q9Y240				8.7851e+06
Q9Y274	Q9Y274;Q9Y274-2				1.34326e+06
Q9Y279;Q9Y279-2	Q9Y279;Q9Y279-2				3.41957e+06
Q9Y287	Q9Y287				6.05618e+06
Q9Y2E5	Q9Y2E5				518671
Q9Y2G1;Q9Y2G1-2	Q9Y2G1;Q9Y2G1-2				3.52307e+06
Q9Y2I2;Q9Y2I2-1;Q9Y2I2-2;Q9Y2I2-4;Q9Y2I2-5;Q9Y2I2-6	Q9Y2I2;Q9Y2I2-1;Q9Y2I2-2;Q9Y2I2-4;Q9Y2I2-5;Q9Y2I2-6				3.91946e+06
Q9Y2T3;Q9Y2T3-3	Q9Y2T3;Q9Y2T3-2;Q9Y2T3-3				1.10432e+07
Q9Y2Z0;Q9Y2Z0-2	Q9Y2Z0;Q9Y2Z0-2				853484
Q9Y328	Q9Y328				257725
Q9Y490	Q9Y490				272792
Q9Y4C0-4	Q9HDB5-3;Q9HDB5-4;Q9Y4C0-4				2.94773e+07
Q9Y4L1	Q9Y4L1				1.38017e+07
Q9Y5F6-2	Q9Y5F6;Q9Y5F6-2				9.65894e+06
Q9Y5G9;Q9Y5G9-2	O60330;Q9Y5G5;Q9Y5G8;Q9Y5G9;O60330-2;Q9Y5G5-2;Q9Y5G8-2;Q9Y5G9-2				1.79149e+06
Q9Y5I4;Q9Y5I4-2	Q9Y5I4;Q9Y5I4-2				1.09936e+07
Q9Y5L2	Q9Y5L2				6.79397e+06
Q9Y5Y7	Q9Y5Y7				2.37911e+07
Q9Y617	Q9Y617;Q9Y617-2				1.63979e+06
Q9Y639;Q9Y639-1;Q9Y639-3;Q9Y639-4;Q9Y639-5	Q9Y639;Q9Y639-1;Q9Y639-3;Q9Y639-4;Q9Y639-5				1.61033e+07
Q9Y646	Q9Y646				6.7879e+07
Q9Y653;Q9Y653-2;Q9Y653-3	Q9Y653;Q9Y653-2;Q9Y653-3				3.2398e+07
Q9Y696	Q9Y696				1.86846e+06
Q9Y6C2	Q9Y6C2				3.40351e+06
Q9Y6N6	Q9Y6N6				1.5525e+06
Q9Y6N7;Q9Y6N7-2;Q9Y6N7-4	Q9Y6N7;Q9Y6N7-2;Q9Y6N7-3;Q9Y6N7-4;Q9Y6N7-5;Q9Y6N7-6				1.84678e+07
Q9Y6N8	Q9Y6N8				2.88181e+06
Q9Y6R7	Q9Y6R7				1.72468e+07
Q9Y6X5	Q9Y6X5				2.24698e+06
