Protein.Group	Protein.Ids	Protein.Names	Genes	First.Protein.Description	/fs/pool/pool-mann-projects/Johannes/Jakob_AD_CSF_data/Berlin_cohort_Sweden_mag_speclib_OBO/All_Raw/20190228_QX1_PhGe_SA_EASY12-10_Deigendesch_C8_82882588_repeat.mzML
A0A075B6H7;A0A0C4DH55;P01624	P01624;A0A075B6H7;A0A0C4DH55				1.99438e+08
A0A075B6H9	A0A075B6H9				2.22566e+07
A0A075B6I0	A0A075B6I0				5.59912e+07
A0A075B6I1	A0A075B6I1				3.23548e+06
A0A075B6I9;P04211	P04211;A0A075B6I9				1.01186e+08
A0A075B6J9	A0A075B6J9				2.38796e+07
A0A075B6K4	A0A075B6K4				1.71844e+07
A0A075B6K5	A0A075B6K5				9.77931e+06
A0A075B6P5;P01615	P01615;A0A075B6P5				2.07527e+08
A0A075B6Q5	A0A075B6Q5				1.29867e+06
A0A075B6R9;A0A0C4DH68	A0A075B6R9;A0A0C4DH68				1.28745e+07
A0A075B6S2	A0A075B6S2;A2NJV5				3.65814e+08
A0A087WSX0	A0A087WSX0;A0A0G2JS06				5.29689e+06
A0A087WSY4	A0A087WSY4				2.09174e+07
A0A087WSY6	A0A087WSY6				5.03436e+08
A0A087WW87;P01614	P01614;A0A087WW87				962248
A0A0A0MRZ8;P04433	P04433;A0A0A0MRZ8				4.27105e+08
A0A0A0MS15	A0A0A0MS15				6.92433e+06
A0A0A0MT36;A0A0C4DH26	A0A0A0MT36;A0A0C4DH26				2.55201e+06
A0A0B4J1U7	A0A0B4J1U7				1.54804e+07
A0A0B4J1V2	A0A0B4J1V2				6.4339e+06
A0A0B4J1V6	A0A0B4J1V6				9.45159e+07
A0A0B4J1X5	A0A0B4J1X5				3.50907e+07
A0A0B4J1Y8	A0A0B4J1Y8				1.92832e+06
A0A0B4J1Y9	A0A0B4J1Y9				4.92655e+06
A0A0B4J2D9;P0DP09	A0A0B4J2D9;P0DP09				2.80585e+06
A0A0B4J2H0;P01742	P01742;A0A0B4J2H0				1.9648e+08
A0A0C4DH25	A0A0C4DH25				1.59763e+07
A0A0C4DH31	A0A0C4DH31				1.77148e+06
A0A0C4DH33	A0A0C4DH33				5.91449e+08
A0A0C4DH34	A0A0C4DH34				8.93828e+06
A0A0C4DH35	A0A0C4DH35				2.78283e+06
A0A0C4DH36	A0A0C4DH36				3.94597e+06
A0A0C4DH38	A0A0C4DH38				1.03653e+07
A0A0C4DH43	A0A0C4DH43				1.47244e+07
A0A0C4DH67	A0A0C4DH67				4.1494e+07
A0A0J9YX35	A0A0J9YX35				6.86267e+06
A0A0J9YXX1	A0A0C4DH38;A0A0J9YXX1				1.03352e+08
A0A2R8Y619;O60814;P06899;P23527;P33778;P57053;P58876;P62807;Q16778;Q5QNW6;Q5QNW6-2;Q8N257;Q93079;Q96A08;Q99877;Q99879;Q99880	O60814;P06899;P23527;P33778;P57053;P58876;P62807;Q16778;Q5QNW6;Q8N257;Q93079;Q96A08;Q99877;Q99879;Q99880;A0A2R8Y619;Q5QNW6-2				1.07595e+06
A0M8Q6	P0CG04;P0DOY2;P0DOY3;A0M8Q6;P0CF74;B9A064;P0DOX8				1.29856e+08
A1L4H1	A1L4H1				6.74506e+06
A2RU67	A2RU67				2.31762e+06
A6BM72;A6BM72-2;A6BM72-4	A6BM72;A6BM72-2;A6BM72-4				4.26453e+06
A6NCE7;Q9GZQ8	Q9GZQ8;A6NCE7				1.35946e+06
A6NGN9	A6NGN9				2.30446e+07
A6NHG4;P30046;P30046-2	P30046;A6NHG4;P30046-2				4.794e+06
A6NL88	A6NL88				5.25047e+06
A6NLU5	A6NLU5				7.52114e+07
A6NML5	A6NML5				7.21407e+06
A8MTW9	A8MTW9				8.77689e+06
B4DS77;B4DS77-2;B4DS77-3	B4DS77;B4DS77-2;B4DS77-3				1.51986e+06
B9A064;P0DOX8	B9A064;P0DOX8				3.29476e+08
C9JVW0	C9JVW0				1.40523e+07
E2RYF7	E2RYF7				6.69654e+06
I3L3R5	I3L3R5				2.00126e+06
O00115;O00115-2	O00115;O00115-2				1.56103e+07
O00142;O00142-2;O00142-3;O00142-4;O00142-5;O00142-6	O00142;O00142-2;O00142-3;O00142-4;O00142-5;O00142-6				9.2045e+07
O00233;O00233-2	O00233;O00233-2				150800
O00241	O00241;P78324;Q5TFQ8;P78324-2;P78324-4;O00241-2				2.62781e+08
O00244	O00244				1.99499e+06
O00264	O00264;O00264-2				4.14048e+08
O00299	O00299				3.28988e+06
O00339;O00339-2;O00339-3	O00339;O00339-2;O00339-3				3.86853e+06
O00391	O00391;O00391-2				6.81058e+07
O00451	O00451;O00451-2;O00451-3				4.61936e+07
O00461	O00461				3.09306e+07
O00462	O00462				2.08017e+07
O00468-6	O00468-6;O00468-7				4.45453e+07
O00499;O00499-10;O00499-11;O00499-2;O00499-3;O00499-4;O00499-5;O00499-6;O00499-7;O00499-8;O00499-9	O00499;O00499-10;O00499-11;O00499-2;O00499-3;O00499-4;O00499-5;O00499-6;O00499-7;O00499-8;O00499-9				2.98004e+06
O00533	O00533				4.52323e+07
O00533-2	O00533;O00533-2				7.19605e+08
O00560;O00560-2;O00560-3	O00560;O00560-2;O00560-3				654483
O00584	O00584				3.54912e+07
O00754;O00754-2	O00754;O00754-2				9.29758e+06
O14498	O14498				1.60555e+08
O14514	O14514				6.86276e+06
O14522	O14522;O14522-1				9.24027e+06
O14525;O14525-2;O14525-3	O14525;O14525-2;O14525-3				4.21593e+06
O14594	O14594				1.63035e+08
O14657	O14657				702042
O14668;O14668-2	O14668;O14668-2				2.10631e+06
O14672	O14672				6.79475e+06
O14733;O14733-2;O14733-3;O14733-4	O14733;O14733-2;O14733-3;O14733-4				3.35495e+07
O14737;O14737-2	O14737;O14737-2				211435
O14745	O14745				642982
O14773	O14773				1.49928e+07
O14786;O14786-2;O14786-3	O14786;O14786-2;O14786-3				2.57008e+07
O14791-2	O14791;O14791-2;O14791-3				2.60684e+07
O14793	O14793				9.43448e+06
O14810	O14810;Q6PUV4				4.12114e+06
O14917;O14917-2	O14917;O14917-2				1.58017e+07
O14960	O14960				1.11848e+06
O15031	O15031				3.35066e+07
O15041;O15041-2	O15041;O15041-2				1.15486e+06
O15126;O15126-2	O15126;O15126-2				2.3257e+06
O15197;O15197-3	O15197;O15197-3				3.49037e+07
O15204;O15204-2	O15204;O15204-2				3.49424e+06
O15230	O15230				7.75117e+06
O15232;O15232-2	O15232;O15232-2				8.19626e+06
O15240	O15240				5.4393e+08
O15335	O15335				3.41786e+06
O15354	O15354				3.57016e+07
O15394	O15394;O15394-2				6.65576e+07
O15466;O15466-2	O15466;O15466-2				5.38592e+06
O43147;O43147-2	O43147;O43147-2				3.23736e+06
O43155	O43155				2.76018e+06
O43157	O43157;O43157-2;O43157-3				1.08991e+07
O43173	O43173				7.25323e+06
O43240	O43240				5.02264e+06
O43278;O43278-2	O43278;O43278-2				7.53591e+06
O43291	O43291				2.59224e+07
O43300	O43300				1.52452e+07
O43405;O43405-2	O43405;O43405-2				5.84722e+07
O43493;O43493-3;O43493-5;O43493-7	O43493;O43493-3;O43493-5;O43493-7				6.39585e+07
O43504	O43504				2.27746e+06
O43505	O43505				1.76746e+09
O43508-2	O43508;O43508-2				5.54977e+06
O43529	O43529				2.00849e+07
O43556;O43556-3;O43556-4	O43556;O43556-3;O43556-4				1.80163e+07
O43567	O43567				2.39429e+07
O43581-2;O43581-3;O43581-5	O43581-2;O43581-3;O43581-5				2.46991e+06
O43736;O43736-2	O43736;O43736-2				2.93621e+06
O43827	O43827				9.40013e+06
O43852;O43852-2;O43852-3;O43852-4;O43852-5;O43852-9	O43852;O43852-10;O43852-11;O43852-12;O43852-13;O43852-14;O43852-2;O43852-3;O43852-4;O43852-5;O43852-6;O43852-7;O43852-8;O43852-9				1.92666e+06
O43854;O43854-2	O43854;O43854-2				1.03163e+06
O43866	O43866				5.25885e+06
O43897;O43897-2	O43897;O43897-2				2.21451e+06
O43909	O43909				1.86413e+06
O43916	O43916				9.4664e+06
O60241;O60241-2;O60241-3;O60241-4	O60241;O60241-2;O60241-3;O60241-4				5.32268e+07
O60242	O60242				5.25277e+06
O60243	O60243;O60243-2				6.10569e+06
O60245;O60245-2	O60245;O60245-2				7.73306e+06
O60279	O60279				1.03504e+08
O60291;O60291-2;O60291-3;O60291-4	O60291;O60291-2;O60291-3;O60291-4				1.54257e+06
O60330;O60330-2	O60330;O60330-2				1.50421e+06
O60449;O60449-2;O60449-3	O60449;O60449-2;O60449-3				3.87247e+06
O60462;O60462-2;O60462-3;O60462-4;O60462-5	O60462;O60462-2;O60462-3;O60462-4;O60462-5;O60462-6				3.45007e+07
O60476	O60476				9.4564e+06
O60477	O60477;Q76B58;O60477-3;Q76B58-2				1.58707e+06
O60512	O60512				5.57147e+06
O60565	O60565				374892
O60568	O60568				6.91678e+06
O60609;O60609-2	O60609;O60609-2				336543
O60613	O60613				3.17792e+06
O60704	O60704				528337
O60741	O60741				483358
O60883	O60883				2.43676e+07
O60888-3	O60888;O60888-2;O60888-3				1.18252e+07
O60939	O60939				8.03142e+06
O75051;O75051-2	O75051;O75051-2				3.37927e+06
O75063	O75063				9.82378e+06
O75071	O75071				1.47037e+07
O75077;O75077-2;O75077-3	O75077;O75077-2;O75077-3				5.74258e+07
O75078	O75078;O75078-2				1.85997e+07
O75083	O75083;O75083-3				3.95187e+06
O75084;Q14332	O75084;Q14332				502051
O75093	O75093;O94813;O75093-2;O94813-2;O94813-3				6.12447e+07
O75096	O75096				669308
O75144;O75144-2	O75144;O75144-2;O75144-3				1.25297e+08
O75173;O75173-2	O75173;O75173-2				1.79214e+07
O75223	O75223				687895
O75326	O75326;O75326-2				1.07226e+08
O75347	O75347;O75347-2				2.47807e+07
O75354;O75354-2;O75354-3	O75354;O75354-2;O75354-3				2.40969e+06
O75368	O75368				4.16685e+06
O75467;Q6AW86	O75467;Q6AW86				1.82038e+07
O75487	O75487;O75487-2				8.95514e+06
O75493	O75493				2.97166e+07
O75503	O75503				8.18245e+06
O75509	O75509				1.05809e+08
O75629	O75629				2.80094e+06
O75636;O75636-2	O75636;O75636-2				8.73775e+06
O75711	O75711				2.12824e+08
O75752	O75752				1.05177e+07
O75781;O75781-2	O75781;O75781-2				7.59345e+06
O75787;O75787-2	O75787;O75787-2				8.22181e+07
O75874	O75874				5.76124e+06
O75882-2;O75882-3	O75882;O75882-2;O75882-3				2.82421e+07
O75973	O75973				2.81988e+06
O75976	O75976				4.65949e+06
O76031	O76031				1.11425e+06
O76061	O76061				1.07845e+07
O76070	O76070				5.64644e+06
O94760	O94760;O94760-2				3.71625e+07
O94766	O94766;Q9NPZ5				6.86294e+06
O94769	O94769;O94769-2				2.23893e+07
O94772;O94772-2	O94772;O94772-2				6.4275e+07
O94779;O94779-2	O94779;O94779-2;O94779-4				3.09251e+06
O94856-11	O94856;O94856-10;O94856-11;O94856-12;O94856-13;O94856-3;O94856-4;O94856-5;O94856-6;O94856-7;O94856-8;O94856-9				9.1383e+07
O94856-12;O94856-4;O94856-9	O94856-12;O94856-4;O94856-9				6.97132e+06
O94898	O94898				3.38127e+06
O94910	O94910;O94910-2				1.32653e+07
O94919	O94919				1.34842e+08
O94933	O94933				3.49355e+06
O94973;O94973-2	O94973;O94973-2				727663
O94985	O94985				3.90087e+06
O94985-2	O94985;O94985-2				9.6913e+08
O94991	O94991;O94991-2				1.61131e+07
O95084	O95084;O95084-2				3.1102e+06
O95157	O95157				2.45652e+06
O95158	O95158				6.32065e+07
O95159	O95159				4.20278e+06
O95164	O95164				1.30899e+06
O95185;O95185-2	O95185;O95185-2				7.48468e+06
O95196;O95196-2	O95196;O95196-2				2.54982e+07
O95206;O95206-2	O95206;O95206-2				2.33012e+07
O95297;O95297-2;O95297-3;O95297-4	O95297;O95297-2;O95297-3;O95297-4				2.20593e+06
O95336	O95336				6.33768e+06
O95390	O95390				1.32529e+07
O95428;O95428-5;O95428-6	O95428;O95428-3;O95428-4;O95428-5;O95428-6				1.06269e+07
O95445;O95445-2	O95445;O95445-2				3.15353e+07
O95450;O95450-2	O95450;O95450-2				4.2438e+06
O95467	O95467				4.07754e+06
O95490;O95490-2;O95490-3;O95490-4;O95490-5;O95490-6;O95490-7	O95490;O95490-2;O95490-3;O95490-4;O95490-5;O95490-6;O95490-7				2.50002e+06
O95497	O95497				2.36946e+06
O95502	O95502				3.7835e+08
O95633;O95633-2	O95633;O95633-2				3.56304e+06
O95782;O95782-2	O95782;O95782-2				2.01132e+06
O95841	O95841				122780
O95865	O95865				2.15924e+06
O95881	O95881				544764
O95897	O95897				2.47256e+06
O95967	O95967				2.18865e+07
O95970	O95970;O95970-2				1.81983e+06
O95980	O95980				6.75469e+06
P00325;P00325-2;P00326;P07327	P00325;P00326;P07327;P00325-2				532756
P00338;P00338-3	P00338;P00338-3;P00338-4				3.99129e+07
P00352	O94788;P00352;P05091;P30837;P47895;O94788-2;O94788-3;O94788-4;P05091-2				3.49067e+06
P00390;P00390-2;P00390-3	P00390;P00390-2;P00390-3;P00390-4;P00390-5				7.85594e+06
P00441	P00441				1.59109e+09
P00450	P00450				2.35803e+08
P00488	P00488				6.19814e+06
P00492	P00492				8.28183e+06
P00505	P00505;P00505-2				1.99735e+07
P00533;P00533-3;P00533-4	P00533;P00533-3;P00533-4				3.49418e+06
P00558	P00558;P00558-2				1.69318e+08
P00568	P00568				1.51187e+06
P00734	P00734				6.31483e+07
P00736	P00736				1.63405e+08
P00738	P00738;P00738-2				1.99551e+08
P00739	P00739;P00739-2				4.29057e+08
P00740;P00740-2	P00740;P00740-2				7.24495e+06
P00742	P00742				6.59995e+07
P00746	P00746				5.59224e+08
P00747	P00747				2.83449e+08
P00748	P00748				1.69541e+08
P00751	P00751;P00751-2				2.60155e+08
P00813	P00813				245227
P01008	P01008				5.23037e+08
P01009	P01009;P01009-2;P01009-3				3.69761e+09
P01011	P01011				5.00167e+09
P01019	P01019				1.83414e+09
P01023	P01023;P20742;P20742-2				8.52675e+08
P01024	P01024				2.16088e+09
P01031	P01031				4.05379e+07
P01033	P01033				1.20599e+08
P01034	P01034				8.1485e+09
P01042	P01042;P01042-2;P01042-3				3.14982e+08
P01042-2;P01042-3	P01042-2;P01042-3				6.27078e+07
P01127;P01127-2	P01127;P01127-2				1.47574e+08
P01130;P01130-2;P01130-3;P01130-4;P01130-5;P01130-6	P01130;P01130-2;P01130-3;P01130-4;P01130-5;P01130-6				2.13699e+06
P01178	P01178				7.27848e+06
P01210	P01210				1.47822e+08
P01213	P01213				1.00676e+07
P01236	P01236				1.82312e+06
P01258;P01258-2;P06881	P01258;P06881;P10092;P01258-2				2.42935e+06
P01282;P01282-2	P01282;P01282-2				3.54968e+06
P01303	P01303				1.52839e+07
P01344;P01344-2;P01344-3	P01344;P01344-2;P01344-3				5.76476e+07
P01591	P01591				1.47522e+07
P01593;P01594	P01593;P01594				1.2927e+07
P01597;P04432	P01597;P01611;P04432;A0A0C4DH72;A0A0C4DH73				4.05076e+07
P01599	P01599;A0A0C4DH72				2.53344e+06
P01602	P01602				2.26756e+06
P01619	P01619				3.36239e+08
P01700	P01700				9.25709e+07
P01701	P01701				2.28658e+07
P01703	P01703				4.49255e+06
P01706	P01706				1.57393e+06
P01709	P01706;P01709;P0DOX8				6.0299e+06
P01714	P01714				7.69913e+06
P01717;P01718	P01717;P01718				6.13065e+06
P01721	P01721				1.03295e+07
P01743	P01743				451423
P01768;P0DP02;P0DP03	P01768;P01772;P0DP02;P0DP03				8.88466e+07
P01780	P01780				7.38287e+07
P01814	P01814				5.65589e+06
P01817	P01817				1.13728e+07
P01833	P01833				4.0742e+06
P01834	P01834				4.28689e+07
P01859;P01859-1	P01859;P01859-1				1.05215e+09
P01860;P01860-1	P01860;P01860-1				4.1868e+07
P01861;P01861-1	P01861;P01861-1				2.27032e+08
P01871;P01871-1	P01871;P0DOX6;P01871-1				5.71938e+07
P01876;P01876-1	P01876;P01876-1				1.00189e+09
P01903;P01906	P01903;P01906				319165
P01911	P01911				4.10236e+06
P02144	P02144				2.38899e+06
P02452	P02452				4.94657e+07
P02461	P02461;P02461-2				1.53461e+07
P02511	P02511				2.1395e+06
P02533	P02533;P08727;P08779;P19012;Q04695;P19012-2				1.562e+06
P02538	P02538				1.84685e+06
P02647	P02647				6.00102e+09
P02649	P02649				9.01127e+09
P02652	P02652				1.06079e+09
P02654	P02654				7.74669e+07
P02655	P02655				7.71479e+06
P02656	P02656				2.72923e+07
P02671	P02671;P02671-2				9.52352e+07
P02675	P02675				1.8652e+08
P02679;P02679-2	P02679;P02679-2				1.67886e+08
P02686;P02686-3;P02686-4;P02686-5;P02686-6	P02686;P02686-3;P02686-4;P02686-5;P02686-6				1.29233e+06
P02741	P02741				2.0182e+06
P02743	P02743				1.43039e+07
P02745	P02745				1.89638e+08
P02746	P02746				5.0202e+08
P02747	P02747				5.22963e+08
P02748	P02748				5.67028e+07
P02749	P02749				6.58075e+07
P02750	P02750				2.6316e+08
P02751;P02751-1	P02751;P02751-1;P02751-10;P02751-11;P02751-12;P02751-13;P02751-14;P02751-16;P02751-17;P02751-2;P02751-3;P02751-4;P02751-5;P02751-6;P02751-7;P02751-8;P02751-9				8.66428e+08
P02753	P02753				2.02239e+08
P02760	P02760				8.94429e+07
P02763	P02763				3.16875e+09
P02765	P02765				6.49464e+08
P02766	P02766				8.39592e+09
P02768	P02768				2.78427e+10
P02774;P02774-3	P02774;P02774-2;P02774-3				1.21244e+09
P02786	P02786				4.15235e+06
P02787	P02787				1.04203e+10
P02788;P02788-2	P02788;P02788-2				3.71909e+07
P02790	P02790				3.7342e+09
P02792	P02792				1.44999e+07
P02794	P02794				1.58897e+07
P02810	P02810				1.28328e+06
P03950	P03950				5.73555e+06
P03951;P03951-2	P03951;P03951-2				6.94903e+06
P03952	P03952				2.81034e+07
P04003	P04003				2.37945e+06
P04004	P04004				7.307e+08
P04040	P04040				1.88595e+06
P04062;P04062-2;P04062-4;P04062-5	P04062;P04062-2;P04062-4;P04062-5				1.05375e+07
P04066	P04066				1.08645e+07
P04070;P04070-2	P04070;P04070-2				7.22397e+06
P04075	P04075;P04075-2				1.88595e+08
P04080	P04080				9.3259e+06
P04083	P04083				6040.34
P04085;P04085-2	P04085;P04085-2				2.34832e+07
P04114	P04114				1.43192e+08
P04156	P04156				1.65576e+09
P04179	P04179;P04179-2;P04179-3;P04179-4				2.70805e+07
P04180	P04180				7.3487e+07
P04196	P04196				1.12706e+08
P04216	P04216				1.05606e+09
P04217	P04217;P04217-2				5.68941e+08
P04217-2	P04217-2				1.74872e+06
P04264	P04259;P04264				5.62603e+07
P04271	P04271				6.69334e+06
P04275	P04275				2.15856e+07
P04278	P04278;P04278-5				9.39685e+06
P04350;P07437;P68371	P04350;P07437;P68371				752416
P04406	P04406;P04406-2				7.95936e+07
P04430	P04430				1.03392e+06
P04439-2	P04439-2				2.06722e+06
P04632	P04632				1.12667e+06
P04746-2	P04746;P04746-2				538224
P04792	P04792				3.50038e+06
P04899;P04899-4;P08754;P09471;P09471-2;P63096	P04899;P08754;P09471;P63096;P04899-2;P04899-3;P04899-4;P04899-5;P04899-6;P09471-2;P63096-2				2.01988e+06
P04908;P0C0S5;P0C0S8;P16104;P20671;Q16777;Q6FI13;Q71UI9;Q71UI9-2;Q7L7L0;Q93077;Q96KK5;Q96QV6;Q99878;Q9BTM1;Q9BTM1-2	P04908;P0C0S5;P0C0S8;P16104;P20671;Q16777;Q6FI13;Q71UI9;Q7L7L0;Q8IUE6;Q93077;Q96KK5;Q96QV6;Q99878;Q9BTM1;Q71UI9-2;Q71UI9-5;Q9BTM1-2				3.90384e+06
P05023;P05023-2;P05023-4	P05023;P05023-2;P05023-4				3.77907e+06
P05026;P05026-2	P05026;P05026-2				4.49468e+06
P05060	P05060				7.51301e+08
P05067;P05067-11;P05067-8	P05067;P05067-4;P05067-10;P05067-11;P05067-3;P05067-5;P05067-6;P05067-7;P05067-8;P05067-9				2.82974e+09
P05090	P05090				4.49565e+09
P05107	P05107				1.6047e+07
P05109	P05109				409456
P05121	P05121				3.41894e+06
P05154	P05154				3.72277e+07
P05155;P05155-3	P05155;P05155-2;P05155-3				1.47912e+09
P05156	P05156				3.12703e+07
P05160	P05160				2.29914e+06
P05362	P05362				3.71476e+06
P05408;P05408-2	P05408;P05408-2				1.05564e+09
P05413	P05413				3.43187e+07
P05452	P05452				2.73423e+08
P05543	P05543				7.82904e+07
P05546	P05546				1.63178e+08
P05556;P05556-2;P05556-3;P05556-4;P05556-5	P05556;P05556-2;P05556-5;P05556-3;P05556-4				2.26098e+06
P05937	P05937;P05937-2				2.09712e+07
P05997	P05997				4.51911e+06
P06276	P06276				1.67203e+07
P06307	P06307				5.29199e+07
P06310	P06310				6.06269e+07
P06312	P06312				2.6735e+08
P06331	P01824;P01825;P06331;A0A0C4DH41;P0DP06;P0DP08				9.71396e+06
P06396	P06396;P06396-2;P06396-3;P06396-4				1.17085e+09
P06396-2	P06396-2				7.5433e+07
P06681	P06681;P06681-2;P06681-3				7.05892e+07
P06702	P06702				348294
P06703	P06703				8.83918e+06
P06727	P06727				5.74155e+08
P06733	P06733;P06733-2				2.58037e+07
P06744;P06744-2	P06744;P06744-2				9.82598e+06
P06865	P06865				4.04242e+07
P07093-2;P07093-3	P07093;P07093-2;P07093-3				2.13614e+07
P07108;P07108-2;P07108-3;P07108-4;P07108-5	P07108;P07108-2;P07108-3;P07108-4;P07108-5;P07108-6				2.46858e+07
P07195	P00338;P07195;P07864;Q6ZMR3;P00338-3;P00338-2;P00338-4;P00338-5				6.28158e+07
P07225	P07225				1.23481e+08
P07237	P07237				1.02961e+07
P07307;P07307-2;P07307-3	P07307;P07307-3;P07307-2				1.38474e+06
P07311	P07311				1.74495e+06
P07333	P07333;P07333-2				1.00565e+08
P07339	P07339				4.74918e+08
P07355;P07355-2	A6NMY6;P07355;P07355-2				2.26195e+06
P07357	P07357				3.03146e+07
P07358	P07358				4.69543e+07
P07359	P07359				2.17724e+06
P07360	P07360				2.19244e+07
P07451	P07451				120238
P07492	P07492;P07492-2;P07492-3				5.20051e+06
P07492-2	P07492-2				520277
P07585	P07585				6.04815e+07
P07602;P07602-2;P07602-3	P07602;P07602-2;P07602-3				5.28867e+08
P07686	P07686				1.55323e+07
P07711	P07711;P07711-3				3.80569e+07
P07737	P07737				6.65977e+06
P07858	P07858				1.19677e+08
P07900;P07900-2	P07900;P07900-2				2.37832e+06
P07942	P07942				1.18964e+07
P07988	P07988				511142
P07996	P07996;P07996-2				6.60651e+06
P07998	P07998				1.75929e+07
P08123	P08123				1.00667e+08
P08133;P08133-2	P08133;P08133-2				566898
P08134;P61586	P08134;P61586				30679.7
P08174;P08174-2;P08174-3;P08174-4;P08174-5;P08174-6;P08174-7	P08174;P08174-2;P08174-3;P08174-4;P08174-5;P08174-6;P08174-7				2.174e+07
P08185	P08185				1.94059e+08
P08195;P08195-2;P08195-3;P08195-4;P08195-5	P08195;P08195-4;P08195-2;P08195-3;P08195-5				3.46212e+07
P08236;P08236-3	P08236;P08236-3				934452
P08238	P07900;P08238;P07900-2				1.97603e+06
P08253	P08253;P08253-2;P08253-3				8.45429e+07
P08254;P09238	P08254;P09238				1.09625e+06
P08294	P08294				4.88665e+08
P08476	P08476				1.19692e+06
P08493-2	P08493;P08493-2				1.60512e+08
P08571	P08571				9.07818e+08
P08572	P08572				5.3197e+06
P08581;P08581-2	P08581;P08581-2;P08581-3				6.50174e+06
P08582	P08582;P08582-2				4.63022e+06
P08603	P08603				3.20536e+08
P08637	P08637				3.36052e+07
P08670	P08670;P17661				4.24177e+06
P08697	P08697;P08697-2				3.96016e+08
P08709;P08709-2	P08709;P08709-2				1.63669e+06
P08758	P08758				6.63296e+06
P09104	P09104;P09104-2				3.0897e+07
P09211	P09211				3.86567e+07
P09382	P09382				2.19823e+07
P09417;P09417-2	P09417;P09417-2				2.89964e+07
P09455;P09455-2;P09455-3	P09455;P09455-2;P09455-3				1.73203e+06
P09486	P09486				2.52383e+08
P09493-6;P09493-7;P09493-8	P09493;P09493-10;P09493-5;P09493-2;P09493-3;P09493-4;P09493-6;P09493-7;P09493-8;P09493-9				506442
P09529	P09529				3.13533e+06
P09603	P09603				1.38012e+08
P09619	P09619				9.43637e+06
P09622	P09622;P09622-2				1.63344e+07
P09668	P09668				9.00318e+07
P09871	P09871				2.30079e+08
P09936	P09936				2.24186e+07
P09958	P09958				2.02193e+06
P09960;P09960-4	P09960;P09960-2;P09960-3;P09960-4				2.02298e+06
P09972	P09972				4.02766e+07
P0C0L4;P0C0L4-2	P0C0L4;P0C0L4-2				2.09028e+08
P0C0L5	P0C0L4;P0C0L5;P0C0L4-2				1.00721e+09
P0C6S8	P0C6S8				5.7924e+06
P0CG47;P0CG48	P0CG47;P0CG48;P62979;P62987				4.02677e+08
P0DJI8	P0DJI8				2.79967e+06
P0DMQ5	P0DMQ5				5.13037e+07
P0DMV8;P0DMV8-2;P0DMV9	P0DMV8;P0DMV9;P0DMV8-2				6.05471e+06
P0DOX2	P01876;P01877;P01876-1;P01877-1;P0DOX2				2.42148e+08
P0DOX3	P0DOX3				1.74559e+07
P0DOX5	P0DOX5				2.7412e+09
P0DOX7	P01834;P0DOX7				2.06904e+08
P0DOY3	P0DOY2;P0DOY3				6.39451e+08
P0DP23;P0DP24;P0DP25	P0DP23;P0DP24;P0DP25;P27482				7.30536e+06
P0DP58	P0DP58				3.52441e+08
P0DTE1	P0DTE1				2.47349e+06
P10114	P10114				567209
P10124	P10124				7.76447e+06
P10153	P10153				5.50556e+07
P10253	P10253				8.88916e+06
P10321	P10321;P10321-2				5.11755e+06
P10451-3	P10451-3				6.17954e+07
P10451-5	P10451;P10451-4;P10451-5				9.26163e+08
P10451;P10451-4	P10451;P10451-4				4.40308e+06
P10586;P10586-2	P10586;P23468;P10586-2;P23468-3;P23468-4;P23468-5;P23468-6;P23468-7				5.00055e+07
P10599	P10599;P10599-2				2.45286e+07
P10619;P10619-2	P10619;P10619-2				2.14886e+06
P10636;P10636-2;P10636-4;P10636-5;P10636-6;P10636-7;P10636-8;P10636-9	P10636;P10636-8;P10636-6;P10636-2;P10636-3;P10636-4;P10636-5;P10636-7;P10636-9				3.29399e+06
P10643	P10643				1.16242e+08
P10644;P10644-2	P10644;P10644-2				2.59181e+06
P10645	P10645				1.95704e+09
P10721;P10721-2	P10721;P10721-2				1.70494e+07
P10745	P10745				5.03561e+06
P10768	P10768				6.30581e+06
P10909-6	P10909;P10909-4;P10909-6;P10909-2;P10909-3;P10909-5				3.76313e+09
P10915	P10915				1.7134e+06
P11021	P11021				1.87251e+07
P11047	P11047				1.41388e+07
P11117	P11117				5.63612e+06
P11137;P11137-3	P11137;P11137-3				221501
P11142	P11142				3.45721e+07
P11215;P11215-2	P11215;P11215-2				1.58911e+06
P11279	P11279;P11279-2				2.27902e+07
P11362-21;P11362-7	P11362;P11362-10;P11362-11;P11362-12;P11362-13;P11362-14;P11362-16;P11362-18;P11362-19;P11362-2;P11362-20;P11362-21;P11362-3;P11362-4;P11362-5;P11362-6;P11362-7;P11362-8;P11362-9				4.62588e+07
P11464-4	P11464-4				4.81273e+06
P11597	P11597;P11597-2				1.53902e+06
P11717	P11717				7.89695e+06
P12107;P12107-2;P12107-3;P12107-4	P12107;P12107-2;P12107-3;P12107-4				1.76564e+06
P12109	P12109				1.96991e+08
P12110	P12110;P12110-2;P12110-3				1.02808e+07
P12111	P12111;P12111-2;P12111-4				3.94997e+07
P12111-4	P12111-4				1.48981e+06
P12259	P12259				3.65365e+07
P12272;P12272-2;P12272-3	P12272;P12272-2;P12272-3				2.95312e+06
P12277	P12277				2.72766e+06
P12314;Q92637;Q92637-3	P12314;Q92637;Q92637-3				1.17698e+07
P12318;P12318-2	P12318;P31994;P31995;P12318-2;P31994-2;P31994-3;P31994-4;P31994-5;P31995-2;P31995-3;P31995-4				3.33962e+07
P12532	P12532;P12532-2				564077
P12724	P12724				545602
P12821;P12821-2	P12821;P12821-2				2.76596e+06
P12830;P12830-2	P12830;P12830-2				3.49697e+06
P12955;P12955-2	P12955;P12955-2;P12955-3				4.38073e+06
P13284	P13284				4.09555e+06
P13473;P13473-2;P13473-3	P13473;P13473-2;P13473-3				3.79204e+08
P13489	P13489				2.36326e+06
P13497;P13497-2;P13497-3;P13497-4;P13497-5;P13497-6	P13497;P13497-2;P13497-3;P13497-4;P13497-5;P13497-6				4.28502e+06
P13521	P13521				2.40568e+08
P13591	P13591;P13591-1;P13591-3;P13591-4;P13591-5;P13591-6				5.09886e+08
P13591-3	P13591-1;P13591-3;P13591-4				2.07065e+08
P13598	P13598				1.1123e+07
P13611;P13611-5	P13611;P13611-2;P13611-3;P13611-4;P13611-5				7.50599e+07
P13637;P13637-2;P13637-3	P13637;P13637-2;P13637-3				1.00845e+07
P13645	P13645				1.25287e+07
P13647	P13647				2.75944e+06
P13667	P13667				4.07687e+06
P13671	P13671				6.73814e+07
P13693	P13693;P13693-2;Q56UQ5				3.74768e+06
P13796	P13796;P13796-2				5.12708e+06
P13797;P13797-2;P13797-3	P13797;P13797-2;P13797-3				1.07902e+06
P13987;P13987-2	P13987;P13987-2				2.29765e+08
P14138;P14138-2;P14138-3	P14138;P14138-2;P14138-3				6.31269e+06
P14151;P14151-2	P14151;P14151-2				6.79714e+06
P14174	P14174				4.54767e+07
P14207	P14207				323963
P14314-2	P14314;P14314-2				2.89562e+07
P14324;P14324-2	P14324;P14324-2				741696
P14384	P14384				4.61435e+06
P14415	P14415				8.6046e+06
P14543	P14543;P14543-2				2.8345e+07
P14550	P14550				1.09496e+06
P14618-2	P14618;P14618-2;P14618-3				2.4799e+08
P14618;P14618-3	P14618;P14618-3				1.37734e+06
P14621	P14621				1.26428e+07
P14625	P14625				1.33872e+07
P14778	P14778				152661
P15086	P15085;P15086				3.79636e+06
P15090	P15090				4.96984e+06
P15121	P15121				5.04495e+06
P15144	P15144				4.57746e+06
P15151;P15151-2;P15151-3;P15151-4	P15151;P15151-2;P15151-3;P15151-4				8.77955e+06
P15169	P15169				6.9306e+06
P15289;P15289-2	P15289;P15289-2				5.5034e+06
P15291;P15291-2	P15291;P15291-2				2.12105e+07
P15502-1;P15502-2;P15502-4;P15502-5	P15502-1;P15502-2;P15502-4;P15502-5				6.43723e+06
P15509;P15509-2;P15509-3;P15509-5;P15509-7	P15509;P15509-3;P15509-2;P15509-5;P15509-7;P15509-8				7.49004e+06
P15531;P15531-2	P15531;P15531-2				1.79988e+06
P15586	P15586;P15586-2				1.03681e+07
P15848;P15848-2	P15848;P15848-2				519566
P16035	P16035				1.35172e+08
P16070;P16070-10;P16070-11;P16070-12;P16070-13;P16070-14;P16070-15;P16070-16;P16070-17;P16070-18;P16070-3;P16070-4;P16070-5;P16070-6;P16070-7;P16070-8;P16070-9	P16070;P16070-10;P16070-11;P16070-12;P16070-13;P16070-14;P16070-15;P16070-16;P16070-17;P16070-18;P16070-3;P16070-4;P16070-5;P16070-6;P16070-7;P16070-8;P16070-9				2.80317e+08
P16083	P16083				7.37605e+06
P16112;P16112-2	P16112;P16112-2;P16112-3				8.30534e+06
P16152	P16152				1.08943e+07
P16234;P16234-3	P16234;P16234-2;P16234-3				4.11032e+06
P16278;P16278-3	P16278;P16278-2;P16278-3				2.88495e+06
P16298;P16298-2;P16298-3;P16298-4;Q08209;Q08209-2;Q08209-3;Q08209-5	P16298;Q08209;Q08209-2;P16298-2;P16298-3;P16298-4;Q08209-3;Q08209-5				2.67747e+06
P16519;P16519-3	P16519;P16519-2;P16519-3				1.43204e+07
P16870;P16870-2	P16870;P16870-2				1.92768e+08
P16930	P16930				2.57487e+06
P16949;P16949-2	P16949;P16949-2				1.25973e+07
P17050	P17050				2.03723e+06
P17066	P17066;P48741				2.50238e+07
P17174	P17174;P17174-2				1.15864e+08
P17302	P17302				3.36817e+06
P17405;P17405-2;P17405-3;P17405-4	P17405;P17405-2;P17405-3;P17405-4				1.75221e+06
P17600;P17600-2	P17600;P17600-2				2.78772e+06
P17677;P17677-2	P17677;P17677-2				7.25204e+06
P17813;P17813-2	P17813;P17813-2				7.67569e+06
P17900	P17900				2.18187e+08
P17931	P17931				6.86335e+06
P17936;P17936-2	P17936;P17936-2				1.57689e+07
P18065	P18065				1.70688e+08
P18075	P18075				601539
P18206;P18206-2	P18206;P18206-2				1.60869e+07
P18428	P18428				2.41475e+06
P18509	P18509				4.63399e+06
P18669	P15259;P18669				2.80744e+07
P18850	P18850				1.09605e+06
P19021;P19021-5;P19021-6	P19021;P19021-3;P19021-4;P19021-2;P19021-5;P19021-6				2.52365e+08
P19022	P19022;P19022-2				2.43347e+08
P19256;P19256-2;P19256-3	P19256;P19256-2;P19256-3				3.82839e+06
P19320	P19320;P19320-2;P19320-3				2.92514e+07
P19367;P19367-2;P19367-3;P19367-4	P19367;P52789;P19367-2;P19367-3;P19367-4				3.90777e+06
P19652	P19652				1.2253e+09
P19823	P19823				1.21727e+08
P19827	P19827;P19827-2				5.41449e+07
P19835	P19835				1.4757e+06
P19961	P04746;P0DTE7;P0DTE8;P0DUB6;P19961;P19961-2;P04746-2				1.74178e+06
P20036	P20036				69668.2
P20062	P20062				3.73703e+07
P20138;P20138-2	P20138;P20138-2				6.76539e+06
P20340;P20340-2;Q9NRW1	P20340;Q9NRW1;P20340-2;P20340-3				590750
P20366;P20366-2	P20366;P20366-2;P20366-3;P20366-4				1.04836e+08
P20382	P20382				3.10877e+06
P20472	P20472				4.08572e+07
P20618	P20618				2.28488e+06
P20742	P20742;P20742-2				5.77248e+06
P20774	P20774				2.74612e+08
P20827	P20827;P20827-2				2.53679e+07
P20908;P20908-2	P20908;P20908-2				1.58088e+06
P20916;P20916-2;P20916-3	P20916;P20916-2;P20916-3				1.04884e+07
P20930	P20930				95009.8
P20933	P20933				5.71963e+07
P21246	P21246				7.18665e+06
P21266	P21266				533382
P21333;P21333-2	P21333;P21333-2				7.84719e+06
P21554	P21554				3.6543e+06
P21579	P21579				4.99969e+06
P21583;P21583-2;P21583-3	P21583;P21583-2;P21583-3				3.68112e+06
P21802;P21802-16;P21802-2;P21802-5;P21802-6;P21802-8	P21802;P21802-3;P21802-14;P21802-15;P21802-16;P21802-17;P21802-18;P21802-19;P21802-2;P21802-23;P21802-5;P21802-6;P21802-8				2.4353e+07
P21810	P21810				1.91513e+07
P21860;P21860-4	P21860;P21860-4				5.87748e+06
P21926	P21926				3.32157e+06
P21980	P21980				143011
P22004	P22004				5.69376e+06
P22061;P22061-2	P22061;P22061-2				4.05246e+07
P22105;P22105-1;P22105-4	P22105;P22105-1;P22105-4				1.75268e+07
P22303	P22303;P22303-2;P22303-3;P22303-4				4.3991e+06
P22304	P22304				7.32516e+07
P22352	P22352				1.16281e+08
P22392-2	P15531;P22392;O60361;P22392-2;P15531-2				3.33327e+07
P22607;P22607-2;P22607-3;P22607-4	P22455;P22607;P22455-2;P22607-2;P22607-3;P22607-4				8.79254e+07
P22676	P22676				1.36277e+07
P22692;P22692-2	P22692;P22692-2				1.52618e+08
P22748	P22748				2.10494e+07
P22792	P22792				1.16512e+07
P22794;P22794-2	P22794;P22794-2				1.23482e+07
P22891;P22891-2	P22891;P22891-2				1.36452e+06
P22897	P22897				1.14139e+07
P23083	P23083				4.22495e+06
P23142	P23142				3.03788e+08
P23142-4	P23142-4				4.98465e+08
P23284	P23284				4.64789e+07
P23381;P23381-2	P23381;P23381-2				837734
P23435	P23435				6.75711e+07
P23468-2	P23468;P23468-2;P23468-3;P23468-4;P23468-5;P23468-6;P23468-7				5.83723e+07
P23468-7	P23468-4;P23468-5;P23468-6;P23468-7				6.10979e+06
P23470;P23470-2	P23470;P23470-2				2.60477e+07
P23471;P23471-2	P23471;P23471-2;P23471-3				8.72334e+07
P23515	P23515				2.67619e+08
P23526;P23526-2	P23526;P23526-2				813521
P23528	P23528				9.23854e+06
P23560;P23560-2;P23560-3;P23560-4;P23560-5	P23560;P23560-2;P23560-3;P23560-4;P23560-5				1.29112e+07
P23582	P23582				7.9601e+07
P23588;P23588-2	P23588;P23588-2				415519
P24043	P24043				1.49416e+07
P24347	P24347				7.63958e+06
P24387	P24387				722763
P24592	P24592				3.57205e+08
P24593	P24593				6.18718e+07
P24666;P24666-2;P24666-3;P24666-4	P24666;P24666-2;P24666-3;P24666-4				5.38021e+06
P24821;P24821-4	P24821;P24821-2;P24821-3;P24821-4;P24821-5;P24821-6				3.99113e+06
P25189;P25189-2	P25189;P25189-2				6.3222e+06
P25311	P25311				1.55969e+08
P25391	P25391				2.11101e+06
P25713	P25713				2.01579e+07
P25774;P25774-2	P25774;P25774-2				9.07682e+06
P25786;P25786-2	P25786;P25786-2				1.30567e+06
P25788;P25788-2	P25788;P25788-2				580734
P25789	P25789				1.99445e+06
P26038	P26038				8.79064e+06
P26447	P26447				1.0142e+06
P26572	P26572				1.2742e+07
P26641;P26641-2	P26641;P26641-2				1.79019e+06
P26927	P26927;Q2TV78;Q2TV78-2				3.54062e+06
P26992	P26992				7.6019e+07
P27169	P27169				3.29615e+07
P27348	P27348				1.34715e+06
P27658	P27658				1.87526e+06
P27797	P27797				1.00417e+08
P27824;P27824-2	P27824;P27824-2;P27824-3				1.51749e+07
P28066	P28066				1.07182e+06
P28074;P28074-2	P28074;P28074-2				1.03465e+06
P28161;P28161-2	P28161;P28161-2				4.45956e+07
P28482	P28482				1.57047e+06
P28799;P28799-2;P28799-3	P28799;P28799-2;P28799-3				1.61285e+06
P28827;P28827-2	P28827;P28827-2				4.10236e+06
P28838;P28838-2	P28838;P28838-2				431375
P29120;P29120-2	P29120;P29120-2				4.26308e+07
P29218;P29218-3	P29218;P29218-3;P29218-2				1.99079e+07
P29279;P29279-2	P29279;P29279-2				1.48708e+06
P29323;P29323-2;P29323-3	P29323;P29323-3;P29323-2				1.66804e+07
P29401;P29401-2	P29401;P29401-2				9.29673e+06
P29622	P29622				4.58134e+07
P29762	P29762				2.35609e+06
P29966	P29966				1.29336e+07
P30041	P30041				6.0667e+06
P30044;P30044-2	P30044;P30044-2;P30044-3				1.29442e+07
P30047;P30047-2	P30047;P30047-2				1.10387e+06
P30048;P30048-2	P30048;P30048-2				3.67998e+06
P30086	P30086				7.03687e+07
P30101	P30101				1.60366e+07
P30530;P30530-2	P30530;P30530-2				5.29892e+07
P30533	P30533				468435
P30711	P30711				890593
P30740	P30740				3.66751e+06
P30990	P30990				2.21168e+06
P31146	P31146				880884
P31150	P31150				2.14559e+07
P31153	P31153				2.04907e+06
P31321	P31321				9.07777e+06
P31431;P31431-2	P31431;P31431-2				511246
P31937	P31937				889210
P31944	P31944				51438.3
P31946;P31946-2	P31946;P31946-2				4.21927e+06
P31948;P31948-2;P31948-3	P31948;P31948-2;P31948-3				837008
P31949	P31949				5.0281e+06
P32004;P32004-2;P32004-3	P32004;P32004-2;P32004-3				3.22571e+07
P32119	P32119				1.59889e+07
P32926	P32926				2.36611e+06
P33151	P33151;P33151-2				1.07388e+07
P33908	P33908				1.23515e+08
P34059	P34059				9.9365e+06
P34096	P34096				1.27831e+07
P34741	P34741				2.91745e+06
P34949;P34949-2	P34949;P34949-2				2.32154e+06
P35030;P35030-2;P35030-3;P35030-4;P35030-5	P35030;P35030-2;P35030-3;P35030-4;P35030-5				6.20973e+06
P35052	P35052				3.29571e+07
P35080	P35080				3.17151e+06
P35237	P35237;P50452;P50452-2				3.73584e+06
P35318	P35318				1.61401e+07
P35442	P35442				9.20551e+06
P35443	P35443				2.08849e+07
P35475;P35475-2	P35475;P35475-2				190552
P35527	P35527				1.02778e+07
P35542	P35542				8.52603e+07
P35555	P35555				1.3407e+07
P35590	P35590				9.20749e+06
P35613;P35613-2	P35613;P35613-2;P35613-3;P35613-4				2.22998e+07
P35625	P35625				685785
P35749;P35749-2;P35749-3;P35749-4	P35749;P35749-2;P35749-3;P35749-4				1.53131e+06
P35754	P35754				7.88717e+06
P35858;P35858-2	P35858;P35858-2				1.64955e+07
P35908	P35908				1.39231e+07
P35968;P35968-2;P35968-3	P35968;P35968-2;P35968-3				1.83646e+06
P36222	P36222				6.2029e+08
P36871	P36871;P36871-2				8.55107e+06
P36888;P36888-2	P36888;P36888-2				777941
P36955	P36955				1.55531e+09
P36957	P36957;P36957-2				2.17841e+08
P36980	P36980				4.64817e+07
P37173;P37173-2	P37173;P37173-2				6.3224e+06
P37235;P61601;P84074	P37235;P61601;P84074				885785
P37802;P37802-2	P37802;P37802-2				2.28684e+06
P37837;P37837-2	P37837;P37837-2				1.05388e+07
P38571;P38571-2	P38571;P38571-2				1.32449e+07
P39059	P39059				1.56546e+07
P39060;P39060-1;P39060-2	P39060;P39060-1;P39060-2				1.09765e+08
P39748;P39748-2	P39748;P39748-2				2.65665e+06
P40121;P40121-2	P40121;P40121-2				1.12771e+06
P40189	P40189;P40189-3				2.87505e+07
P40925;P40925-3	P40925;P40925-2;P40925-3				4.64415e+07
P40926	P40926;P40926-2				6.161e+06
P40967;P40967-2;P40967-4;P40967-5	P40967;P40967-2;P40967-4;P40967-5				1.91284e+06
P41217;P41217-2;P41217-3	P41217;P41217-2;P41217-3				5.34414e+06
P41222	P41222				2.30283e+10
P41271;P41271-2	P41271;P41271-2				2.44824e+08
P42262;P42262-2;P42262-3	P42262;P42262-2;P42262-3;P42262-4				4.97052e+06
P42658;P42658-2	P42658;P42658-2				1.03465e+08
P42785	P42785;P42785-2				2.66789e+07
P42857;P42857-2	P42857;P42857-2				5.56177e+06
P43004;P43004-2;P43004-3	P43004;P43004-2;P43004-3				2.26612e+06
P43121	P43121;P43121-2				6.58928e+07
P43146	P43146				6.99199e+07
P43234	P43234				1.41543e+07
P43251;P43251-2;P43251-3;P43251-4	P43251;P43251-2;P43251-3;P43251-4				2.6672e+08
P43652	P43652				3.59649e+08
P45877	P45877				5.16639e+06
P46108;P46108-2	P46108;P46108-2				1.18737e+06
P46459	P46459				5.88645e+06
P46926;P46926-2	P46926;P46926-2				623275
P47929	P47929				7.77994e+06
P47972	P47972				5.55203e+07
P48058;P48058-2	P48058;P48058-2				7.56148e+07
P48061;P48061-2;P48061-3;P48061-4;P48061-5;P48061-6	P48061;P48061-2;P48061-3;P48061-4;P48061-5;P48061-6				1.3516e+07
P48066;P48066-2	P48066;P48066-2				635562
P48147	P48147				2.65153e+06
P48163	P48163				2.51373e+06
P48551;P48551-2;P48551-3	P48551;P48551-2;P48551-3				1.20158e+06
P48634;P48634-2;P48634-3;P48634-4	P48634;P48634-2;P48634-3;P48634-4				1.05923e+07
P48637	P48637;P48637-2				1.81327e+07
P48723	P48723				6.60317e+06
P48740-2;P48740-4	P48740-2;P48740-4				1.37008e+07
P48740-3	P48740;P48740-2;P48740-3;P48740-4				1.22651e+07
P48745	P48745				4.23193e+06
P49184	P49184				2.80373e+06
P49257	P49257				1.65803e+07
P49418;P49418-2	P49418;P49418-2				5.91167e+06
P49588;P49588-2	P49588;P49588-2				329556
P49641	P49641;P49641-1;P49641-2				5.56531e+07
P49720	P49720				97774.4
P49747;P49747-2	P49747;P49747-2				1.03317e+07
P49767	P49767				723267
P49862;P49862-2	P49862;P49862-2				1.49585e+06
P49908	P49908				4.0686e+07
P50238	P50238				9.13647e+06
P50281	P50281				4.37609e+06
P50395;P50395-2	P50395;P50395-2				3.29093e+06
P50502	P50502;Q8IZP2				4.31558e+06
P50750-2	P50750-2				5.33413e+06
P50895	P50895				9.94605e+06
P50897	P50897;P50897-2				1.3688e+07
P50993	P05023;P13637;P20648;P50993;P05023-2;P05023-3;P05023-4;P13637-2;P13637-3				4.38266e+06
P51153;P59190;P59190-2;P61006;P61006-2;P61026;P62820;P62820-2;P62820-3;Q92928;Q92930;Q9H0U4	P51153;P59190;P61006;P61026;P62820;Q92930;Q9H0U4;Q92928;P61006-2;P62820-2;P62820-3;P59190-2				1.89532e+06
P51674;P51674-2;P51674-3	P51674;P51674-2;P51674-3				4.7416e+06
P51688	P51688				863681
P51693	P51693;P51693-2				2.20158e+09
P51693-2	P51693-2				1.57087e+07
P51805	P51805				588706
P51884	P51884				1.63386e+08
P51888	P51888				4.43581e+07
P52565;P52565-2	P52565;P52565-2				709450
P52566	P52566				1.75597e+06
P52758	P52758				3.26559e+06
P52797	P52797;P52797-2				5.63615e+06
P52799	P52799				1.60758e+07
P52803	P52803				2.69152e+07
P52823;P52823-2	P52823;P52823-2				157519
P52848	P52848				3.30726e+06
P52895;Q04828	P42330;P52895;Q04828;P42330-2				503856
P52943;P52943-2	P52943;P52943-2				1.23884e+06
P53004	P53004				1.7207e+06
P53041	P53041				5.81066e+06
P53634	P53634				3.40429e+09
P54253	P54253				3.71264e+08
P54289-2;P54289-3	P54289;P54289-2;P54289-3;P54289-4;P54289-5				1.02846e+08
P54578;P54578-2;P54578-3	P54578;P54578-2;P54578-3				267122
P54652	P54652				1.616e+06
P54709;P54709-2	P54709;P54709-2				1.39398e+06
P54727	P54725;P54727;P54725-2;P54725-3				4.43891e+06
P54764	P54764;P54764-2				1.45894e+08
P54802	P54802				1.02376e+07
P54803;P54803-4;P54803-5	P54803;P54803-3;P54803-4;P54803-5				3.70477e+06
P54826	P54826				3.28759e+06
P55058	P55058;P55058-2;P55058-3;P55058-4				6.79976e+08
P55083;P55083-2	P55083;P55083-2				5.66442e+07
P55087;P55087-2	P55087;P55087-2				1.37409e+07
P55107	P55107				2.26919e+06
P55145	P55145				392584
P55268	P55268				9.16792e+06
P55283	P55283;P55283-2				3.64971e+07
P55285;P55285-2	P55285;P55285-2				1.47555e+07
P55286	P55286				1.87104e+07
P55287;P55287-2	P55287;P55287-2				1.51023e+07
P55289;P55289-2	P55289;P55289-2				4.27804e+06
P55290;P55290-4	P55290;P55290-2;P55290-3;P55290-4;P55290-5				7.99954e+08
P55291	P55291				1.24802e+07
P55774	P55774				380736
P55786	P55786;P55786-2				2.90645e+07
P55899	P55899				299777
P55957;P55957-2	P55957;P55957-2				1.22398e+06
P56159;P56159-2	P56159;P56159-2				1.59486e+07
P56817;P56817-2	P56817;P56817-2;P56817-3;P56817-4;P56817-5;P56817-6				4.0928e+06
P57087;P57087-2;P57087-3	P57087;P57087-2;P57087-3				7.38909e+06
P58215	P58215;P58215-2;P58215-3				1.63177e+06
P58400	P58400;P58400-1				1.14303e+07
P58401	P58401				7.54477e+06
P58417	O95156;P58417				1.19614e+08
P60174;P60174-3	P60174;P60174-3;P60174-4				4.34188e+07
P60520	O95166;P60520;Q9H0R8;Q9H0R8-2				2.79098e+06
P60660;P60660-2	P60660;P60660-2				1.07066e+06
P60709;P63261	P60709;P63261				1.31485e+08
P60981;P60981-2	P60981;P60981-2				907866
P60983	P60983				4.63471e+06
P61018;P61018-2	P20338;P61018;P61018-2				3.98963e+06
P61088	P61088				2.52444e+06
P61106	P61106				1.94759e+06
P61158;Q9P1U1;Q9P1U1-2	P61158;Q9P1U1;Q9C0K3;Q9P1U1-2;Q9P1U1-3				2.14916e+06
P61204;P61204-2;P84077;P84085	P18085;P61204;P84077;P84085;P61204-2				1.29714e+06
P61278	P61278				1.05475e+08
P61604	P61604				6.23947e+06
P61626	P61626				7.52152e+07
P61769	P61769				4.7995e+09
P61916	P61916;P61916-2				2.38293e+08
P61970	P61970				2.13489e+07
P61981	P61981				4.99224e+07
P62258	P62258;P62258-2				2.3339e+07
P62328	P62328;P63313				3.20732e+07
P62736;P63267	P62736;P63267;P68032;P68133				3.79235e+06
P62873;P62873-2;P62879	P16520;P62873;P62879;P16520-2;P62873-2				2.92832e+06
P62937	P62937				1.52685e+07
P62942	P62942				6.6055e+06
P62993	P62993;P62993-2				8.0502e+06
P63000;P63000-2	P63000;P63000-2				430793
P63010;P63010-2;P63010-3	P63010;P63010-2;Q10567;Q10567-3;P63010-3;Q10567-2;Q10567-4				2.59142e+07
P63104	P63104;P63104-2				4.29348e+07
P63208	P63208;P63208-2				9.18285e+06
P63302	P63302				4.44563e+06
P67936;P67936-2	P06753;P07951;P09493;P09493-10;P67936;P07951-2;P09493-5;P06753-2;P06753-3;P09493-2;P09493-3;P09493-4;P09493-6;P09493-7;P09493-8;P09493-9;P06753-4;P06753-5;P06753-6;P07951-3;P67936-2				4.06188e+06
P68036	P68036;A0A1B0GUS4;P68036-2;P68036-3				4.85428e+06
P68104;Q5VTE0	P68104;Q05639;Q5VTE0				1.75986e+06
P68363;Q71U36;Q71U36-2;Q9BQE3	P0DPH7;P0DPH8;P68363;P68366;Q6PEY2;Q71U36;Q9BQE3;P0DPH7-2;P68363-2;P68366-2;Q71U36-2				2.07798e+06
P68402	P68402				387614
P68871	P02042;P68871				3.56329e+07
P69849;Q15155;Q5JPE7;Q5JPE7-2	P69849;Q15155;Q5JPE7;Q5JPE7-2;Q5JPE7-3				2.21365e+06
P69891;P69892	P69891;P69892				1.70351e+06
P69905	P69905				2.32642e+07
P78310;P78310-2;P78310-5;P78310-6;P78310-7	P78310;P78310-2;P78310-4;P78310-5;P78310-6;P78310-7				3.88671e+06
P78324;P78324-2;P78324-4	P78324;Q5TFQ8;P78324-2;P78324-4				2.42788e+08
P78330	P78330				1.14434e+06
P78333	P78333				3.35833e+06
P78417	P78417;P78417-3				1.14526e+07
P78504	P78504;P78504-2				1.7543e+06
P78509	P78509;P78509-2;P78509-3				3.80546e+07
P78536;P78536-2	P78536;P78536-2				3.25023e+06
P78539;P78539-2;P78539-3;P78539-5	P78539;P78539-2;P78539-3;P78539-4;P78539-5				6.29434e+06
P80108	P80108				1.52778e+07
P80303;P80303-2	P80303;P80303-2				9.13013e+06
P80723	P80723;P80723-2				2.24821e+07
P80748	P80748				2.1797e+08
P82987;P82987-2	P82987;P82987-2				863286
P84157-2	P84157-2				1.26805e+06
P98095;P98095-2	P98095;P98095-2				1.57551e+07
P98153;P98153-2;P98153-3	P98153;P98153-2;P98153-3				5.41658e+06
P98155;P98155-2	P98155;P98155-2				5.87695e+06
P98160	P98160				6.07644e+07
P98164	P98164				719883
P98172	P98172				2.43528e+06
P98173;P98173-2;P98173-3	P98173;P98173-2;P98173-3				5.27157e+06
P99999	P99999				2.95447e+07
Q00169	Q00169				810498
Q00973	Q00973;Q00973-2;Q00973-3				1.53898e+07
Q01082	Q01082				2.43747e+06
Q01459	Q01459				2.44743e+07
Q01469	Q01469				1.36996e+07
Q01973;Q01973-3;Q01974	Q01973;Q01974;Q01973-3				973867
Q01995	Q01995				1.80319e+07
Q02246	Q02246				2.08458e+08
Q02487;Q02487-2	Q02487;Q02487-2				1.18384e+07
Q02790	Q02790				440276
Q02809;Q02809-2	Q02809;Q02809-2				8.34093e+06
Q02818	Q02818				9.53978e+07
Q02985;Q02985-2	Q02985;Q92496;Q02985-2;Q92496-2;Q92496-3				6.33105e+07
Q03167;Q03167-2	Q03167;Q03167-2				3.02817e+07
Q03591	Q03591				2.1514e+06
Q04721	Q04721				1.41434e+07
Q04756	Q04756				9.07408e+06
Q04760;Q04760-2	Q04760;Q04760-2				5.9505e+06
Q04917	Q04917				4.28207e+06
Q05193;Q05193-2;Q05193-3;Q05193-5	Q05193;Q05193-2;Q05193-3;Q05193-5				669530
Q05707;Q05707-2	Q05707;Q05707-2;Q05707-3				5.68204e+06
Q05996;Q05996-2	Q05996;Q05996-2				1.33441e+07
Q06033;Q06033-2	Q06033;Q06033-2				1.81641e+07
Q06418	Q06418				2.65589e+07
Q06481	Q06481;Q06481-3;Q06481-6				2.50357e+08
Q06828	Q06828				1.06057e+08
Q06830	Q06830				2.79603e+07
Q07092;Q07092-2	Q07092;Q07092-2				9.4438e+06
Q07699;Q07699-2	Q07699;Q07699-2				4.15366e+06
Q07954	Q07954				3.65968e+07
Q08174-2	Q08174;Q08174-2				2.94466e+07
Q08257	Q08257;Q08257-3				1.21234e+06
Q08345;Q08345-5	Q08345;Q08345-2;Q08345-4;Q08345-5;Q08345-6				3.03812e+07
Q08380	Q08380				1.76507e+08
Q08397	Q08397				2.82472e+06
Q08431;Q08431-4	Q08431;Q08431-3;Q08431-4				1.75743e+07
Q08554;Q08554-2	Q08554;Q08554-2				4.59179e+06
Q08629	Q08629				2.38312e+07
Q09327	Q09327				4.95952e+06
Q09328	Q09328				3.68356e+06
Q09666	Q09666				1.04673e+06
Q0P6D2	Q0P6D2				1.64143e+07
Q10469	Q10469				2.81986e+07
Q10471	Q10471				2.37894e+07
Q10472	Q10472;Q8IUC8;Q8IUC8-3;Q8IUC8-2				9.17121e+06
Q10567;Q10567-2;Q10567-3	Q10567;Q10567-3;Q10567-2;Q10567-4				589330
Q10588	Q10588;Q10588-2				4.20366e+06
Q10589;Q10589-2	Q10589;Q10589-2				904363
Q12765;Q12765-2;Q12765-3	Q12765;Q12765-2;Q12765-3				1.07262e+06
Q12794;Q12794-2;Q12794-7	Q12794;Q12794-2;Q12794-4;Q12794-7				2.24985e+06
Q12797;Q12797-10	Q12797;Q12797-10				5.64804e+06
Q12805;Q12805-2;Q12805-3;Q12805-4;Q12805-5	Q12805;Q12805-2;Q12805-3;Q12805-4;Q12805-5				7.81848e+08
Q12841;Q12841-2	Q12841;Q12841-2				1.92437e+07
Q12860	Q12860;Q12860-2				5.68172e+08
Q12866	Q12866				4.75688e+06
Q12884	Q12884				347011
Q12907	Q12907				1.90438e+08
Q12913;Q12913-3	Q12913;Q12913-2;Q12913-3				6.81935e+06
Q13093	Q13093				7.39051e+06
Q13145	Q13145				4.11118e+06
Q13162	Q13162				54844.5
Q13214;Q13214-2	Q13214;Q13214-2				6.78415e+06
Q13217	Q13217				5.18664e+06
Q13228;Q13228-4	Q13228;Q13228-2;Q13228-3;Q13228-4				7.89528e+07
Q13232	Q13232				2.51502e+06
Q13275-2	Q13275;Q13275-2				2.00413e+06
Q13308;Q13308-2;Q13308-3;Q13308-4;Q13308-5;Q13308-6	Q13308;Q13308-2;Q13308-3;Q13308-4;Q13308-5;Q13308-6				2.36844e+06
Q13332-7	Q13332-5;Q13332-7				1.11941e+07
Q13332;Q13332-3;Q13332-4	Q13332;Q13332-2;Q13332-3;Q13332-4;Q13332-5;Q13332-6;Q13332-7				6.69584e+07
Q13404;Q13404-1;Q13404-2;Q13404-6;Q13404-7	Q13404;Q13404-1;Q13404-2;Q13404-6;Q13404-7				5.61207e+06
Q13421-2;Q13421-3;Q13421-4	Q13421;Q13421-2;Q13421-3;Q13421-4				6.71724e+06
Q13433	Q13433				2.44045e+06
Q13443;Q13443-2	Q13443;Q13443-2				3.40792e+06
Q13444;Q13444-10;Q13444-12;Q13444-2;Q13444-3;Q13444-4;Q13444-5;Q13444-6;Q13444-7;Q13444-8;Q13444-9	Q13444;Q13444-2;Q13444-10;Q13444-11;Q13444-12;Q13444-3;Q13444-4;Q13444-5;Q13444-6;Q13444-7;Q13444-8;Q13444-9				3.01568e+06
Q13449	Q13449				9.6579e+08
Q13501;Q13501-2	Q13501;Q13501-2				2.70388e+06
Q13508;Q13508-2;Q13508-3	Q13508;Q13508-2;Q13508-3				2.66984e+07
Q13510;Q13510-2	Q13510;Q13510-2;Q13510-3				1.96509e+07
Q13519;Q13519-2	Q13519;Q13519-2				1.89143e+06
Q13554;Q13554-2;Q13554-3;Q13554-4;Q13554-5;Q13554-7;Q13554-8	Q13554;Q13554-3;Q13554-2;Q13554-4;Q13554-5;Q13554-6;Q13554-7;Q13554-8				1.33502e+07
Q13555;Q13555-10;Q13555-11;Q13555-2;Q13555-3;Q13555-4;Q13555-5;Q13555-6;Q13555-7;Q13555-8;Q13555-9	Q13555;Q13555-5;Q13555-10;Q13555-11;Q13555-2;Q13555-3;Q13555-4;Q13555-6;Q13555-7;Q13555-8;Q13555-9				9.54521e+06
Q13557;Q13557-10;Q13557-11;Q13557-12;Q13557-3;Q13557-4;Q13557-5;Q13557-6;Q13557-8;Q13557-9	Q13557;Q13557-8;Q13557-10;Q13557-11;Q13557-12;Q13557-3;Q13557-4;Q13557-5;Q13557-6;Q13557-9				2.8578e+06
Q13591	Q13591				829931
Q13634;Q13634-2	Q13634;Q13634-2				3.77504e+07
Q13641	Q13641				4.53605e+06
Q13642-4;Q13642-5	Q13642-1;Q13642-4;Q13642-5				9.31745e+06
Q13683;Q13683-10;Q13683-3;Q13683-7;Q13683-9	Q13683;Q13683-10;Q13683-13;Q13683-3;Q13683-7;Q13683-9				1.29058e+07
Q13740;Q13740-2	Q13740;Q13740-2;Q13740-3				9.90783e+07
Q13790	Q13790				3.02575e+06
Q13813;Q13813-2;Q13813-3	Q13813;Q13813-2;Q13813-3				122967
Q13822-3	Q13822;Q13822-3				6.55864e+08
Q13867	Q13867				1.84791e+07
Q14019	Q14019				6.15455e+06
Q14112;Q14112-2	Q14112;Q14112-2				2.4144e+07
Q14114;Q14114-2;Q14114-3;Q14114-4	Q14114;Q14114-3;Q14114-2;Q14114-4				3.87023e+06
Q14118	Q14118				4.80443e+08
Q14126	Q14126				1.21066e+07
Q14165	Q14165				1.19951e+07
Q14213	Q14213				1.46907e+06
Q14242;Q14242-2	Q14242;Q14242-2				6.44864e+06
Q14257;Q14257-2	Q14257;Q14257-2				4.97891e+06
Q14314	Q14314				1.08188e+07
Q14315;Q14315-2	Q14315;Q14315-2				5.12386e+06
Q14393;Q14393-1;Q14393-3;Q14393-4;Q14393-5	Q14393;Q14393-1;Q14393-3;Q14393-4;Q14393-5				1.65474e+07
Q14515	Q14515;Q14515-2				6.35173e+08
Q14517	Q14517				1.8259e+06
Q14520;Q14520-2	Q14520;Q14520-2				1.20075e+07
Q14563	Q14563				3.82601e+06
Q14574;Q14574-2	Q14574;Q14574-2				8.63079e+06
Q14596;Q14596-2	Q14596;Q14596-2				1.32162e+06
Q14624	Q14624				1.0081e+08
Q14696	Q14696				5.35986e+06
Q14697;Q14697-2	Q14697;Q14697-2				2.62134e+07
Q14766	Q14766;Q14766-2;Q14766-3;Q14766-4;Q14766-5				1.37268e+07
Q14767	Q14767				1.27894e+07
Q14833	Q14833				101622
Q14894	Q14894				6.42078e+06
Q14956;Q14956-2	Q14956;Q14956-2				5.13962e+06
Q14982;Q14982-2;Q14982-3;Q14982-4	Q14982;Q14982-2;Q14982-3;Q14982-4				7.23861e+07
Q14C87	Q14C87;Q14C87-2				3.71502e+07
Q14CZ8	Q14CZ8				1.31985e+08
Q14DG7	Q14DG7;Q14DG7-3				1.16891e+07
Q15043;Q15043-2;Q15043-3	Q15043;Q15043-2;Q15043-3				511409
Q15063-3	Q15063;Q15063-2;Q15063-3;Q15063-4;Q15063-5;Q15063-6;Q15063-7				2.11037e+06
Q15084;Q15084-2;Q15084-3;Q15084-4;Q15084-5	Q15084;Q15084-2;Q15084-3;Q15084-4;Q15084-5				1.85588e+07
Q15113	Q15113				7.94334e+07
Q15121;Q15121-2	Q15121;Q15121-2				779748
Q15165;Q15165-1;Q15165-3	Q15165;Q15165-1;Q15165-3				697679
Q15166	Q15166				1.32471e+07
Q15223;Q15223-2;Q15223-3	Q15223;Q15223-2;Q15223-3				8.38795e+07
Q15256;Q15256-5	Q15256;Q15256-5				7.98983e+06
Q15257;Q15257-2;Q15257-3	Q15257;Q15257-2;Q15257-3				2.21261e+06
Q15262;Q15262-2;Q15262-3;Q15262-4	Q15262;Q15262-2;Q15262-3;Q15262-4				7.88655e+06
Q15293;Q15293-2	Q15293;Q15293-2				1.05876e+07
Q15303;Q15303-2;Q15303-3;Q15303-4	Q15303;Q15303-2;Q15303-3;Q15303-4				2.13249e+06
Q15375;Q15375-4	Q15375;Q15375-2;Q15375-4				6.74538e+06
Q15435;Q15435-2	Q15435;Q15435-2				2.07592e+06
Q15459;Q15459-2	Q15459;Q15459-2				2.302e+06
Q15465	Q15465				4.55313e+06
Q15493;Q15493-2	Q15493;Q15493-2				744229
Q15582	Q15582				8.14185e+07
Q15768	Q15768				1.7158e+07
Q15782;Q15782-6	Q15782;Q15782-6				8.28296e+06
Q15818	Q15818				1.84627e+08
Q15819	Q15819				3.76897e+07
Q15828	Q15828				5.10952e+06
Q15846	Q15846				1.53551e+06
Q15847	Q15847				2.11229e+06
Q15848	Q15848				3.19697e+06
Q15904	Q15904				4.63072e+08
Q16143	Q16143				3.60264e+06
Q16270	Q16270;Q16270-2				8.58677e+08
Q16288;Q16288-2;Q16288-3;Q16288-4;Q16288-5	Q16288;Q16288-2;Q16288-3;Q16288-4;Q16288-5				8.93122e+06
Q16363;Q16363-2	Q16363;Q16363-2				3.15814e+06
Q16394	Q16394				1.72543e+06
Q16531	Q16531				5.99057e+06
Q16555;Q16555-2	Q16555;Q16555-2				7.16896e+06
Q16568	Q16568				1.44022e+07
Q16581	Q16581				9.03204e+06
Q16610;Q16610-4	Q16610;Q16610-2;Q16610-4				1.24309e+08
Q16620;Q16620-2;Q16620-3;Q16620-4;Q16620-5;Q16620-6	Q16620;Q16620-2;Q16620-3;Q16620-4;Q16620-5;Q16620-6				2.24996e+07
Q16623;Q16623-2;Q16623-3	Q16623;Q16623-2;Q16623-3				1.15043e+06
Q16627;Q16627-2	Q16627;Q16627-2				3.17445e+06
Q16653;Q16653-10;Q16653-11;Q16653-13;Q16653-2;Q16653-3;Q16653-5;Q16653-6;Q16653-7;Q16653-8;Q16653-9	Q16653;Q16653-10;Q16653-11;Q16653-13;Q16653-2;Q16653-3;Q16653-5;Q16653-6;Q16653-7;Q16653-8;Q16653-9				1.70635e+07
Q16658	Q16658				2.72417e+06
Q16674	Q16674				8.27276e+06
Q16706	Q16706				3.62704e+07
Q16769	Q16769				8.40874e+07
Q16775;Q16775-2	Q16775;Q16775-2				3.50369e+06
Q16799	Q16799				2.28106e+06
Q16849	Q16849;Q16849-3;Q16849-2				6.14287e+07
Q16880	Q16880				1.96672e+07
Q16881;Q16881-2;Q16881-3;Q16881-4;Q16881-5;Q16881-6;Q16881-7	Q16881;Q16881-4;Q16881-5;Q16881-2;Q16881-3;Q16881-6;Q16881-7				1.44993e+06
Q16891;Q16891-2;Q16891-3;Q16891-4	Q16891;Q16891-2;Q16891-3;Q16891-4				2.73902e+06
Q17RC7	Q17RC7				1.2125e+08
Q24JP5;Q24JP5-2	Q24JP5;Q24JP5-2;Q24JP5-3				9.32869e+07
Q2TAL6	Q2TAL6				2.90188e+06
Q2TBF2;Q2TBF2-2	Q2TBF2;Q2TBF2-2				634353
Q2UY09	Q2UY09;Q2UY09-2;Q2UY09-3				1.26034e+06
Q495W5;Q495W5-2	Q495W5;Q495W5-2				1.03205e+07
Q496H8	Q496H8				743501
Q4G0I0	Q4G0I0				1.02816e+06
Q4G148;Q4G148-2	Q4G148;Q4G148-2				689614
Q4KWH8;Q4KWH8-3;Q4KWH8-4	Q4KWH8;Q4KWH8-2;Q4KWH8-3;Q4KWH8-4				7.83853e+06
Q4LDE5	Q4LDE5				3.06729e+06
Q504Y0;Q504Y0-2;Q504Y0-3;Q504Y0-4;Q504Y0-5	Q504Y0;Q504Y0-2;Q504Y0-3;Q504Y0-4;Q504Y0-5				858813
Q53EL9;Q53EL9-3	Q53EL9;Q53EL9-2;Q53EL9-3				1.0622e+08
Q53FZ2	Q53FZ2				1.65043e+07
Q53H76;Q53H76-2;Q53H76-3	Q53H76;Q53H76-2;Q53H76-3				1.27629e+06
Q53RD9;Q53RD9-2;Q53RD9-3;Q53RD9-4	Q53RD9;Q53RD9-2;Q53RD9-3;Q53RD9-4				1.9792e+07
Q562R1	Q562R1				6.06007e+07
Q58EX2;Q58EX2-2;Q58EX2-3;Q58EX2-4	Q58EX2;Q58EX2-2;Q58EX2-3;Q58EX2-4				2.49514e+06
Q58FF6	Q58FF6				2.86997e+06
Q5BIV9	Q5BIV9				2.92495e+07
Q5BLP8;Q5BLP8-2;Q5BLP8-3	Q5BLP8;Q5BLP8-2;Q5BLP8-3				7.87715e+07
Q5FWE3;Q5FWE3-3	Q5FWE3;Q5FWE3-3				1.71747e+07
Q5IJ48;Q5IJ48-2;Q5IJ48-3	Q5IJ48;Q5IJ48-2;Q5IJ48-3				2.22879e+07
Q5JRA6;Q5JRA6-2	Q5JRA6;Q5JRA6-2				5.19243e+06
Q5JS37;Q5JS37-2	Q5JS37;Q5JS37-2				4.05984e+06
Q5JTV8;Q5JTV8-3	Q5JTV8;Q5JTV8-3				1.36011e+06
Q5JZY3;Q5JZY3-2;Q5JZY3-3	Q5JZY3;Q5JZY3-2;Q5JZY3-3				2.32656e+07
Q5KU26	Q5KU26				5.87203e+07
Q5R3F8	Q5R3F8				5.69119e+06
Q5SGD2;Q5SGD2-2;Q5SGD2-3	Q5SGD2;Q5SGD2-2;Q5SGD2-3				1.7679e+06
Q5SRI9	Q5SRI9				3.38648e+06
Q5SZI1	Q5SZI1				2.35092e+06
Q5SZK8	Q5SZK8;Q5SZK8-2				4.66397e+06
Q5T013;Q5T013-2;Q5T013-3;Q5T013-4	Q5T013;Q5T013-2;Q5T013-3;Q5T013-4				6.15286e+08
Q5T5C0;Q5T5C0-2	Q5T5C0;Q5T5C0-2				6.15634e+06
Q5T848	Q5T848				1.37297e+07
Q5UCC4;Q5UCC4-2	Q5UCC4;Q5UCC4-2				591024
Q5VSG8	Q5VSG8				1.12638e+07
Q5VU97	Q5VU97				1.50131e+07
Q5VUB5	Q5VUB5				7.65769e+06
Q5VV43;Q5VV43-2;Q5VV43-3;Q5VV43-4	Q5VV43;Q5VV43-2;Q5VV43-3;Q5VV43-4				1.41291e+07
Q5VV63	Q5VV63				1.74325e+06
Q5VWW1	Q5VWW1;Q5VWW1-2;Q5VWW1-3				9.64661e+06
Q5ZPR3;Q5ZPR3-3;Q5ZPR3-4	Q5ZPR3;Q5ZPR3-3;Q5ZPR3-4				2.3223e+06
Q63HQ2;Q63HQ2-2	Q63HQ2;Q63HQ2-2				1.70386e+06
Q641Q3;Q641Q3-2	Q641Q3;Q641Q3-2				1.33864e+07
Q658N2	Q658N2				1.5328e+07
Q66K79;Q66K79-2;Q66K79-3	Q66K79;Q66K79-2;Q66K79-3				190541
Q68BL7;Q68BL7-2;Q68BL7-3	Q68BL7;Q68BL7-2;Q68BL7-3				1.62762e+07
Q68D85	Q68D85				4.59558e+06
Q6E0U4;Q6E0U4-16;Q6E0U4-2;Q6E0U4-3;Q6E0U4-4;Q6E0U4-5;Q6E0U4-6;Q6E0U4-7	Q6E0U4;Q6E0U4-16;Q6E0U4-2;Q6E0U4-3;Q6E0U4-4;Q6E0U4-5;Q6E0U4-6;Q6E0U4-7				1.9524e+06
Q6EMK4	Q6EMK4				2.57781e+07
Q6FHJ7	Q6FHJ7				1.77888e+07
Q6IBS0	Q6IBS0				1.14357e+06
Q6IEE7	Q6IEE7				4.32948e+06
Q6IS24	Q6IS24				4.44758e+06
Q6ISS4;Q6ISS4-2	Q6GTX8;Q6ISS4;Q6GTX8-2;Q6GTX8-3;Q6GTX8-4;Q6ISS4-2				1.47089e+07
Q6MZW2	Q6MZW2;Q6MZW2-2;Q6MZW2-3				2.91678e+07
Q6NUI6;Q6NUI6-2	Q6NUI6;Q6NUI6-2				581166
Q6NUJ2	Q6NUJ2				1.14471e+07
Q6NW40	Q6NW40				3.539e+07
Q6P0Q8;Q6P0Q8-2	Q6P0Q8;Q6P0Q8-2				8.22797e+06
Q6P179	Q6P179;Q6P179-3				2.32672e+06
Q6P4E1;Q6P4E1-5	Q6P4E1;Q6P4E1-2;Q6P4E1-5				1.74008e+07
Q6P9A2	Q6P9A2				7.90085e+06
Q6PCB0	Q6PCB0				5.56311e+06
Q6PJF5;Q6PJF5-2	Q6PJF5;Q6PJF5-2				3.49766e+06
Q6PK18;Q6PK18-2	Q6PK18;Q6PK18-2				535800
Q6PUV4	Q6PUV4				2.84783e+06
Q6RVD6	Q6RVD6				4.9259e+06
Q6U841;Q6U841-2;Q6U841-3	Q6U841;Q6U841-2;Q6U841-3				4.78949e+06
Q6UVK1	Q6UVK1				1.87205e+07
Q6UVY6;Q6UVY6-2	Q6UVY6;Q6UVY6-2				1.39724e+06
Q6UW01	Q6UW01				4.66883e+07
Q6UW49	Q6UW49				2.76512e+06
Q6UWH4;Q6UWH4-2	Q6UWH4;Q6UWH4-2				1.09923e+07
Q6UWP8	Q6UWP8;Q6UWP8-2				258176
Q6UWR7	Q6UWR7				5.07556e+06
Q6UWY5	Q6UWY5				1.0058e+07
Q6UX15;Q6UX15-2	Q6UX15;Q6UX15-2				8.05684e+06
Q6UX71	Q6UX71;Q6UX71-2				1.25933e+08
Q6UX72	Q6UX72				5.29793e+06
Q6UX73;Q6UX73-2	Q6UX73;Q6UX73-2				1.06163e+08
Q6UXB8	Q6UXB8;Q6UXB8-2				4.27811e+07
Q6UXD5-3;Q6UXD5-5	Q6UXD5;Q6UXD5-2;Q6UXD5-3;Q6UXD5-4;Q6UXD5-5;Q6UXD5-6				2.875e+08
Q6UXF1;Q6UXF1-2	Q6UXF1;Q6UXF1-2				2.3699e+06
Q6UXH9;Q6UXH9-2	Q6UXH9;Q6UXH9-2;Q6UXH9-3				3.17968e+06
Q6UXI7;Q6UXI7-2;Q6UXI7-4;Q6UXI7-5	Q6UXI7;Q6UXI7-2;Q6UXI7-3;Q6UXI7-4;Q6UXI7-5				9.63113e+06
Q6UXI9;Q6UXI9-3;Q6UXI9-4;Q6UXI9-5;Q6UXI9-6	Q6UXI9;Q6UXI9-2;Q6UXI9-3;Q6UXI9-4;Q6UXI9-5;Q6UXI9-6				3.5198e+06
Q6UXK2	Q6UXK2				4.65903e+06
Q6UXK5	Q6UXK5				6.14915e+06
Q6UXZ4;Q6UXZ4-2	Q6UXZ4;Q6UXZ4-2				1.23225e+07
Q6UY14;Q6UY14-2;Q6UY14-3	Q6UY14;Q6UY14-3;Q6UY14-2				420216
Q6YHK3	Q6YHK3;Q6YHK3-2;Q6YHK3-4				4.16127e+06
Q6ZMI3	Q6ZMI3;Q6ZMI3-2				1.74547e+07
Q6ZMP0;Q6ZMP0-2	Q6ZMP0;Q6ZMP0-2				3.27853e+06
Q6ZN30;Q6ZN30-2	Q6ZN30;Q6ZN30-2				1.10678e+07
Q6ZN44;Q6ZN44-2	Q6ZN44;Q6ZN44-2				1.76897e+06
Q6ZRI8;Q6ZRI8-2;Q6ZRI8-3;Q6ZRI8-4;Q6ZRI8-5	Q6ZRI8;Q6ZRI8-2;Q6ZRI8-3;Q6ZRI8-4;Q6ZRI8-5				2.4651e+06
Q6ZRP7	Q6ZRP7				8.08568e+06
Q6ZSJ9;Q6ZSJ9-2;Q6ZSJ9-3	Q6ZSJ9;Q6ZSJ9-2;Q6ZSJ9-3				3.66992e+07
Q6ZVL6-2	Q6ZVL6;Q6ZVL6-2				2.34825e+07
Q76KP1	Q76KP1				3.72546e+06
Q76LX8;Q76LX8-2;Q76LX8-3;Q76LX8-4	Q76LX8;Q76LX8-2;Q76LX8-3;Q76LX8-4				338251
Q76M96;Q76M96-2	Q76M96;Q76M96-2				955320
Q7KYR7;Q7KYR7-1;Q7KYR7-4;Q7KYR7-6;Q8WVV5;Q8WVV5-2;Q8WVV5-3	Q7KYR7;Q8WVV5;Q7KYR7-4;Q7KYR7-1;Q7KYR7-5;Q7KYR7-6;Q8WVV5-2;Q8WVV5-3				2.1636e+06
Q7L014	Q7L014				2.28102e+08
Q7L0X0	Q7L0X0				3.50992e+06
Q7L266	Q7L266;Q7L266-2				1.07106e+06
Q7L985	Q96FE5;Q7L985;Q96FE5-2				2.01172e+07
Q7LFX5	Q7LFX5;Q7LFX5-2				1.51824e+07
Q7LGC8	Q7LGC8				4.475e+06
Q7Z304	Q7Z304				2.79495e+06
Q7Z3B1	Q7Z3B1;Q7Z3B1-2				2.08124e+08
Q7Z3D4	Q7Z3D4				1.14032e+06
Q7Z408;Q7Z408-4	Q7Z408;Q7Z408-4				1.11563e+06
Q7Z553;Q7Z553-3	Q7Z553;Q7Z553-2;Q7Z553-3				2.28341e+07
Q7Z5A7;Q7Z5A7-2	Q7Z5A7;Q7Z5A7-2;Q7Z5A7-3				3.0371e+07
Q7Z5L0	Q7Z5L0				2.20751e+06
Q7Z5L3	Q7Z5L3				852878
Q7Z5L7;Q7Z5L7-2;Q7Z5L7-3	Q7Z5L7;Q7Z5L7-2;Q7Z5L7-3;Q7Z5L7-4				2.78816e+07
Q7Z5N4;Q7Z5N4-3	Q7Z5N4;Q7Z5N4-3				1.59599e+06
Q7Z6L0;Q7Z6L0-2;Q7Z6L0-3	Q7Z6L0;Q7Z6L0-2;Q7Z6L0-3				860969
Q7Z7G0	Q7Z7G0;Q7Z7G0-2;Q7Z7G0-3;Q7Z7G0-4				3.80004e+06
Q7Z7H5;Q7Z7H5-3	Q7Z7H5;Q7Z7H5-2;Q7Z7H5-3				9.02756e+06
Q7Z7M0	Q7Z7M0;Q7Z7M0-2				1.08161e+08
Q7Z7M8	Q7Z7M8				799065
Q7Z7M9	Q7Z7M9				6.0896e+06
Q86SF2	Q86SF2				2.37032e+07
Q86SJ2	Q86SJ2				1.05565e+06
Q86SQ4;Q86SQ4-2;Q86SQ4-3;Q86SQ4-4	Q86SQ4;Q86SQ4-2;Q86SQ4-3;Q86SQ4-4				842348
Q86SR1	Q86SR1;Q86SR1-2;Q86SR1-3				2.42525e+07
Q86T13	Q86T13				187498
Q86TE4;Q86TE4-4	Q86TE4;Q86TE4-4				7.19352e+06
Q86TH1	Q86TH1				5.19593e+06
Q86TY3;Q86TY3-2	Q86TY3;Q86TY3-2				2.80445e+07
Q86UD1	Q86UD1				2.18144e+07
Q86UE6	Q86UE6				114263
Q86UN2	Q86UN2				1.52905e+07
Q86UN3	Q86UN3				6.1127e+07
Q86UP0;Q86UP0-2	Q86UP0;Q86UP0-2				2.07716e+07
Q86UW8	Q86UW8				4.73713e+06
Q86UX2	Q86UX2;Q86UX2-2;Q86UX2-3				8.0502e+07
Q86V85	Q86V85				1.50605e+06
Q86VB7;Q86VB7-2;Q86VB7-3;Q86VB7-4	Q86VB7;Q86VB7-2;Q86VB7-3;Q86VB7-4				2.99418e+07
Q86VP6;Q86VP6-2	Q86VP6;Q86VP6-2				387505
Q86VV8;Q86VV8-3	Q86VV8;Q86VV8-3				1.27546e+07
Q86VZ4	Q86VZ4				1.09374e+07
Q86X29;Q86X29-4;Q86X29-5;Q86X29-6	Q86X29;Q86X29-2;Q86X29-3;Q86X29-4;Q86X29-5;Q86X29-6				1.26476e+07
Q86XR7-2;Q9Y3B3;Q9Y3B3-2	Q9Y3B3;Q86XR7-2;Q9Y3B3-2				1.98425e+08
Q86Y38	Q86Y38				4.39819e+07
Q86Y82	Q86Y82				3.7665e+06
Q86YD3;Q86YD3-2;Q86YD3-4;Q86YD3-5	Q86YD3;Q86YD3-2;Q86YD3-3;Q86YD3-4;Q86YD3-5				1.80306e+07
Q86YT9;Q86YT9-2;Q86YT9-3;Q86YT9-4	Q86YT9;Q86YT9-2;Q86YT9-3;Q86YT9-4				2.21269e+06
Q86YZ3	Q86YZ3				271543
Q8IUC8	Q8IUC8;Q8IUC8-3;Q8IUC8-2				8.35769e+06
Q8IUK5;Q8IUK5-2;Q8IUK5-3	Q8IUK5;Q8IUK5-2;Q8IUK5-3;Q8IUK5-4				3.231e+07
Q8IUK8	Q8IUK8				4.41391e+07
Q8IUX7	Q8IUX7;Q8IUX7-2				2.5566e+07
Q8IV08	Q8IV08				3.10409e+07
Q8IW45;Q8IW45-2;Q8IW45-4	Q8IW45;Q8IW45-2;Q8IW45-4				1.55555e+06
Q8IW52	Q8IW52				2.80502e+07
Q8IWT1	Q8IWT1;Q8IWT1-2				6.67572e+06
Q8IWU5;Q8IWU5-2	Q8IWU5;Q8IWU5-2				1.98013e+08
Q8IWV2	Q8IWV2				1.91134e+07
Q8IWY4	Q8IWY4				2.96775e+06
Q8IXL6	Q8IXL6				1.57688e+07
Q8IYJ0;Q8IYJ0-2	Q8IYJ0;Q8IYJ0-2				2.20095e+08
Q8IYS5-2;Q8IYS5-3;Q8IYS5-6	Q8IYS5;Q8IYS5-2;Q8IYS5-3;Q8IYS5-4;Q8IYS5-5;Q8IYS5-6;Q8IYS5-7				4.74713e+07
Q8IZA0;Q8IZA0-2	Q8IZA0;Q8IZA0-2				1.96391e+07
Q8IZF2;Q8IZF2-2;Q8IZF2-3	Q8IZF2;Q8IZF2-2;Q8IZF2-3				346154
Q8IZJ1;Q8IZJ1-2	Q8IZJ1;Q8IZJ1-2				4.51594e+06
Q8IZJ3;Q8IZJ3-2	Q8IZJ3;Q8IZJ3-2				2.94807e+06
Q8IZP7	Q8IZP7				2.94173e+07
Q8IZS8	Q8IZS8;Q8IZS8-2;Q8IZS8-3				1.23512e+07
Q8IZU9;Q8IZU9-2	Q8IZU9;Q8IZU9-2				1.15596e+06
Q8N111	Q8N111				2.13264e+06
Q8N114;Q8N114-2	Q8N114;Q8N114-2				3.96298e+07
Q8N126;Q8N126-2	Q8N126;Q8N126-2				1.49127e+08
Q8N149;Q8N149-2;Q8N149-3;Q8N149-4	Q8N149;Q8N149-2;Q8N149-3;Q8N149-4				9.86171e+06
Q8N2Q7;Q8N2Q7-2	Q8N2Q7;Q8N2Q7-2				2.75987e+06
Q8N2S1;Q8N2S1-2;Q8N2S1-3	Q8N2S1;Q8N2S1-2;Q8N2S1-3				2.17256e+07
Q8N3G9;Q8N3G9-2;Q8N3G9-3	Q8N3G9;Q8N3G9-2;Q8N3G9-3				1.47285e+06
Q8N3H0	Q8N3H0				423914
Q8N3J2	Q8N3J2				1.35907e+08
Q8N3J6;Q8N3J6-2;Q8N3J6-3;Q8N3J6-4;Q8N3J6-5	Q8N3J6;Q8N3J6-2;Q8N3J6-3;Q8N3J6-4;Q8N3J6-5				2.31907e+07
Q8N3T1	Q8N3T1				2.56769e+06
Q8N3T6	Q8N3T6				1.39508e+07
Q8N428	Q8N428;Q8N428-2				4.10295e+06
Q8N436	Q8N436				2.76717e+06
Q8N474	Q8N474				2.4069e+06
Q8N475;Q8N475-2	Q8N475;Q8N475-2;Q8N475-3				8.67676e+06
Q8N608;Q8N608-2;Q8N608-3;Q8N608-4	Q8N608;Q8N608-2;Q8N608-3;Q8N608-4				2.15912e+06
Q8N6C5;Q8N6C5-2;Q8N6C5-4	Q8N6C5;Q8N6C5-2;Q8N6C5-4				4.50968e+06
Q8N729	Q8N729				771065
Q8N8Z6;Q8N8Z6-2	Q8N8Z6;Q8N8Z6-2				2.67452e+06
Q8N967	Q8N967				7.91751e+06
Q8N9I0	Q8N9I0				2.15074e+06
Q8NBI6	Q8NBI6				1.3697e+07
Q8NBJ4;Q8NBJ4-2	Q8NBJ4;Q8NBJ4-2				3.08725e+07
Q8NBJ7	Q8NBJ7;Q8NBJ7-2;Q8NBJ7-3				2.85015e+06
Q8NBP7	Q8NBP7				4.69923e+06
Q8NBS9;Q8NBS9-2	Q8NBS9;Q8NBS9-2				4.70624e+06
Q8NC42	Q8NC42				3.34164e+06
Q8NCC3	Q8NCC3;Q8NCC3-2				5.71569e+06
Q8NCH0	Q8NCH0				1.30615e+06
Q8NCL4	Q8NCL4				1.95376e+07
Q8NCW5	Q8NCW5;Q8NCW5-2				2.45221e+07
Q8NEP3;Q8NEP3-2;Q8NEP3-3	Q8NEP3;Q8NEP3-2;Q8NEP3-3				4.21199e+08
Q8NES3;Q8NES3-3	Q8NES3;Q8NES3-2;Q8NES3-3;Q8NES3-4				2.4794e+07
Q8NEY1;Q8NEY1-2;Q8NEY1-3;Q8NEY1-4;Q8NEY1-6;Q8NEY1-7	Q8NEY1;Q8NEY1-2;Q8NEY1-3;Q8NEY1-4;Q8NEY1-6;Q8NEY1-7				6.00839e+07
Q8NFL0	Q8NFL0				838124
Q8NFP4;Q8NFP4-2	Q8NFP4;Q8NFP4-2				6.51275e+06
Q8NFT8	Q8NFT8				892765
Q8NFY4;Q8NFY4-6	Q8NFY4;Q8NFY4-2;Q8NFY4-3;Q8NFY4-4;Q8NFY4-5;Q8NFY4-6;Q8NFY4-8				1.62218e+07
Q8NFZ4	Q8NFZ4				2.68843e+07
Q8NFZ8	Q8NFZ8				1.31447e+08
Q8NHJ6;Q8NHJ6-2;Q8NHJ6-3	Q8NHJ6;Q8NHJ6-2;Q8NHJ6-3				2.06733e+06
Q8NHP8	Q8NHP8;Q8NHP8-2				1.27048e+07
Q8NHQ9	Q8NHQ9				3.46643e+08
Q8TAB3;Q8TAB3-2;Q8TAB3-3	Q8TAB3;Q8TAB3-2;Q8TAB3-3				5.26113e+06
Q8TAG5;Q8TAG5-2	Q8TAG5;Q8TAG5-2				1.37227e+08
Q8TBP5	Q8TBP5				6.23526e+07
Q8TCZ2	Q8TCZ2;Q8TCZ2-2;Q8TCZ2-3;Q8TCZ2-5;Q8TCZ2-6				1.71506e+08
Q8TDF5;Q8TDF5-1;Q8TDF5-2	Q8TDF5;Q8TDF5-1;Q8TDF5-2				5.39189e+06
Q8TDQ0;Q8TDQ0-2	Q8TDQ0;Q8TDQ0-2				6.59287e+06
Q8TEA8	Q8TEA8				7.81934e+06
Q8TER0;Q8TER0-5	Q8TER0;Q8TER0-3;Q8TER0-4;Q8TER0-5				2.71242e+07
Q8TEU8	Q8TEU8				1.2701e+08
Q8WUA8	Q8WUA8				1.26398e+06
Q8WUJ3	Q8WUJ3;Q8WUJ3-2				8.13486e+06
Q8WVN6	Q8WVN6				7.62487e+06
Q8WVQ1;Q8WVQ1-3	Q8WVQ1;Q8WVQ1-3				2.73516e+07
Q8WWX9	Q8WWX9				1.36342e+07
Q8WX77	Q8WX77				3.28845e+06
Q8WXD2	Q8WXD2				4.09969e+08
Q8WXD2-2	Q8WXD2-2				1.9091e+07
Q8WXS5	Q8WXS5				299049
Q8WY21;Q8WY21-2;Q8WY21-3;Q8WY21-4	Q8WY21;Q8WY21-2;Q8WY21-3;Q8WY21-4				5.81011e+07
Q8WYK1	Q8WYK1				5.68499e+06
Q8WZ75;Q8WZ75-2	Q8WZ75;Q8WZ75-2;Q8WZ75-3				9.55071e+06
Q8WZA1	Q8WZA1;Q8WZA1-2				9.11419e+07
Q92484;Q92484-2	Q92484;Q92484-2				3.85124e+06
Q92485	Q92485;Q92485-2				1.45544e+07
Q92520	Q92520				1.05302e+09
Q92542;Q92542-2	Q92542;Q92542-2				8.18685e+06
Q92563	Q92563				5.25434e+07
Q92597;Q92597-2;Q92597-3	Q92597;Q92597-2;Q92597-3				569801
Q92626	Q92626				1.48089e+06
Q92673	Q92673				1.17539e+07
Q92686	Q92686				2.25626e+06
Q92692;Q92692-2	Q92692;Q92692-2				5.78304e+06
Q92729;Q92729-2;Q92729-3;Q92729-4	Q92729;Q92729-2;Q92729-3;Q92729-4				2.35667e+06
Q92743	Q92743				1.14082e+07
Q92752	Q92752;Q92752-2				2.0493e+07
Q92765	Q92765				3.04134e+07
Q92820	Q92820				3.93295e+07
Q92823;Q92823-2;Q92823-5	Q92823;Q92823-2;Q92823-3;Q92823-4;Q92823-5;Q92823-6				7.15132e+08
Q92824;Q92824-2	Q92824;Q92824-2				717221
Q92832;Q92832-2	Q92832;Q92832-2				6.4525e+06
Q92854	Q92854;Q92854-2				5.51708e+06
Q92859;Q92859-2;Q92859-3	Q92859;Q92859-2;Q92859-3;Q92859-4				4.46337e+08
Q92876	Q92876;Q92876-2				5.73253e+08
Q92890;Q92890-1;Q92890-3	Q92890;Q92890-1;Q92890-3				2.45738e+06
Q92896;Q92896-2;Q92896-3	Q92896;Q92896-2;Q92896-3				5.75332e+06
Q92911	Q92911				4.84813e+06
Q92932-2	Q92932;Q92932-2;Q92932-3;Q92932-4				5.37691e+07
Q92935	Q92935				1.25302e+06
Q92945;Q96AE4;Q96AE4-2	Q92945;Q96AE4;Q96AE4-2				1.49424e+07
Q92954;Q92954-2;Q92954-5;Q92954-6	Q92954;Q92954-2;Q92954-3;Q92954-4;Q92954-5;Q92954-6				1.81734e+07
Q93063;Q93063-3	Q93063;Q93063-2;Q93063-3				5.89527e+07
Q93091	Q93091				1.27195e+07
Q969H8	Q969H8				7.49841e+06
Q969P0;Q969P0-3	Q969P0;Q969P0-3				1.29548e+08
Q969T9	Q969T9;Q969T9-2				2.49763e+07
Q969Z4	Q969Z4				4.47224e+06
Q96A83;Q96A83-2	Q96A83;Q96A83-2				884967
Q96AP7	Q96AP7				2.0299e+07
Q96AQ6;Q96AQ6-2	Q96AQ6;Q96AQ6-2;Q96AQ6-3				2.74608e+06
Q96B86;Q96B86-3;Q96B86-4	Q96B86;Q96B86-3;Q96B86-4				3.43027e+07
Q96BM9;Q9NVJ2	Q96BM9;Q9NVJ2;Q9NVJ2-2				6.66824e+06
Q96BY9	Q96BY9				3.40136e+06
Q96BZ4	Q96BZ4				1.95094e+07
Q96CG8;Q96CG8-3	Q96CG8;Q96CG8-2;Q96CG8-3				1.23301e+07
Q96CW9;Q96CW9-2	Q96CW9;Q96CW9-2				1.48916e+06
Q96CX2	Q96CX2;Q68DU8				2.2854e+06
Q96DD7	Q96DD7				422973
Q96DT5	Q96DT5				2.04706e+07
Q96DZ1;Q96DZ1-2;Q96DZ1-3	Q96DZ1;Q96DZ1-2;Q96DZ1-3				649113
Q96EE4	Q96EE4				3.09516e+06
Q96EG1	Q96EG1				2.05943e+06
Q96EU7	Q96EU7				1.20036e+06
Q96FE5;Q96FE5-2	Q96FE5;Q96FE5-2				3.59516e+07
Q96FE7-4	Q96FE7;Q96FE7-2;Q96FE7-4;Q96FE7-5				3.58657e+07
Q96FJ2	P63167;Q96FJ2				1.32257e+07
Q96FW1	Q96FW1;Q96FW1-2				899067
Q96GD0	Q6ZT62;Q96GD0;Q6ZT62-2				3.51218e+06
Q96GW7	Q96GW7;Q96GW7-2				3.55346e+08
Q96HD1;Q96HD1-2	Q96HD1;Q96HD1-2				9.01897e+06
Q96HF1	Q96HF1				772900
Q96HU1;Q96HU1-2	Q96HU1;Q96HU1-2				1.19705e+07
Q96HY6;Q96HY6-2	Q96HY6;Q96HY6-2				1.69061e+06
Q96ID5	Q96ID5				5.47139e+07
Q96IU4	Q96IU4;Q96IU4-2				1.16959e+07
Q96IY4	Q96IY4;Q96IY4-2				3.96618e+07
Q96JA1;Q96JA1-2	Q96JA1;Q96JA1-2				1.63723e+06
Q96JF0;Q96JF0-2	Q96JF0;Q96JF0-2				2.7671e+07
Q96JP9	Q96JP9				1.7894e+06
Q96JQ0	Q96JQ0				2.65903e+06
Q96KN2	Q96KN2				1.5579e+09
Q96KP4;Q96KP4-2	Q96KP4;Q96KP4-2				283696
Q96MK3	Q96MK3				862445
Q96MU8;Q96MU8-2;Q96MU8-3	Q96MU8;Q96MU8-2;Q96MU8-3				1.7792e+06
Q96NI6	Q96NI6				2.60665e+06
Q96NU0;Q96NU0-2;Q9BZ76;Q9BZ76-2	Q96NU0;Q9BZ76;Q9BZ76-2;Q96NU0-2				200918
Q96NZ9	Q96NZ9;Q96NZ9-2;Q96NZ9-4				1.92558e+07
Q96P44;Q96P44-3	Q96P44;Q96P44-3				1.8973e+06
Q96PD2;Q96PD2-2	Q96PD2;Q96PD2-2				3.06561e+06
Q96PD5	Q96PD5;Q96PD5-2				3.94698e+07
Q96PQ0	Q96PQ0				2.77557e+07
Q96PX8	Q96PX8				7.43643e+07
Q96RP7	Q96RP7				909697
Q96RW7;Q96RW7-2	Q96RW7;Q96RW7-2				1.36723e+07
Q96S96	Q96S96				2.47507e+08
Q96SM3	Q96SM3				359201
Q96TA2;Q96TA2-2;Q96TA2-3	Q96TA2;Q96TA2-2;Q96TA2-3				5.19763e+07
Q96TC7;Q96TC7-2	Q96TC7;Q96TC7-2				2.68812e+06
Q99435;Q99435-2;Q99435-3;Q99435-4	Q99435;Q99435-2;Q99435-3;Q99435-4				6.9595e+08
Q99497	Q99497				3.17356e+07
Q99519	Q99519				6.92489e+06
Q99523	Q99523;Q99523-2				2.06869e+07
Q99536;Q99536-2;Q99536-3	Q99536;Q99536-2;Q99536-3				915951
Q99538;Q99538-2;Q99538-3	Q99538;Q99538-2;Q99538-3				1.95075e+06
Q99574	Q99574				6.12887e+07
Q99584	Q99584				560395
Q99650;Q99650-2	Q99650;Q99650-2				1.3289e+06
Q99674	Q99674;Q99674-2				3.65645e+07
Q99715;Q99715-4	Q99715;Q99715-2;Q99715-4				3.73419e+06
Q99728;Q99728-2;Q99728-3	Q99728;Q99728-2;Q99728-3				2.46104e+07
Q99731	Q99731				316340
Q99784	Q99784;Q99784-3;Q99784-5				1.30823e+07
Q99941;Q99941-2	Q99941;Q99941-2				1.52306e+07
Q99946	Q99946				1.83491e+07
Q99969	Q99969				4.41202e+07
Q99972	Q99972				2.24344e+06
Q99983	Q99983				4.05525e+07
Q99985	Q99985				2.03845e+06
Q9BQ16;Q9BQ16-2	Q9BQ16;Q9BQ16-1;Q9BQ16-2;Q9BQ16-5;Q9BQ16-8;Q9BQ16-9				1.86375e+07
Q9BQS7;Q9BQS7-2;Q9BQS7-3;Q9BQS7-4	Q9BQS7;Q9BQS7-2;Q9BQS7-3;Q9BQS7-4				1.02093e+06
Q9BQT9;Q9BQT9-2	Q9BQT9;Q9BQT9-2				1.1843e+08
Q9BRA2	Q9BRA2				2.80235e+06
Q9BRK3;Q9BRK3-2;Q9BRK3-3	Q9BRK3;Q9BRK3-2;Q9BRK3-3				1.06166e+07
Q9BRK5	Q9BRK5;Q9BRK5-2;Q9BRK5-5				2.76923e+07
Q9BRR6;Q9BRR6-2	Q9BRR6;Q9BRR6-2;Q9BRR6-6				543255
Q9BS26	Q9BS26				3.22383e+06
Q9BSG5;Q9BSG5-2;Q9BSG5-3	Q9BSG5;Q9BSG5-2;Q9BSG5-3				4.39549e+06
Q9BT88	Q9BT88				2.51403e+06
Q9BTY2	Q9BTY2				2.30032e+07
Q9BU40-4;Q9BU40-5	Q9BU40;Q9BU40-3;Q9BU40-4;Q9BU40-5				9.2904e+06
Q9BUD6	Q9BUD6				3.40363e+06
Q9BUJ0	Q9BUJ0				1.1351e+07
Q9BUN1	Q9BUN1				1.76761e+07
Q9BVH7	Q9BVH7				2.77488e+06
Q9BVK6	Q9BVK6				2.88887e+06
Q9BWP8;Q9BWP8-10;Q9BWP8-2;Q9BWP8-3;Q9BWP8-4;Q9BWP8-5;Q9BWP8-6;Q9BWP8-7;Q9BWP8-8;Q9BWP8-9	Q9BWP8;Q9BWP8-10;Q9BWP8-2;Q9BWP8-3;Q9BWP8-4;Q9BWP8-5;Q9BWP8-6;Q9BWP8-7;Q9BWP8-8;Q9BWP8-9				1.35183e+06
Q9BWQ8	Q9BWQ8				2.24788e+07
Q9BWS9;Q9BWS9-2;Q9BWS9-3	Q9BWS9;Q9BWS9-2;Q9BWS9-3				6.98608e+06
Q9BX67	Q9BX67;Q9BX67-2				6.76471e+06
Q9BXJ0	Q9BXJ0				2.29014e+07
Q9BXJ1;Q9BXJ1-2	Q9BXJ1;Q9BXJ1-2				1.31179e+07
Q9BXJ3	Q9BXJ3				2.8865e+07
Q9BXJ4;Q9BXJ4-2;Q9BXJ4-3	Q9BXJ4;Q9BXJ4-2;Q9BXJ4-3				8.5322e+06
Q9BXN1	Q9BXN1				143135
Q9BXP8	Q9BXP8				2.46724e+06
Q9BXX0	Q9BXX0				3.28486e+06
Q9BY67;Q9BY67-2;Q9BY67-3;Q9BY67-4;Q9BY67-5	Q9BY67;Q9BY67-2;Q9BY67-3;Q9BY67-4;Q9BY67-5				1.18442e+08
Q9BY76;Q9BY76-2	Q9BY76;Q9BY76-2;Q9BY76-3				1.21289e+06
Q9BYC5;Q9BYC5-2	Q9BYC5;Q9BYC5-2				532975
Q9BYH1;Q9BYH1-5;Q9BYH1-6;Q9BYH1-7	Q9BYH1;Q9BYH1-2;Q9BYH1-3;Q9BYH1-4;Q9BYH1-5;Q9BYH1-6;Q9BYH1-7				1.66168e+08
Q9BZC7;Q9BZC7-2;Q9BZC7-3;Q9BZC7-4	Q9BZC7;Q9BZC7-2;Q9BZC7-3;Q9BZC7-4				4.08174e+07
Q9BZM5	Q5VY80;Q6H3X3;Q9BZM5;Q6H3X3-2;Q6H3X3-3				4.6671e+06
Q9BZR6	Q9BZR6				6.38698e+07
Q9C0A0	Q9C0A0;Q96NU0;Q9BZ76;Q9BZ76-2;Q96NU0-2;Q9C0A0-2				5.21013e+07
Q9C0C4	Q9C0C4				704327
Q9GZM5	Q9GZM5				9.60739e+07
Q9GZP0;Q9GZP0-2	Q9GZP0;Q9GZP0-2				765366
Q9GZP4;Q9GZP4-2	Q9GZP4;Q9GZP4-2				5.04917e+06
Q9GZT8;Q9GZT8-2	Q9GZT8;Q9GZT8-2				1.48809e+06
Q9GZV7	Q9GZV7				4.93664e+06
Q9GZX3	Q9GZX3				2.33842e+06
Q9GZX9	Q9GZX9				1.67554e+07
Q9H008	Q9H008;Q9H008-2				2.36307e+06
Q9H0B8;Q9H0B8-2;Q9H0B8-3;Q9H0B8-4;Q9H0B8-5	Q9H0B8;Q9H0B8-2;Q9H0B8-3;Q9H0B8-4;Q9H0B8-5				172657
Q9H0E2	Q9H0E2;Q9H0E2-2				318764
Q9H0Q3;Q9H0Q3-2	Q9H0Q3;Q9H0Q3-2				5.78716e+06
Q9H0R4;Q9H0R4-2	Q9H0R4;Q9H0R4-2				2.98239e+06
Q9H0X4;Q9H0X4-2	Q9H0X4;Q9H0X4-2				854484
Q9H156;Q9H156-2	Q9H156;Q9H156-2				4.60914e+06
Q9H159;Q9H159-2	Q9H159;Q9H159-2				2.24789e+06
Q9H173	Q9H173				4.63424e+06
Q9H1B5;Q9H1B5-2	Q9H1B5;Q9H1B5-2				2.46306e+06
Q9H1U4	Q9H1U4				1.58673e+07
Q9H1Z8	Q9H1Z8				1.40233e+08
Q9H251;Q9H251-2;Q9H251-3;Q9H251-4;Q9H251-8	Q9H251;Q9H251-2;Q9H251-3;Q9H251-4;Q9H251-8				2.62319e+06
Q9H299	Q9H299				1.08139e+07
Q9H2A7	Q9H2A7				1.87723e+07
Q9H2A9	Q9H2A9				5.28518e+06
Q9H2B2;Q9H2B2-2	Q9H2B2;Q9H2B2-2				1.36689e+07
Q9H2E6;Q9H2E6-2	Q9H2E6;Q9H2E6-2				2.16411e+07
Q9H2X0;Q9H2X0-5	Q9H2X0;Q9H2X0-5				9.94423e+06
Q9H2X8	Q9H2X8				2.13006e+06
Q9H2X9;Q9H2X9-2	Q9H2X9;Q9H2X9-2				2.45614e+06
Q9H3G5	Q9H3G5				3.11823e+07
Q9H3S1;Q9H3S1-2	Q9H3S1;Q9H3S1-2				3.17008e+06
Q9H3S3	Q9H3S3				1.30807e+06
Q9H3T2;Q9H3T2-3	Q9H3T2;Q9H3T2-2;Q9H3T2-3				1.26732e+06
Q9H3T3;Q9H3T3-3	Q9H3T3;Q9H3T3-3				4.62856e+06
Q9H3U7;Q9H3U7-2	Q9H3U7;Q9H3U7-2				242550
Q9H492;Q9H492-2	Q9GZQ8;Q9H492;A6NCE7;Q9H492-2				4.78013e+06
Q9H4A9;Q9H4A9-2	Q9H4A9;Q9H4A9-2;Q9H4A9-3				688957
Q9H4D0	Q9H4D0				1.09483e+07
Q9H4F8;Q9H4F8-2	Q9H4F8;Q9H4F8-2				7.57257e+06
Q9H5Y7	Q9H5Y7				176779
Q9H6B4	Q9H6B4				4.90449e+06
Q9H6X2;Q9H6X2-2;Q9H6X2-3;Q9H6X2-4;Q9H6X2-5;Q9H6X2-6	Q9H6X2;Q9H6X2-2;Q9H6X2-3;Q9H6X2-4;Q9H6X2-5;Q9H6X2-6				1.03892e+07
Q9H741	Q9H741				1.55372e+06
Q9H7Y0	Q9H7Y0				2.80225e+06
Q9H8J5	Q9H8J5				2.40656e+07
Q9H8L6	Q9H8L6				9.96327e+06
Q9H8Y8;Q9H8Y8-2;Q9H8Y8-3	Q9H8Y8;Q9H8Y8-2;Q9H8Y8-3				947934
Q9H9S5	Q9H9S5				3.07985e+06
Q9HAR2;Q9HAR2-2;Q9HAR2-3;Q9HAR2-4	Q9HAR2;Q9HAR2-2;Q9HAR2-3;Q9HAR2-4				1.2503e+07
Q9HAT2	Q9HAT2;Q9HAT2-2				3.08274e+07
Q9HB40	Q9HB40;Q9HB40-2				726621
Q9HBR0	Q9HBR0				1.43015e+07
Q9HBT6	Q9HBT6				4.07307e+06
Q9HBW1	Q9HBW1				4.47977e+06
Q9HC38-2	Q9HC38;Q9HC38-2;Q9HC38-3				2.81775e+06
Q9HC56;Q9HC56-2	Q9HC56;Q9HC56-2				1.63936e+07
Q9HC57	Q9HC57				1.65838e+07
Q9HCB6	Q9HCB6				1.51751e+07
Q9HCK4;Q9HCK4-2;Q9HCK4-3	Q9HCK4;Q9HCK4-2;Q9HCK4-3				7.68837e+06
Q9HCL0;Q9HCL0-2	Q9HCL0;Q9HCL0-2				1.73367e+06
Q9HCM2;Q9HCM2-2;Q9HCM2-3	Q9HCM2;Q9HCM2-2;Q9HCM2-3				596446
Q9HCU0	Q9HCU0				2.08941e+07
Q9HCU4	Q9HCU4				4.88205e+07
Q9HD45	Q9HD45				2.21818e+06
Q9HDB5	Q9HDB5;Q9Y4C0;Q9HDB5-2;Q9HDB5-4;Q9Y4C0-3				5.48693e+07
Q9HDC9;Q9HDC9-2	Q9HDC9;Q9HDC9-2				3.49237e+06
Q9NP58;Q9NP58-4	Q9NP58;Q9NP58-4				1.16552e+07
Q9NP84	Q9NP84				2.65345e+06
Q9NPC4	Q9NPC4				5.45585e+06
Q9NPG4	Q9NPG4				6.62513e+06
Q9NPH0	Q9NPH0				1.46066e+06
Q9NPH3;Q9NPH3-2;Q9NPH3-5	Q9NPH3;Q9NPH3-2;Q9NPH3-3;Q9NPH3-5				3.48633e+06
Q9NPR2;Q9NPR2-2	Q9NPR2;Q9NPR2-2				5.79202e+07
Q9NQ30	Q9NQ30				3.93131e+06
Q9NQ36;Q9NQ36-2;Q9NQ36-3	Q9NQ36;Q9NQ36-2;Q9NQ36-3				2.15566e+06
Q9NQ79;Q9NQ79-2	Q9NQ79;Q9NQ79-2;Q9NQ79-3				5.0081e+08
Q9NQS3;Q9NQS3-2;Q9NQS3-3	Q9NQS3;Q9NQS3-2;Q9NQS3-3				2.89395e+06
Q9NQX5	Q9NQX5				3.02532e+06
Q9NQX7;Q9NQX7-3	Q9NQX7;Q9NQX7-2;Q9NQX7-3				1.37904e+06
Q9NR34	Q9NR34				8.1888e+07
Q9NRB3	Q9NRB3				967863
Q9NRN5	Q9NRN5;Q9NRN5-2				2.91287e+07
Q9NRR1	Q9NRR1				2.72365e+07
Q9NRV9	Q9NRV9				579923
Q9NS00;Q9NS00-2	Q9NS00;Q9NS00-2				1.25576e+06
Q9NS84	Q9NS84				438885
Q9NS85	Q9NS85;Q9NS85-2				8.73789e+06
Q9NS98	Q9NS98				4.49293e+07
Q9NSC7	Q9NSC7				1.3955e+07
Q9NT22;Q9NT22-2	Q9NT22;Q9NT22-2				3.51927e+06
Q9NT99	Q9NT99				4.54442e+07
Q9NTU7	Q9NTU7				5.10434e+07
Q9NU53	Q9NU53				2.8971e+06
Q9NUQ9	Q9NUQ9;Q9NUQ9-2				6.17303e+06
Q9NWD8	Q9NWD8				1.16017e+06
Q9NX62	Q9NX62				1.25459e+08
Q9NXS2;Q9NXS2-3	Q9NXS2;Q9NXS2-3				4.3465e+06
Q9NY15	Q9NY15				2.69688e+06
Q9NY33	Q9NY33;Q9NY33-4				1.12683e+09
Q9NY47-2	Q9NY47;Q9NY47-2;Q9NY47-3;Q9NY47-4;Q9NY47-5				2.35145e+07
Q9NY72	Q9NY72				1.08928e+07
Q9NY97;Q9NY97-2	Q9NY97;Q9NY97-2				3.53672e+07
Q9NYQ8	Q9NYQ8				2.49438e+07
Q9NYX4	Q9NYX4				5.28558e+07
Q9NZ08;Q9NZ08-2	Q9NZ08;Q9NZ08-2				8.73167e+06
Q9NZ53	Q9NZ53;Q9NZ53-2				2.17818e+07
Q9NZ72;Q9NZ72-2	Q9NZ72;Q9NZ72-2				3.08712e+06
Q9NZ94;Q9NZ94-2;Q9NZ94-3	Q9NZ94;Q9NZ94-2;Q9NZ94-3				1.2007e+07
Q9NZC2;Q9NZC2-2;Q9NZC2-3	Q9NZC2;Q9NZC2-2;Q9NZC2-3				8.61492e+06
Q9NZK5	Q9NZK5				1.41583e+07
Q9NZN1	Q9NZN1				9.1971e+06
Q9NZP8	Q9NZP8				4.23023e+07
Q9NZR2	Q9NZR2				5.85587e+06
Q9NZU0	Q9NZU0				616918
Q9NZU1	Q9NZU1				5.64392e+06
Q9P035	Q9P035				743305
Q9P0K1;Q9P0K1-2;Q9P0K1-5	Q9P0K1;Q9P0K1-2;Q9P0K1-3;Q9P0K1-4;Q9P0K1-5				9.0473e+07
Q9P0K9	Q9P0K9				3.18034e+07
Q9P0L0;Q9P0L0-2	Q9P0L0;Q9P0L0-2				1.05745e+07
Q9P0S2	Q9P0S2				699638
Q9P121-4	Q9P121;Q9P121-3;Q9P121-2;Q9P121-4				2.6062e+08
Q9P232	Q9P232				2.64123e+07
Q9P2E7;Q9P2E7-2	Q9P2E7;Q9P2E7-2				3.08141e+07
Q9P2S2	P58401;Q9P2S2				9.66511e+07
Q9UBG0	Q9UBG0				1.97209e+07
Q9UBP4	Q9UBP4				1.51215e+09
Q9UBQ6	Q9UBQ6				4.73467e+07
Q9UBR2	Q9UBR2				4.09007e+07
Q9UBX1	Q9UBX1				3.48659e+07
Q9UBX5	Q9UBX5				6.76557e+07
Q9UBX7;Q9UBX7-1;Q9UBX7-3;Q9UBX7-4	Q9UBX7;Q9UBX7-1;Q9UBX7-3;Q9UBX7-4				6.08462e+06
Q9UBX8	Q9UBX8				47537.7
Q9UD71;Q9UD71-2	Q9UD71;Q9UD71-2				467922
Q9UEW3;Q9UEW3-2	Q9UEW3;Q9UEW3-2				3.11701e+06
Q9UF11;Q9UF11-2;Q9UF11-3;Q9UF11-4	Q9UF11;Q9UF11-2;Q9UF11-3;Q9UF11-4				1.17473e+07
Q9UF33	Q9UF33				3.67245e+06
Q9UFP1	Q9UFP1				4.35924e+06
Q9UGM5;Q9UGM5-2	Q9UGM5;Q9UGM5-2				4.01895e+06
Q9UHC6	Q9UHC6				6.18806e+07
Q9UHD9	Q9UHD9				986653
Q9UHF0-2	Q9UHF0-2				1.21215e+07
Q9UHG2	Q9NPY3;Q9UHG2				5.68088e+08
Q9UHG3;Q9UHG3-2	Q9UHG3;Q9UHG3-2				1.3107e+07
Q9UHI8	Q9UHI8				2.66894e+07
Q9UHL4	Q9UHL4				3.26314e+07
Q9UHY7	Q9UHY7;Q9UHY7-2				1.42641e+06
Q9UI15	Q9UI15				2.55928e+06
Q9UI42;Q9UI42-2	Q9UI42;Q9UI42-2				696509
Q9UIB8;Q9UIB8-2;Q9UIB8-3;Q9UIB8-4;Q9UIB8-5;Q9UIB8-6	Q9UIB8;Q9UIB8-2;Q9UIB8-3;Q9UIB8-4;Q9UIB8-5;Q9UIB8-6				3.82783e+06
Q9UIQ6;Q9UIQ6-2;Q9UIQ6-3	Q9UIQ6;Q9UIQ6-2;Q9UIQ6-3				1.10756e+06
Q9UIW2	P51805;Q9UIW2				5.29612e+06
Q9UJ14	Q9UJ14				9.41413e+06
Q9UJ37	Q9UJ37				2.87602e+06
Q9UJ90	Q9UJ90				5.25286e+06
Q9UJ99	Q9UJ99				8.51103e+06
Q9UJA9	Q9UJA9				9.03147e+06
Q9UJH8	Q9UJH8				7.25124e+06
Q9UJJ9	Q9UJJ9				2.27822e+07
Q9UJQ1;Q9UJQ1-2	Q9UJQ1;Q9UJQ1-2				2.36646e+06
Q9UK28	Q9UK28				1.90737e+06
Q9UK55	Q9UK55				1.20272e+07
Q9UK76;Q9UK76-2;Q9UK76-3	Q9UK76;Q9UK76-2;Q9UK76-3				601674
Q9UKB5	Q9UKB5				2.76177e+07
Q9UKF6	Q9UKF6				262502
Q9UKJ1-3	Q9UKJ1;Q9UKJ1-2;Q9UKJ1-3;Q9UKJ1-4				4.94666e+06
Q9UKK9	Q9UKK9				711145
Q9UKM7	Q9UKM7				2.06674e+07
Q9UKQ2;Q9UKQ2-2	Q9UKQ2;Q9UKQ2-2				5.81444e+06
Q9UKU6	Q9UKU6				7.87561e+06
Q9UKU9	Q9UKU9;Q9UKU9-2				5.54124e+06
Q9UKZ4;Q9UKZ4-2	Q9UKZ4;Q9UKZ4-2				1.31655e+06
Q9ULB1-2;Q9ULB1-3	P58400;Q9ULB1-2;Q9ULB1-3				5.81178e+07
Q9ULB4	Q9ULB4				1.63017e+07
Q9ULB5	Q9ULB5				2.2467e+06
Q9ULF5	Q9ULF5				3.80497e+07
Q9ULH4	Q9ULH4				1.80972e+07
Q9ULI3;Q9ULI3-2	Q9ULI3;Q9ULI3-2				2.55095e+07
Q9ULI4	Q9ULI4				1.54113e+06
Q9ULL4;Q9ULL4-2	Q9ULL4;Q9ULL4-2				6.58471e+06
Q9ULP0-3;Q9ULP0-6	Q9ULP0;Q9ULP0-2;Q9ULP0-3;Q9ULP0-4;Q9ULP0-5;Q9ULP0-6;Q9ULP0-7;Q9ULP0-8				3.04247e+06
Q9ULP0-5	Q9ULP0;Q9ULP0-2;Q9ULP0-4;Q9ULP0-5				328974
Q9ULX7	Q9ULX7				4.7275e+06
Q9ULZ3;Q9ULZ3-2;Q9ULZ3-3	Q9ULZ3;Q9ULZ3-2;Q9ULZ3-3				108910
Q9ULZ9;Q9ULZ9-2	Q9ULZ9;Q9ULZ9-2				2.53012e+06
Q9UM21;Q9UM21-2	Q9UM21;Q9UM21-2				320195
Q9UM22	Q9UM22;Q9UM22-3				7.86501e+07
Q9UM47	Q9UM47				5.15868e+06
Q9UMF0	Q9UMF0				4.10846e+07
Q9UMX0;Q9UMX0-2;Q9UMX0-4	Q9UMX0;Q9UMX0-2;Q9UMX0-4				277685
Q9UMX5	Q9UMX5				9.40313e+06
Q9UN36-2;Q9UN36-6	Q9UN36;Q9UN36-2;Q9UN36-3;Q9UN36-5;Q9UN36-6				3.85782e+07
Q9UN67;Q9Y5E1	Q9UN67;Q9Y5E1				899452
Q9UN70;Q9UN70-2	Q9UN70;Q9UN70-2				1.12694e+07
Q9UN72;Q9UN72-2;Q9UN75;Q9UN75-2;Q9Y5H6;Q9Y5H6-2;Q9Y5H7;Q9Y5H7-2;Q9Y5H7-3;Q9Y5H8;Q9Y5H8-2;Q9Y5I0;Q9Y5I0-2;Q9Y5I1;Q9Y5I1-2	Q9UN72;Q9Y5H8;Q9UN75;Q9Y5H6;Q9Y5H7;Q9Y5I0;Q9Y5I1;Q9UN72-2;Q9UN75-2;Q9Y5H6-2;Q9Y5H7-2;Q9Y5H7-3;Q9Y5H8-2;Q9Y5I0-2;Q9Y5I1-2				611814
Q9UNN8	Q9UNN8				1.50577e+07
Q9UNW1	Q9UNW1;Q9UNW1-4				2.78214e+07
Q9UP79	Q9UP79				3.76226e+06
Q9UPU3	Q9UPU3				6.77895e+07
Q9UQ52	Q9UQ52				1.7544e+07
Q9UQM7;Q9UQM7-2	Q9UQM7;Q9UQM7-2				1.82946e+07
Q9Y227;Q9Y227-2	Q9Y227;Q9Y227-2				2.21349e+06
Q9Y240	Q9Y240				2.2603e+07
Q9Y274	Q9Y274;Q9Y274-2				4.53359e+06
Q9Y279;Q9Y279-2	Q9Y279;Q9Y279-2;Q9Y279-3				8.26182e+06
Q9Y281;Q9Y281-3	Q9Y281;Q9Y281-3				583723
Q9Y287	Q9Y287;Q9Y287-2				2.99415e+07
Q9Y2C2	Q9Y2C2				1.36407e+06
Q9Y2E5	Q9Y2E5;Q9Y2E5-2				6.15525e+06
Q9Y2G1;Q9Y2G1-2	Q9Y2G1;Q9Y2G1-2				4.73924e+06
Q9Y2G5;Q9Y2G5-1;Q9Y2G5-2	Q9Y2G5;Q9Y2G5-1;Q9Y2G5-2				461078
Q9Y2I2;Q9Y2I2-1;Q9Y2I2-2;Q9Y2I2-4;Q9Y2I2-5;Q9Y2I2-6	Q9Y2I2;Q9Y2I2-1;Q9Y2I2-2;Q9Y2I2-4;Q9Y2I2-5;Q9Y2I2-6				2.09287e+07
Q9Y2J0;Q9Y2J0-2	Q9Y2J0;Q9Y2J0-2				8.00656e+06
Q9Y2S2;Q9Y2S2-2	Q9Y2S2;Q9Y2S2-2				274235
Q9Y2T3;Q9Y2T3-3	Q9Y2T3;Q9Y2T3-2;Q9Y2T3-3				5.17211e+07
Q9Y2V2	Q9Y2V2				92930.8
Q9Y2Z0;Q9Y2Z0-2	Q9Y2Z0;Q9Y2Z0-2				1.91249e+06
Q9Y328	Q9Y328				464177
Q9Y334;Q9Y334-2	Q9Y334;Q9Y334-2				4.25455e+06
Q9Y376	Q9Y376				620033
Q9Y3C5	Q9Y3C5				405307
Q9Y3D6	Q9Y3D6				300998
Q9Y490	Q9Y490				441529
Q9Y4C0-4	Q9HDB5-3;Q9HDB5-4;Q9Y4C0-4				1.11207e+08
Q9Y4L1	Q9Y4L1				4.07502e+07
Q9Y5E5	Q9Y5E5				2.2512e+06
Q9Y5F6-2	Q9Y5F6;Q9Y5F6-2				2.69971e+07
Q9Y5F7;Q9Y5F7-2	Q9Y5F7;Q9Y5F7-2				1.28896e+06
Q9Y5G9;Q9Y5G9-2	Q9Y5G6;Q9Y5G9;Q9Y5H0;Q9Y5H1;Q9Y5G6-2;Q9Y5G9-2;Q9Y5H0-2;Q9Y5H1-2				5.45175e+06
Q9Y5I2;Q9Y5I2-2;Q9Y5I2-3	Q9Y5I2;Q9Y5I2-2;Q9Y5I2-3				82668.2
Q9Y5I4;Q9Y5I4-2	Q9Y5I4;Q9Y5I4-2				2.06235e+07
Q9Y5L2	Q9Y5L2				1.01857e+07
Q9Y5R5;Q9Y5R5-3	Q9Y5R5;Q9Y5R5-3				907215
Q9Y5W5	Q9Y5W5				2.33865e+06
Q9Y5Y7	Q9Y5Y7				5.29913e+07
Q9Y617	Q9Y617;Q9Y617-2				5.46268e+06
Q9Y625	Q9Y625				1.39819e+06
Q9Y639;Q9Y639-1;Q9Y639-3;Q9Y639-4;Q9Y639-5	Q9Y639;Q9Y639-1;Q9Y639-3;Q9Y639-4;Q9Y639-5				1.96768e+07
Q9Y646	Q9Y646				1.30461e+08
Q9Y653;Q9Y653-2;Q9Y653-3	Q9Y653;Q9Y653-2;Q9Y653-3				3.24403e+06
Q9Y696	Q9Y696				5.54899e+07
Q9Y6C2	Q9Y6C2				4.12681e+06
Q9Y6N6	Q9Y6N6				3.65284e+06
Q9Y6N7;Q9Y6N7-2;Q9Y6N7-4	Q9Y6N7;Q9Y6N7-2;Q9Y6N7-3;Q9Y6N7-4;Q9Y6N7-5;Q9Y6N7-6				5.60403e+07
Q9Y6N8	Q9Y6N8				9.0458e+06
Q9Y6R7	Q9Y6R7				7.89803e+07
Q9Y6X5	Q9Y6X5				3.96073e+06
Q9Y6Y8;Q9Y6Y8-2	Q9Y6Y8;Q9Y6Y8-2				4.06668e+07
