Protein.Group	Protein.Ids	Protein.Names	Genes	First.Protein.Description	/fs/pool/pool-mann-projects/Johannes/Jakob_AD_CSF_data/Berlin_cohort_Sweden_mag_speclib_OBO/All_Raw/20190228_QX1_PhGe_SA_EASY12-10_Deigendesch_D3_129189776.mzML
A0A075B6H7;A0A0C4DH55;P01624	P01624;A0A075B6H7;A0A0C4DH55				3.86673e+08
A0A075B6H9	A0A075B6H9				8.7737e+06
A0A075B6I0	A0A075B6I0				1.52652e+07
A0A075B6I1	A0A075B6I1				4.52196e+06
A0A075B6I9	A0A075B6I9				5.01531e+07
A0A075B6J1;A0A0A0MRZ9	A0A075B6J1;A0A0A0MRZ9				6.56179e+06
A0A075B6K2	A0A075B6K2				630621
A0A075B6K4	A0A075B6K0;A0A075B6K4				8.57837e+06
A0A075B6K5	A0A075B6K5				4.50392e+06
A0A075B6P5;P01615	P01615;A0A075B6P5				1.77526e+08
A0A075B6R2	A0A075B6R2				1.17251e+07
A0A075B6R9;A0A0C4DH68	A0A075B6R9;A0A0C4DH68				2.18488e+07
A0A075B6S2	A0A075B6S2;A2NJV5				2.49685e+08
A0A075B6S5	A0A075B6S5;A0A0C4DH67;A0A0C4DH69				4.26442e+07
A0A087WSX0	A0A087WSX0				8.85691e+06
A0A087WSY6	A0A087WSY6				4.51083e+08
A0A087WW87;P01614	P01614;A0A087WW87				1.09366e+06
A0A0A0MRZ8;P04433	P04433;A0A0A0MRZ8				2.34526e+08
A0A0A0MS15	A0A0A0MS15				3.44144e+07
A0A0A0MT36;A0A0C4DH26	A0A0A0MT36;A0A0C4DH26				3.62344e+06
A0A0A0MT89	A0A0A0MT89				1.82082e+06
A0A0B4J1U7	A0A0B4J1U7				2.62566e+06
A0A0B4J1V0	A0A0B4J1V0				8.97905e+07
A0A0B4J1V2	A0A0B4J1V2				2.24363e+06
A0A0B4J1V6	A0A0B4J1V6				923664
A0A0B4J1X5	P01764;P01768;P01772;P01767;A0A0B4J1X5;A0A0C4DH42;P0DP02;P0DP03				1.09726e+08
A0A0B4J1Y8	A0A0B4J1Y8				2.61793e+06
A0A0B4J1Y9	A0A0B4J1Y9				3.72239e+06
A0A0C4DH24	A0A0C4DH24				6.88759e+06
A0A0C4DH25	A0A0C4DH25				7.26532e+07
A0A0C4DH30	A0A0C4DH30				308655
A0A0C4DH31	A0A0C4DH31				577325
A0A0C4DH33	A0A0C4DH33				1.19477e+06
A0A0C4DH34	A0A0C4DH34				2.21554e+07
A0A0C4DH35	A0A0C4DH35				6.91564e+06
A0A0C4DH36	A0A0C4DH36				1.41921e+07
A0A0C4DH38	A0A0C4DH38;A0A0J9YXX1				8.85918e+08
A0A0C4DH43	A0A0C4DH43				9.23608e+06
A0A0C4DH67	A0A0C4DH67				5.72816e+06
A0A0G2JMI3	A0A0G2JMI3				2.81559e+07
A0A0G2JS06	A0A0G2JS06				1.2517e+07
A0A0J9YX35	A0A0J9YX35				1.15357e+07
A0A0J9YXX1	A0A0J9YXX1				1.30474e+08
A0M8Q6	P0CG04;P0DOY2;A0M8Q6;P0CF74;B9A064;P0DOX8				1.8005e+08
A1L4H1	A1L4H1				1.79096e+06
A2RU67	A2RU67				414329
A5D6W6	A5D6W6				5.57485e+06
A6BM72;A6BM72-2;A6BM72-4	A6BM72;A6BM72-2;A6BM72-4				1.39224e+06
A6NCE7;Q9GZQ8	Q9GZQ8;A6NCE7				361359
A6NGN9	A6NGN9				8.09033e+06
A6NHG4;P30046;P30046-2	P30046;A6NHG4;P30046-2				2.09547e+06
A6NL88	A6NL88				1.4966e+06
A6NLU5	A6NLU5				2.03778e+07
A6NML5	A6NML5				2.79318e+06
A6NMY6;P07355;P07355-2	A6NMY6;P07355;P07355-2				76213
A8MTW9	A8MTW9				2.27346e+06
B4DS77;B4DS77-2;B4DS77-3	B4DS77;B4DS77-2;B4DS77-3				166670
C9JVW0	C9JVW0				5.11284e+06
I3L3R5	I3L3R5				522534
O00115;O00115-2	O00115;O00115-2				5.82879e+06
O00142;O00142-2;O00142-3;O00142-4;O00142-5;O00142-6	O00142;O00142-2;O00142-3;O00142-4;O00142-5;O00142-6				5.19984e+07
O00187;O00187-2	O00187;O00187-2				1.55651e+06
O00244	O00244				1.14494e+06
O00264	O00264;O00264-2				2.50699e+06
O00299	O00299				1.07135e+06
O00339;O00339-2;O00339-3	O00339;O00339-2;O00339-3				2.16052e+06
O00391	O00391;O00391-2				1.76595e+07
O00451	O00451;O00451-2;O00451-3				1.69984e+07
O00461	O00461				4.69427e+06
O00462	O00462				6.14453e+06
O00468-6	O00468-6;O00468-7				1.59343e+07
O00469;O00469-2;O00469-3	O00469;O00469-2;O00469-3				17267.1
O00533	O00533				6.69293e+06
O00533-2	O00533;O00533-2				1.53307e+08
O00560;O00560-2;O00560-3	O00560;O00560-2;O00560-3				1.0486e+06
O00567	O00567				287256
O00584	O00584				1.77666e+07
O00754;O00754-2	O00754;O00754-2				2.2459e+06
O14498	O14498				3.2107e+07
O14514	O14514				2.92914e+06
O14522	O14522;O14522-1				1.93275e+06
O14525;O14525-2;O14525-3	O14525;O14525-2;O14525-3				543499
O14594	O14594				3.56045e+07
O14657	O14657				85864.5
O14668;O14668-2	O14668;O14668-2				3.31592e+06
O14672	O14672				3.09488e+06
O14733;O14733-2;O14733-3;O14733-4	O14733;O14733-2;O14733-3;O14733-4				2.54532e+07
O14737;O14737-2	O14737;O14737-2				138842
O14745;O14745-2	O14745;O14745-2				954556
O14773	O14773				9.65854e+06
O14786	O14786;O14786-2;O14786-3				7.1143e+06
O14791;O14791-2	O14791;O14791-2;O14791-3				1.21846e+07
O14793	O14793				3.52431e+06
O14917;O14917-2	O14917;O14917-2				5.28372e+06
O15031	O15031				3.27121e+07
O15041;O15041-2	O15041;O15041-2				546289
O15126;O15126-2	O15126;O15126-2				101519
O15197;O15197-3	O15197;O15197-3				5.1726e+06
O15204;O15204-2	O15204;O15204-2				2.07474e+06
O15230	O15230				3.21372e+06
O15232;O15232-2	O15232;O15232-2				1.47829e+06
O15240	O15240				1.46462e+08
O15335	O15335				5.0114e+06
O15354	O15354				9.17184e+06
O15394	O15394;O15394-2				1.65018e+07
O15400;O15400-2	O15400;O15400-2				854183
O15466;O15466-2	O15466;O15466-2				1.96575e+06
O43147;O43147-2	O43147;O43147-2				1.98499e+06
O43155	O43155				505489
O43157	O43157;O43157-2;O43157-3				4.48695e+06
O43173	O43173				4.5899e+06
O43240	O43240				1.1872e+06
O43278;O43278-2	O43278;O43278-2				3.61453e+06
O43291	O43291				6.95088e+06
O43300	O43300				2.34615e+06
O43405;O43405-2	O43405;O43405-2				3.78867e+07
O43493;O43493-3;O43493-5;O43493-7	O43493;O43493-3;O43493-5;O43493-7				5.90621e+07
O43505	O43505				6.67536e+08
O43508-2	O43508;O43508-2				982984
O43529	O43529				5.71481e+06
O43556;O43556-3;O43556-4	O43556;O43556-3;O43556-4				4.88235e+06
O43567	O43567				5.50574e+06
O43581;O43581-2;O43581-3;O43581-4;O43581-5;O43581-6	O43581;O43581-2;O43581-3;O43581-4;O43581-5;O43581-6				537505
O43827	O43827				5.13186e+06
O43852;O43852-2;O43852-3;O43852-4;O43852-5;O43852-9	O43852;O43852-10;O43852-11;O43852-12;O43852-13;O43852-14;O43852-2;O43852-3;O43852-4;O43852-5;O43852-6;O43852-7;O43852-8;O43852-9				1.32468e+06
O43854;O43854-2	O43854;O43854-2				2.03236e+06
O43866	O43866				9.11442e+06
O43897;O43897-2	O43897;O43897-2				1.12892e+06
O43909	O43909				656422
O43916	O43916				1.55785e+06
O60241;O60241-2;O60241-3;O60241-4	O60241;O60241-2;O60241-3;O60241-4				8.70659e+06
O60242	O60242				3.13837e+06
O60243	O60243;O60243-2				2.23943e+06
O60245;O60245-2	O60245;O60245-2				2.6036e+06
O60279	O60279				1.27704e+07
O60291;O60291-2;O60291-3;O60291-4	O60291;O60291-2;O60291-3;O60291-4				1.49301e+06
O60449;O60449-2;O60449-3	O60449;O60449-2;O60449-3				936647
O60462;O60462-2;O60462-3;O60462-4;O60462-5	O60462;O60462-2;O60462-3;O60462-4;O60462-5;O60462-6				5.57625e+06
O60476	O60476				4.0225e+06
O60477	O60477;O60477-3				644503
O60512	O60512				619526
O60565	O60565				125177
O60568	O60568				2.97934e+06
O60613	O60613				2.02112e+06
O60741	O60741				118690
O60814;P06899;P23527;P33778;P57053;P58876;P62807;Q16778;Q5QNW6;Q5QNW6-2;Q8N257;Q93079;Q96A08;Q99877;Q99879;Q99880	O60814;P06899;P23527;P33778;P57053;P58876;P62807;Q16778;Q5QNW6;Q8N257;Q93079;Q96A08;Q99877;Q99879;Q99880;Q5QNW6-2				3.53519e+06
O60883	O60883				5.76393e+07
O60888-3	O60888;O60888-2;O60888-3				7.50464e+06
O60909;O60909-2;O60909-3	O60909;O60909-2;O60909-3				498731
O60939	O60939				3.90442e+06
O75019;O75019-2	O75019;Q8N6C8;Q8NHL6;Q8NHL6-5;O75019-2;Q8N6C8-3;Q8NHL6-2;Q8NHL6-3;Q8NHL6-4				2.16433e+06
O75051;O75051-2	O75051;O75051-2				586108
O75063	O75063				3.02941e+06
O75071	O75071				4.62438e+06
O75077;O75077-2;O75077-3	O75077;O75077-2;O75077-3				3.43044e+06
O75078	O75078;O75078-2				6.94842e+06
O75083	O75083;O75083-3				5.03895e+06
O75084;Q14332	O75084;Q14332				576336
O75144;O75144-2	O75144;O75144-2;O75144-3				1.01998e+07
O75173;O75173-2	O75173;O75173-2				1.25982e+07
O75223	O75223;O75223-3				2.2792e+07
O75326	O75326;O75326-2				3.72887e+07
O75339	O75339				772754
O75340;O75340-2	O75340;O75340-2				135293
O75347	O75347;O75347-2				1.51021e+06
O75354;O75354-2;O75354-3	O75354;O75354-2;O75354-3				1.21867e+06
O75368	O75368				3.12106e+06
O75487;O75487-2	O75487;O75487-2				874018
O75493	O75493				4.87809e+06
O75503	O75503				2.56939e+06
O75509	O75509				1.56486e+07
O75531	O75531				53354.4
O75629	O75629				390156
O75636;O75636-2	O75636;O75636-2				2.41937e+06
O75711	O75711				1.55155e+08
O75752	O75752				5.11338e+06
O75781;O75781-2	O75781;O75781-2				2.31862e+06
O75787;O75787-2	O75787;O75787-2				1.44341e+07
O75874	O75874				705585
O75882-2;O75882-3	O75882;O75882-2;O75882-3				1.63652e+07
O75884;O75884-2	O75884;O75884-2				6.6009e+06
O75973	O75973				681743
O75976	O75976				9.38143e+06
O76061	O76061				4.93951e+06
O76070	O76070				2.17547e+06
O94760	O94760;O94760-2				1.10201e+07
O94766	O94766;Q9NPZ5				1.97327e+06
O94769	O94769;O94769-2				9.11191e+06
O94772;O94772-2	O94772;O94772-2				7.25558e+07
O94779;O94779-2;O94779-4	O94779;O94779-2;O94779-4				253705
O94856-11;O94856-3;O94856-8	O94856;O94856-10;O94856-11;O94856-12;O94856-13;O94856-3;O94856-4;O94856-5;O94856-6;O94856-7;O94856-8;O94856-9				3.0802e+07
O94898	O94898				281979
O94910;O94910-2	O94910;O94910-2				1.07697e+07
O94919	O94919				4.68779e+07
O94933	O94933				2.17723e+06
O94973;O94973-2	O94973;O94973-2				331048
O94985	O94985				844669
O94985-2	O94985;O94985-2				3.07983e+08
O94991	O94991;O94991-2				4.02581e+06
O95084;O95084-2	O95084;O95084-2				3.07818e+06
O95157	O95157				1.41484e+06
O95158	O95158				1.90323e+07
O95159	O95159				1.74759e+06
O95185;O95185-2	O95185;O95185-2				2.51814e+06
O95196;O95196-2	O95196;O95196-2				7.86645e+06
O95206;O95206-2	O95206;O95206-2				4.46942e+06
O95292	O95292;Q9P0L0;O95292-2;Q9P0L0-2				3.32106e+06
O95297;O95297-2;O95297-3;O95297-4	O95297;O95297-2;O95297-3;O95297-4				689916
O95336	O95336				5.61467e+06
O95390	O95390				3.80365e+06
O95428;O95428-5;O95428-6	O95428;O95428-2;O95428-4;O95428-5;O95428-6				6.08274e+06
O95445	O95445				1.09506e+06
O95445-2	O95445;O95445-2				3.75354e+07
O95450;O95450-2	O95450;O95450-2				1.9927e+06
O95467	O95467				2.84962e+06
O95477	O95477				1.30795e+06
O95479;O95479-2	O95479;O95479-2				688996
O95490;O95490-2;O95490-3;O95490-4;O95490-5;O95490-6;O95490-7	O95490;O95490-2;O95490-3;O95490-4;O95490-5;O95490-6;O95490-7				382620
O95497	O95497				982369
O95502	O95502				1.16789e+08
O95633;O95633-2	O95633;O95633-2				2.15735e+06
O95841	O95841				455503
O95865	O95865				1.14362e+06
O95881	O95881				213002
O95897	O95897				605967
O95967	O95967				1.49454e+07
O95970;O95970-3	O95970;O95970-3				852624
O95980	O95980				1.70292e+07
O95998	O95998;O95998-4				5.02784e+06
P00338;P00338-3	P00338;P00338-3;P00338-4				1.01578e+07
P00352	P00352				1.69249e+06
P00390;P00390-2;P00390-3	P00390;P00390-2;P00390-3;P00390-4;P00390-5				3.78129e+06
P00441	P00441				4.31228e+08
P00450	P00450				3.85535e+08
P00488	P00488				1.96688e+06
P00492	P00492				3.54217e+06
P00505	P00505;P00505-2				8.94341e+06
P00533;P00533-3;P00533-4	P00533;P00533-2;P00533-3;P00533-4				1.60299e+06
P00558	P00558;P00558-2				3.33948e+07
P00568	P00568				1.32149e+06
P00734	P00734				1.1647e+08
P00736	P00736				7.74408e+07
P00738	P00738;P00738-2				7.38042e+08
P00739	P00739;P00739-2				2.75095e+08
P00740;P00740-2	P00740;P00740-2				4.18232e+06
P00742	P00742				1.69515e+07
P00746	P00746				4.20025e+07
P00747	P00747				1.25313e+08
P00748	P00748				6.98664e+07
P00751	P00751;P00751-2				1.9422e+08
P00915	P00915				89002.4
P01008	P01008				1.0291e+09
P01009	P01009;P01009-2;P01009-3				4.58408e+09
P01011	P01011				1.94592e+09
P01019	P01019				4.83259e+08
P01023	P01023				3.47745e+08
P01024	P01024				9.16372e+08
P01031	P01031				3.64434e+07
P01033	P01033				4.90685e+07
P01034	P01034				2.59482e+09
P01036;P01037	P01036;P01037				868515
P01042	P01042;P01042-2;P01042-3				2.02143e+08
P01042-2;P01042-3	P01042-2;P01042-3				2.69753e+08
P01127;P01127-2	P01127;P01127-2				2.07998e+07
P01130;P01130-2;P01130-3;P01130-4;P01130-5;P01130-6	P01130;P01130-2;P01130-3;P01130-4;P01130-5;P01130-6				578167
P01178	P01178				2.16038e+06
P01210	P01210				4.96144e+07
P01213	P01213				3.6465e+06
P01236	P01236				252576
P01258;P01258-2;P06881	P01258;P06881;P01258-2				513285
P01282;P01282-2	P01282;P01282-2				513190
P01303	P01303				4.05864e+06
P01344;P01344-2;P01344-3	P01344;P01344-2;P01344-3				1.3189e+07
P01591	P01591				8.48421e+06
P01593;P01594	P01593;P01594				2.66903e+07
P01597;P04432	P01597;P01611;P04432;A0A0C4DH72;A0A0C4DH73				4.47859e+07
P01599	P01599;A0A0C4DH72				5.09666e+06
P01601	P01601				4.47198e+06
P01602	P01602				5.38227e+06
P01619	P01619				8.83035e+08
P01700	P01700				6.04051e+07
P01701	P01701				2.05767e+07
P01704	P01704				3.1352e+06
P01705	P01704;P01705				8.66899e+06
P01706	P01706				2.0402e+06
P01709	P01706;P01709;P0DOX8				2.59885e+07
P01714	P01714				1.32759e+07
P01717	P01717				5.52574e+07
P01721	P01721				3.53705e+06
P01742	P01742				5.61237e+07
P01743	P23083;P01743;A0A0C4DH29;A0A0C4DH31;A0A0C4DH33;A0A0J9YVY3;P0DP01				1.85971e+08
P01768;P0DP03	P01768;P01772;P0DP02;P0DP03				5.85059e+07
P01780	P01780				1.47505e+08
P01814	P01814				6.24768e+06
P01817	P01817				1.1779e+07
P01833	P01833				1.21364e+06
P01834	P01834				4.02604e+07
P01857;P01857-1;P0DOX5	P01857;P01859;P0DOX5;P01857-1;P01859-1				6.80746e+09
P01859;P01859-1	P01859;P01859-1				2.02671e+09
P01860;P01860-1	P01860;P01860-1				5.64339e+07
P01861;P01861-1	P01861;P01861-1				4.6707e+08
P01871;P01871-1	P01871;P0DOX6;P01871-1				1.07842e+08
P01876;P01876-1	P01876;P01876-1				3.25746e+08
P01880;P01880-1	P01880;P01880-1				320957
P01889	P01889;P13747				5.66587e+06
P01903	P01903;P01906				1.2158e+06
P01911	P01911				3.25183e+06
P02144	P02144				3.07785e+06
P02452	P02452				2.71826e+07
P02461	P02461;P02461-2				5.45088e+06
P02462	P02462				94519.5
P02511	P02511				3.00845e+06
P02647	P02647				6.13774e+09
P02649	P02649				4.34358e+09
P02652	P02652				4.10469e+08
P02654	P02654				1.12893e+08
P02655	P02655				1.91099e+07
P02656	P02656				1.22914e+08
P02671	P02671;P02671-2				2.86521e+08
P02675	P02675				9.00179e+07
P02679;P02679-2	P02679;P02679-2				1.19628e+08
P02686;P02686-3;P02686-4;P02686-5;P02686-6	P02686;P02686-3;P02686-4;P02686-5;P02686-6				215553
P02741	P02741;P02741-2				2.19619e+06
P02743	P02743				8.24498e+06
P02745	P02745				3.431e+07
P02746	P02746				4.53878e+07
P02747	P02747				3.41074e+07
P02748	P02748				5.42505e+07
P02749	P02749				1.63448e+08
P02750	P02750				1.31934e+08
P02751;P02751-1	P02751;P02751-1;P02751-10;P02751-11;P02751-12;P02751-13;P02751-14;P02751-16;P02751-17;P02751-2;P02751-3;P02751-4;P02751-5;P02751-6;P02751-7;P02751-8;P02751-9				5.76805e+08
P02753	P02753				3.38828e+07
P02760	P02760				7.30581e+07
P02763	P02763				2.99053e+09
P02765	P02765				1.25292e+09
P02766	P02766				2.55632e+09
P02768	P02768				3.66477e+10
P02774;P02774-3	P02774;P02774-2;P02774-3				1.00716e+09
P02786	P02786				1.77748e+06
P02787	P02787				6.26473e+09
P02788;P02788-2	P02788;P02788-2				3.61752e+06
P02790	P02790				4.40432e+09
P02792	P02792				2.41123e+06
P02794	P02794				6.00956e+06
P02810	P02810				1.01787e+06
P03950	P03950				3.55912e+06
P03951;P03951-2	P03951;P03951-2				5.75021e+06
P03952	P03952				2.0665e+07
P04003	P04003				4.21853e+06
P04004	P04004				4.7281e+08
P04040	P04040				454775
P04062;P04062-2;P04062-4;P04062-5	P04062;P04062-2;P04062-4;P04062-5				3.59975e+06
P04066	P04066				5.41128e+06
P04070;P04070-2	P04070;P04070-2				1.79018e+06
P04075	P04075;P09972;P04075-2				4.11412e+07
P04080	P04080				4.35739e+06
P04085;P04085-2	P04085;P04085-2				6.92093e+06
P04114	P04114				5.30876e+07
P04156	P04156				3.12748e+08
P04179;P04179-4	P04179;P04179-2;P04179-3;P04179-4				1.07986e+07
P04180	P04180				3.20817e+07
P04196	P04196				1.64992e+08
P04216	P04216				4.04001e+08
P04217	P04217;P04217-2				3.36208e+08
P04217-2	P04217-2				597647
P04264	P04259;P04264				3.61096e+07
P04271	P04271				2.08738e+06
P04275	P04275				2.75279e+06
P04278	P04278;P04278-5				1.62111e+07
P04406	P04406;P04406-2				2.68018e+07
P04430	P04430				4.48426e+06
P04439;P04439-2	P04439;P04439-2				1.10815e+06
P04792	P04792				1.03483e+06
P04908;P0C0S8;P16104;P20671;Q16777;Q6FI13;Q7L7L0;Q93077;Q96KK5;Q96QV6;Q99878;Q9BTM1;Q9BTM1-2	P04908;P0C0S8;P16104;P20671;Q16777;Q6FI13;Q7L7L0;Q8IUE6;Q93077;Q96KK5;Q96QV6;Q99878;Q9BTM1;Q9BTM1-2				3.9212e+06
P05023;P05023-2;P05023-4	P05023;P05023-2;P05023-4				2.1617e+06
P05026;P05026-2	P05026;P05026-2				982362
P05060	P05060				3.3315e+08
P05067;P05067-11;P05067-8	P05067;P05067-4;P05067-10;P05067-11;P05067-3;P05067-5;P05067-6;P05067-7;P05067-8;P05067-9				7.54331e+08
P05090	P05090				3.83564e+09
P05107	P05107				418006
P05109	P05109				141736
P05121	P05121				433835
P05154	P05154				3.9284e+07
P05155;P05155-3	P05155;P05155-2;P05155-3				1.09793e+09
P05156	P05156				3.2104e+07
P05160	P05160				1.82919e+06
P05362	P05362				1.74709e+06
P05408;P05408-2	P05408;P05408-2				2.78042e+08
P05413	P05413				8.18106e+06
P05452	P05452				5.87557e+07
P05543	P05543				2.33604e+07
P05546	P05546				8.70107e+07
P05556;P05556-2;P05556-3;P05556-4;P05556-5	P05556;P05556-2;P05556-5;P05556-3;P05556-4				1.31487e+06
P05937	P05937;P05937-2				8.51259e+06
P06276	P06276				8.05834e+06
P06280	P06280				549443
P06307	P06307				7.62283e+06
P06310	P06310				1.55501e+08
P06312	P06312				4.33575e+07
P06331	P01824;P01825;P06331;A0A0C4DH41;P0DP06;P0DP08				7.11451e+07
P06396	P06396;P06396-2;P06396-3;P06396-4				6.34269e+08
P06396-2	P06396-2				4.49468e+06
P06681	P06681;P06681-2;P06681-3				2.86522e+07
P06702	P06702				1.01948e+06
P06703	P06703				4.31488e+06
P06727	P06727				3.80079e+08
P06733	P06733;P06733-2				1.85683e+07
P06744;P06744-2	P06744;P06744-2				5.90683e+06
P06748;P06748-2;P06748-3	P06748;P06748-2;P06748-3				1.32234e+07
P06865	P06865				1.5867e+07
P07093-2;P07093-3	P07093;P07093-2;P07093-3				6.07322e+06
P07108;P07108-2;P07108-3;P07108-4;P07108-5	P07108;P07108-2;P07108-3;P07108-4;P07108-5;P07108-6				1.63162e+07
P07195	P00338;P07195;P07864;Q6ZMR3;P00338-3;P00338-2;P00338-4;P00338-5				3.76759e+07
P07197;P07197-2	P07197;P07197-2				283662
P07225	P07225				5.10408e+07
P07237	P07237				2.12441e+06
P07307;P07307-2;P07307-3	P07307;P07307-3;P07307-2				388025
P07311	P07311				813884
P07333	P07333;P07333-2				4.6639e+07
P07339	P07339				1.59357e+08
P07357	P07357				2.41958e+07
P07358	P07358				3.06642e+07
P07359	P07359				359747
P07360	P07360				2.00268e+07
P07437;P68371	P04350;P07437;P68371				907387
P07477	P07477;Q9BYE2;Q9BYE2-2;Q9BYE2-3;Q9BYE2-6				1.41934e+07
P07492	P07492;P07492-2;P07492-3				2.36716e+06
P07585	P07585				2.52384e+07
P07602;P07602-2;P07602-3	P07602;P07602-2;P07602-3				3.84038e+07
P07686	P07686				7.08636e+06
P07711	P07711;P07711-3				2.25608e+07
P07737	P07737				2.25646e+06
P07858	P07858				3.71172e+07
P07900;P07900-2	P07900;P07900-2				1.42312e+06
P07942	P07942				4.3617e+06
P07996	P07996;P07996-2				2.12656e+06
P07998	P07998				1.83076e+07
P08123	P08123				2.43833e+07
P08133;P08133-2	P08133;P08133-2				355712
P08174;P08174-2;P08174-3;P08174-4;P08174-5;P08174-6;P08174-7	P08174;P08174-2;P08174-3;P08174-4;P08174-5;P08174-6;P08174-7				1.5516e+07
P08185	P08185				9.31122e+07
P08195;P08195-2;P08195-3;P08195-4;P08195-5	P08195;P08195-4;P08195-2;P08195-3;P08195-5				5.12686e+06
P08236;P08236-3	P08236;P08236-3				448885
P08238;Q58FF7	P08238;Q58FF7				228323
P08253	P08253;P08253-2;P08253-3				2.58424e+07
P08294	P08294				1.89998e+08
P08493-2	P08493;P08493-2				3.34192e+07
P08571	P08571				1.53305e+08
P08572	P08572				2.8462e+06
P08581;P08581-2	P08581;P08581-2				2.57197e+06
P08582	P08582;P08582-2				847720
P08603	P08603				1.83446e+08
P08637	P08637				6.95748e+06
P08670	P08670;P17661				2.40522e+06
P08697	P08697;P08697-2				1.68616e+08
P08758	P08758				2.3874e+06
P08949;P08949-2	P08949;P08949-2				22026.4
P09104	P09104;P09104-2				1.16059e+07
P09172	P09172				600820
P09211	P09211				7.86008e+06
P09382	P09382				2.04912e+07
P09417;P09417-2	P09417;P09417-2				1.32187e+07
P09455;P09455-2;P09455-3	P09455;P09455-2;P09455-3				280557
P09486	P09486				7.43965e+07
P09529	P09529				253190
P09603	P09603				3.90159e+07
P09619	P09619;P09619-2				3.01797e+06
P09622	P09622;P09622-2				5.82363e+06
P09668	P09668				1.66822e+07
P09871	P09871				8.25678e+07
P09936	P09936				3.32817e+06
P09958	P09958				1.20211e+06
P09960;P09960-4	P09960;P09960-2;P09960-3;P09960-4				834588
P09972	P09972				2.89276e+07
P0C0L4;P0C0L4-2	P0C0L4;P0C0L4-2				1.61301e+08
P0C0L5	P0C0L4;P0C0L5;P0C0L4-2				5.83608e+08
P0C6S8	P0C6S8				2.18614e+06
P0CF74	P0CG04;P0DOY2;P0DOY3;P0CF74;B9A064;P0DOX8				1.5586e+08
P0CG47;P0CG48;P62979;P62987	P0CG47;P0CG48;P62979;P62987				1.07117e+08
P0DJD7;P0DJD8;P0DJD9	P0DJD7;P0DJD8;P0DJD9				6.47335e+06
P0DJI8	P0DJI8;P0DJI9;P0DJI9-2				2.76788e+06
P0DMQ5	P0DMQ5				1.54447e+07
P0DMV8;P0DMV8-2;P0DMV9	P0DMV8;P0DMV9;P0DMV8-2				1.96146e+06
P0DOX2	P01876;P01877;P01876-1;P01877-1;P0DOX2				2.87945e+08
P0DOX3	P0DOX3				8.62913e+06
P0DOX7	P01834;P0DOX7				4.55449e+08
P0DOX8	B9A064;P0DOX8				2.1243e+08
P0DOY2;P0DOY3	P0DOY2;P0DOY3				8.84565e+08
P0DP23;P0DP24;P0DP25	P0DP23;P0DP24;P0DP25;P27482				1.90733e+06
P0DP58	P0DP58				1.64228e+08
P0DTE1	P0DTE1				1.27374e+06
P0DTE7;P0DTE8;P0DUB6	P0DTE7;P0DTE8;P0DUB6				31509.2
P10124	P10124				5.69493e+06
P10153	P10153				8.30274e+06
P10253	P10253				3.05997e+06
P10321;P10321-2	P10321;P10321-2				1.19781e+08
P10451-3	P10451-3				2.78153e+07
P10451-5	P10451;P10451-4;P10451-5				2.73415e+08
P10451;P10451-4	P10451;P10451-4				1.2195e+06
P10586;P10586-2	P10586;P23468;P10586-2;P23468-3;P23468-4;P23468-5;P23468-6;P23468-7				8.79388e+06
P10599	P10599;P10599-2				1.27868e+07
P10619;P10619-2	P10619;P10619-2				951359
P10636;P10636-2;P10636-3;P10636-4;P10636-5;P10636-6;P10636-7;P10636-8;P10636-9	P10636;P10636-8;P10636-6;P10636-2;P10636-3;P10636-4;P10636-5;P10636-7;P10636-9				856496
P10643	P10643				9.13532e+07
P10644;P10644-2	P10644;P10644-2				668022
P10645	P10645				2.59318e+08
P10721;P10721-2	P10721;P10721-2				5.39938e+06
P10745	P10745				5.84163e+06
P10768	P10768				1.22764e+06
P10909-6	P10909;P10909-4;P10909-6;P10909-2;P10909-3;P10909-5				4.01524e+09
P10915	P10915				842977
P11021	P11021				8.83482e+06
P11047	P11047				3.27717e+06
P11117	P11117				3.41635e+06
P11137;P11137-3	P11137;P11137-3				41123.2
P11142	P11142				1.11796e+07
P11215;P11215-2	P11215;P11215-2				293664
P11279	P11279;P11279-2				9.2515e+06
P11362-16	P11362;P11362-10;P11362-11;P11362-16;P11362-2;P11362-20;P11362-3;P11362-4;P11362-8;P11362-9				2.35066e+06
P11362-21;P11362-7	P11362;P11362-10;P11362-11;P11362-12;P11362-13;P11362-14;P11362-16;P11362-18;P11362-19;P11362-2;P11362-20;P11362-21;P11362-3;P11362-4;P11362-5;P11362-6;P11362-7;P11362-8;P11362-9				3.3819e+07
P11464-4	P11464-4				7.78112e+06
P11597	P11597				649184
P11717	P11717				2.56222e+06
P12107;P12107-2;P12107-3;P12107-4	P12107;P12107-2;P12107-3;P12107-4				431278
P12109	P12109				4.92871e+07
P12110	P12110;P12110-2;P12110-3				5.28181e+06
P12111	P12111;P12111-2;P12111-4				8.87314e+06
P12111-4	P12111-4				1.31014e+06
P12259	P12259				2.20553e+07
P12272;P12272-2;P12272-3	P12272;P12272-2;P12272-3				1.30023e+06
P12277	P12277				1.89221e+06
P12314;Q92637;Q92637-3	P12314;Q92637;Q92637-3				9.48066e+06
P12318;P12318-2	P12318;P31994;P31995;P12318-2;P31994-2;P31994-3;P31994-4;P31994-5;P31995-2;P31995-3;P31995-4				5.1505e+06
P12532	P12532;P12532-2				538229
P12821;P12821-2	P12821;P12821-2				1.77926e+06
P12830	P12830;P12830-2				2.33974e+06
P12955	P12955;P12955-2;P12955-3				3.58355e+06
P13284	P13284				3.16115e+06
P13385	P13385;P51864				751947
P13473;P13473-2;P13473-3	P13473;P13473-2;P13473-3				8.8967e+07
P13489	P13489				1.32959e+06
P13497;P13497-2;P13497-3;P13497-4;P13497-5;P13497-6	P13497;P13497-2;P13497-3;P13497-4;P13497-5;P13497-6				2.32866e+06
P13521	P13521				5.49031e+07
P13591	P13591;P13591-1;P13591-3;P13591-4;P13591-5;P13591-6				1.51235e+08
P13591-3	P13591-1;P13591-3;P13591-4				3.76742e+07
P13598	P13598				3.24345e+06
P13611;P13611-5	P13611;P13611-2;P13611-3;P13611-4;P13611-5				2.88202e+07
P13637;P13637-2;P13637-3	P13637;P13637-2;P13637-3				504937
P13639	P13639				359877
P13645	P13645				2.50129e+07
P13647	P13647				497267
P13667	P13667				939924
P13671	P13671				3.63054e+07
P13693	P13693;P13693-2;Q56UQ5				671950
P13796	P13796				4.1782e+06
P13797;P13797-2;P13797-3	P13797;P13797-2;P13797-3				227894
P13987;P13987-2	P13987;P13987-2				6.54261e+07
P14136	P14136				9.44573e+06
P14138;P14138-2	P14138;P14138-2				1.9374e+06
P14151;P14151-2	P14151;P14151-2				2.83245e+06
P14174	P14174				1.29457e+07
P14207	P14207				9.78069e+06
P14209	P14209;P14209-3				1.9615e+06
P14314-2	P14314;P14314-2				1.57493e+07
P14324;P14324-2	P14324;P14324-2				3.52101e+06
P14384	P14384				1.53237e+06
P14415	P14415				2.69189e+06
P14543	P14543;P14543-2				2.23844e+07
P14550	P14550				546064
P14618-2	P14618;P14618-2;P14618-3				7.76857e+07
P14618;P14618-3	P14618;P14618-3				956316
P14621	P14621				3.25315e+06
P14625	P14625;Q58FF3				1.02463e+07
P15086	P15085;P15086				1.53674e+06
P15090	P15090				1.47191e+06
P15121	P15121				909912
P15144	P15144				1.23394e+06
P15151;P15151-2;P15151-3;P15151-4	P15151;P15151-2;P15151-3;P15151-4				5.13473e+06
P15169	P15169				3.90893e+06
P15289;P15289-2	P15289;P15289-2				3.16853e+06
P15291;P15291-2	P15291;P15291-2				1.02025e+07
P15311	P15311				395135
P15328	P15328				2.67637e+06
P15502;P15502-1;P15502-10;P15502-12;P15502-13;P15502-2;P15502-4;P15502-5;P15502-6;P15502-7;P15502-9	P15502;P15502-1;P15502-10;P15502-12;P15502-13;P15502-2;P15502-4;P15502-5;P15502-6;P15502-7;P15502-9				1.52768e+06
P15509;P15509-2;P15509-3;P15509-5;P15509-7	P15509;P15509-3;P15509-2;P15509-5;P15509-7;P15509-8				2.77032e+06
P15531;P15531-2	P15531;P15531-2				2.94678e+06
P15586	P15586;P15586-2				3.8488e+06
P15848;P15848-2	P15848;P15848-2				267333
P16035	P16035				3.24734e+07
P16070;P16070-10;P16070-11;P16070-12;P16070-13;P16070-14;P16070-15;P16070-16;P16070-17;P16070-18;P16070-3;P16070-4;P16070-5;P16070-6;P16070-7;P16070-8;P16070-9	P16070;P16070-10;P16070-11;P16070-12;P16070-13;P16070-14;P16070-15;P16070-16;P16070-17;P16070-18;P16070-3;P16070-4;P16070-5;P16070-6;P16070-7;P16070-8;P16070-9				6.8996e+07
P16083	P16083				2.11925e+06
P16112;P16112-2	P16112;P16112-2;P16112-3				1.43067e+06
P16152	P16152				3.89197e+06
P16278;P16278-3	P16278;P16278-2;P16278-3				1.00369e+06
P16403	P10412;P16402;P16403				709629
P16519;P16519-2;P16519-3	P16519;P16519-2;P16519-3				2.30408e+06
P16870;P16870-2	P16870;P16870-2				1.00776e+08
P16930	P16930				1.17006e+06
P16949	P16949;P16949-2				1.14669e+07
P17050	P17050				1.68047e+06
P17066	P17066;P48741				8.98763e+06
P17174	P17174;P17174-2				3.18481e+07
P17302	P17302				610381
P17405;P17405-2;P17405-3;P17405-4	P17405;P17405-2;P17405-3;P17405-4				588825
P17600;P17600-2	P17600;P17600-2				1.22902e+06
P17677;P17677-2	P17677;P17677-2				3.80987e+06
P17813;P17813-2	P17813;P17813-2				2.30032e+06
P17900	P17900				4.78007e+07
P17931	P17931				1.49137e+06
P17936;P17936-2	P17936;P17936-2				1.17008e+07
P18065	P18065				9.33829e+07
P18075	P18075				81566.7
P18206;P18206-2	P18206;P18206-2				5.10321e+06
P18428	P18428				8.45254e+06
P18669	P15259;P18669				9.26628e+06
P19021;P19021-5;P19021-6	P19021;P19021-3;P19021-4;P19021-2;P19021-5;P19021-6				5.534e+07
P19022	P19022;P19022-2				9.46205e+07
P19256;P19256-2;P19256-3	P19256;P19256-2;P19256-3				988268
P19320	P19320;P19320-2;P19320-3				4.4151e+06
P19367;P19367-2;P19367-3;P19367-4	P19367;P52789;P19367-2;P19367-3;P19367-4				2.25823e+06
P19526	P19526				2.51623e+06
P19652	P19652				3.385e+08
P19823	P19823				6.4749e+07
P19827	P19827;P19827-2				5.84249e+07
P19835	P19835				1.18778e+06
P19961	P04746;P0DTE7;P0DTE8;P0DUB6;P19961;P19961-2;P04746-2				1.47862e+06
P20036	P20036				105250
P20062	P20062				3.46189e+07
P20138;P20138-2	P20138;P20138-2				1.31864e+06
P20340;P20340-2;Q9NRW1	P20340;Q9NRW1;P20340-2;P20340-3				419608
P20366;P20366-2	P20366;P20366-2;P20366-3;P20366-4				8.22962e+06
P20382	P20382				785418
P20396	P20396				287085
P20472	P20472				1.83382e+07
P20618	P20618				1.93326e+06
P20742	P20742;P20742-2				2.24462e+06
P20774	P20774				1.86147e+08
P20810;P20810-10;P20810-2;P20810-3;P20810-4;P20810-5;P20810-6;P20810-7;P20810-8;P20810-9	P20810;P20810-10;P20810-2;P20810-3;P20810-4;P20810-5;P20810-6;P20810-7;P20810-8;P20810-9				701310
P20827	P20827;P20827-2				1.62563e+07
P20851;P20851-2	P20851;P20851-2				774161
P20908;P20908-2	P20908;P20908-2				1.03089e+06
P20916;P20916-2;P20916-3	P20916;P20916-2;P20916-3				5.15101e+06
P20933	P20933				2.677e+07
P21246	P21246				2.56384e+06
P21291	P21291				682877
P21333;P21333-2	P21333;P21333-2				1.83446e+06
P21554	P21554				491007
P21579	P21579				3.76999e+06
P21589;P21589-2	P21589;P21589-2				402123
P21802;P21802-16;P21802-2;P21802-5;P21802-6;P21802-8	P21802;P21802-3;P21802-14;P21802-15;P21802-16;P21802-17;P21802-18;P21802-19;P21802-2;P21802-23;P21802-5;P21802-6;P21802-8				8.87782e+06
P21810	P21810				2.10455e+06
P21860;P21860-4	P21860;P21860-4				690677
P21926	P21926				1.38908e+06
P22004	P22004				1.37953e+06
P22061;P22061-2	P22061;P22061-2				1.48729e+07
P22105;P22105-1;P22105-4	P22105;P22105-1;P22105-4				2.10266e+07
P22303	P22303;P22303-2;P22303-3;P22303-4				2.02595e+06
P22304	P22304				2.47645e+07
P22352	P22352				3.62758e+07
P22392-2	P15531;P22392;O60361;P22392-2;P15531-2				4.6419e+06
P22607;P22607-2;P22607-3;P22607-4	P22607;P22607-2;P22607-3;P22607-4				1.80099e+07
P22676	P22676				865507
P22692;P22692-2	P22692;P22692-2				4.97052e+07
P22748	P22748				8.52014e+06
P22792	P22792				8.76678e+06
P22794;P22794-2	P22794;P22794-2				1.78025e+06
P22891;P22891-2	P22891;P22891-2				1.62209e+06
P22897	P22897;P22897-2				8.41429e+06
P23083	P23083				962166
P23142	P23142				2.23456e+08
P23142-4	P23142-4				1.57084e+08
P23284	P23284				2.97008e+07
P23381;P23381-2	P23381;P23381-2				989272
P23435	P23435				6.85403e+07
P23468	P23468;P23468-2;P23468-3;P23468-4;P23468-5;P23468-6;P23468-7				1.33844e+07
P23468-4	P23468-4;P23468-5;P23468-6;P23468-7				2.40498e+06
P23470;P23470-2	P23470;P23470-2				2.06167e+07
P23471;P23471-2	P23471;P23471-2;P23471-3				3.08777e+07
P23515	P23515				4.34205e+07
P23526;P23526-2	P23526;P23526-2				175117
P23528	P23528				6.13206e+06
P23560;P23560-2;P23560-3;P23560-4;P23560-5	P23560;P23560-2;P23560-3;P23560-4;P23560-5				4.91338e+06
P23582	P23582				6.22504e+07
P23588;P23588-2	P23588;P23588-2				102203
P24043	P24043				1.2295e+07
P24347	P24347				885007
P24387	P24387				73847.1
P24592	P24592				2.37652e+08
P24593	P24593				1.56494e+07
P24821;P24821-2;P24821-3;P24821-4;P24821-5;P24821-6	P24821;P24821-2;P24821-3;P24821-4;P24821-5;P24821-6				626283
P25189;P25189-2	P25189;P25189-2				6.15093e+06
P25311	P25311				1.10048e+08
P25391	P25391				565796
P25713	P25713				5.56017e+06
P25774	P25774;P25774-2				6.17891e+06
P25786;P25786-2	P25786;P25786-2				350435
P25788;P25788-2	P25788;P25788-2				123154
P26038	P26038				3.3941e+06
P26447	P26447				2.93219e+06
P26572	P26572				5.43653e+06
P26641;P26641-2	P26641;P26641-2				649303
P26885	P26885				2.03785e+06
P26927	P26927;Q2TV78;Q2TV78-2				3.42796e+06
P26992	P26992				4.51293e+07
P27169	P27169				4.72626e+07
P27658	P27658				529597
P27797	P27797				3.01259e+07
P27824;P27824-2	P27824;P27824-2;P27824-3				1.18913e+07
P28066	P28066				912869
P28072	P28072				417459
P28161;P28161-2	P28161;P28161-2				477528
P28482	P28482				629565
P28799;P28799-2	P28799;P28799-2				741726
P28827;P28827-2	P28827;P28827-2				1.02678e+06
P28838;P28838-2	P28838;P28838-2				260191
P29120;P29120-2	P29120;P29120-2				1.03144e+07
P29218;P29218-3	P29218;P29218-3;P29218-2				6.12146e+06
P29279;P29279-2	P29279;P29279-2				303293
P29323;P29323-2;P29323-3	P29323;P29323-3;P29323-2				4.92854e+06
P29401;P29401-2	P29401;P29401-2				7.87915e+06
P29622	P29622				5.00207e+07
P29762	P29762				966586
P29966	P29966				1.04106e+07
P30041	P30041				2.98167e+06
P30047;P30047-2	P30047;P30047-2				376606
P30048;P30048-2	P30048;P30048-2				818263
P30086	P30086				3.49487e+07
P30101	P30101				3.32993e+07
P30530;P30530-2	P30530;P30530-2				1.63469e+07
P30711	P30711				126955
P30740	P30740				1.67194e+06
P30990	P30990				1.24371e+06
P31146	P31146				1.53209e+06
P31150	P31150				7.82666e+06
P31153;P31153-2	P31153;P31153-2				500492
P31321	P31321				840417
P31937	P31937				198554
P31946;P31946-2	P31946;P31946-2				2.06838e+06
P31948;P31948-2;P31948-3	P31948;P31948-2;P31948-3				154074
P31949	P31949				205248
P32004;P32004-2;P32004-3	P32004;P32004-2;P32004-3				9.02494e+06
P32119	P32119				1.38883e+07
P32926	P32926				537793
P32971	P32971				202551
P33151	P33151;P33151-2				1.78877e+07
P33908	P33908				1.14534e+08
P34059	P34059				4.31484e+06
P34096	P34096				5.68004e+06
P34741	P34741				931596
P34949;P34949-2	P34949;P34949-2				691204
P35030;P35030-2;P35030-3;P35030-4;P35030-5	P35030;P35030-2;P35030-3;P35030-4;P35030-5				2.41833e+06
P35052	P35052				1.31926e+07
P35080	P35080				1.26785e+06
P35237	P35237				2.14692e+06
P35318	P35318				4.92252e+06
P35442	P07996;P35442;P07996-2				3.23777e+06
P35443	P35443				9.87272e+06
P35475;P35475-2	P35475;P35475-2				808151
P35527	P35527				636818
P35542	P35542				7.24101e+07
P35555	P35555				4.55757e+06
P35590	P35590;P35590-2;P35590-3				1.62638e+06
P35613;P35613-2	P35613;P35613-2;P35613-3;P35613-4				5.6776e+06
P35625	P35625				442534
P35754	P35754				1.69028e+06
P35858;P35858-2	P35858;P35858-2				1.57814e+07
P35908	P35908				2.38699e+07
P35968;P35968-2;P35968-3	P35968;P35968-2;P35968-3				1.74485e+06
P36222	P36222				1.0907e+08
P36269;P36269-2;P36269-3	P36269;P36269-2;P36269-3				67298.8
P36871	P36871;P36871-2				1.40351e+07
P36888;P36888-2	P36888;P36888-2				434368
P36955	P36955				6.95698e+08
P36957	P36957;P36957-2				4.59263e+07
P36980	P36980				2.08108e+07
P37173;P37173-2	P37173;P37173-2				2.13513e+06
P37235;P61601;P84074	P37235;P61601;P84074				105815
P37802;P37802-2	P37802;P37802-2				948144
P37837;P37837-2	P37837;P37837-2				2.46816e+07
P37840;P37840-2	P37840;P37840-2				257094
P38571;P38571-2	P38571;P38571-2				2.12487e+06
P39059	P39059				5.98764e+06
P39060;P39060-1;P39060-2	P39060;P39060-1;P39060-2				4.59273e+07
P39748;P39748-2	P39748;P39748-2				2.03268e+06
P40121;P40121-2	P40121;P40121-2				476928
P40189	P40189;P40189-3				1.50156e+08
P40925;P40925-3	P40925;P40925-2;P40925-3				3.3902e+07
P40926	P40926;P40926-2				3.63711e+06
P40967;P40967-2;P40967-4;P40967-5	P40967;P40967-2;P40967-4;P40967-5				269653
P41159	P41159				45786.6
P41217;P41217-2;P41217-3	P41217;P41217-2;P41217-3				4.12341e+06
P41222	P41222				6.08942e+09
P41271;P41271-2	P41271;P41271-2				6.65502e+07
P42262;P42262-2;P42262-3	P42262;P42262-2;P42262-3;P42262-4				4.1572e+06
P42658;P42658-2	P42658;P42658-2				4.85686e+06
P42785	P42785;P42785-2				1.15289e+07
P42857;P42857-2	P42857;P42857-2				2.0804e+06
P43004;P43004-2;P43004-3	P43004;P43004-2;P43004-3				425582
P43121	P43121;P43121-2				5.33377e+07
P43146	P43146				1.07803e+07
P43234	P43234				4.30945e+06
P43251;P43251-2;P43251-3;P43251-4	P43251;P43251-2;P43251-3;P43251-4				6.98339e+07
P43652	P43652				1.17514e+08
P45877	P45877				6.96468e+06
P46459	P46459				2.81082e+06
P47755;P47755-2	P47755;P52907;P47755-2				878533
P47972	P47972				1.33081e+07
P48058;P48058-2	P48058;P48058-2				1.5303e+07
P48061;P48061-2;P48061-3;P48061-4;P48061-5;P48061-6	P48061;P48061-2;P48061-3;P48061-4;P48061-5;P48061-6				4.24005e+07
P48147	P48147				898304
P48163	P48163				775627
P48539	P48539				4.82162e+06
P48551;P48551-2;P48551-3	P48551;P48551-2;P48551-3				144229
P48634;P48634-2;P48634-3;P48634-4	P48634;P48634-2;P48634-3;P48634-4				3.54167e+06
P48637	P48637				3.15868e+06
P48723	P48723				5.25908e+06
P48740-2;P48740-4	P48740-2;P48740-4				5.68506e+06
P48740-3	P48740-3				1.12492e+07
P48745	P48745				1.18843e+06
P49221	P49221				1.05372e+07
P49257	P49257				6.17901e+06
P49418;P49418-2	P49418;P49418-2				1.51354e+06
P49588;P49588-2	P49588;P49588-2				36742.6
P49641	P49641;P49641-1;P49641-2				3.12009e+07
P49747;P49747-2	P49747;P49747-2				1.96309e+06
P49767	P49767				902668
P49862;P49862-2	P49862;P49862-2				842413
P49908	P49908				1.84092e+07
P50238	P50238				4.62275e+06
P50281	P50281				4.32511e+06
P50395	P50395;P50395-2				1.34306e+06
P50502	P50502;Q8IZP2				1.08825e+06
P50895	P50895				3.59892e+06
P50897	P50897;P50897-2				1.24541e+06
P50993	P05023;P13637;P20648;P50993;P05023-2;P05023-3;P05023-4;P13637-2;P13637-3				1.76098e+06
P51512;P51512-2	P51512;P51512-2				515816
P51688	P51688				877130
P51693	P51693;P51693-2				6.03007e+08
P51693-2	P51693-2				7.18647e+06
P51812	P51812;Q15418;Q15418-2;Q15418-3;Q15418-4				1.03885e+06
P51884	P51884				6.36129e+07
P51888	P51888				3.27865e+07
P52209;P52209-2	P52209;P52209-2				175204
P52565;P52565-2	P52565;P52565-2				3.9915e+06
P52566	P52566				1.02439e+06
P52758	P52758				2.1898e+06
P52797	P52797				1.02073e+06
P52799	P52799				5.5722e+06
P52803	P52803				1.04896e+07
P52848	P52848;P52848-3				1.24266e+06
P52943;P52943-2	P52943;P52943-2				433094
P53004	P53004				453076
P53041	P53041				1.13514e+06
P53634	P53634				3.51631e+06
P54253	P54253				8.10035e+08
P54289-2;P54289-3	P54289;P54289-2;P54289-3;P54289-4;P54289-5				4.09828e+07
P54652	P54652				850355
P54709;P54709-2	P54709;P54709-2				143286
P54725;P54725-2;P54725-3	P54725;P54727;P54725-2;P54725-3				3.47714e+06
P54764	P54764;P54764-2				3.26785e+07
P54802	P54802				8.18056e+06
P54803	P54803;P54803-3;P54803-4;P54803-5				1.29418e+06
P55056	P55056				329253
P55058	P55058;P55058-2;P55058-3;P55058-4				2.54372e+08
P55083;P55083-2	P55083;P55083-2				1.72692e+07
P55087;P55087-2	P55087;P55087-2				2.41182e+06
P55268	P55268				2.90257e+06
P55283;P55283-2	P55283;P55283-2				9.04511e+06
P55285;P55285-2	P55285;P55285-2				5.17889e+06
P55286	P55286				5.34363e+06
P55287;P55287-2	P55287;P55287-2				3.78807e+06
P55290;P55290-4	P55290;P55290-2;P55290-3;P55290-4;P55290-5				8.13464e+07
P55291	P55291				6.55268e+06
P55774	P55774				640572
P55786	P55786;A6NEC2;P55786-2				3.04328e+06
P55854;P55854-2;P61956;P61956-2;Q6EEV6	P55854;P61956;Q6EEV6;P55854-2;P61956-2				565336
P55899	P55899				76513.9
P55957;P55957-2	P55957;P55957-2;P55957-4				427801
P56159;P56159-2	P56159;P56159-2				4.48252e+06
P56817;P56817-2	P56817;P56817-2;P56817-3;P56817-4				1.84832e+06
P57087;P57087-3	P57087;P57087-2;P57087-3				2.43029e+06
P58215	P58215				661578
P58335;P58335-2;P58335-3;P58335-4	P58335;P58335-2;P58335-3;P58335-4				176399
P58400	P58400;P58400-1				7.09918e+06
P58401	P58401				3.36064e+06
P58417	O95156;P58417				2.9078e+07
P60174;P60174-3	P60174;P60174-3;P60174-4				1.85108e+07
P60520	O95166;P60520;Q9H0R8;Q9H0R8-2				675058
P60660;P60660-2	P60660;P60660-2				879597
P60709;P63261	P60709;P63261				8.57773e+07
P60983	P60983				5.07698e+06
P61018;P61018-2	P61018;P61018-2				2.68632e+06
P61026	P51153;P59190;P61006;P61026;P62820;Q92930;Q9H0U4;Q92928;P61006-2;P62820-2;P62820-3;P59190-2				522600
P61077;P61077-2;P61077-3;P62837;P62837-2	P61077;P62837;P62837-2;P61077-2;P61077-3				722019
P61088	P61088				1.22117e+06
P61106	P61106				857826
P61158;Q9P1U1;Q9P1U1-2	P61158;Q9P1U1;Q9C0K3;Q9P1U1-2;Q9P1U1-3				353727
P61204;P61204-2;P84077;P84085	P18085;P61204;P84077;P84085;P61204-2				424480
P61278	P61278				2.85054e+07
P61604	P61604				474706
P61626	P61626				3.9943e+07
P61769	P61769				1.71102e+09
P61812;P61812-2	P61812;P61812-2				99502.3
P61916	P61916;P61916-2				1.10961e+08
P61970	P61970				8.34677e+06
P61978;P61978-2;P61978-3	P61978;P61978-2;P61978-3				14660.1
P61981	P61981				1.18024e+07
P62258;P62258-2	P62258;P62258-2				7.41776e+06
P62328	P62328;P63313				1.489e+07
P62805	P62805				4.33906e+06
P62873;P62873-2;P62879;P62879-2;Q9HAV0	P62873;P62879;Q9HAV0;P62873-2;P62879-2				478873
P62937	P62937				1.02714e+07
P62942	P62942				2.49874e+06
P62993	P62993;P62993-2				1.70214e+06
P63010;P63010-2;P63010-3	P63010;P63010-2;Q10567;Q10567-3;P63010-3;Q10567-2;Q10567-4				4.13723e+06
P63104	P63104;P63104-2				7.65958e+06
P63208	P63208;P63208-2				2.77124e+06
P63302	P63302				1.47866e+06
P67936	P06753;P07951;P09493;P09493-10;P67936;P07951-2;P09493-5;P06753-2;P06753-3;P09493-2;P09493-3;P09493-4;P09493-6;P09493-7;P09493-8;P09493-9;P06753-4;P06753-5;P06753-6;P07951-3;P67936-2				890707
P68032	P62736;P63267;P68032;P68133				4.69882e+06
P68036;P68036-2;P68036-3	P68036;A0A1B0GUS4;P68036-2;P68036-3				989575
P68104;Q05639;Q5VTE0	P68104;Q05639;Q5VTE0				620247
P68363;Q71U36;Q71U36-2;Q9BQE3	P0DPH7;P0DPH8;P68363;P68366;Q6PEY2;Q71U36;Q9BQE3;P0DPH7-2;P68363-2;P68366-2;Q71U36-2				339824
P68402	P68402				82090.4
P68431;P84243;Q16695;Q5TEC6;Q6NXT2;Q71DI3	P68431;P84243;Q16695;Q6NXT2;Q71DI3;Q5TEC6				1.37593e+06
P68871	P02042;P68871				8.47419e+06
P69849;Q15155;Q5JPE7;Q5JPE7-2	P69849;Q15155;Q5JPE7;Q5JPE7-2;Q5JPE7-3				661239
P69905	P69905				2.188e+06
P78310;P78310-2;P78310-5;P78310-6;P78310-7	P78310;P78310-2;P78310-4;P78310-5;P78310-6;P78310-7				1.07123e+06
P78324;P78324-2	P78324;Q9P1W8;Q5TFQ8;P78324-2;P78324-4;Q9P1W8-2;Q9P1W8-3;Q9P1W8-4				5.67292e+07
P78330	P78330				360712
P78417	P78417;P78417-3				3.18218e+06
P78504	P78504				1.161e+06
P78509;P78509-2	P78509;P78509-2;P78509-3				2.6623e+07
P78536;P78536-2	P78536;P78536-2				710638
P78539;P78539-2;P78539-3;P78539-5	P78539;P78539-2;P78539-3;P78539-4;P78539-5				3.98497e+06
P80108	P80108				6.49915e+06
P80188;P80188-2	P80188;P80188-2				1.53502e+06
P80303;P80303-2	P80303;P80303-2				4.4973e+06
P80404	P80404				446597
P80723	P80723;P80723-2				1.04567e+07
P80748	P80748				5.37694e+07
P81605;P81605-2	P81605;P81605-2				1.56399e+06
P82987;P82987-2	P82987;P82987-2				319890
P84157-2	P84157;P84157-2;P84157-3				487470
P98095;P98095-2	P98095;P98095-2				6.70915e+06
P98153;P98153-2;P98153-3	P98153;P98153-2;P98153-3				2.7757e+06
P98155;P98155-2	P98155;P98155-2				319912
P98160	P98160				3.90815e+07
P98172	P98172				895558
P98173;P98173-2;P98173-3	P98173;P98173-2;P98173-3				1.49459e+06
P99999	P99999				2.69144e+06
Q00973	Q00973;Q00973-2;Q00973-3				3.10447e+06
Q01459	Q01459				1.7421e+07
Q01469	Q01469				7.99809e+06
Q01973;Q01973-3;Q01974	Q01973;Q01974;Q01973-3				269760
Q01995	Q01995				9.30273e+06
Q02246	Q02246				2.75797e+07
Q02487;Q02487-2	Q02487;Q02487-2				6.56781e+06
Q02790	Q02790				147344
Q02809;Q02809-2	Q02809;Q02809-2				3.59709e+06
Q02818	Q02818				2.66701e+07
Q02985;Q02985-2	Q02985;Q92496;Q02985-2;Q92496-2;Q92496-3				2.88521e+06
Q03167;Q03167-2	Q03167;Q03167-2				1.12158e+07
Q04721	Q04721				2.23525e+06
Q04756	Q04756				2.17378e+06
Q04760;Q04760-2	Q04760;Q04760-2				4.05466e+06
Q04917	Q04917				1.92389e+06
Q05193;Q05193-2;Q05193-3;Q05193-5	Q05193;Q05193-2;Q05193-3;Q05193-5				309501
Q05707;Q05707-2	Q05707;Q05707-2;Q05707-3				2.19577e+06
Q05996;Q05996-2	Q05996;Q05996-2				6.53822e+07
Q06033;Q06033-2	Q06033;Q06033-2				8.85139e+06
Q06418	Q06418				6.15246e+06
Q06481	Q06481;Q06481-3;Q06481-6				7.4178e+07
Q06828	Q06828				2.23535e+07
Q06830	Q06830				1.06741e+07
Q07092;Q07092-2	Q07092;Q07092-2				1.99568e+06
Q07507	Q07507				2.03254e+06
Q07954	Q07954				8.21047e+06
Q08174-2	Q08174;Q08174-2				9.76235e+06
Q08209;Q08209-2;Q08209-3;Q08209-5	Q08209;Q08209-2;Q08209-3;Q08209-5				2.87278e+07
Q08345;Q08345-5	Q08345;Q08345-2;Q08345-4;Q08345-5;Q08345-6				3.49867e+07
Q08380	Q08380				1.01737e+08
Q08397	Q08397				1.10199e+06
Q08431;Q08431-4	Q08431;Q08431-3;Q08431-4				5.16084e+06
Q08554;Q08554-2	Q08554;Q08554-2				5.34616e+06
Q08629	Q08629				9.16352e+06
Q08ET2	O15389;Q08ET2				1.02467e+07
Q09327	Q09327				1.07287e+06
Q09328	Q09328				2.74064e+06
Q0P6D2	Q0P6D2				9.07225e+06
Q10469	Q10469				9.44622e+06
Q10471	Q10471				1.01088e+07
Q10472	Q10472				7.75222e+06
Q10567;Q10567-2;Q10567-3	Q10567;Q10567-3;Q10567-2				118421
Q10588	Q10588;Q10588-2				4.22951e+06
Q10589;Q10589-2	Q10589;Q10589-2				234667
Q11201	Q11201				374245
Q12765;Q12765-2;Q12765-3	Q12765;Q12765-2;Q12765-3				757773
Q12794;Q12794-2;Q12794-7	Q12794;Q12794-2;Q12794-4;Q12794-7				1.89125e+06
Q12797;Q12797-10	Q12797;Q12797-10				2.68418e+06
Q12805;Q12805-2;Q12805-3;Q12805-4;Q12805-5	Q12805;Q12805-2;Q12805-3;Q12805-4;Q12805-5				2.17615e+08
Q12841;Q12841-2	Q12841;Q12841-2				6.95294e+06
Q12860	Q12860;Q12860-2				9.21171e+07
Q12866	Q12866				1.31708e+06
Q12907	Q12907				6.50943e+07
Q12913;Q12913-3	Q12913;Q12913-2;Q12913-3				1.81588e+06
Q13093	Q13093				545935
Q13103	Q13103				621404
Q13145	Q13145				635463
Q13201;Q13201-2	Q13201;Q13201-2				149412
Q13214;Q13214-2	Q13214;Q13214-2				3.18109e+06
Q13217	Q13217				2.48186e+06
Q13228;Q13228-4	Q13228;Q13228-2;Q13228-3;Q13228-4				1.42029e+07
Q13231;Q13231-3;Q13231-4	Q13231;Q13231-2;Q13231-3;Q13231-4				1.80067e+06
Q13232	Q13232				974412
Q13275-2	Q13275;Q13275-2				801722
Q13332-7	Q13332-2;Q13332-6;Q13332-7				1.44247e+06
Q13332;Q13332-3;Q13332-4	Q13332;Q13332-2;Q13332-3;Q13332-4;Q13332-5;Q13332-6;Q13332-7				1.99835e+07
Q13361;Q13361-2	Q13361;Q13361-2				145994
Q13404;Q13404-1;Q13404-2;Q13404-6;Q13404-7	Q13404;Q13404-1;Q13404-2;Q13404-6;Q13404-7				1.49167e+06
Q13421-2;Q13421-3;Q13421-4	Q13421;Q13421-2;Q13421-3;Q13421-4				1.33629e+06
Q13433	Q13433				616206
Q13443;Q13443-2	Q13443;Q13443-2				4.04246e+06
Q13444;Q13444-10;Q13444-12;Q13444-2;Q13444-3;Q13444-4;Q13444-5;Q13444-6;Q13444-7;Q13444-8;Q13444-9	Q13444;Q13444-2;Q13444-10;Q13444-11;Q13444-12;Q13444-3;Q13444-4;Q13444-5;Q13444-6;Q13444-7;Q13444-8;Q13444-9				2.71015e+06
Q13449	Q13449				2.35041e+08
Q13508;Q13508-2;Q13508-3	Q13508;Q13508-2;Q13508-3				1.21337e+07
Q13510;Q13510-2	Q13510;Q13510-2;Q13510-3				8.60788e+06
Q13519;Q13519-2	Q13519;Q13519-2				3.66671e+06
Q13554;Q13554-2;Q13554-3;Q13554-4;Q13554-5;Q13554-7;Q13554-8	Q13554;Q13554-3;Q13554-2;Q13554-4;Q13554-5;Q13554-6;Q13554-7;Q13554-8				5.55812e+06
Q13555;Q13555-10;Q13555-11;Q13555-2;Q13555-3;Q13555-4;Q13555-5;Q13555-6;Q13555-7;Q13555-8;Q13555-9	Q13555;Q13555-5;Q13555-10;Q13555-11;Q13555-2;Q13555-3;Q13555-4;Q13555-6;Q13555-7;Q13555-8;Q13555-9				2.42307e+06
Q13557;Q13557-10;Q13557-11;Q13557-12;Q13557-3;Q13557-4;Q13557-5;Q13557-6;Q13557-8;Q13557-9	Q13557;Q13557-8;Q13557-10;Q13557-11;Q13557-12;Q13557-3;Q13557-4;Q13557-5;Q13557-6;Q13557-9				3.5344e+06
Q13591	Q13591				204063
Q13634;Q13634-2	Q13634;Q13634-2				1.48023e+07
Q13641	Q13641				1.99361e+06
Q13683;Q13683-10;Q13683-3;Q13683-7;Q13683-9	Q13683;Q13683-10;Q13683-13;Q13683-3;Q13683-7;Q13683-9				4.09531e+06
Q13740;Q13740-2	Q13740;Q13740-2;Q13740-3				2.48686e+07
Q13790	Q13790				4.53186e+06
Q13822-3	Q13822;Q13822-3				2.40737e+08
Q13867	Q13867				3.55582e+06
Q14019	Q14019				3.78698e+06
Q14112;Q14112-2	Q14112;Q14112-2				4.68789e+06
Q14114;Q14114-2;Q14114-3;Q14114-4	Q14114;Q14114-3;Q14114-2;Q14114-4				1.28576e+06
Q14118	Q14118				1.42339e+08
Q14126	Q14126				3.85069e+06
Q14165	Q14165				4.83064e+06
Q14213	Q14213				1.32715e+06
Q14242;Q14242-2	Q14242;Q14242-2				963058
Q14257;Q14257-2	Q14257;Q14257-2				3.00183e+06
Q14314	Q14314				6.8089e+06
Q14315;Q14315-2	Q14315;Q14315-2				2.14446e+06
Q14393;Q14393-1;Q14393-3;Q14393-4;Q14393-5	Q14393;Q14393-1;Q14393-3;Q14393-4;Q14393-5				6.65528e+06
Q14515	Q14515;Q14515-2				2.97804e+08
Q14517	Q14517				1.59679e+06
Q14520;Q14520-2	Q14520;Q14520-2				1.75361e+07
Q14563	Q14563				994519
Q14566	Q14566				2.56442e+06
Q14574;Q14574-2	Q14574;Q14574-2				2.31153e+06
Q14596;Q14596-2	Q14596;Q14596-2				322897
Q14624	Q14624				8.22808e+07
Q14624-2;Q14624-3;Q14624-4	Q14624-2;Q14624-3;Q14624-4				2.98262e+07
Q14696	Q14696				1.3282e+06
Q14697;Q14697-2	Q14697;Q14697-2				1.05387e+07
Q14766	Q14766;Q14766-4				4.51563e+06
Q14767	Q14767				6.40248e+06
Q14894	Q14894				2.64272e+06
Q14956;Q14956-2	Q14956;Q14956-2				1.04941e+06
Q14982;Q14982-2;Q14982-3;Q14982-4	Q14982;Q14982-2;Q14982-3;Q14982-4				2.55073e+07
Q14C87	Q14C87;Q14C87-2				3.46962e+06
Q14CZ8	Q14CZ8				5.66074e+06
Q14DG7	Q14DG7;Q14DG7-2				2.95018e+06
Q15063;Q15063-3;Q15063-5	Q15063;Q15063-2;Q15063-3;Q15063-4;Q15063-5;Q15063-6;Q15063-7				532896
Q15084;Q15084-2;Q15084-3;Q15084-4;Q15084-5	Q15084;Q15084-2;Q15084-3;Q15084-4;Q15084-5				1.6824e+06
Q15113	Q15113				5.85571e+07
Q15121;Q15121-2	Q15121;Q15121-2				195150
Q15149;Q15149-2;Q15149-3;Q15149-4;Q15149-5;Q15149-6;Q15149-7;Q15149-8;Q15149-9	Q15149;Q15149-2;Q15149-3;Q15149-4;Q15149-5;Q15149-6;Q15149-7;Q15149-8;Q15149-9				5.42673e+06
Q15165;Q15165-1;Q15165-3	Q15165;Q15165-1;Q15165-3				108364
Q15166	Q15166				1.5024e+07
Q15223;Q15223-2;Q15223-3	Q15223;Q15223-2;Q15223-3				2.11486e+07
Q15256	Q15256;Q15256-5				2.78389e+06
Q15257;Q15257-2;Q15257-3	Q15257;Q15257-2;Q15257-3				645070
Q15262;Q15262-2;Q15262-3;Q15262-4	Q15262;Q15262-2;Q15262-3;Q15262-4				3.05674e+06
Q15293	Q15293;Q15293-2				2.93275e+06
Q15303;Q15303-2;Q15303-3;Q15303-4	Q15303;Q15303-2;Q15303-3;Q15303-4				1.85394e+06
Q15375;Q15375-2;Q15375-4	Q15375;Q15375-2;Q15375-4				2.42685e+06
Q15435;Q15435-2	Q15435;Q15435-2;Q15435-3;Q15435-4;Q15435-5				223203
Q15459;Q15459-2	Q15459;Q15459-2				1.26241e+06
Q15465	Q15465				1.98262e+06
Q15493;Q15493-2	Q15493;Q15493-2				189898
Q15582	Q15582				3.20671e+07
Q15768	Q15768				2.65917e+06
Q15782;Q15782-6	Q15782;Q15782-6				2.4429e+06
Q15818	Q15818				7.45974e+07
Q15819	Q15819				2.57431e+06
Q15828	Q15828				3.83277e+06
Q15846	Q15846				1.07363e+06
Q15847	Q15847				398162
Q15848	Q15848				8.69946e+06
Q15904	Q15904				2.07093e+08
Q16143	Q16143				1.38517e+06
Q16270	Q16270;Q16270-2				9.32129e+07
Q16288;Q16288-2;Q16288-3;Q16288-4;Q16288-5	Q16288;Q16288-2;Q16288-3;Q16288-4;Q16288-5				5.04364e+06
Q16363;Q16363-2	Q16363;Q16363-2				1.10917e+06
Q16394	Q16394				650915
Q16531	Q16531				1.87421e+06
Q16555;Q16555-2	Q16555;Q16555-2				1.90946e+06
Q16568	Q16568				2.82449e+06
Q16581	Q16581				2.71195e+06
Q16610;Q16610-4	Q16610;Q16610-2;Q16610-3;Q16610-4				9.65492e+07
Q16620;Q16620-2;Q16620-3;Q16620-4;Q16620-5;Q16620-6	Q16620;Q16620-2;Q16620-3;Q16620-4;Q16620-5;Q16620-6				3.10203e+06
Q16627;Q16627-2	Q16627;Q16627-2				791369
Q16651	Q16651;Q16651-2				647554
Q16653;Q16653-10;Q16653-11;Q16653-13;Q16653-2;Q16653-3;Q16653-5;Q16653-6;Q16653-7;Q16653-8;Q16653-9	Q16653;Q16653-10;Q16653-11;Q16653-13;Q16653-2;Q16653-3;Q16653-5;Q16653-6;Q16653-7;Q16653-8;Q16653-9				1.0621e+07
Q16658	Q16658				1.11635e+06
Q16674	Q16674				1.34452e+07
Q16706	Q16706				7.68181e+06
Q16769	Q16769				3.96944e+07
Q16775;Q16775-2	Q16775;Q16775-2				315904
Q16799	Q16799;Q16799-2				1.26631e+06
Q16849	Q16849;Q16849-3;Q16849-2				3.27495e+07
Q16853;Q16853-2	Q16853;Q16853-2				1.16173e+06
Q16880	Q16880				1.00257e+07
Q16881;Q16881-2;Q16881-3;Q16881-4;Q16881-5;Q16881-6;Q16881-7	Q16881;Q16881-4;Q16881-5;Q16881-2;Q16881-3;Q16881-6;Q16881-7				831216
Q16891;Q16891-2;Q16891-3;Q16891-4	Q16891;Q16891-2;Q16891-3;Q16891-4				629262
Q24JP5;Q24JP5-2	Q24JP5;Q24JP5-2;Q24JP5-3				3.07141e+07
Q2TAL6	Q2TAL6				1.29259e+06
Q2TBF2;Q2TBF2-2	Q2TBF2;Q2TBF2-2				851028
Q2UY09	Q2UY09;Q2UY09-2;Q2UY09-3				1.60754e+06
Q495W5;Q495W5-2	Q495W5;Q495W5-2				2.876e+06
Q496H8	Q496H8				117978
Q4G0I0	Q4G0I0				265880
Q4G148;Q4G148-2	Q4G148;Q4G148-2				780117
Q4KWH8;Q4KWH8-3;Q4KWH8-4	Q4KWH8;Q4KWH8-2;Q4KWH8-3;Q4KWH8-4				4.5505e+06
Q4ZHG4;Q4ZHG4-2	Q4ZHG4;Q4ZHG4-2				104553
Q504Y0;Q504Y0-2;Q504Y0-3;Q504Y0-4;Q504Y0-5	Q504Y0;Q504Y0-2;Q504Y0-3;Q504Y0-4;Q504Y0-5				327194
Q53EL9;Q53EL9-3	Q53EL9;Q53EL9-2;Q53EL9-3				1.53855e+09
Q53H76;Q53H76-2;Q53H76-3;Q53H76-4	Q53H76;Q53H76-2;Q53H76-3;Q53H76-4				576196
Q53RD9;Q53RD9-2;Q53RD9-4	Q53RD9;Q53RD9-2;Q53RD9-3;Q53RD9-4				6.04797e+06
Q562R1	Q562R1				4.63636e+07
Q58EX2;Q58EX2-2;Q58EX2-3;Q58EX2-4	Q58EX2;Q58EX2-2;Q58EX2-3;Q58EX2-4				660975
Q5BIV9	Q5BIV9				8.78018e+06
Q5BLP8;Q5BLP8-2;Q5BLP8-3	Q5BLP8;Q5BLP8-2;Q5BLP8-3				1.13074e+07
Q5D862	Q5D862				593515
Q5FWE3;Q5FWE3-3	Q5FWE3;Q5FWE3-3				2.94083e+07
Q5IJ48;Q5IJ48-2;Q5IJ48-3	Q5IJ48;Q5IJ48-2;Q5IJ48-3				404750
Q5JRA6;Q5JRA6-2	Q5JRA6;Q5JRA6-2				1.57382e+06
Q5JS37;Q5JS37-2	Q5JS37;Q5JS37-2				2.44774e+06
Q5JTV8;Q5JTV8-2;Q5JTV8-3	Q5JTV8;Q5JTV8-2;Q5JTV8-3				405784
Q5KU26	Q5KU26				2.37631e+07
Q5R3F8	Q5R3F8				1.39501e+06
Q5SGD2;Q5SGD2-2;Q5SGD2-3	Q5SGD2;Q5SGD2-2;Q5SGD2-3				1.16258e+06
Q5SRI9	Q5SRI9				605105
Q5SZI1	Q5SZI1				1.83267e+06
Q5SZK8;Q5SZK8-2	Q5SZK8;Q5SZK8-2				1.18509e+06
Q5T013;Q5T013-2;Q5T013-3;Q5T013-4	Q5T013;Q5T013-2;Q5T013-3;Q5T013-4				1.38235e+09
Q5T5C0;Q5T5C0-2	Q5T5C0;Q5T5C0-2				1.15006e+07
Q5T848	Q5T848				7.08731e+06
Q5T9L3;Q5T9L3-2	Q5T9L3;Q5T9L3-2				3.24862e+06
Q5TAX3;Q5TAX3-2	Q5TAX3;Q5TAX3-2				1.12452e+07
Q5VSG8	Q5VSG8				5.23494e+06
Q5VSL9;Q5VSL9-2;Q5VSL9-3	Q5VSL9;Q5VSL9-2;Q5VSL9-3				3.91779e+06
Q5VU97	Q5VU97				7.22758e+06
Q5VUB5	Q5VUB5				2.55318e+06
Q5VV43;Q5VV43-2;Q5VV43-4	Q5VV43;Q5VV43-2;Q5VV43-4				4.53349e+06
Q5VV63	Q5VV63				258911
Q5VWW1;Q5VWW1-2;Q5VWW1-3	Q5VWW1;Q5VWW1-2;Q5VWW1-3				202197
Q5VY80;Q6H3X3;Q6H3X3-2;Q9BZM5	Q5VY80;Q6H3X3;Q9BZM5;Q6H3X3-2;Q6H3X3-3				1.94242e+06
Q63HQ2;Q63HQ2-2;Q63HQ2-4	Q63HQ2;Q63HQ2-2;Q63HQ2-4				176109
Q641Q3;Q641Q3-2	Q641Q3;Q641Q3-2				5.1113e+06
Q658N2	Q658N2				5.5549e+06
Q68BL7;Q68BL7-2;Q68BL7-3	Q68BL7;Q68BL7-2;Q68BL7-3				3.73491e+06
Q68D85	Q68D85				1.81962e+06
Q6E0U4;Q6E0U4-16;Q6E0U4-2;Q6E0U4-3;Q6E0U4-4;Q6E0U4-5;Q6E0U4-6;Q6E0U4-7	Q6E0U4;Q6E0U4-16;Q6E0U4-2;Q6E0U4-3;Q6E0U4-4;Q6E0U4-5;Q6E0U4-6;Q6E0U4-7				674818
Q6EMK4	Q6EMK4				9.4446e+06
Q6FHJ7	Q6FHJ7				1.78403e+07
Q6GTX8;Q6GTX8-2;Q6GTX8-3;Q6GTX8-4;Q6ISS4;Q6ISS4-2	Q6GTX8;Q6ISS4;Q6GTX8-2;Q6GTX8-3;Q6GTX8-4;Q6ISS4-2				5.90139e+06
Q6IEE7	Q6IEE7				717159
Q6IS24	Q6IS24				1.29033e+06
Q6MZW2	Q6MZW2;Q6MZW2-2;Q6MZW2-3				1.49502e+07
Q6NUJ2	Q6NUJ2				1.56505e+06
Q6NW40	Q6NW40				1.62916e+07
Q6P0Q8;Q6P0Q8-2	Q6P0Q8;Q6P0Q8-2				1.84949e+07
Q6P179	Q6P179;Q6P179-3				3.28667e+06
Q6P4E1;Q6P4E1-5	Q6P4E1;Q6P4E1-2;Q6P4E1-5				9.63471e+06
Q6P9A2	Q6P9A2				2.13999e+06
Q6PCB0	Q6PCB0				7.33522e+06
Q6PJF5;Q6PJF5-2	Q6PJF5;Q6PJF5-2				3.1102e+06
Q6PUV4	Q6PUV4				1.78313e+06
Q6RVD6	Q6RVD6				1.04084e+06
Q6UB99	Q6UB99				111278
Q6UVK1	Q6UVK1				8.79574e+06
Q6UVY6;Q6UVY6-2	Q6UVY6;Q6UVY6-2				645538
Q6UW01	Q6UW01				2.21133e+07
Q6UW49	Q6UW49				1.26926e+06
Q6UWH4;Q6UWH4-2	Q6UWH4;Q6UWH4-2;Q6UWH4-3				2.5106e+06
Q6UWN8	Q6UWN8				164503
Q6UWP8	Q6UWP8;Q6UWP8-2				387820
Q6UWR7	Q6UWR7				2.79746e+06
Q6UWY5	Q6UWY5				232937
Q6UX15;Q6UX15-2	Q6UX15;Q6UX15-2				2.95956e+06
Q6UX71	Q6UX71;Q6UX71-2				2.8339e+07
Q6UX72	Q6UX72				2.30711e+06
Q6UX73;Q6UX73-2	Q6UX73;Q6UX73-2				3.40944e+07
Q6UXB8	Q6UXB8;Q6UXB8-2				1.86256e+07
Q6UXD5-3;Q6UXD5-5	Q6UXD5;Q6UXD5-2;Q6UXD5-3;Q6UXD5-4;Q6UXD5-5;Q6UXD5-6				5.34449e+07
Q6UXH9;Q6UXH9-2	Q6UXH9;Q6UXH9-2;Q6UXH9-3				2.18234e+06
Q6UXI7;Q6UXI7-2;Q6UXI7-3;Q6UXI7-4;Q6UXI7-5	Q6UXI7;Q6UXI7-2;Q6UXI7-3;Q6UXI7-4;Q6UXI7-5				156297
Q6UXI9;Q6UXI9-3;Q6UXI9-4;Q6UXI9-5;Q6UXI9-6	Q6UXI9;Q6UXI9-2;Q6UXI9-3;Q6UXI9-4;Q6UXI9-5;Q6UXI9-6				1.03763e+06
Q6UXK2	Q6UXK2				1.05245e+06
Q6UXK5	Q6UXK5				4.99317e+06
Q6UXZ4;Q6UXZ4-2	Q6UXZ4;Q6UXZ4-2				3.65545e+06
Q6UY14;Q6UY14-2;Q6UY14-3	Q6UY14;Q6UY14-3;Q6UY14-2				639485
Q6YHK3;Q6YHK3-4	Q6YHK3;Q6YHK3-2;Q6YHK3-4				1.60073e+06
Q6ZMI3;Q6ZMI3-2	Q6ZMI3;Q6ZMI3-2				8.46501e+06
Q6ZMP0;Q6ZMP0-2	Q6ZMP0;Q6ZMP0-2;Q6ZMP0-3;Q6ZMP0-4				2.90095e+06
Q6ZN30;Q6ZN30-2	Q6ZN30;Q6ZN30-2				1.12466e+06
Q6ZRI8;Q6ZRI8-2;Q6ZRI8-3;Q6ZRI8-4;Q6ZRI8-5	Q6ZRI8;Q6ZRI8-2;Q6ZRI8-3;Q6ZRI8-4;Q6ZRI8-5				597790
Q6ZRP7	Q6ZRP7				3.43883e+06
Q6ZSJ9;Q6ZSJ9-2;Q6ZSJ9-3	Q6ZSJ9;Q6ZSJ9-2;Q6ZSJ9-3				3.6109e+07
Q6ZVL6	Q6ZVL6;Q6ZVL6-2				7.944e+06
Q71H61	Q71H61				176761
Q76KP1	Q76KP1				1.15124e+06
Q76LX8;Q76LX8-2;Q76LX8-3;Q76LX8-4	Q76LX8;Q76LX8-2;Q76LX8-3;Q76LX8-4				102786
Q76M96;Q76M96-2	Q76M96;Q76M96-2				327057
Q7KYR7;Q7KYR7-1;Q7KYR7-4;Q7KYR7-6;Q8WVV5;Q8WVV5-2;Q8WVV5-3	Q7KYR7;Q8WVV5;Q7KYR7-4;Q7KYR7-1;Q7KYR7-5;Q7KYR7-6;Q8WVV5-2;Q8WVV5-3				1.35786e+06
Q7L014	Q7L014				3.22797e+07
Q7L0X0	Q7L0X0				3.8174e+06
Q7L266;Q7L266-2	Q7L266;Q7L266-2				506024
Q7LFX5	Q7LFX5				4.35502e+06
Q7LGC8	Q7LGC8				1.80534e+06
Q7Z304	Q7Z304				1.53215e+06
Q7Z398;Q7Z398-2	Q7Z398;Q7Z398-2				2.04495e+06
Q7Z3B1	Q7Z3B1;Q7Z3B1-2				1.31573e+08
Q7Z3D4	Q7Z3D4				389179
Q7Z408;Q7Z408-4	Q7Z408;Q7Z408-4				377368
Q7Z553;Q7Z553-3	Q7Z553;Q7Z553-3				3.89246e+06
Q7Z5A7;Q7Z5A7-2	Q7Z5A7;Q7Z5A7-2;Q7Z5A7-3				1.69662e+07
Q7Z5L0	Q7Z5L0				1.65759e+06
Q7Z5L3	Q7Z5L3				1.98602e+06
Q7Z5L7;Q7Z5L7-2;Q7Z5L7-3	Q7Z5L7;Q7Z5L7-2;Q7Z5L7-3;Q7Z5L7-4				5.31405e+06
Q7Z6L0;Q7Z6L0-2;Q7Z6L0-3	Q7Z6L0;Q7Z6L0-2;Q7Z6L0-3				565737
Q7Z7G0;Q7Z7G0-3;Q7Z7G0-4	Q7Z7G0;Q7Z7G0-2;Q7Z7G0-3;Q7Z7G0-4				2.01474e+06
Q7Z7H5;Q7Z7H5-3	Q7Z7H5;Q7Z7H5-2;Q7Z7H5-3				1.17389e+06
Q7Z7M0	Q7Z7M0;Q7Z7M0-2				3.12983e+07
Q7Z7M8	Q7Z7M8				424230
Q7Z7M9	Q7Z7M9				1.75588e+06
Q86SF2	Q86SF2				8.01699e+06
Q86SQ4;Q86SQ4-2;Q86SQ4-3;Q86SQ4-4	Q86SQ4;Q86SQ4-2;Q86SQ4-3;Q86SQ4-4				79048.3
Q86SR1	Q86SR1;Q86SR1-2;Q86SR1-3				5.40756e+06
Q86TE4;Q86TE4-4	Q86TE4;Q86TE4-4				2.5294e+06
Q86TH1	Q86TH1				1.90595e+06
Q86TY3;Q86TY3-2	Q86TY3;Q86TY3-2				1.38539e+07
Q86UD1	Q86UD1				1.02758e+07
Q86UN2	Q86UN2				3.39083e+06
Q86UN3	Q86UN3				1.38584e+07
Q86UP0;Q86UP0-2	Q86UP0;Q86UP0-2				5.94759e+06
Q86UW8	Q86UW8				784306
Q86UX2	Q86UX2;Q86UX2-2;Q86UX2-3				2.07194e+07
Q86V85	Q86V85				365501
Q86VB7;Q86VB7-2;Q86VB7-3;Q86VB7-4	Q86VB7;Q86VB7-2;Q86VB7-3;Q86VB7-4				1.30021e+07
Q86VP6;Q86VP6-2	Q86VP6;Q86VP6-2				372380
Q86VR8	Q86VR8				1.18884e+06
Q86VV8;Q86VV8-3	Q86VV8;Q86VV8-3				1.04622e+06
Q86VZ4	Q86VZ4				4.5464e+06
Q86X29;Q86X29-3;Q86X29-4;Q86X29-5;Q86X29-6	Q86X29;Q86X29-3;Q86X29-4;Q86X29-5;Q86X29-6				5.25167e+06
Q86XR7-2;Q9Y3B3;Q9Y3B3-2	Q9Y3B3;Q86XR7-2;Q9Y3B3-2				1.95504e+06
Q86Y38	Q86Y38				4.70423e+06
Q86Y82	Q86Y82				1.21515e+06
Q86YD3;Q86YD3-2;Q86YD3-4;Q86YD3-5	Q86YD3;Q86YD3-2;Q86YD3-3;Q86YD3-4;Q86YD3-5				1.10324e+07
Q86YT9;Q86YT9-2;Q86YT9-3;Q86YT9-4	Q86YT9;Q86YT9-2;Q86YT9-3;Q86YT9-4				475822
Q8IUC8	Q10472;Q8IUC8;Q8IUC8-3;Q8IUC8-2				6.36269e+06
Q8IUK5;Q8IUK5-2;Q8IUK5-3	Q8IUK5;Q8IUK5-2;Q8IUK5-3;Q8IUK5-4				5.30474e+06
Q8IUK8	Q8IUK8				1.45103e+07
Q8IUX7	Q8IUX7;Q8IUX7-2				1.22454e+07
Q8IV08	Q8IV08				1.31154e+07
Q8IW45;Q8IW45-2;Q8IW45-4	Q8IW45;Q8IW45-2;Q8IW45-4				537663
Q8IW52	Q8IW52				7.05407e+06
Q8IWT1	Q8IWT1;Q8IWT1-2				3.40268e+06
Q8IWU2	Q8IWU2				5.00978e+06
Q8IWU5;Q8IWU5-2	Q8IWU5;Q8IWU5-2				4.57619e+07
Q8IWV2	Q8IWV2				4.27704e+06
Q8IWY4	Q8IWY4				7.79398e+06
Q8IXL6	Q8IXL6				5.31449e+06
Q8IYE1	Q8IYE1				1.00675e+08
Q8IYJ0;Q8IYJ0-2	Q8IYJ0;Q8IYJ0-2				6.91401e+07
Q8IYS5-2;Q8IYS5-3;Q8IYS5-6	Q8IYS5;Q8IYS5-2;Q8IYS5-3;Q8IYS5-4;Q8IYS5-5;Q8IYS5-6;Q8IYS5-7				6.79225e+06
Q8IZA0;Q8IZA0-2	Q8IZA0;Q8IZA0-2				3.98132e+06
Q8IZF2;Q8IZF2-2;Q8IZF2-3	Q8IZF2;Q8IZF2-2;Q8IZF2-3				199308
Q8IZJ1;Q8IZJ1-2	Q8IZJ1;Q8IZJ1-2				1.36388e+06
Q8IZJ3;Q8IZJ3-2	Q8IZJ3;Q8IZJ3-2				418854
Q8IZP7	Q8IZP7				1.23225e+07
Q8IZS8	Q8IZS8;Q8IZS8-2;Q8IZS8-3				5.92828e+06
Q8N0W4;Q8N0W4-2;Q8NFZ3;Q8NFZ3-2	Q8N0W4;Q8NFZ3;Q8NFZ3-2;Q8N0W4-2				3.93863e+06
Q8N111	Q8N111				1.99639e+06
Q8N114;Q8N114-2	Q8N114;Q8N114-2				1.47102e+07
Q8N126;Q8N126-2	Q8N126;Q8N126-2;Q8N126-3				6.88251e+07
Q8N149;Q8N149-2;Q8N149-3;Q8N149-4	Q8N149;Q8N149-2;Q8N149-3;Q8N149-4				576176
Q8N2Q7;Q8N2Q7-2	Q8N2Q7;Q8N2Q7-2				3.7845e+06
Q8N2S1;Q8N2S1-2;Q8N2S1-3	Q8N2S1;Q8N2S1-2;Q8N2S1-3				1.39143e+07
Q8N3G9	Q8N3G9;Q8N3G9-2;Q8N3G9-3				484717
Q8N3J2	Q8N3J2				1.7071e+07
Q8N3J6;Q8N3J6-2;Q8N3J6-3;Q8N3J6-4;Q8N3J6-5	Q8N3J6;Q8N3J6-2;Q8N3J6-3;Q8N3J6-4;Q8N3J6-5				1.51947e+07
Q8N3T1	Q8N3T1				1.40634e+06
Q8N3T6	Q8N3T6				6.62055e+06
Q8N428	Q8N428;Q8N428-2				5.74616e+06
Q8N436	Q8N436				1.19045e+06
Q8N474	Q8N474				1.22928e+06
Q8N475;Q8N475-2	Q8N475;Q8N475-2;Q8N475-3				4.96697e+06
Q8N608;Q8N608-2;Q8N608-3;Q8N608-4	Q8N608;Q8N608-2;Q8N608-3;Q8N608-4				1.36372e+06
Q8N6C5;Q8N6C5-2;Q8N6C5-4	Q8N6C5;Q8N6C5-2;Q8N6C5-4				1.51357e+06
Q8N729	Q8N729				625318
Q8N8Z6;Q8N8Z6-2	Q8N8Z6;Q8N8Z6-2				5.22774e+06
Q8N967	Q8N967				1.20683e+06
Q8N9I0	Q8N9I0				850281
Q8NBI6	Q8NBI6				9.98083e+06
Q8NBJ4;Q8NBJ4-2	Q8NBJ4;Q8NBJ4-2				1.47587e+07
Q8NBJ7;Q8NBJ7-2	Q8NBJ7;Q8NBJ7-2;Q8NBJ7-3				734182
Q8NBP7	Q8NBP7				1.57647e+06
Q8NBS9;Q8NBS9-2	Q8NBS9;Q8NBS9-2				994241
Q8NC42	Q8NC42				476512
Q8NCC3	Q8NCC3;Q8NCC3-2				3.46835e+06
Q8NCH0	Q8NCH0				1.55579e+06
Q8NCL4	Q8NCL4				4.50002e+06
Q8NCW5	Q8NCW5;Q8NCW5-2				3.58265e+06
Q8NEP3;Q8NEP3-2;Q8NEP3-3	Q8NEP3;Q8NEP3-2;Q8NEP3-3				3.19943e+09
Q8NES3;Q8NES3-3	Q8NES3;Q8NES3-2;Q8NES3-3;Q8NES3-4				5.4667e+06
Q8NEY1;Q8NEY1-2;Q8NEY1-3;Q8NEY1-4;Q8NEY1-6;Q8NEY1-7	Q8NEY1;Q8NEY1-2;Q8NEY1-3;Q8NEY1-4;Q8NEY1-6;Q8NEY1-7				1.41339e+07
Q8NFF2;Q8NFF2-3	Q8NFF2;Q8NFF2-3				405057
Q8NFL0	Q8NFL0				282195
Q8NFP4;Q8NFP4-2	Q8NFP4;Q8NFP4-2				2.25741e+06
Q8NFT8	Q8NFT8				268375
Q8NFY4;Q8NFY4-6	Q8NFY4;Q8NFY4-2;Q8NFY4-3;Q8NFY4-4;Q8NFY4-5;Q8NFY4-6;Q8NFY4-8				4.78306e+06
Q8NFZ4	Q8NFZ4				1.19682e+07
Q8NFZ8	Q8NFZ8				4.04493e+07
Q8NHJ6;Q8NHJ6-2;Q8NHJ6-3	Q8NHJ6;Q8NHJ6-2;Q8NHJ6-3				2.31374e+06
Q8NHP8	Q8NHP8;Q8NHP8-2				5.47651e+06
Q8NHQ9	Q8NHQ9				3.35848e+08
Q8TAB3;Q8TAB3-2;Q8TAB3-3	Q8TAB3;Q8TAB3-2;Q8TAB3-3				2.50809e+06
Q8TAG5;Q8TAG5-2	Q8TAG5;Q8TAG5-2				3.80116e+07
Q8TAL6	Q8TAL6				674696
Q8TBP5	Q8TBP5				7.13524e+06
Q8TCZ2	Q8TCZ2;Q8TCZ2-2;Q8TCZ2-3;Q8TCZ2-5;Q8TCZ2-6				3.5344e+07
Q8TDF5;Q8TDF5-1;Q8TDF5-2	Q8TDF5;Q8TDF5-1;Q8TDF5-2				834567
Q8TDQ0;Q8TDQ0-2	Q8TDQ0;Q8TDQ0-2				4.56685e+06
Q8TEA8	Q8TEA8				3.90945e+06
Q8TER0;Q8TER0-5	Q8TER0;Q8TER0-3;Q8TER0-4;Q8TER0-5				1.09531e+07
Q8TEU8	Q8TEU8				2.42819e+07
Q8WUA8	Q8WUA8				825148
Q8WUJ3	Q8WUJ3;Q8WUJ3-2				3.68465e+07
Q8WVN6	Q8WVN6				2.89502e+06
Q8WVQ1;Q8WVQ1-3	Q8WVQ1;Q8WVQ1-3				7.50893e+06
Q8WWX9	Q8WWX9				5.53791e+06
Q8WX77	Q8WX77				1.48056e+06
Q8WXD2	Q8WXD2;Q8WXD2-2				9.73159e+07
Q8WXD2-2	Q8WXD2-2				5.49836e+06
Q8WY21;Q8WY21-2;Q8WY21-3;Q8WY21-4	Q8WY21;Q8WY21-2;Q8WY21-3;Q8WY21-4				5.68494e+06
Q8WYK1	Q8WYK1				1.34275e+06
Q8WZ75;Q8WZ75-2;Q8WZ75-3	Q8WZ75;Q8WZ75-2;Q8WZ75-3				3.77147e+06
Q8WZA1	Q8WZA1;Q8WZA1-2				2.29831e+07
Q92484;Q92484-2	Q92484;Q92484-2				1.12801e+06
Q92485	Q92485				5.63664e+06
Q92520	Q92520				2.15684e+08
Q92542;Q92542-2	Q92542;Q92542-2				1.74642e+06
Q92563	Q92563				1.46889e+07
Q92597;Q92597-2;Q92597-3	Q92597;Q92597-2;Q92597-3				590772
Q92626	Q92626				873501
Q92673	Q92673				3.29325e+07
Q92686	Q92686				976348
Q92692;Q92692-2	Q92692;Q92692-2				2.32332e+06
Q92729;Q92729-2;Q92729-3;Q92729-4	Q92729;Q92729-2;Q92729-3;Q92729-4				704198
Q92743	Q92743				3.23271e+06
Q92752	Q92752;Q92752-2				9.51591e+06
Q92765	Q92765				1.24393e+07
Q92820	Q92820				2.20491e+07
Q92823;Q92823-2;Q92823-5	Q92823;Q92823-2;Q92823-3;Q92823-4;Q92823-5;Q92823-6				1.28716e+08
Q92824;Q92824-2	Q92824;Q92824-2				73471.3
Q92832;Q92832-2	Q92832;Q92832-2				1.45242e+06
Q92854	Q92854;Q92854-2				2.26885e+06
Q92859;Q92859-2;Q92859-3	Q92859;Q92859-2;Q92859-3;Q92859-4				1.8826e+07
Q92876	Q92876;Q92876-2				1.9342e+08
Q92896;Q92896-2;Q92896-3	Q92896;Q92896-2;Q92896-3				1.64141e+06
Q92911	Q92911				2.35056e+06
Q92932-2	Q92932;Q92932-2;Q92932-3;Q92932-4				6.95552e+06
Q92935	Q92935				147699
Q92945;Q96AE4;Q96AE4-2	Q92945;Q96AE4;Q96AE4-2				2.15441e+06
Q92954;Q92954-2;Q92954-5;Q92954-6	Q92954;Q92954-2;Q92954-3;Q92954-4;Q92954-5;Q92954-6				1.23226e+07
Q93063;Q93063-3	Q93063;Q93063-2;Q93063-3				2.18116e+06
Q93091	Q93091				6.34314e+06
Q969H8	Q969H8				4.14219e+06
Q969P0;Q969P0-3	Q969P0;Q969P0-3				3.35352e+07
Q969T9	Q969T9;Q969T9-2				1.51045e+07
Q969Z4	Q969Z4				1.18075e+06
Q96AP7	Q96AP7				7.41739e+06
Q96AQ1;Q96AQ1-2;Q96LY2;Q96LY2-2	Q96LY2;Q96LY2-2;Q96AQ1;Q96AQ1-2				477107
Q96AQ6;Q96AQ6-2	Q96AQ6;Q96AQ6-2				1.8153e+06
Q96B86;Q96B86-3;Q96B86-4	Q96B86;Q96B86-3;Q96B86-4				1.56087e+07
Q96BY9	Q96BY9				1.30121e+06
Q96BZ4	Q96BZ4				5.55187e+06
Q96C19;Q9BUP0;Q9BUP0-2	Q9BUP0;Q96C19;Q9BUP0-2				977516
Q96CG8;Q96CG8-2;Q96CG8-3	Q96CG8;Q96CG8-2;Q96CG8-3				1.50491e+06
Q96CW9;Q96CW9-2	Q96CW9;Q96CW9-2				360224
Q96CX2	Q96CX2;Q68DU8				1.40954e+06
Q96DT5	Q96DT5				1.30782e+07
Q96DZ1;Q96DZ1-2;Q96DZ1-3	Q96DZ1;Q96DZ1-2;Q96DZ1-3				67661
Q96EE4	Q96EE4				3.13943e+06
Q96EG1	Q96EG1				657147
Q96EU7	Q96EU7				346861
Q96FE5;Q96FE5-2	Q96FE5;Q7L985;Q96FE5-2				8.37207e+06
Q96FE7-4	Q96FE7;Q96FE7-2;Q96FE7-4;Q96FE7-5				3.27555e+07
Q96FJ2	P63167;Q96FJ2				1.85177e+06
Q96FW1	Q96FW1				446301
Q96GD0	Q96GD0				1.38245e+06
Q96GW7	Q96GW7;Q96GW7-2				2.95263e+08
Q96HD1;Q96HD1-2	Q96HD1;Q96HD1-2				4.55101e+06
Q96HF1	Q96HF1				1.05284e+06
Q96HU1;Q96HU1-2	Q96HU1;Q96HU1-2				942751
Q96HY6;Q96HY6-2	Q96HY6;Q96HY6-2				374951
Q96ID5	Q96ID5				1.7495e+07
Q96IU4	Q96IU4				1.14646e+06
Q96IY4	Q96IY4;Q96IY4-2				1.69139e+07
Q96J42;Q96J42-2	Q96J42;Q96J42-2				406720
Q96JA1;Q96JA1-2	Q96JA1;Q96JA1-2				944578
Q96JF0	Q96JF0;Q96JF0-2				1.13171e+07
Q96JP9;Q96JP9-2	Q96JP9;Q96JP9-2				188461
Q96JQ0	Q96JQ0				913793
Q96KN2	Q96KN2				2.17491e+08
Q96KR4;Q96KR4-3	Q96KR4;Q96KR4-3				1.16762e+06
Q96L96	Q96L96				678365
Q96MC2	Q96MC2				118135
Q96MK3	Q96MK3				1.3453e+06
Q96MU8;Q96MU8-2;Q96MU8-3	Q96MU8;Q96MU8-2;Q96MU8-3				299301
Q96NU0;Q96NU0-2;Q9BZ76;Q9BZ76-2	Q96NU0;Q9BZ76;Q9BZ76-2;Q96NU0-2				649773
Q96NY7;Q96NY7-2	Q96NY7;Q96NY7-2				124642
Q96NZ9	Q96NZ9;Q96NZ9-2;Q96NZ9-4				7.4221e+06
Q96P44;Q96P44-3	Q96P44;Q96P44-3				1.87503e+06
Q96PD2;Q96PD2-2	Q96PD2;Q96PD2-2				1.79931e+06
Q96PD5	Q96PD5;Q96PD5-2				5.08422e+07
Q96PQ0	Q96PQ0				1.37315e+07
Q96PX8	Q96PX8				2.47404e+07
Q96RW7;Q96RW7-2	Q96RW7;Q96RW7-2				447488
Q96S96	Q96S96				3.86396e+07
Q96SM3	Q96SM3				481017
Q96TA2;Q96TA2-2;Q96TA2-3	Q96TA2;Q96TA2-2;Q96TA2-3				8.76255e+06
Q96TC7	Q96TC7				1.59146e+07
Q99435;Q99435-2;Q99435-3;Q99435-4	Q99435;Q99435-2;Q99435-3;Q99435-4				3.20081e+08
Q99497	Q99497				1.77961e+07
Q99519	Q99519				2.29838e+06
Q99523	Q99523;Q99523-2				6.57109e+06
Q99538	Q99538;Q99538-2;Q99538-3				1.14664e+06
Q99574	Q99574				2.14807e+07
Q99584	Q99584				494413
Q99590;Q99590-2	Q99590;Q99590-2				5.02111e+06
Q99650;Q99650-2	Q99650;Q99650-2				965415
Q99674	Q99674;Q99674-3				2.16596e+07
Q99715;Q99715-4	Q99715;Q99715-4				2.40094e+06
Q99731	Q99731				107799
Q99784	Q99784;Q99784-3;Q99784-5				5.79066e+06
Q99941;Q99941-2	Q99941;Q99941-2				151243
Q99946	Q99946				1.44226e+06
Q99969	Q99969				1.3713e+07
Q99972	Q99972				5.35186e+06
Q99983	Q99983				3.4012e+07
Q99985	Q99985				1.75653e+06
Q9BQ16	Q9BQ16;Q9BQ16-1;Q9BQ16-4;Q9BQ16-5;Q9BQ16-6;Q9BQ16-7;Q9BQ16-8				1.93898e+07
Q9BQS7;Q9BQS7-2;Q9BQS7-3;Q9BQS7-4	Q9BQS7;Q9BQS7-2;Q9BQS7-3;Q9BQS7-4				379634
Q9BQT9;Q9BQT9-2	Q9BQT9;Q9BQT9-2				5.02097e+07
Q9BRA2	Q9BRA2				2.72289e+06
Q9BRK3;Q9BRK3-2;Q9BRK3-3	Q9BRK3;Q9BRK3-2;Q9BRK3-3;Q9BRK3-4				3.69021e+06
Q9BRK5	Q9BRK5;Q9BRK5-2;Q9BRK5-5				1.58886e+07
Q9BS26	Q9BS26				1.49294e+06
Q9BSG5;Q9BSG5-2;Q9BSG5-3	Q9BSG5;Q9BSG5-2;Q9BSG5-3				1.0434e+06
Q9BT88	Q9BT88				663881
Q9BTY2	Q9BTY2				1.19752e+07
Q9BU40-4;Q9BU40-5	Q9BU40;Q9BU40-3;Q9BU40-4;Q9BU40-5				4.08587e+06
Q9BUD6	Q9BUD6				3.86947e+06
Q9BUJ0	Q9BUJ0				4.58209e+06
Q9BUN1	Q9BUN1				5.31936e+06
Q9BV94;Q9BV94-2	Q9BV94;Q9BV94-2				1.44462e+06
Q9BVH7	Q9BVH7				502417
Q9BVK6	Q9BVK6				861981
Q9BWP8;Q9BWP8-10;Q9BWP8-2;Q9BWP8-3;Q9BWP8-4;Q9BWP8-5;Q9BWP8-6;Q9BWP8-7;Q9BWP8-8;Q9BWP8-9	Q9BWP8;Q9BWP8-10;Q9BWP8-2;Q9BWP8-3;Q9BWP8-4;Q9BWP8-5;Q9BWP8-6;Q9BWP8-7;Q9BWP8-8;Q9BWP8-9				2.58815e+06
Q9BWQ8	Q9BWQ8				5.33572e+06
Q9BWS9;Q9BWS9-3	Q9BWS9;Q9BWS9-3				2.57706e+06
Q9BWV1;Q9BWV1-3	Q9BWV1;Q9BWV1-3				86789.1
Q9BX67;Q9BX67-2	Q9BX67;Q9BX67-2				5.88917e+06
Q9BXJ0	Q9BXJ0				1.02283e+07
Q9BXJ1;Q9BXJ1-2	Q9BXJ1;Q9BXJ1-2				4.60123e+06
Q9BXJ3	Q9BXJ3				1.85917e+07
Q9BXJ4-3	Q9BXJ4;Q9BXJ4-2;Q9BXJ4-3				5.77327e+06
Q9BXP8	Q9BXP8				665325
Q9BXR6	Q9BXR6				456145
Q9BXX0	Q9BXX0				628790
Q9BY67-2	Q9BY67;Q9BY67-2;Q9BY67-3;Q9BY67-4;Q9BY67-5				6.11024e+07
Q9BY76;Q9BY76-2	Q9BY76;Q9BY76-2				145965
Q9BYC5;Q9BYC5-2	Q9BYC5;Q9BYC5-2				646526
Q9BYH1;Q9BYH1-5;Q9BYH1-6;Q9BYH1-7	Q9BYH1;Q9BYH1-2;Q9BYH1-3;Q9BYH1-4;Q9BYH1-5;Q9BYH1-6;Q9BYH1-7				4.23619e+07
Q9BYJ0	Q9BYJ0				444513
Q9BZC7;Q9BZC7-2;Q9BZC7-3;Q9BZC7-4	Q9BZC7;Q9BZC7-2;Q9BZC7-3;Q9BZC7-4				7.13975e+06
Q9BZR6	Q9BZR6				1.78573e+07
Q9C0A0	Q9C0A0;Q96NU0;Q9BZ76;Q9BZ76-2;Q96NU0-2;Q9C0A0-2				2.6481e+07
Q9GZM5	Q9GZM5				2.75272e+07
Q9GZP0;Q9GZP0-2	Q9GZP0;Q9GZP0-2				542982
Q9GZP4;Q9GZP4-2	Q9GZP4;Q9GZP4-2				4.07877e+06
Q9GZT8;Q9GZT8-2	Q9GZT8;Q9GZT8-2				1.22767e+06
Q9GZV7	Q9GZV7				730852
Q9GZX3	Q9GZS9;Q9GZX3;Q9GZS9-2				944072
Q9GZX9	Q9GZX9				4.53023e+06
Q9H008	Q9H008;Q9H008-2				1.59577e+06
Q9H0Q3;Q9H0Q3-2	Q9H0Q3;Q9H0Q3-2				5.53177e+06
Q9H0R4;Q9H0R4-2	Q9H0R4;Q9H0R4-2				420894
Q9H156;Q9H156-2	Q9H156;Q9H156-2				2.72209e+06
Q9H173	Q9H173				2.71981e+06
Q9H1B5	Q9H1B5;Q9H1B5-2				1.32331e+06
Q9H1U4	Q9H1U4				4.73058e+06
Q9H1Z8	Q9H1Z8				5.13474e+07
Q9H251;Q9H251-2;Q9H251-3;Q9H251-4;Q9H251-8	Q9H251;Q9H251-2;Q9H251-3;Q9H251-4;Q9H251-6;Q9H251-8				828607
Q9H257;Q9H257-2;Q9H257-3	Q9H257;Q9H257-2;Q9H257-3				1.00596e+06
Q9H299	Q9H299				3.26779e+06
Q9H2A7	Q9H2A7				1.05497e+07
Q9H2E6;Q9H2E6-2	Q9H2E6;Q9H2E6-2				6.43348e+06
Q9H2X0;Q9H2X0-5	Q9H2X0;Q9H2X0-5				4.2245e+06
Q9H2X9;Q9H2X9-2	Q9H2X9;Q9H2X9-2				671357
Q9H3G5	Q9H3G5				1.70022e+07
Q9H3S1;Q9H3S1-2	Q9H3S1;Q9H3S1-2				427026
Q9H3S3	Q9H3S3				4.63943e+06
Q9H3T2;Q9H3T2-3	Q9H3T2;Q9H3T2-2;Q9H3T2-3				1.54585e+06
Q9H3T3;Q9H3T3-3	Q9H3T3;Q9H3T3-3				4.09722e+06
Q9H3U7;Q9H3U7-2	Q9H3U7;Q9H3U7-2				14731.6
Q9H492;Q9H492-2	Q9GZQ8;Q9H492;A6NCE7;Q9H492-2				582614
Q9H4A9;Q9H4A9-2	Q9H4A9;Q9H4A9-2				439326
Q9H4D0	Q9H4D0				4.93642e+06
Q9H4F8;Q9H4F8-2	Q9H4F8;Q9H4F8-2				4.23591e+06
Q9H6B4	Q9H6B4				2.82818e+06
Q9H6X2;Q9H6X2-2;Q9H6X2-3;Q9H6X2-4;Q9H6X2-5;Q9H6X2-6	Q9H6X2;Q9H6X2-2;Q9H6X2-3;Q9H6X2-4;Q9H6X2-5;Q9H6X2-6				3.71705e+06
Q9H741	Q9H741				1.49303e+06
Q9H7Y0	Q9H7Y0;Q9H7Y0-2				1.02022e+06
Q9H8J5	Q9H8J5				8.19309e+06
Q9H8L6	Q9H8L6				5.29972e+06
Q9H9S4	Q9H9S4				263900
Q9H9S5	Q9H9S5				658682
Q9HAR2;Q9HAR2-2;Q9HAR2-3;Q9HAR2-4	Q9HAR2;Q9HAR2-2;Q9HAR2-3;Q9HAR2-4				4.99993e+06
Q9HAT2	Q9HAT2;Q9HAT2-2				9.965e+06
Q9HB40	Q9HB40;Q9HB40-2				665446
Q9HB71;Q9HB71-3	Q9HB71;Q9HB71-3				209509
Q9HBR0	Q9HBR0				3.9594e+06
Q9HBT6	Q9HBT6				1.78086e+06
Q9HBW1	Q9HBW1				1.19194e+06
Q9HC38-2	Q9HC38;Q9HC38-2;Q9HC38-3				1.57534e+06
Q9HC56;Q9HC56-2	Q9HC56;Q9HC56-2				7.08627e+06
Q9HC57	Q9HC57				1.4667e+06
Q9HCB6	Q9HCB6				8.45372e+06
Q9HCK4;Q9HCK4-2;Q9HCK4-3	Q9HCK4;Q9HCK4-2;Q9HCK4-3				2.52867e+07
Q9HCL0;Q9HCL0-2	Q9HCL0;Q9HCL0-2				398162
Q9HCM2;Q9HCM2-2;Q9HCM2-3	Q9HCM2;Q9HCM2-2;Q9HCM2-3				386387
Q9HCU0	Q9HCU0				5.8395e+06
Q9HCU4	Q9HCU4				1.2115e+07
Q9HD45	Q9HD45				392487
Q9HDB5	Q9HDB5;Q9Y4C0;Q9HDB5-2;Q9HDB5-4;Q9Y4C0-3				1.69204e+07
Q9HDC9	Q9HDC9;Q9HDC9-2				438600
Q9NP80;Q9NP80-2;Q9NP80-3	Q9NP80;Q9NP80-2;Q9NP80-3				6.88392e+06
Q9NP84	Q9NP84				1.19588e+06
Q9NPC4	Q9NPC4				1.396e+06
Q9NPG4	Q9NPG4				1.6151e+06
Q9NPH3;Q9NPH3-2;Q9NPH3-5	Q9NPH3;Q9NPH3-2;Q9NPH3-3;Q9NPH3-5				1.4544e+06
Q9NPR2;Q9NPR2-2	Q9NPR2;Q9NPR2-2				1.08309e+07
Q9NQ30	Q9NQ30				663837
Q9NQ79;Q9NQ79-2	Q9NQ79;Q9NQ79-2;Q9NQ79-3				9.0159e+07
Q9NQX5	Q9NQX5				924497
Q9NQX7	Q9NQX7;Q9NQX7-2;Q9NQX7-3				2.60845e+06
Q9NR34	Q9NR34				4.80564e+06
Q9NRB3	Q9NRB3				3.10822e+06
Q9NRN5	Q9NRN5;Q9NRN5-2				2.17408e+07
Q9NRR1	Q9NRR1				9.19147e+06
Q9NRV9	Q9NRV9				225168
Q9NRX5	Q9NRX5				131655
Q9NS00;Q9NS00-2	Q9NS00;Q9NS00-2				1.02096e+06
Q9NS15;Q9NS15-2	Q9NS15;Q9NS15-2				395446
Q9NS84	Q9NS84				281610
Q9NS85	Q9NS85;Q9NS85-2				4.50416e+06
Q9NS98	Q9NS98				1.15258e+07
Q9NSC7	Q9NSC7				1.63575e+06
Q9NT22;Q9NT22-2	Q9NT22;Q9NT22-2				2.29308e+06
Q9NT99	Q9NT99				1.81861e+07
Q9NTU7	Q9NTU7				8.35844e+06
Q9NU53	Q9NU53				649289
Q9NUQ9	Q9NUQ9;Q9NUQ9-2				2.39437e+06
Q9NWD8	Q9NWD8				661275
Q9NX62	Q9NX62				4.59672e+07
Q9NXS2;Q9NXS2-3	Q9NXS2;Q9NXS2-3				755685
Q9NY15	Q9NY15;Q9NY15-2				857753
Q9NY33;Q9NY33-4	Q9NY33;Q9NY33-2;Q9NY33-4				973686
Q9NY47;Q9NY47-2;Q9NY47-3;Q9NY47-4;Q9NY47-5	Q9NY47;Q9NY47-2;Q9NY47-3;Q9NY47-4;Q9NY47-5				5.81936e+06
Q9NY72	Q9NY72				2.45191e+06
Q9NY97;Q9NY97-2	Q9NY97;Q9NY97-2				8.3469e+06
Q9NYQ8	Q9NYQ8				3.05931e+07
Q9NYX4	Q9NYX4				1.22283e+07
Q9NZ08;Q9NZ08-2	Q9NZ08;Q9NZ08-2				1.83646e+06
Q9NZ53	Q9NZ53;Q9NZ53-2				9.14815e+06
Q9NZ72;Q9NZ72-2	Q9NZ72;Q9NZ72-2				404967
Q9NZ94;Q9NZ94-2;Q9NZ94-3	Q9NZ94;Q9NZ94-2;Q9NZ94-3				279156
Q9NZC2;Q9NZC2-2;Q9NZC2-3	Q9NZC2;Q9NZC2-2;Q9NZC2-3				4.997e+06
Q9NZK5	Q9NZK5				3.47489e+06
Q9NZP8	Q9NZP8				2.14493e+07
Q9NZR2	Q9NZR2				3.54962e+06
Q9NZU0	Q9NZU0				166487
Q9NZU1	Q9NZU1				842138
Q9P035	Q9P035				42046.8
Q9P0K1;Q9P0K1-2;Q9P0K1-5	Q9P0K1;Q9P0K1-2;Q9P0K1-3;Q9P0K1-4;Q9P0K1-5				3.12548e+07
Q9P0K9	Q9P0K9				1.35877e+07
Q9P0L0;Q9P0L0-2	Q9P0L0;Q9P0L0-2				3.19944e+06
Q9P0S2	Q9P0S2				487590
Q9P121-4	Q9P121;Q9P121-3;Q9P121-2;Q9P121-4				6.45362e+07
Q9P232	Q9P232				4.94552e+06
Q9P2E7;Q9P2E7-2	Q9P2E7;Q9P2E7-2				2.83003e+06
Q9P2S2	P58401;Q9P2S2				1.51034e+07
Q9UBG0	Q9UBG0				2.28181e+06
Q9UBP4	Q9UBP4				5.61271e+08
Q9UBQ6	Q9UBQ6				1.08397e+08
Q9UBR2	Q9UBR2				2.07721e+07
Q9UBX1	Q9UBX1				1.04525e+07
Q9UBX5	Q9UBX5				2.72797e+07
Q9UBX7;Q9UBX7-1;Q9UBX7-3;Q9UBX7-4	Q9UBX7;Q9UBX7-1;Q9UBX7-3;Q9UBX7-4				1.82606e+06
Q9UD71;Q9UD71-2	Q9UD71;Q9UD71-2				290697
Q9UEW3;Q9UEW3-2	Q9UEW3;Q9UEW3-2				2.28076e+07
Q9UF11;Q9UF11-2;Q9UF11-3;Q9UF11-4	Q9UF11;Q9UF11-2;Q9UF11-3;Q9UF11-4				3.10214e+06
Q9UFP1	Q9UFP1				1.8544e+06
Q9UGM5;Q9UGM5-2	Q9UGM5;Q9UGM5-2				4.60182e+06
Q9UHC6	Q9UHC6				1.32284e+07
Q9UHD9	Q9UHD9				588435
Q9UHF0;Q9UHF0-2;Q9UHF0-3	Q9UHF0;Q9UHF0-2;Q9UHF0-3				2.94114e+06
Q9UHG2	Q9NPY3;Q9UHG2				2.77796e+08
Q9UHG3	Q9UHG3;Q9UHG3-2				3.47248e+06
Q9UHI8	Q9UHI8				5.66528e+06
Q9UHL4	Q9UHL4				1.86985e+07
Q9UHY7	Q9UHY7;Q9UHY7-2				734127
Q9UI15	Q9UI15				591067
Q9UI40;Q9UI40-2	Q9UI40;Q9UI40-2				2.80389e+07
Q9UI42;Q9UI42-2	Q9UI42;Q9UI42-2				613323
Q9UIB8;Q9UIB8-2;Q9UIB8-3;Q9UIB8-4;Q9UIB8-5;Q9UIB8-6	Q9UIB8;Q9UIB8-2;Q9UIB8-3;Q9UIB8-4;Q9UIB8-5;Q9UIB8-6				2.58624e+06
Q9UIQ6;Q9UIQ6-2;Q9UIQ6-3	Q9UIQ6;Q9UIQ6-2;Q9UIQ6-3				348965
Q9UIW2	P51805;Q9UIW2				1.79512e+06
Q9UJ14	Q9UJ14				2.69195e+06
Q9UJ37	Q9UJ37				1.39008e+06
Q9UJ90	Q9UJ90				2.05444e+06
Q9UJ99	Q9UJ99				4.99248e+06
Q9UJA9	Q9UJA9				3.07272e+06
Q9UJH8	Q9UJH8				2.31651e+06
Q9UJJ9	Q9UJJ9				1.22055e+07
Q9UJQ1;Q9UJQ1-2	Q9UJQ1;Q9UJQ1-2				892494
Q9UK28	Q9UK28				1.88559e+06
Q9UK55	Q9UK55				3.5615e+06
Q9UK76;Q9UK76-2;Q9UK76-3	Q9UK76;Q9UK76-2;Q9UK76-3				351143
Q9UKB5	Q9UKB5				8.76681e+06
Q9UKF6	Q9UKF6				180796
Q9UKJ1-3	Q9UKJ1;Q9UKJ1-2;Q9UKJ1-3;Q9UKJ1-4				1.11493e+06
Q9UKK9	Q9UKK9				161694
Q9UKM7	Q9UKM7				3.57475e+06
Q9UKQ2;Q9UKQ2-2	Q9UKQ2;Q9UKQ2-2				94825.9
Q9UKU6	Q9UKU6				2.99227e+06
Q9UKU9	Q9UKU9;Q9UKU9-2				3.08374e+06
Q9UKY0	Q9UKY0				257638
Q9UKZ4;Q9UKZ4-2	Q9UKZ4;Q9UKZ4-2				1.08918e+06
Q9ULB1-2;Q9ULB1-3	P58400;Q9ULB1-2;Q9ULB1-3				2.47263e+07
Q9ULB4	Q9ULB4				378574
Q9ULB5	Q9ULB5				2.67503e+06
Q9ULF5	Q9ULF5				1.14082e+07
Q9ULH4	Q9ULH4				1.62893e+06
Q9ULI3;Q9ULI3-2	Q9ULI3;Q9ULI3-2				7.81391e+06
Q9ULI4	Q9ULI4				608313
Q9ULL4;Q9ULL4-2	Q9ULL4;Q9ULL4-2				1.7177e+06
Q9ULP0-3;Q9ULP0-6	Q9ULP0;Q9ULP0-2;Q9ULP0-3;Q9ULP0-4;Q9ULP0-5;Q9ULP0-6;Q9ULP0-7;Q9ULP0-8				1.942e+06
Q9ULZ9;Q9ULZ9-2	Q9ULZ9;Q9ULZ9-2				1.31742e+06
Q9UM22	Q9UM22;Q9UM22-3				7.24309e+06
Q9UM47	Q9UM47				1.0768e+06
Q9UMF0	Q9UMF0				1.20287e+07
Q9UMX0;Q9UMX0-2;Q9UMX0-4	Q9UMX0;Q9UMX0-2;Q9UMX0-4				94121.8
Q9UMX5	Q9UMX5				9.36799e+06
Q9UN36-2;Q9UN36-4;Q9UN36-6	Q9UN36-2;Q9UN36-4;Q9UN36-5;Q9UN36-6				4.74097e+06
Q9UN67;Q9Y5E1	Q9UN67;Q9Y5E1				247617
Q9UN70;Q9UN70-2	Q9UN70;Q9UN70-2				2.32144e+06
Q9UN72;Q9UN72-2;Q9UN75;Q9UN75-2;Q9Y5H6;Q9Y5H6-2;Q9Y5H7;Q9Y5H7-2;Q9Y5H7-3;Q9Y5H8;Q9Y5H8-2;Q9Y5I0;Q9Y5I0-2;Q9Y5I1;Q9Y5I1-2	Q9UN72;Q9Y5H8;Q9UN75;Q9Y5H6;Q9Y5H7;Q9Y5I0;Q9Y5I1;Q9UN72-2;Q9UN75-2;Q9Y5H6-2;Q9Y5H7-2;Q9Y5H7-3;Q9Y5H8-2;Q9Y5I0-2;Q9Y5I1-2				534799
Q9UNN8	Q9UNN8				1.03187e+07
Q9UNW1	Q9UNW1;Q9UNW1-4				5.06111e+06
Q9UP79	Q9UP79				896749
Q9UPU3	Q9UPU3				4.53914e+06
Q9UQ52	Q9UQ52				4.53283e+06
Q9UQM7;Q9UQM7-2	Q9UQM7;Q9UQM7-2				6.12362e+06
Q9Y227;Q9Y227-2	Q9Y227;Q9Y227-2				235031
Q9Y240	Q9Y240				7.52179e+06
Q9Y274	Q9Y274;Q9Y274-2				722359
Q9Y275;Q9Y275-2	Q9Y275;Q9Y275-2				94887.4
Q9Y279;Q9Y279-2	Q9Y279;Q9Y279-2				2.40668e+06
Q9Y281;Q9Y281-3	Q9Y281;Q9Y281-3				305020
Q9Y287	Q9Y287				6.85467e+06
Q9Y2C2	Q9Y2C2				415838
Q9Y2E5	Q9Y2E5;Q9Y2E5-2				1.9104e+06
Q9Y2G1;Q9Y2G1-2	Q9Y2G1;Q9Y2G1-2				1.9898e+06
Q9Y2G5;Q9Y2G5-1;Q9Y2G5-2	Q9Y2G5;Q9Y2G5-1;Q9Y2G5-2				123712
Q9Y2I2;Q9Y2I2-1;Q9Y2I2-2;Q9Y2I2-4;Q9Y2I2-5;Q9Y2I2-6	Q9Y2I2;Q9Y2I2-1;Q9Y2I2-2;Q9Y2I2-4;Q9Y2I2-5;Q9Y2I2-6				1.24601e+06
Q9Y2J0;Q9Y2J0-2	Q9Y2J0;Q9Y2J0-2				174815
Q9Y2T3;Q9Y2T3-3	Q9Y2T3;Q9Y2T3-2;Q9Y2T3-3				1.40631e+07
Q9Y2V2	Q9Y2V2				34950.5
Q9Y2Z0;Q9Y2Z0-2	Q9Y2Z0;Q9Y2Z0-2				193130
Q9Y334;Q9Y334-2	Q9Y334;Q9Y334-2				1.36797e+06
Q9Y3D6	Q9Y3D6				148740
Q9Y3R0;Q9Y3R0-2;Q9Y3R0-3	Q9Y3R0;Q9Y3R0-3;Q9Y3R0-2				128054
Q9Y490	Q9Y490				147697
Q9Y4C0-4	Q9HDB5-3;Q9HDB5-4;Q9Y4C0-4				3.36545e+07
Q9Y4L1	Q9Y4L1				1.66493e+07
Q9Y5E5	Q9Y5E5				562613
Q9Y5F6-2	Q9Y5F6;Q9Y5F6-2				1.7102e+07
Q9Y5F7;Q9Y5F7-2	Q9Y5F7;Q9Y5F7-2				174388
Q9Y5G4;Q9Y5G4-2	Q9Y5G4;Q9Y5H3;Q9Y5G4-2;Q9Y5H3-2				393551
Q9Y5G9;Q9Y5G9-2	Q9Y5G6;Q9Y5G9;Q9Y5H0;Q9Y5H1;Q9Y5G6-2;Q9Y5G9-2;Q9Y5H0-2;Q9Y5H1-2				647692
Q9Y5I4;Q9Y5I4-2	Q9Y5I4;Q9Y5I4-2				6.12809e+06
Q9Y5K6	Q9Y5K6				1.03215e+06
Q9Y5L2	Q9Y5L2				4.78555e+06
Q9Y5R5;Q9Y5R5-3	Q9Y5R5;Q9Y5R5-3				681102
Q9Y5U5;Q9Y5U5-2;Q9Y5U5-3	Q9Y5U5;Q9Y5U5-2;Q9Y5U5-3				2.40777e+06
Q9Y5Y7	Q9Y5Y7				1.70888e+07
Q9Y617	Q9Y617;Q9Y617-2				3.35436e+06
Q9Y625	Q9Y625				383497
Q9Y639;Q9Y639-1;Q9Y639-3;Q9Y639-4;Q9Y639-5	Q9Y639;Q9Y639-1;Q9Y639-3;Q9Y639-4;Q9Y639-5				3.11811e+06
Q9Y646	Q9Y646				4.61316e+07
Q9Y653;Q9Y653-2;Q9Y653-3	Q9Y653;Q9Y653-2;Q9Y653-3;Q9Y653-4;Q9Y653-5				3.43341e+07
Q9Y696	Q9Y696				3.1408e+06
Q9Y6C2	Q9Y6C2				1.73024e+06
Q9Y6N6	Q9Y6N6				1.48092e+06
Q9Y6N7;Q9Y6N7-2;Q9Y6N7-3;Q9Y6N7-4;Q9Y6N7-5;Q9Y6N7-6	Q9Y6N7;Q9Y6N7-2;Q9Y6N7-3;Q9Y6N7-4;Q9Y6N7-5;Q9Y6N7-6				1.54458e+07
Q9Y6N8	Q9Y6N8				2.90076e+06
Q9Y6R7	Q9Y6R7				1.59046e+07
Q9Y6X5	Q9Y6X5				1.19788e+06
Q9Y6Y8;Q9Y6Y8-2	Q9Y6Y8;Q9Y6Y8-2				2.95158e+07
