Protein.Group	Protein.Ids	Protein.Names	Genes	First.Protein.Description	/fs/pool/pool-mann-projects/Johannes/Jakob_AD_CSF_data/MagKiel_cohort_Sweden_speclib_OBO/All_Raw/20190210_QX1_PhGe_SA_EASY12-10_Majken_C1_CSF_656-15.mzML
A0A075B6H7;A0A0C4DH55;P01624	P01624;A0A075B6H7;A0A0C4DH55				2.48901e+08
A0A075B6H9	A0A075B6H9				1.19703e+07
A0A075B6I0	A0A075B6I0				1.80157e+07
A0A075B6I1	A0A075B6I1				1.00438e+06
A0A075B6I9	A0A075B6I9				4.42193e+07
A0A075B6J9	A0A075B6J9				1.08934e+06
A0A075B6K4	A0A075B6K0;A0A075B6K4				1.72346e+06
A0A075B6K5	A0A075B6K5				7.4905e+06
A0A075B6P5;P01615	P01615;A0A075B6P5				1.52636e+08
A0A075B6R2	A0A075B6R2				1.29765e+07
A0A075B6R9;A0A0C4DH68	A0A075B6R9;A0A0C4DH68				2.62896e+07
A0A075B6S2	A0A075B6S2;A2NJV5				1.06378e+08
A0A075B6S5	A0A075B6S5;A0A0C4DH67;A0A0C4DH69				2.56209e+07
A0A087WSX0	A0A087WSX0;A0A0G2JS06				8.68027e+06
A0A087WSY6	A0A087WSY6				8.72217e+07
A0A087WW87;P01614	P01614;A0A087WW87				3.49262e+06
A0A0A0MRZ8;P04433	P04433;A0A0A0MRZ8				1.45994e+08
A0A0A0MS15	A0A0A0MS15				3.1242e+07
A0A0A0MT36;A0A0C4DH26	A0A0A0MT36;A0A0C4DH26				2.89844e+07
A0A0A0MT89	A0A0A0MT89				6.70749e+06
A0A0B4J1U7	A0A0B4J1U7				1.96626e+07
A0A0B4J1V0	A0A0B4J1V0				1.57067e+08
A0A0B4J1V2	A0A0B4J1V2				5.51485e+06
A0A0B4J1X5	P01764;P01768;P01772;P01767;A0A0B4J1X5;A0A0C4DH42;P0DP02;P0DP03				1.04039e+08
A0A0B4J1Y8	A0A0B4J1Y8				5.03743e+06
A0A0B4J1Y9	A0A0B4J1Y9				2.6064e+06
A0A0C4DH24	A0A0C4DH24				2.20171e+06
A0A0C4DH25	A0A0C4DH25				1.50039e+07
A0A0C4DH29	A0A0C4DH29				135136
A0A0C4DH33	A0A0C4DH33				499109
A0A0C4DH34	A0A0C4DH34				9.31917e+06
A0A0C4DH35	A0A0C4DH35				493424
A0A0C4DH36	A0A0C4DH36				4.24042e+06
A0A0C4DH38	A0A0C4DH38;A0A0J9YXX1				3.87674e+07
A0A0C4DH43;P01814	P01814;A0A0C4DH43				2.44213e+06
A0A0J9YX35	A0A0J9YX35				5.77154e+06
A0A0J9YXX1	A0A0J9YXX1				8.49241e+06
A0M8Q6	P0CG04;P0DOY2;P0DOY3;A0M8Q6;P0CF74;B9A064;P0DOX8				2.12619e+08
A1L4H1	A1L4H1				2.61837e+06
A2RU67	A2RU67				306490
A5D6W6	A5D6W6				801273
A6BM72;A6BM72-2;A6BM72-4	A6BM72;A6BM72-2;A6BM72-4				1.8603e+06
A6NCE7;Q9GZQ8	Q9GZQ8;A6NCE7				591560
A6NGN9	A6NGN9				7.83681e+06
A6NL88	A6NL88				944538
A6NLU5	A6NLU5				2.03221e+07
A6NMY6;P07355;P07355-2	A6NMY6;P07355;P07355-2				89961.1
A8MTW9	A8MTW9				2.42032e+06
B4DS77;B4DS77-2;B4DS77-3	B4DS77;B4DS77-2;B4DS77-3				176806
C9JVW0	C9JVW0				3.64636e+06
I3L3R5	I3L3R5				1.46942e+06
O00115;O00115-2	O00115;O00115-2				2.87697e+06
O00142;O00142-2;O00142-3;O00142-4;O00142-5;O00142-6	O00142;O00142-2;O00142-3;O00142-4;O00142-5;O00142-6				3.04617e+07
O00187;O00187-2	O00187;O00187-2				1.23821e+06
O00264	O00264;O15173;O15173-2				2.34047e+06
O00299	O00299				990967
O00339;O00339-2;O00339-3	O00339;O00339-2;O00339-3				2.99086e+06
O00391	O00391;O00391-2				1.98918e+07
O00451	O00451;O00451-2;O00451-3				1.12033e+07
O00461	O00461				1.05573e+07
O00462	O00462				6.39861e+06
O00468-6	O00468-6;O00468-7				1.69841e+07
O00499;O00499-10;O00499-11;O00499-2;O00499-3;O00499-4;O00499-5;O00499-6;O00499-7;O00499-8;O00499-9	O00499;O00499-10;O00499-11;O00499-2;O00499-3;O00499-4;O00499-5;O00499-6;O00499-7;O00499-8;O00499-9				614284
O00533	O00533;O00533-2				2.12641e+08
O00533-2	O00533-2				9.26752e+06
O00560;O00560-2;O00560-3	O00560;O00560-2;O00560-3				796497
O00567	O00567				251052
O00584	O00584				7.76035e+06
O00754;O00754-2	O00754;O00754-2				1.60681e+06
O14498	O14498				4.69024e+07
O14514	O14514				2.51205e+06
O14522	O14522;O14522-1				680244
O14525;O14525-2;O14525-3	O14525;O14525-2;O14525-3				210979
O14594	O14594				7.21395e+07
O14657	O14657				82864.3
O14668;O14668-2	O14668;O14668-2				1.62739e+06
O14672	O14672				3.87547e+06
O14737;O14737-2	O14737;O14737-2				107272
O14745	O14745				70082.2
O14773	O14773				1.02324e+07
O14786	O14786;O14786-2;O14786-3				5.34738e+06
O14791-2	O14791;O14791-2;O14791-3				1.51696e+07
O14793	O14793				2.49334e+06
O14917;O14917-2	O14917;O14917-2				3.26336e+06
O15031	O15031				8.88699e+06
O15041;O15041-2	O15041;O15041-2				280083
O15197;O15197-3	O15197;O15197-3				2.3272e+06
O15204;O15204-2	O15204;O15204-2				754848
O15230	O15230				2.11285e+06
O15232;O15232-2	O15232;O15232-2				2.16037e+06
O15240	O15240				1.2582e+08
O15335	O15335				5.56209e+06
O15354	O15354				2.64784e+07
O15394	O15394;O15394-2				2.38223e+07
O15466;O15466-2	O15466;O15466-2				1.54652e+06
O15540;O15540-2	O15540;O15540-2				1.81933e+06
O43155	O43155				1.30576e+06
O43157	O43157;O43157-2;O43157-3				3.75423e+06
O43173	O43173				2.2127e+06
O43240	O43240				1.27135e+06
O43278;O43278-2	O43278;O43278-2				1.773e+06
O43286	O43286				2.71418e+06
O43291	O43291				5.97718e+06
O43300	O43300				2.82883e+06
O43405;O43405-2	O43405;O43405-2				1.4035e+07
O43491;O43491-4	O43491;O43491-4				1.49664e+06
O43493;O43493-3;O43493-5;O43493-7	O43493;O43493-3;O43493-5;O43493-4;O43493-6;O43493-7				2.64446e+07
O43505	O43505				4.85052e+08
O43508	O43508				790608
O43508-2;O75888;O75888-2;O75888-3;O75888-4;O75888-5	O75888;O75888-3;O43508-2;O75888-2;O75888-4;O75888-5				725714
O43529	O43529				7.18438e+06
O43556;O43556-3;O43556-4	O43556;O43556-3;O43556-4				1.07049e+07
O43567	O43567				3.62683e+06
O43581-2;O43581-3;O43581-5	O43581-2;O43581-3;O43581-5				1.00889e+06
O43827	O43827				3.86329e+06
O43852;O43852-2;O43852-3;O43852-4;O43852-5;O43852-9	O43852;O43852-10;O43852-11;O43852-12;O43852-13;O43852-14;O43852-2;O43852-3;O43852-4;O43852-5;O43852-6;O43852-7;O43852-8;O43852-9				755741
O43854;O43854-2	O43854;O43854-2				290207
O43866	O43866				2.28905e+06
O43897;O43897-2	O43897;O43897-2				1.73014e+06
O43909	O43909				376434
O43916	O43916				716318
O60241;O60241-2;O60241-3;O60241-4	O60241;O60241-2;O60241-3;O60241-4				1.29494e+07
O60242	O60242				1.35344e+06
O60243	O60243				1.80211e+06
O60245;O60245-2	O60245;O60245-2				2.885e+06
O60279	O60279				1.93766e+07
O60291;O60291-2;O60291-3;O60291-4	O60291;O60291-2;O60291-3;O60291-4				1.24157e+06
O60294	O60294				6.06009e+06
O60330;O60330-2	O60330;O60330-2				612814
O60449;O60449-2;O60449-3	O60449;O60449-2;O60449-3				577923
O60462;O60462-2;O60462-3;O60462-4;O60462-5	O60462;O60462-2;O60462-3;O60462-4;O60462-5;O60462-6				4.23957e+06
O60476	O60476				2.00771e+06
O60477;O60477-3	O60477;Q76B58;O60477-3;Q76B58-2				405731
O60512	O60512				1.6181e+06
O60565	O60565				317049
O60568	O60568				3.17101e+06
O60613	O60613				1.86426e+06
O60883	O60883				5.68007e+07
O60888-3	O60888;O60888-2;O60888-3				3.93594e+07
O60939	O60939				1.76869e+06
O75051;O75051-2	O75051;O75051-2				684689
O75063	O75063				2.3124e+06
O75071	O75071				8.18761e+06
O75077;O75077-2;O75077-3	O75077;O75077-2;O75077-3				7.41048e+06
O75078	O75078;O75078-2				3.21989e+06
O75083	O75083;O75083-3				2.17759e+06
O75084;Q14332	O75084;Q14332				877660
O75093	O75093				1.34083e+07
O75144;O75144-2	O75144;O75144-2;O75144-3				1.50291e+07
O75173;O75173-2	O75173;O75173-2				8.92426e+06
O75223	O75223;O75223-3				1.23989e+06
O75326	O75326;O75326-2				3.59508e+07
O75354;O75354-2;O75354-3	O75354;O75354-2;O75354-3				1.20807e+06
O75368	O75368				2.40521e+06
O75487;O75487-2	O75487;O75487-2				1.36669e+06
O75493	O75493				3.96246e+06
O75503	O75503				2.21039e+06
O75509	O75509				1.69941e+07
O75594	O75594				223793
O75629	O75629				1.08686e+06
O75636;O75636-2	O75636;O75636-2				2.32446e+06
O75711	O75711				2.6338e+08
O75752	O75752				4.37057e+06
O75787;O75787-2	O75787;O75787-2				2.68154e+07
O75828	O75828				2.68031e+06
O75874	O75874				611478
O75882;O75882-2;O75882-3	O75882;O75882-2;O75882-3				1.51213e+07
O75973	O75973				501814
O75976	O75976				1.19363e+06
O76061	O76061				4.82921e+06
O76070	O76070;Q16143				2.52065e+06
O94760	O94760;O94760-2				8.30443e+06
O94766	O94766;Q9NPZ5				1.65274e+06
O94769	O94769;O94769-2				7.84832e+06
O94772;O94772-2	O94772;O94772-2				1.02192e+08
O94779;O94779-2	O94779;O94779-2;O94779-4				547388
O94856-11	O94856;O94856-10;O94856-11;O94856-12;O94856-13;O94856-3;O94856-4;O94856-5;O94856-6;O94856-7;O94856-8;O94856-9				1.92799e+07
O94856-12;O94856-4;O94856-9	O94856-12;O94856-4;O94856-9				2.12534e+06
O94898	O94898				67320.4
O94910;O94910-2	O94910;O94910-2				6.87524e+06
O94919	O94919				3.02379e+07
O94973;O94973-2	O94973;O94973-2				2.36371e+06
O94985	O94985				2.05801e+06
O94985-2	O94985;O94985-2				1.84364e+08
O94991	O94991;O94991-2				3.48028e+06
O95084;O95084-2	O95084;O95084-2				2.54269e+06
O95157	O95157				1.04083e+06
O95158	O95158				2.0103e+07
O95159	O95159				939764
O95185;O95185-2	O95185;O95185-2				1.66981e+06
O95196;O95196-2	O95196;O95196-2				6.3391e+06
O95206;O95206-2	O95206;O95206-2				2.76476e+06
O95297;O95297-2;O95297-3	O95297;O95297-2;O95297-3;O95297-4				533521
O95336	O95336				321221
O95390	O95390				3.57199e+06
O95428;O95428-5;O95428-6	O95428;O95428-3;O95428-4;O95428-5;O95428-6				5.33335e+06
O95445	O95445;O95445-2				1.24666e+07
O95450;O95450-2	O95450;O95450-2				1.79752e+06
O95467	O95467				1.44511e+06
O95490;O95490-2;O95490-3;O95490-4;O95490-5;O95490-6;O95490-7	O95490;O95490-2;O95490-3;O95490-4;O95490-5;O95490-6;O95490-7				518419
O95497	O95497				2.78931e+06
O95502	O95502				7.29359e+07
O95633;O95633-2	O95633;O95633-2				1.80782e+06
O95803;O95803-3;Q9H3R1	O95803;Q9H3R1;O95803-3;Q9H3R1-2				1.39574e+06
O95841	O95841				959679
O95865	O95865				906477
O95881	O95881				195817
O95897	O95897				642152
O95967	O95967				8.67934e+06
O95970;O95970-3	O95970;O95970-3				289158
O95998	O95998;O95998-4				1.95427e+07
P00338;P00338-3	P00338;P00338-3;P00338-4				8.86229e+06
P00352	P00352				689227
P00390;P00390-2;P00390-3	P00390;P00390-2;P00390-3;P00390-4;P00390-5				2.12594e+06
P00441	P00441				2.56462e+08
P00450	P00450				1.73946e+08
P00488	P00488				1.35249e+06
P00492	P00492				3.47477e+06
P00505	P00505;P00505-2				5.8116e+06
P00533;P00533-3;P00533-4	P00533;P00533-3;P00533-4				1.39997e+06
P00558	P00558;P00558-2				5.78938e+06
P00734	P00734				3.8539e+07
P00736	P00736				7.07392e+07
P00738	P00738;P00738-2				4.16153e+08
P00739	P00739;P00739-2				3.6846e+08
P00740;P00740-2	P00740;P00740-2				6.41138e+06
P00742	P00742				2.32284e+07
P00746	P00746				3.36077e+07
P00747	P00747				6.80912e+07
P00748	P00748				5.34718e+07
P00751	P00751;P00751-2				1.51763e+08
P01008	P01008				3.77878e+08
P01009	P01009;P01009-2;P01009-3				3.40382e+09
P01011	P01011				1.37413e+09
P01019	P01019				6.73692e+08
P01023	P01023				3.56111e+08
P01024	P01024				5.63893e+08
P01031	P01031				3.22047e+07
P01033	P01033				6.16851e+07
P01034	P01034				1.44513e+09
P01036;P01037	P01036;P01037				638652
P01040	P01040				802260
P01042	P01042;P01042-2;P01042-3				1.72148e+08
P01042-2;P01042-3	P01042-2;P01042-3				6.99704e+07
P01127;P01127-2	P01127;P01127-2				3.08605e+07
P01130;P01130-2;P01130-3;P01130-4;P01130-5;P01130-6	P01130;P01130-2;P01130-3;P01130-4;P01130-5;P01130-6				456122
P01210	P01210				1.10583e+08
P01213	P01213				5.65777e+06
P01236	P01236				258967
P01258;P01258-2;P06881	P01258;P06881;P10092;P01258-2				644698
P01282;P01282-2	P01282;P01282-2				659104
P01303	P01303				8.36662e+06
P01344;P01344-2;P01344-3	P01344;P01344-2;P01344-3				3.67002e+07
P01591	P01591				6.93171e+06
P01593;P01594	P01593;P01594				8.79216e+06
P01597;P04432	P01597;P01611;P04432;A0A0C4DH72;A0A0C4DH73				8.60317e+06
P01599	P01599;A0A0C4DH72				5.11938e+06
P01602	P01602				4.17197e+06
P01619	P01619				2.97842e+08
P01700	P01700				3.20864e+07
P01701	P01701				2.06565e+07
P01706	P01706				287466
P01709	P01706;P01709;P0DOX8				1.65777e+07
P01714	P01714				2.57556e+06
P01715	P01715				2.47327e+06
P01717	P01717				3.47515e+07
P01721	P01721				1.82447e+06
P01742	P01742				6.42627e+06
P01768;P0DP03	P01768;P01772;P0DP02;P0DP03				1.08585e+07
P01780	P01780				7.92772e+07
P01817	P01817				8.21274e+06
P01833	P01833				1.90748e+06
P01834	P01834				2.14024e+08
P01859;P01859-1	P01859;P01859-1				1.43414e+09
P01860;P01860-1	P01860;P01860-1				5.49572e+07
P01861;P01861-1	P01861;P01861-1				3.46073e+08
P01871;P01871-1	P01871;P0DOX6;P01871-1				2.3399e+07
P01876;P01876-1	P01876;P01876-1				6.48551e+08
P01889	P01889;P01893;P04439;P13747;P17693;P17693-2;P17693-5;P17693-6;P04439-2				2.73143e+06
P01893;P04439;P04439-2	P01893;P04439;P04439-2				1.05697e+06
P01903	P01903;P01906				603954
P01911	P01911;P04440				2.293e+06
P02144	P02144				2.49657e+06
P02452	P02452				2.6243e+07
P02461	P02461;P02461-2				7.56117e+06
P02511	P02511				334910
P02533	P02533;P08727;P08779;P19012;Q04695;P19012-2				1.15759e+06
P02647	P02647				1.99722e+09
P02649	P02649				6.09837e+09
P02652	P02652				5.26563e+08
P02654	P02654				1.25636e+08
P02655	P02655				1.25043e+07
P02656	P02656				4.27946e+07
P02671	P02671;P02671-2				1.90778e+08
P02675	P02675				1.70529e+08
P02679;P02679-2	P02679;P02679-2				9.12785e+07
P02686;P02686-3;P02686-4;P02686-5;P02686-6	P02686;P02686-3;P02686-4;P02686-5;P02686-6				238008
P02741	P02741				3.7218e+06
P02743	P02743				6.21095e+06
P02745	P02745				4.32447e+07
P02746	P02746				1.14913e+08
P02747	P02747				1.77237e+08
P02748	P02748				2.77409e+07
P02749	P02749				1.09883e+08
P02750	P02750				1.18254e+08
P02751;P02751-1	P02751;P02751-1;P02751-10;P02751-11;P02751-12;P02751-13;P02751-14;P02751-16;P02751-17;P02751-2;P02751-3;P02751-4;P02751-5;P02751-6;P02751-7;P02751-8;P02751-9				2.50384e+08
P02753	P02753				2.37642e+08
P02760	P02760				2.92657e+07
P02763	P02763				1.58639e+09
P02765	P02765				3.76635e+08
P02766	P02766				3.47899e+09
P02768	P02768				2.05124e+10
P02774;P02774-3	P02774;P02774-2;P02774-3				6.35821e+08
P02786	P02786				1.51486e+06
P02787	P02787				4.01187e+09
P02788;P02788-2	P02788;P02788-2				2.38874e+06
P02790	P02790				2.02435e+09
P02792	P02792				2.39084e+06
P02794	P02794				3.58675e+06
P03950	P03950				2.92149e+06
P03951	P03951;P03951-2				1.03923e+07
P03952	P03952				1.16587e+07
P04003	P04003				2.05727e+06
P04004	P04004				3.06421e+08
P04040	P04040				134458
P04062;P04062-2;P04062-4;P04062-5	P04062;P04062-2;P04062-3;P04062-4;P04062-5				2.12053e+06
P04066	P04066				8.95072e+06
P04070;P04070-2	P04070;P04070-2				3.29681e+06
P04075	P04075;P04075-2				3.68843e+07
P04080	P04080				2.81506e+06
P04085;P04085-2	P04085;P04085-2				7.5329e+06
P04114	P04114				7.97677e+07
P04156	P04156				3.2967e+08
P04179;P04179-4	P04179;P04179-2;P04179-3;P04179-4				9.97303e+06
P04180	P04180				2.17356e+07
P04196	P04196				7.36845e+07
P04211	P04211				1.75715e+06
P04216	P04216				4.41309e+08
P04217	P04217;P04217-2				2.09668e+08
P04217-2	P04217-2				3.84191e+06
P04264	P04259;P04264				3.65888e+07
P04271	P04271				976703
P04275	P04275				3.39118e+06
P04278	P04278;P04278-2;P04278-3;P04278-4;P04278-5				3.23047e+06
P04350;P07437;P68371	P04350;P07437;P68371				229703
P04406	P04406;P04406-2				1.55695e+07
P04430	P04430				2.56883e+06
P04629;P04629-2;P04629-3;P04629-4	P04629;P04629-2;P04629-3;P04629-4				106987
P04746	P04746;P0DTE7;P0DTE8;P0DUB6;P19961;P19961-2;P04746-2				1.59189e+06
P04792	P04792				1.29231e+06
P04908;P0C0S5;P0C0S8;P16104;P20671;Q16777;Q6FI13;Q71UI9;Q71UI9-2;Q71UI9-5;Q7L7L0;Q8IUE6;Q93077;Q96KK5;Q96QV6;Q99878;Q9BTM1;Q9BTM1-2	P04908;P0C0S5;P0C0S8;P16104;P20671;Q16777;Q6FI13;Q71UI9;Q7L7L0;Q8IUE6;Q93077;Q96KK5;Q96QV6;Q99878;Q9BTM1;Q71UI9-2;Q71UI9-5;Q9BTM1-2				513578
P05023;P05023-2;P05023-4	P05023;P05023-2;P05023-4				462300
P05026;P05026-2	P05026;P05026-2				1.17313e+06
P05060	P05060				6.00691e+08
P05067;P05067-11;P05067-7;P05067-8;P05067-9	P05067;P05067-4;P05067-10;P05067-11;P05067-3;P05067-5;P05067-6;P05067-7;P05067-8;P05067-9				3.3678e+08
P05090	P05090				2.35783e+09
P05107	P05107				249451
P05109	P05109				437294
P05121	P05121				739964
P05154	P05154				1.75015e+07
P05155;P05155-3	P05155;P05155-2;P05155-3				5.06657e+08
P05156	P05156				3.83557e+07
P05160	P05160				1.07781e+06
P05362	P05362				988590
P05408;P05408-2	P05408;P05408-2				1.90993e+08
P05413	P05413				5.89989e+06
P05451	P05451;P48304				740766
P05452	P05452				1.47421e+08
P05543	P05543				3.01565e+07
P05546	P05546				5.36047e+07
P05556;P05556-2;P05556-3;P05556-4;P05556-5	P05556;P05556-2;P05556-5;P05556-3;P05556-4				1.88161e+06
P05937	P05937;P05937-2				6.06821e+06
P05997	P05997				975232
P06276	P06276				4.67403e+06
P06307	P06307				2.49661e+07
P06310	P06310				7.61406e+07
P06312	P06312				1.58875e+08
P06331	P01824;P01825;P06331;A0A0C4DH41;P0DP06;P0DP08				3.73988e+07
P06396	P06396;P06396-2;P06396-3;P06396-4				6.55474e+08
P06396-2	P06396-2				3.60479e+06
P06681	P06681;P06681-2;P06681-3				2.83191e+07
P06702	P06702				820961
P06703	P06703				4.80689e+06
P06727	P06727				1.99037e+08
P06733	P06733;P06733-2				5.00595e+06
P06744;P06744-2	P06744;P06744-2				3.63866e+06
P06865	P06865				7.42603e+06
P07093-2;P07093-3	P07093;P07093-2;P07093-3				5.69223e+06
P07108;P07108-2;P07108-3;P07108-4;P07108-5	P07108;P07108-2;P07108-3;P07108-4;P07108-5;P07108-6				1.19436e+07
P07148	P07148				498035
P07195	P00338;P07195;P07864;Q6ZMR3;P00338-3;P00338-2;P00338-4;P00338-5				4.18016e+07
P07196	P07196				239220
P07225	P07225				6.45e+07
P07237	P07237				1.30195e+06
P07307;P07307-2;P07307-3	P07307;P07307-3;P07307-2				190439
P07311	P07311				2.55759e+06
P07333	P07333;P07333-2				3.59082e+07
P07339	P07339				1.31041e+08
P07357	P07357				2.13633e+07
P07358	P07358				1.57541e+07
P07360	P07360				1.31294e+07
P07451	P07451				289026
P07492	P07492;P07492-2;P07492-3				1.20946e+06
P07585	P07585				1.47534e+07
P07602;P07602-2;P07602-3	P07602;P07602-2;P07602-3				1.23554e+08
P07686	P07686				4.8352e+06
P07711	P07711;P07711-3				1.36735e+07
P07737	P07737				4.16898e+06
P07858	P07858				3.10059e+07
P07900;P07900-2	P07900;P07900-2				1.45975e+06
P07942	P07942				5.29863e+06
P07951-3;P09493-6;P09493-7;P09493-8	P06753;P07951;P09493;P09493-10;P67936;P07951-2;P09493-5;P06753-2;P06753-3;P09493-2;P09493-3;P09493-4;P09493-6;P09493-7;P09493-8;P09493-9;P06753-4;P06753-5;P06753-6;P07951-3;P67936-2				748398
P07996	P07996;P07996-2				5.36422e+06
P07998	P07998				1.56604e+07
P08123	P08123				1.65177e+07
P08174;P08174-2;P08174-3;P08174-4;P08174-5;P08174-6;P08174-7	P08174;P08174-2;P08174-3;P08174-4;P08174-5;P08174-6;P08174-7				1.64894e+07
P08185	P08185				8.43192e+07
P08195;P08195-2;P08195-3;P08195-4;P08195-5	P08195;P08195-4;P08195-2;P08195-3;P08195-5				3.28504e+07
P08236;P08236-3	P08236;P08236-3				1.05623e+06
P08238	P07900;P08238;P07900-2				817811
P08253	P08253;P08253-2;P08253-3				2.03056e+07
P08294	P08294				1.35037e+08
P08493-2	P08493;P08493-2				6.65574e+07
P08571	P08571				1.61466e+08
P08572	P08572				3.92934e+06
P08581;P08581-2	P08581;P08581-2				933030
P08582	P08582				626145
P08603	P08603				1.01932e+08
P08637	P08637				1.05435e+07
P08670	P08670;P17661				2.39666e+06
P08697	P08697;P08697-2				1.44234e+08
P08758	P08758				2.5076e+06
P08833	P08833				3.11951e+07
P08949;P08949-2	P08949;P08949-2				43459.4
P09104	P09104;P09104-2				8.70429e+06
P09172	P09172				451481
P09211	P09211				4.3438e+06
P09382	P09382				1.52733e+07
P09417;P09417-2	P09417;P09417-2				7.59847e+06
P09486	P09486				8.90486e+07
P09603	P09603;P09603-2;P09603-3				3.90885e+07
P09619	P09619;P09619-2				4.11453e+06
P09622	P09622;P09622-2				1.38237e+06
P09668	P09668				1.1403e+07
P09871	P09871				6.35066e+07
P09936	P09936				5.43131e+06
P09958	P09958				1.1803e+07
P09960;P09960-4	P09960;P09960-2;P09960-3;P09960-4				790641
P09972	P04075;P09972;P04075-2				2.26742e+07
P0C0L4;P0C0L4-2	P0C0L4;P0C0L4-2				1.46343e+08
P0C0L5	P0C0L4;P0C0L5;P0C0L4-2				7.24455e+08
P0C6S8	P0C6S8				1.66545e+06
P0CF74	P0CF74				211590
P0CG47;P0CG48;P62979;P62987	P0CG47;P0CG48;P62979;P62987				1.29509e+08
P0DJI8;P0DJI9	P0DJI8;P0DJI9;P0DJI9-2				1.13523e+06
P0DMQ5	P0DMQ5				2.16982e+07
P0DMV8;P0DMV8-2;P0DMV9	P0DMV8;P0DMV9;P0DMV8-2				3.03705e+06
P0DOX2	P01876;P01877;P01876-1;P01877-1;P0DOX2				6.64891e+08
P0DOX3	P0DOX3				1.00254e+07
P0DOX5	P0DOX5				1.87295e+09
P0DOX7	P01834;P0DOX7				2.32259e+08
P0DOX8	B9A064;P0DOX8				1.11856e+08
P0DOY2;P0DOY3	P0DOY2;P0DOY3				3.18019e+08
P0DP23;P0DP24;P0DP25	P0DP23;P0DP24;P0DP25;P27482				1.98687e+06
P0DP58	P0DP58				1.42231e+08
P0DPH7;P0DPH7-2;P0DPH8;P68363;P68363-2;P68366;P68366-2;Q6PEY2;Q71U36;Q71U36-2;Q9BQE3	P0DPH7;P0DPH8;P68363;P68366;Q6PEY2;Q71U36;Q9BQE3;Q9NY65;P0DPH7-2;P68363-2;P68366-2;Q71U36-2;Q9NY65-2				216807
P0DTE1	P0DTE1				3.17965e+06
P10124	P10124				5.44003e+06
P10153	P10153				1.56854e+07
P10253	P10253				2.47031e+06
P10321;P10321-2	P10321;P10321-2				414620
P10451-3	P10451-3				3.49736e+07
P10451-5	P10451;P10451-4;P10451-5				3.30575e+08
P10451;P10451-4	P10451;P10451-4				2.52136e+06
P10586;P10586-2	P10586;P10586-2				9.39787e+06
P10599	P10599;P10599-2				1.78787e+07
P10619;P10619-2	P10619;P10619-2				532670
P10636-2;P10636-6	P10636;P10636-8;P10636-6;P10636-2;P10636-3;P10636-4;P10636-5;P10636-7				1.80343e+06
P10643	P10643				6.97076e+07
P10644;P10644-2	P10644;P10644-2				437984
P10645	P10645				3.52095e+08
P10721;P10721-2	P10721;P10721-2				5.00526e+06
P10745	P10745				721813
P10768	P10768				2.84437e+06
P10909-6	P10909;P10909-4;P10909-6;P10909-2;P10909-3;P10909-5				2.4549e+09
P11021	P11021				1.25589e+07
P11047	P11047				3.3316e+06
P11117	P11117				1.88988e+06
P11142	P11142				8.92409e+06
P11226	P11226				517964
P11279	P11279;P11279-2				7.65496e+06
P11362-21;P11362-7	P11362;P11362-10;P11362-11;P11362-12;P11362-13;P11362-14;P11362-16;P11362-18;P11362-19;P11362-2;P11362-20;P11362-21;P11362-3;P11362-4;P11362-5;P11362-6;P11362-7;P11362-8;P11362-9				1.38631e+07
P11464-4	P11464-4				2.27412e+06
P11597	P11597;P11597-2				1.84046e+06
P11717	P11717				1.79816e+06
P12107;P12107-2;P12107-3;P12107-4	P12107;P12107-2;P12107-3;P12107-4				259323
P12109	P12109				4.08813e+07
P12110	P12110;P12110-2;P12110-3				3.43926e+06
P12111	P12111				687756
P12111-4	P12111;P12111-2;P12111-4				9.79424e+06
P12259	P12259				1.35663e+07
P12272;P12272-2;P12272-3	P12272;P12272-2;P12272-3				1.55922e+06
P12273	P12273				240477
P12277	P12277				1.45466e+06
P12314;Q92637;Q92637-3	P12314;Q92637;Q92637-3				2.22648e+06
P12318;P12318-2	P12318;P31994;P31995;P12318-2;P31994-2;P31994-3;P31994-4;P31994-5;P31995-2;P31995-3;P31995-4				5.20458e+06
P12532;P12532-2	P12532;P12532-2				726567
P12821;P12821-2	P12821;P12821-2				1.31201e+06
P12830;P12830-2	P12830;P12830-2				1.44847e+06
P12955;P12955-2	P12955;P12955-2;P12955-3				2.00681e+06
P13284	P13284				1.47246e+06
P13473;P13473-2;P13473-3	P13473;P13473-2;P13473-3				8.32379e+07
P13489	P13489				882116
P13497;P13497-2;P13497-3;P13497-4;P13497-5;P13497-6	P13497;P13497-2;P13497-3;P13497-4;P13497-5;P13497-6				1.17055e+06
P13521	P13521				7.43625e+07
P13591	P13591;P13591-1;P13591-3;P13591-4;P13591-5;P13591-6				1.83664e+08
P13591-3	P13591-1;P13591-3;P13591-4				4.72718e+07
P13598	P13598				3.96895e+06
P13611;P13611-5	P13611;P13611-2;P13611-3;P13611-4;P13611-5				1.85339e+07
P13637;P13637-2;P13637-3	P13637;P13637-2;P13637-3				1.84178e+06
P13645	P13645				1.28362e+07
P13646;P13646-3	O76011;P13646;P35900;Q14525;Q15323;Q6A162;O76009;Q9C075;P13646-2;P13646-3				936986
P13647	P13647				1.35066e+06
P13667	P13667				640536
P13671	P13671				2.20716e+07
P13693	P13693				291656
P13796	P13796				4.57143e+06
P13797;P13797-2;P13797-3	P13797;P13797-2;P13797-3				569786
P13987;P13987-2	P13987;P13987-2				6.25554e+07
P14136	P14136				1.53975e+06
P14138;P14138-2;P14138-3	P14138;P14138-2;P14138-3				2.78399e+06
P14151;P14151-2	P14151;P14151-2				6.77876e+06
P14174	P14174				7.83739e+06
P14207	P14207				3.32248e+06
P14209;P14209-3	P14209;P14209-3				1.98633e+06
P14314-2	P14314;P14314-2				5.9584e+06
P14324;P14324-2	P14324;P14324-2				919998
P14384	P14384				1.15009e+06
P14415	P14415				3.74496e+06
P14543	P14543;P14543-2				1.83248e+07
P14618-2	P14618;P14618-2;P14618-3				6.35702e+07
P14618;P14618-3	P14618;P14618-3				578393
P14621	P14621				4.39556e+06
P14625	P14625;Q58FF3				5.10821e+06
P14778	P14778				104081
P15086	P15085;P15086				2.10457e+06
P15090	P15090				1.84538e+06
P15121	C9JRZ8;P15121;C9JRZ8-2				860676
P15144	P15144				2.0373e+06
P15151;P15151-2;P15151-3;P15151-4	P15151;P15151-2;P15151-3;P15151-4				5.90554e+06
P15169	P15169				1.89856e+07
P15259	P15259				68612.6
P15289;P15289-2	P15289;P15289-2				1.83891e+06
P15291;P15291-2	P15291;P15291-2				4.99444e+06
P15502-1;P15502-2;P15502-4;P15502-5	P15502-1;P15502-2;P15502-4;P15502-5				1.76528e+06
P15509;P15509-2;P15509-3;P15509-5;P15509-7	P15509;P15509-3;P15509-2;P15509-5;P15509-7;P15509-8				3.02805e+06
P15529;P15529-10;P15529-11;P15529-12;P15529-13;P15529-14;P15529-15;P15529-16;P15529-2;P15529-3;P15529-4;P15529-5;P15529-6;P15529-7;P15529-8;P15529-9	P15529;P15529-3;P15529-10;P15529-11;P15529-12;P15529-13;P15529-14;P15529-15;P15529-16;P15529-2;P15529-4;P15529-5;P15529-6;P15529-7;P15529-8;P15529-9				871530
P15531;P15531-2	P15531;P22392;O60361;P22392-2;P15531-2				2.5031e+06
P15586;P15586-2	P15586;P15586-2				2.36743e+06
P15848;P15848-2	P15848;P15848-2				53681.7
P16035	P16035				5.70809e+07
P16070;P16070-10;P16070-11;P16070-12;P16070-13;P16070-14;P16070-15;P16070-16;P16070-17;P16070-18;P16070-3;P16070-4;P16070-5;P16070-6;P16070-7;P16070-8;P16070-9	P16070;P16070-10;P16070-11;P16070-12;P16070-13;P16070-14;P16070-15;P16070-16;P16070-17;P16070-18;P16070-3;P16070-4;P16070-5;P16070-6;P16070-7;P16070-8;P16070-9				9.7361e+07
P16083	P16083				1.78268e+06
P16112;P16112-2	P16112;P16112-2;P16112-3				3.10056e+06
P16152	P16152				2.67692e+06
P16234;P16234-3	P16234;P16234-2;P16234-3				889311
P16278;P16278-3	P16278;P16278-3				190456
P16519;P16519-2;P16519-3	P16519;P16519-2;P16519-3				4.1408e+06
P16870;P16870-2	P16870;P16870-2				5.93624e+07
P16930	P16930				775628
P16949	P16949;P16949-2				3.07921e+06
P17174	P17174;P17174-2				2.69851e+07
P17302	P17302				930575
P17405;P17405-4	P17405;P17405-4				1.12934e+06
P17600;P17600-2	P17600;P17600-2				1.8877e+06
P17677;P17677-2	P17677;P17677-2				4.49649e+06
P17813;P17813-2	P17813;P17813-2				533832
P17900	P17900				7.54278e+07
P17931	P17931				2.70447e+06
P17936;P17936-2	P17936;P17936-2				6.07668e+06
P18065	P18065				1.14205e+08
P18075	P18075				192440
P18206;P18206-2	P18206;P18206-2				1.44657e+06
P18428	P18428				5.49016e+06
P18509	P18509				3.43394e+06
P18669	P15259;P18669				6.66962e+06
P19021;P19021-5;P19021-6	P19021;P19021-3;P19021-4;P19021-2;P19021-5;P19021-6				4.88811e+07
P19022	P19022;P19022-2				9.44667e+07
P19256;P19256-2;P19256-3	P19256;P19256-2;P19256-3				1.04612e+06
P19320	P19320;P19320-2;P19320-3				4.32753e+06
P19367;P19367-2;P19367-3;P19367-4	P19367;P19367-2;P19367-3;P19367-4				1.65497e+06
P19652	P19652				3.07981e+08
P19823	P19823				3.96452e+07
P19827	P19827;P19827-2				2.64584e+07
P19835	P19835				600472
P20036	P20036				202947
P20062	P20062				1.10695e+07
P20138;P20138-2	P20138;P20138-2				1.28267e+06
P20340;P20340-2;Q9NRW1	P20340;Q9NRW1;P20340-2;P20340-3				275751
P20366;P20366-2	P20366;P20366-2;P20366-3;P20366-4				1.45635e+07
P20382	P20382				705963
P20396	P20396				3.13477e+06
P20472	P20472				1.01324e+07
P20618	P20618				1.7905e+06
P20674	P20674				6.68148e+06
P20742	P20742;P20742-2				2.87633e+06
P20774	P20774				1.0537e+08
P20827	P20827;P20827-2				8.56226e+06
P20908;P20908-2	P20908;P20908-2				431876
P20916;P20916-2;P20916-3	P20916;P20916-2;P20916-3				4.43198e+06
P20933	P20933				2.00311e+07
P21333;P21333-2	P21333;P21333-2				1.76545e+06
P21554	P21554				2.25924e+06
P21579	P21579				1.48746e+06
P21583;P21583-2;P21583-3	P21583;P21583-2;P21583-3				762085
P21802;P21802-16;P21802-2;P21802-5;P21802-6;P21802-8	P21802;P21802-3;P21802-14;P21802-15;P21802-16;P21802-17;P21802-18;P21802-19;P21802-2;P21802-23;P21802-5;P21802-6;P21802-8				8.84296e+06
P21810	P21810				1.20223e+06
P21860;P21860-4	P21860;P21860-4				830450
P21926	P21926				1.44475e+06
P22004	P22004				814513
P22061;P22061-2	P22061;P22061-2				6.13005e+06
P22105;P22105-1;P22105-4	P22105;P22105-1;P22105-4				1.33825e+07
P22223;P22223-2	P22223;P22223-2				136194
P22303	P22303;P22303-2;P22303-3;P22303-4				3.20802e+06
P22304	P22304				1.72254e+07
P22352	P22352				4.4574e+07
P22607;P22607-2;P22607-3;P22607-4	P22607;P22607-2;P22607-3;P22607-4				7.22341e+06
P22676	P22676				961594
P22692;P22692-2	P22692;P22692-2				3.90504e+07
P22748	P22748				7.36679e+06
P22792	P22792				4.18462e+06
P22794;P22794-2	P22794;P22794-2				1.59186e+06
P22891;P22891-2	P22891;P22891-2				1.42251e+06
P22897	P22897				7.17458e+06
P23083	P23083;P01743;A0A0C4DH29;A0A0C4DH31;A0A0C4DH33;A0A0J9YVY3;P0DP01				4.04807e+06
P23142	P23142				1.70101e+08
P23142-4	P23142-4				1.2599e+08
P23284	P23284				1.69064e+07
P23435	P23435				2.66809e+07
P23468	P10586;P23468;P10586-2;P23468-3;P23468-4;P23468-5;P23468-6;P23468-7				1.18186e+07
P23468-7	P23468-4;P23468-5;P23468-6;P23468-7				2.11986e+06
P23470;P23470-2	P23470;P23470-2				6.59982e+06
P23471;P23471-2	P23471;P23471-2;P23471-3				4.28309e+07
P23515	P23515				8.88928e+07
P23526;P23526-2	P23526;P23526-2				366845
P23528	P23528				2.03355e+06
P23560;P23560-2;P23560-3;P23560-4;P23560-5	P23560;P23560-2;P23560-3;P23560-4;P23560-5				3.94079e+06
P23582	P23582				4.35956e+07
P24043	P24043				5.24368e+06
P24592	P24592				1.25355e+08
P24593	P24593				1.49489e+07
P24666;P24666-2;P24666-3;P24666-4	P24666;P24666-2;P24666-3;P24666-4				362881
P24821;P24821-4	P24821;P24821-2;P24821-3;P24821-4;P24821-5;P24821-6				722681
P25189;P25189-2	P25189;P25189-2				2.01145e+06
P25311	P25311				9.8272e+07
P25713	P25713				1.08229e+07
P25774	P25774;P25774-2				3.42477e+06
P26038	P26038				5.9682e+06
P26447	P26447				938086
P26572	P26572				5.322e+06
P26641;P26641-2	P26641;P26641-2				248693
P26927	P26927;Q2TV78;Q2TV78-2				2.38079e+06
P26992	P26992				3.39016e+07
P27169	P27169				1.45229e+07
P27348	P27348				403921
P27658	P27658				1.11073e+06
P27797	P27797				2.33528e+07
P27824;P27824-2	P27824;P27824-2;P27824-3				3.73099e+06
P28074;P28074-2	P28074;P28074-2				193647
P28300	P28300				8.34869e+06
P28799;P28799-2	P28799;P28799-2				1.79419e+06
P28827;P28827-2	P28827;P28827-2				1.18264e+06
P28838;P28838-2	P28838;P28838-2				170261
P29120;P29120-2	P29120;P29120-2				6.25514e+06
P29218;P29218-3	P29218;P29218-3;P29218-2				2.50428e+06
P29279;P29279-2	P29279;P29279-2				799165
P29323;P29323-2;P29323-3	P29323;P29323-3;P29323-2				860950
P29401;P29401-2	P29401;P29401-2				1.18589e+06
P29622	P29622				2.52552e+07
P29966	P29966				5.77313e+06
P30041	P30041				2.94012e+06
P30043	P30043				1.0878e+07
P30046	P30046				1.83028e+06
P30048;P30048-2	P30048;P30048-2				321536
P30086	P30086				5.00508e+07
P30101	P30101				6.53004e+06
P30530;P30530-2	P30530;P30530-2				1.02754e+07
P30533	P30533				183580
P30711	P30711				242798
P30740	P30740				777398
P31146	P31146				355287
P31150	P31150				6.63228e+06
P31153	P31153;P31153-2				745666
P31946;P31946-2	P31946;P31946-2				2.72322e+06
P31948;P31948-2;P31948-3	P31948;P31948-2;P31948-3				149369
P32004;P32004-2;P32004-3	P32004;P32004-2;P32004-3				1.04633e+07
P32119	P32119				7.58391e+06
P32926	P32926				892285
P33151	P33151;P33151-2				3.4774e+06
P33908	P33908				2.62244e+07
P34059	P34059				2.6949e+06
P34096	P34096				9.03216e+06
P34741	P34741				677482
P34932	P34932				630806
P34949;P34949-2	P34949;P34949-2				521500
P35030;P35030-2;P35030-3;P35030-4;P35030-5	P35030;P35030-2;P35030-3;P35030-4;P35030-5				5.64715e+06
P35052	P35052				1.33618e+07
P35080	P35080				817257
P35237	P35237				1.41758e+06
P35318	P35318				3.70102e+06
P35442	P35442				2.59551e+06
P35443	P35443				1.33492e+07
P35527	P35527				1.57962e+07
P35542	P35542				8.72078e+07
P35555	P35555				3.57863e+06
P35590	P35590				1.5394e+06
P35613;P35613-2	P35613;P35613-2;P35613-3;P35613-4				5.55132e+06
P35625	P35625				533206
P35858;P35858-2	P35858;P35858-2				4.17153e+06
P35908	P35908				4.60126e+06
P35968;P35968-2;P35968-3	P35968;P35968-2;P35968-3				442006
P36222	P36222				1.32819e+08
P36269;P36269-2;P36269-3	P36269;P36269-2;P36269-3				65697.5
P36871;P36871-2	P36871;P36871-2				1.57783e+06
P36888;P36888-2	P36888;P36888-2				533038
P36955	P36955				1.99774e+08
P36957	P36957;P36957-2				3.51651e+07
P36980	P36980				2.91651e+07
P37173;P37173-2	P37173;P37173-2				2.62931e+06
P37235;P61601;P84074	P37235;P61601;P84074				400249
P37802;P37802-2	P37802;P37802-2				450263
P37837;P37837-2	P37837;P37837-2				1.35618e+07
P37840;P37840-2	P37840;Q16143;P37840-2				934368
P38571;P38571-2	P38571;P38571-2				1.85494e+06
P39059	P39059				5.01717e+06
P39060;P39060-1;P39060-2	P39060;P39060-1;P39060-2				3.17882e+07
P40121;P40121-2	P40121;P40121-2				596586
P40123;P40123-2	P40123;Q01518;P40123-2;P40123-3;Q01518-2				652728
P40189	P40189;P40189-3				1.50551e+07
P40925;P40925-3	P40925;P40925-2;P40925-3				3.57622e+07
P40926	P40926;P40926-2				1.55854e+06
P40967;P40967-2;P40967-4;P40967-5	P40967;P40967-2;P40967-4;P40967-5				176919
P41217;P41217-2;P41217-3	P41217;P41217-2;P41217-3				2.9452e+06
P41222	P41222				5.0253e+09
P41271;P41271-2	P41271;P41271-2				8.64885e+07
P42262;P42262-2;P42262-3	P42262;P42262-2;P42262-3;P42262-4				1.57221e+06
P42658;P42658-2	P42658;P42658-2				5.1835e+06
P42785	P42785;P42785-2				1.4329e+07
P42857;P42857-2	P42857;P42857-2				2.40152e+06
P43004;P43004-2;P43004-3	P43004;P43004-2;P43004-3				705385
P43121	P43121;P43121-2				1.33064e+07
P43146	P43146				6.51904e+06
P43234	P43234				4.57331e+06
P43251;P43251-2;P43251-3;P43251-4	P43251;P43251-2;P43251-3;P43251-4				4.6484e+07
P43652	P43652				9.75606e+07
P45877	P45877				5.80123e+06
P46459	P46459				1.73565e+06
P47972	P47972				8.09838e+06
P48058;P48058-2	P48058;P48058-2				1.79481e+07
P48061;P48061-2;P48061-3;P48061-4;P48061-5;P48061-6	P48061;P48061-2;P48061-3;P48061-4;P48061-5;P48061-6				4.07488e+06
P48066;P48066-2	P48066;P48066-2				277008
P48147	P48147				439570
P48163	P48163;P48163-2				645892
P48539	P48539				4.68271e+06
P48551;P48551-2;P48551-3	P48551;P48551-2;P48551-3				1.52217e+06
P48637	P48637				2.23154e+06
P48723	P48723				3.73501e+06
P48740-2;P48740-4	P48740-2;P48740-4				4.31814e+06
P48740-3	P48740;P48740-2;P48740-3;P48740-4				5.58201e+06
P48745	P48745				2.80679e+06
P49257	P49257				6.48866e+06
P49418;P49418-2	P49418;P49418-2				1.22014e+06
P49641	P49641;P49641-1;P49641-2				1.50876e+07
P49720	P49720				72684.7
P49747;P49747-2	P49747;P49747-2				3.70752e+06
P49908	P49908				3.41605e+07
P50238	P50238				2.01358e+06
P50281	P50281				877744
P50395	P50395;P50395-2				1.6831e+06
P50502	P50502;Q8NFI4				1.18109e+06
P50895	P50895				1.9873e+06
P50897	P50897;P50897-2				1.19786e+06
P50993	P05023;P13637;P20648;P50993;P05023-2;P05023-3;P05023-4;P13637-2;P13637-3				1.88536e+06
P51153;P59190;P59190-2;P61006;P61006-2;P61026;P62820;P62820-2;P62820-3;Q92928;Q92930;Q9H0U4	P51153;P59190;P61006;P61026;P62820;Q92930;Q9H0U4;Q92928;P61006-2;P62820-2;P62820-3;P59190-2				416252
P51161;P51161-2	P51161;P51161-2				316970
P51512;P51512-2	P51512;P51512-2				1.09547e+06
P51674;P51674-2;P51674-3	P51674;P51674-2;P51674-3				279792
P51688	P51688				241863
P51693	P51693;P51693-2				6.56699e+08
P51693-2	P51693-2				9.43174e+06
P51805	P51805				267812
P51884	P51884				7.20386e+07
P51888	P51888				1.18577e+07
P52565;P52565-2	P52565;P52565-2				281373
P52566	P52566				1.13489e+06
P52758	P52758				1.26213e+06
P52797	P52797;P52797-2				2.17519e+06
P52799	P52799				5.21051e+06
P52803	P52803				5.66215e+06
P52848	P52848				1.50121e+06
P52943;P52943-2	P52943;P52943-2				359703
P53041	P53041				517624
P53634	P53634				3.24464e+06
P54108;P54108-2;P54108-3	P54108;P54108-2;P54108-3				4.02684e+07
P54253	P54253				5.2843e+07
P54289-2;P54289-3	P54289;P54289-2;P54289-3;P54289-4;P54289-5				2.8671e+07
P54652	P54652				300189
P54727	P54725;P54727;P54725-2;P54725-3				3.58381e+06
P54764	P54764;P54764-2				2.34224e+07
P54802	P54802				3.91977e+06
P54803	P54803;P54803-3;P54803-4;P54803-5				1.60006e+06
P55058	P55058;P55058-2;P55058-3;P55058-4				2.38293e+08
P55083;P55083-2	P55083;P55083-2				1.16003e+07
P55087;P55087-2	P55087;P55087-2				2.36173e+06
P55103	P55103				285649
P55268	P55268				3.2918e+06
P55283;P55283-2	P55283;P55283-2				9.3802e+06
P55285;P55285-2	P55285;P55285-2				4.19645e+06
P55286	P55286				3.98324e+06
P55287;P55287-2	P55287;P55287-2				4.77081e+06
P55290;P55290-4	P55290;P55290-2;P55290-3;P55290-4;P55290-5				8.29293e+07
P55291	P55291				6.93103e+06
P55786	P55786;A6NEC2;P55786-2				2.17892e+06
P55899	P55899				395292
P55957;P55957-2;P55957-4	P55957;P55957-2;P55957-4				77483
P56159;P56159-2	P56159;P56159-2				4.28911e+06
P56817;P56817-2	P56817;P56817-2;P56817-3;P56817-4;P56817-5;P56817-6				1.13449e+06
P57087;P57087-2;P57087-3	P57087;P57087-2;P57087-3				2.4125e+06
P58335;P58335-2;P58335-3;P58335-4	P58335;P58335-2;P58335-3;P58335-4				257810
P58400	P58400;P58400-1				2.78214e+06
P58401	P58401				2.8244e+06
P58417	O95156;P58417				2.51713e+07
P60174;P60174-3	P60174;P60174-3;P60174-4				1.97253e+07
P60520	O95166;P60520;Q9H0R8;Q9H0R8-2				919567
P60660;P60660-2	P60660;P60660-2				448245
P60709;P63261	P60709;P63261				5.15801e+07
P60900;P60900-2	P60900;P60900-2				95447.2
P60983	O60234;P60983				1.80115e+06
P61018;P61018-2	P61018;P61018-2				1.09852e+06
P61088	P61088				1.32878e+06
P61106	P61106				2.01047e+06
P61158;Q9P1U1;Q9P1U1-2	P61158;Q9P1U1;Q9C0K3;Q9P1U1-2;Q9P1U1-3				468941
P61204;P61204-2;P84077;P84085	P18085;P61204;P84077;P84085;P61204-2				1.45226e+06
P61278	P61278				2.43092e+07
P61604	P61604				2.35544e+06
P61626	P61626				4.51779e+07
P61769	P61769				1.0014e+09
P61812;P61812-2	P61812;P61812-2				403112
P61916	P61916;P61916-2				7.58297e+07
P61970	P61970				5.27513e+06
P61981	P61981				1.20397e+07
P62258	P62258;P62258-2				7.30354e+06
P62328	P62328;P63313				1.22064e+07
P62937	P62937				9.95002e+06
P62942	P62942				2.73505e+06
P62993	P62993;P62993-2				2.05641e+06
P63010;P63010-2;P63010-3	P63010;P63010-2;Q10567;Q10567-3;P63010-3;Q10567-2;Q10567-4				1.41101e+07
P63104	P63104;P63104-2				5.71782e+07
P63208	P63208;P63208-2				4.34194e+06
P63241;P63241-2;Q6IS14;Q9GZV4	P63241;Q9GZV4;Q6IS14;P63241-2				166737
P63302	P63302				509284
P68032;P68133	P62736;P63267;P68032;P68133				5.39125e+06
P68036	P68036;A0A1B0GUS4;P68036-2;P68036-3				1.82976e+06
P68104;Q05639;Q5VTE0	P68104;Q05639;Q5VTE0				1.25093e+06
P68871	P02042;P68871				4.34532e+06
P69849;Q15155;Q5JPE7;Q5JPE7-2	P69849;Q15155;Q5JPE7;Q5JPE7-2;Q5JPE7-3				1.00572e+06
P69905	P69905				3.05579e+06
P78310;P78310-2;P78310-5;P78310-6;P78310-7	P78310;P78310-2;P78310-4;P78310-5;P78310-6;P78310-7				902764
P78324;P78324-2	P78324;Q9P1W8;Q5TFQ8;P78324-2;P78324-4;Q9P1W8-2;Q9P1W8-3;Q9P1W8-4				8.2464e+07
P78417	P78417;P78417-3				2.45984e+06
P78504	P78504;P78504-2				601776
P78509	P78509;P78509-2;P78509-3				1.48545e+07
P78536;P78536-2	P78536;P78536-2				844428
P78539;P78539-2;P78539-3;P78539-5	P78539;P78539-2;P78539-3;P78539-4;P78539-5				2.5575e+06
P78563;P78563-2;P78563-3;P78563-4;P78563-5;P78563-6	P78563;P78563-4;P78563-2;P78563-3;P78563-5;P78563-6				8.82537e+06
P80108	P80108				4.18172e+06
P80188;P80188-2	P80188;P80188-2				721153
P80303;P80303-2	P80303;P80303-2				1.96739e+06
P80723	P80723;P80723-2				7.50507e+06
P80748	P80748				3.14578e+07
P81605	P81605				1.79495e+06
P84157-2	P84157;P84157-2;P84157-3				928200
P98095;P98095-2	P98095;P98095-2				6.27894e+06
P98153;P98153-2;P98153-3	P98153;P98153-2;P98153-3				2.64845e+06
P98155;P98155-2	P98155;P98155-2				423740
P98160	P98160				4.86829e+07
P98164	P98164				226982
P98172	P98172				2.19652e+06
P98173;P98173-2;P98173-3	P98173;P98173-2;P98173-3				2.42213e+06
P99999	P99999				4.57992e+06
Q00169	Q00169				186302
Q00973	Q00973;Q00973-2;Q00973-3				2.10313e+06
Q01082	Q01082				920538
Q01459	Q01459				1.05883e+07
Q01469	Q01469				9.47422e+06
Q01995	Q01995				1.46871e+07
Q02246	Q02246				4.06915e+07
Q02487;Q02487-2	Q02487;Q02487-2				4.57276e+06
Q02790	Q02790				337186
Q02809;Q02809-2	Q02809;Q02809-2				2.63654e+06
Q02818	Q02818				2.9153e+07
Q02985;Q02985-2	Q02985;Q92496;Q02985-2;Q92496-2;Q92496-3				5.21408e+06
Q03167;Q03167-2	Q03167;Q03167-2				7.02733e+06
Q04721	Q04721				4.0029e+06
Q04756	Q04756				2.7358e+06
Q04760;Q04760-2	Q04760;Q04760-2				2.82222e+06
Q05707;Q05707-2	Q05707;Q05707-2;Q05707-3				2.374e+06
Q05996;Q05996-2	Q05996;Q05996-2				2.16744e+06
Q06033;Q06033-2	Q06033;Q06033-2				4.21162e+06
Q06418	Q06418				6.15801e+06
Q06481	Q06481;Q06481-3;Q06481-6				6.96068e+07
Q06828	Q06828				1.26526e+07
Q06830	Q06830				1.12752e+07
Q07092;Q07092-2	Q07092;Q07092-2				1.9734e+06
Q07507	Q07507				2.01061e+06
Q07699;Q07699-2	Q07699;Q07699-2				1.77741e+06
Q07954	Q07954				7.19857e+06
Q08174-2	Q08174;Q08174-2				6.78978e+06
Q08345;Q08345-2;Q08345-5;Q08345-6	Q08345;Q08345-2;Q08345-4;Q08345-5;Q08345-6				1.10297e+07
Q08380	Q08380				1.07139e+08
Q08431;Q08431-4	Q08431;Q08431-3;Q08431-4				5.40213e+06
Q08554;Q08554-2	Q08554;Q08554-2				1.82678e+06
Q08629	Q08629				1.41342e+07
Q08ET2	O15389;Q08ET2				9.11254e+06
Q09327	Q09327				947570
Q09328	Q09328				1.20683e+06
Q09666	Q09666				981454
Q0P6D2	Q0P6D2				4.58358e+06
Q10469	Q10469				1.8275e+06
Q10471	Q10471				7.54428e+06
Q10472	Q10472				1.29081e+06
Q10567;Q10567-2;Q10567-3	Q10567;Q10567-3;Q10567-2				950309
Q10588	Q10588;Q10588-2				2.79209e+06
Q12765;Q12765-2;Q12765-3	Q12765;Q12765-2;Q12765-3				330313
Q12794;Q12794-2;Q12794-7	Q12794;Q12794-2;Q12794-4;Q12794-7				2.34668e+06
Q12797;Q12797-10	Q12797;Q12797-10				1.919e+06
Q12805;Q12805-2;Q12805-3;Q12805-4;Q12805-5	Q12805;Q12805-2;Q12805-3;Q12805-4;Q12805-5				1.57587e+08
Q12841;Q12841-2	Q12841;Q12841-2				9.39094e+06
Q12860	Q12860;Q12860-2				1.73145e+08
Q12866	Q12866				1.52247e+06
Q12907	Q12907				5.66806e+07
Q12913;Q12913-3	Q12913;Q12913-2;Q12913-3				1.99587e+06
Q13093	Q13093				381428
Q13162	Q13162				42653.7
Q13214;Q13214-2	Q13214;Q13214-2				1.93437e+06
Q13217	Q13217				2.65315e+06
Q13228;Q13228-4	Q13228;Q13228-2;Q13228-3;Q13228-4				1.12271e+07
Q13231;Q13231-3	Q13231;Q13231-2;Q13231-3;Q13231-4				2.83997e+06
Q13232	Q13232				275028
Q13275-2	Q13275;Q13275-2				1.22319e+06
Q13308;Q13308-2;Q13308-3;Q13308-4;Q13308-5;Q13308-6	Q13308;Q13308-2;Q13308-3;Q13308-4;Q13308-5;Q13308-6				440780
Q13332-2;Q13332-6	Q13332;Q13332-2;Q13332-3;Q13332-4;Q13332-5;Q13332-6;Q13332-7				1.83277e+07
Q13332-5	Q13332;Q13332-3;Q13332-4;Q13332-5				494928
Q13404;Q13404-1;Q13404-2;Q13404-6;Q13404-7	Q13404;Q13404-1;Q13404-2;Q13404-6;Q13404-7				1.78844e+06
Q13421-2;Q13421-3;Q13421-4	Q13421;Q13421-2;Q13421-3;Q13421-4				1.3187e+06
Q13433	Q13433				643305
Q13443;Q13443-2	Q13443;Q13443-2				2.68877e+06
Q13444;Q13444-10;Q13444-12;Q13444-2;Q13444-3;Q13444-4;Q13444-5;Q13444-6;Q13444-7;Q13444-8;Q13444-9	Q13444;Q13444-2;Q13444-10;Q13444-11;Q13444-12;Q13444-3;Q13444-4;Q13444-5;Q13444-6;Q13444-7;Q13444-8;Q13444-9				2.01501e+06
Q13449	Q13449				2.379e+08
Q13501;Q13501-2	Q13501;Q13501-2				1.24787e+06
Q13508;Q13508-2;Q13508-3	Q13508;Q13508-2;Q13508-3				1.10746e+07
Q13510;Q13510-2	Q13510;Q13510-2;Q13510-3				7.13452e+06
Q13519;Q13519-2	Q13519;Q13519-2				2.20774e+06
Q13554;Q13554-2;Q13554-4;Q13554-5;Q13554-8	Q13554;Q13554-3;Q13554-2;Q13554-4;Q13554-5;Q13554-6;Q13554-7;Q13554-8				5.86071e+06
Q13555;Q13555-10;Q13555-11;Q13555-2;Q13555-3;Q13555-4;Q13555-5;Q13555-6;Q13555-7;Q13555-8;Q13555-9	Q13555;Q13555-5;Q13555-10;Q13555-11;Q13555-2;Q13555-3;Q13555-4;Q13555-6;Q13555-7;Q13555-8;Q13555-9				1.67517e+06
Q13557;Q13557-10;Q13557-11;Q13557-12;Q13557-3;Q13557-4;Q13557-5;Q13557-6;Q13557-8;Q13557-9	Q13557;Q13557-8;Q13557-10;Q13557-11;Q13557-12;Q13557-3;Q13557-4;Q13557-5;Q13557-6;Q13557-9				1.29672e+06
Q13634;Q13634-2	Q13634;Q13634-2				7.75624e+06
Q13641	Q13641				997757
Q13683;Q13683-10;Q13683-13;Q13683-3;Q13683-7;Q13683-9	Q13683;Q13683-10;Q13683-13;Q13683-3;Q13683-7;Q13683-9				5.06978e+06
Q13740;Q13740-2	Q13740;Q13740-2;Q13740-3				1.2553e+07
Q13790	Q13790				2.71543e+06
Q13822-3	Q13822;Q13822-3				3.05272e+08
Q13867	Q13867				4.03902e+06
Q14019	Q14019				4.05461e+06
Q14112;Q14112-2	Q14112;Q14112-2				5.36179e+06
Q14118	Q14118				5.61538e+07
Q14126	Q14126				2.11961e+06
Q14165	Q14165				3.50969e+06
Q14242;Q14242-2	Q14242;Q14242-2				2.68195e+06
Q14257;Q14257-2	Q14257;Q14257-2				1.73703e+06
Q14314	Q14314				6.27474e+06
Q14315;Q14315-2	Q14315;Q14315-2				1.25753e+06
Q14393;Q14393-1;Q14393-3;Q14393-4;Q14393-5	Q14393;Q14393-1;Q14393-3;Q14393-4;Q14393-5				8.02382e+06
Q14515	Q14515;Q14515-2				2.32228e+08
Q14517	Q14517				947214
Q14520;Q14520-2	Q14520;Q14520-2				6.64911e+06
Q14563	Q14563				810472
Q14574;Q14574-2	Q14574;Q14574-2				2.34308e+06
Q14596;Q14596-2	Q14596;Q14596-2				1.61763e+06
Q14624	Q14624				7.33062e+07
Q14696	Q14696				1.79809e+06
Q14697;Q14697-2	Q14697;Q14697-2				5.79133e+06
Q14766	Q14766;Q14766-4				5.95263e+06
Q14767	Q14767				1.12157e+07
Q14847;Q14847-2	Q14847;Q14847-2;Q14847-3				159763
Q14894	Q14894				1.62783e+06
Q14956;Q14956-2	Q14956;Q14956-2				1.16678e+06
Q14982;Q14982-2;Q14982-3;Q14982-4	Q14982;Q14982-2;Q14982-3;Q14982-4				3.23911e+07
Q14C87	Q14C87;Q14C87-2				4.50236e+06
Q14CZ8	Q14CZ8				2.17911e+06
Q14DG7	Q14DG7;Q14DG7-2				2.04697e+06
Q15063-3	Q15063-3;Q15063-4;Q15063-7				2.85874e+06
Q15084;Q15084-2;Q15084-3;Q15084-4;Q15084-5	Q15084;Q15084-2;Q15084-3;Q15084-4;Q15084-5				1.57945e+06
Q15113	Q15113				3.56592e+07
Q15121;Q15121-2	Q15121;Q15121-2				967181
Q15166	Q15166				6.1926e+06
Q15223;Q15223-2;Q15223-3	Q15223;Q15223-2;Q15223-3				1.49068e+07
Q15256;Q15256-5	Q15256;Q15256-5				2.23387e+06
Q15257;Q15257-2;Q15257-3	Q15257;Q15257-2;Q15257-3				971246
Q15262;Q15262-2;Q15262-3;Q15262-4	Q15262;Q15262-2;Q15262-3;Q15262-4				2.19026e+06
Q15293;Q15293-2	Q15293;Q15293-2				1.56559e+07
Q15303;Q15303-2;Q15303-3;Q15303-4	Q15303;Q15303-2;Q15303-3;Q15303-4				389630
Q15375;Q15375-4	Q15375;Q15375-2;Q15375-4				2.47012e+06
Q15459;Q15459-2	Q15459;Q15459-2				919489
Q15465	Q15465				1.00895e+06
Q15582	Q15582				4.35089e+07
Q15768	Q15768				3.14545e+06
Q15782;Q15782-6	Q15782;Q15782-6				2.96249e+06
Q15818	Q15818				5.10571e+07
Q15819	Q15819				3.65754e+06
Q15828	Q15828				1.67585e+06
Q15846	Q15846				614743
Q15847	Q15847				913225
Q15848	Q15848				8.28194e+06
Q15904	Q15904				1.01567e+08
Q16270	Q16270;Q16270-2				4.99977e+08
Q16288;Q16288-2;Q16288-3;Q16288-4;Q16288-5	Q16288;Q16288-2;Q16288-3;Q16288-4;Q16288-5				6.86939e+06
Q16363;Q16363-2	Q16363;Q16363-2				2.50682e+06
Q16394	Q16394				715129
Q16531	Q16531				1.98059e+06
Q16555;Q16555-2	Q16555;Q16555-2				861738
Q16568	Q16568				3.74069e+06
Q16581	Q16581				1.38433e+06
Q16610;Q16610-4	Q16610;Q16610-2;Q16610-3;Q16610-4				3.39742e+07
Q16620;Q16620-2;Q16620-3;Q16620-4;Q16620-5;Q16620-6	Q16620;Q16620-2;Q16620-3;Q16620-4;Q16620-5;Q16620-6				1.46227e+07
Q16623;Q16623-2;Q16623-3	Q16623;Q16623-2;Q16623-3				184806
Q16627;Q16627-2	Q16627;Q16627-2				4.02541e+06
Q16653;Q16653-10;Q16653-11;Q16653-13;Q16653-2;Q16653-3;Q16653-5;Q16653-6;Q16653-7;Q16653-8;Q16653-9	Q16653;Q16653-10;Q16653-11;Q16653-13;Q16653-2;Q16653-3;Q16653-5;Q16653-6;Q16653-7;Q16653-8;Q16653-9				1.20958e+07
Q16658	Q16658				1.16869e+06
Q16674	Q16674				4.05636e+06
Q16706	Q16706				4.01725e+06
Q16769	Q16769				2.70917e+07
Q16775;Q16775-2	Q16775;Q16775-2				1.38292e+06
Q16799	Q16799;Q16799-2				885498
Q16849	Q16849;Q16849-3;Q16849-2				2.58342e+07
Q16853;Q16853-2	Q16853;Q16853-2				1.18904e+06
Q16880	Q16880				1.16734e+07
Q16881;Q16881-2;Q16881-3;Q16881-4;Q16881-5;Q16881-6;Q16881-7	Q16881;Q16881-4;Q16881-5;Q16881-2;Q16881-3;Q16881-6;Q16881-7				421951
Q16891;Q16891-2;Q16891-3;Q16891-4	Q16891;Q16891-2;Q16891-3;Q16891-4				1.40922e+06
Q24JP5;Q24JP5-2	Q24JP5;Q24JP5-2;Q24JP5-3				1.73186e+07
Q2TAL6	Q2TAL6				2.71996e+06
Q2TBF2;Q2TBF2-2	Q2TBF2;Q2TBF2-2				636647
Q2UY09	Q2UY09;Q2UY09-2;Q2UY09-3				1.51278e+06
Q30154	P79483;Q30154				1.19758e+06
Q495W5;Q495W5-2	Q495W5;Q495W5-2				3.04364e+06
Q496H8	Q496H8				179532
Q4G0I0	Q4G0I0				1.46452e+06
Q4G0P3	Q4G0P3;Q4G0P3-10;Q4G0P3-5;Q4G0P3-6;Q4G0P3-8				2.05305e+07
Q4G148;Q4G148-2	Q4G148;Q4G148-2				193134
Q4KWH8;Q4KWH8-3;Q4KWH8-4	Q4KWH8;Q4KWH8-2;Q4KWH8-3;Q4KWH8-4				4.18256e+06
Q504Y0;Q504Y0-2;Q504Y0-3;Q504Y0-4;Q504Y0-5	Q504Y0;Q504Y0-2;Q504Y0-3;Q504Y0-4;Q504Y0-5				216362
Q53EL9;Q53EL9-3	Q53EL9;Q53EL9-2;Q53EL9-3				2.29496e+07
Q53RD9;Q53RD9-2;Q53RD9-3;Q53RD9-4	Q53RD9;Q53RD9-2;Q53RD9-3;Q53RD9-4				5.51877e+06
Q53RT3;Q53RT3-2	Q53RT3;Q53RT3-2				220998
Q562R1	Q562R1				2.86016e+07
Q58EX2;Q58EX2-2;Q58EX2-3;Q58EX2-4	Q58EX2;Q58EX2-2;Q58EX2-3;Q58EX2-4				282492
Q59EK9;Q59EK9-2;Q59EK9-3;Q59EK9-4	Q59EK9;Q59EK9-3;Q59EK9-2;Q59EK9-4				4.78942e+06
Q5BIV9	Q5BIV9				6.5577e+06
Q5BLP8;Q5BLP8-2;Q5BLP8-3	Q5BLP8;Q5BLP8-2;Q5BLP8-3				1.44406e+07
Q5FWE3;Q5FWE3-3	Q5FWE3;Q5FWE3-3				2.074e+07
Q5JRA6;Q5JRA6-2	Q5JRA6;Q5JRA6-2;Q5JRA6-3				2.22346e+06
Q5JS37;Q5JS37-2	Q5JS37;Q5JS37-2				487903
Q5JTV8;Q5JTV8-3	Q5JTV8;Q5JTV8-3				123949
Q5JZY3;Q5JZY3-2;Q5JZY3-3	Q5JZY3;Q5JZY3-2;Q5JZY3-3				2.55121e+06
Q5KU26	Q5KU26				8.3673e+06
Q5R3F8	Q5R3F8				1.75639e+06
Q5SRI9	Q5SRI9				8.81962e+06
Q5SZK8;Q5SZK8-2	Q5SZK8;Q5SZK8-2				551847
Q5T848	Q5T848				1.26215e+07
Q5VSG8	Q5VSG8				2.989e+06
Q5VU97	Q5VU97				6.75445e+06
Q5VUB5	Q5VUB5				1.35549e+06
Q5VV43;Q5VV43-2;Q5VV43-4	Q5VV43;Q5VV43-2;Q5VV43-4				2.45117e+06
Q5VV63	Q5VV63				666491
Q5VWW1;Q5VWW1-2;Q5VWW1-3	Q5VWW1;Q5VWW1-2;Q5VWW1-3				1.90733e+06
Q641Q3	Q641Q3;Q641Q3-2				5.61872e+06
Q658N2	Q658N2				4.71773e+06
Q68BL7;Q68BL7-2;Q68BL7-3	Q68BL7;Q68BL7-2;Q68BL7-3				4.62811e+06
Q68D85	Q68D85				1.84174e+06
Q6E0U4;Q6E0U4-16;Q6E0U4-2;Q6E0U4-3;Q6E0U4-4;Q6E0U4-5;Q6E0U4-6;Q6E0U4-7	Q6E0U4;Q6E0U4-16;Q6E0U4-2;Q6E0U4-3;Q6E0U4-4;Q6E0U4-5;Q6E0U4-6;Q6E0U4-7				2.19573e+06
Q6EMK4	Q6EMK4				9.24274e+06
Q6FHJ7	Q6FHJ7				2.57794e+06
Q6GTX8;Q6GTX8-2;Q6GTX8-3;Q6GTX8-4;Q6ISS4;Q6ISS4-2	Q6GTX8;Q6ISS4;Q6GTX8-2;Q6GTX8-3;Q6GTX8-4;Q6ISS4-2				1.53218e+06
Q6IBS0	Q6IBS0				477649
Q6IEE7	Q6IEE7				1.7118e+06
Q6IS24	Q6IS24				2.1853e+06
Q6MZW2	Q6MZW2;Q6MZW2-2;Q6MZW2-3				1.19479e+07
Q6NUJ2	Q6NUJ2				3.24176e+06
Q6NW40	Q6NW40				2.29353e+07
Q6P4E1;Q6P4E1-5	Q6P4E1;Q6P4E1-2;Q6P4E1-5				1.02928e+07
Q6P9A2	Q6P9A2				1.83581e+06
Q6PCB0	Q6PCB0				1.26469e+06
Q6PK18	Q6PK18				354008
Q6PUV4	O14810;Q6PUV4				844368
Q6RVD6	Q6RVD6				1.29214e+06
Q6UVK1	Q6UVK1				1.22183e+07
Q6UVY6;Q6UVY6-2	Q6UVY6;Q6UVY6-2				684073
Q6UW01	Q6UW01				1.06081e+07
Q6UWH4;Q6UWH4-2	Q6UWH4;Q6UWH4-2;Q6UWH4-3				6.89757e+06
Q6UWP8	Q6UWP8;Q6UWP8-2				229126
Q6UWR7	Q6UWR7				1.50564e+06
Q6UWY5	Q6UWY5				1.18786e+06
Q6UX15;Q6UX15-2	Q6UX15;Q6UX15-2				1.51184e+06
Q6UX71	Q6UX71;Q6UX71-2				4.48776e+07
Q6UX72	Q6UX72				1.33904e+06
Q6UX73;Q6UX73-2	Q6UX73;Q6UX73-2				3.0425e+07
Q6UXB8	Q6UXB8;Q6UXB8-2				2.01535e+07
Q6UXD5-3;Q6UXD5-5	Q6UXD5;Q6UXD5-2;Q6UXD5-3;Q6UXD5-4;Q6UXD5-5;Q6UXD5-6				2.63706e+07
Q6UXF1;Q6UXF1-2	Q6UXF1;Q6UXF1-2				376426
Q6UXH9;Q6UXH9-2	Q6UXH9;Q6UXH9-2;Q6UXH9-3				889068
Q6UXI9;Q6UXI9-3;Q6UXI9-4;Q6UXI9-5;Q6UXI9-6	Q6UXI9;Q6UXI9-2;Q6UXI9-3;Q6UXI9-4;Q6UXI9-5;Q6UXI9-6				1.25203e+06
Q6UXK2	Q6UXK2				1.70958e+06
Q6UXK5	Q6UXK5				1.37572e+06
Q6UXZ4;Q6UXZ4-2	Q6UXZ4;Q6UXZ4-2				2.25523e+06
Q6UY14;Q6UY14-2;Q6UY14-3	Q6UY14;Q6UY14-3;Q6UY14-2				847271
Q6YHK3	Q6YHK3;Q6YHK3-2;Q6YHK3-4				2.47902e+06
Q6ZMI3;Q6ZMI3-2	Q6ZMI3;Q6ZMI3-2				4.4735e+06
Q6ZMP0;Q6ZMP0-2	Q6ZMP0;Q6ZMP0-2				1.41884e+06
Q6ZN30;Q6ZN30-2	Q6ZN30;Q6ZN30-2				2.79454e+06
Q6ZN44;Q6ZN44-2	Q6ZN44;Q6ZN44-2				187684
Q6ZRP7	Q6ZRP7				3.26218e+06
Q6ZSJ9;Q6ZSJ9-2;Q6ZSJ9-3	Q6ZSJ9;Q6ZSJ9-2;Q6ZSJ9-3				1.92866e+07
Q6ZVL6;Q6ZVL6-2	Q6ZVL6;Q6ZVL6-2				6.71567e+06
Q76KP1	Q76KP1				1.02e+06
Q7KYR7;Q7KYR7-1;Q7KYR7-4;Q7KYR7-5;Q7KYR7-6;Q8WVV5;Q8WVV5-2;Q8WVV5-3	Q7KYR7;Q8WVV5;Q7KYR7-4;Q7KYR7-1;Q7KYR7-5;Q7KYR7-6;Q8WVV5-2;Q8WVV5-3				469991
Q7L014	Q7L014				4.0579e+07
Q7L0X0	Q7L0X0				7.24748e+06
Q7L266;Q7L266-2	Q7L266;Q7L266-2				223821
Q7LFX5	Q7LFX5				4.16464e+06
Q7LGC8	Q7LGC8				2.06971e+06
Q7Z304	Q7Z304				661492
Q7Z3B1	Q7Z3B1;Q7Z3B1-2				6.65765e+07
Q7Z3D4	Q7Z3D4				512371
Q7Z4R8	Q7Z4R8				2.18363e+06
Q7Z553;Q7Z553-3	Q7Z553;Q7Z553-2;Q7Z553-3				2.79923e+06
Q7Z5A7;Q7Z5A7-2	Q7Z5A7;Q7Z5A7-2;Q7Z5A7-3				1.41714e+07
Q7Z5L0	Q7Z5L0				1.68931e+06
Q7Z5L7;Q7Z5L7-2;Q7Z5L7-3	Q7Z5L7;Q7Z5L7-2;Q7Z5L7-3				1.70767e+06
Q7Z5N4;Q7Z5N4-3	Q7Z5N4;Q7Z5N4-3				120416
Q7Z7G0;Q7Z7G0-2;Q7Z7G0-3;Q7Z7G0-4	Q7Z7G0;Q7Z7G0-2;Q7Z7G0-3;Q7Z7G0-4				1.33547e+06
Q7Z7H5;Q7Z7H5-3	Q7Z7H5;Q7Z7H5-2;Q7Z7H5-3				2.12728e+06
Q7Z7M0	Q7Z7M0;Q7Z7M0-2				2.23387e+07
Q7Z7M8	Q7Z7M8				277414
Q7Z7M9	Q7Z7M9				692692
Q86SF2	Q86SF2				6.94213e+06
Q86SJ2	Q86SJ2				337113
Q86SR1	Q86SR1;Q86SR1-2;Q86SR1-3				5.98293e+06
Q86TH1	Q86TH1				418469
Q86TY3;Q86TY3-2	Q86TY3;Q86TY3-2				7.95124e+06
Q86UD1	Q86UD1				8.75572e+06
Q86UE6	Q86UE6				71050
Q86UN2	Q86UN2				3.50536e+06
Q86UN3	Q86UN3				1.13469e+07
Q86UP0;Q86UP0-2	Q86UP0;Q86UP0-2				5.69791e+06
Q86UW8	Q86UW8				791954
Q86UX2	Q86UX2;Q86UX2-2;Q86UX2-3				1.95006e+07
Q86V85	Q86V85				796812
Q86VB7;Q86VB7-2;Q86VB7-3;Q86VB7-4	Q86VB7;Q86VB7-2;Q86VB7-3;Q86VB7-4				8.74731e+06
Q86VR8	Q86VR8				901866
Q86VV8;Q86VV8-2;Q86VV8-3;Q86VV8-4	Q86VV8;Q86VV8-2;Q86VV8-4;Q86VV8-3				1.32365e+06
Q86VZ4	Q86VZ4				2.91944e+06
Q86X29;Q86X29-4;Q86X29-5;Q86X29-6	Q86X29;Q86X29-2;Q86X29-3;Q86X29-4;Q86X29-5;Q86X29-6				3.56022e+06
Q86XR7-2;Q9Y3B3;Q9Y3B3-2	Q9Y3B3;Q86XR7-2;Q9Y3B3-2				1.06993e+06
Q86Y38	Q86Y38				4.64291e+06
Q86Y82	Q86Y82				2.34762e+06
Q86YD3;Q86YD3-2;Q86YD3-4;Q86YD3-5	Q86YD3;Q86YD3-2;Q86YD3-3;Q86YD3-4;Q86YD3-5				5.49532e+06
Q86YT9;Q86YT9-2;Q86YT9-3;Q86YT9-4	Q86YT9;Q86YT9-2;Q86YT9-3;Q86YT9-4				627332
Q86YZ3	Q86YZ3				487542
Q8IUC8	Q10472;Q8IUC8;Q8IUC8-3;Q8IUC8-2				6.08776e+06
Q8IUK5;Q8IUK5-2;Q8IUK5-3	Q8IUK5;Q8IUK5-2;Q8IUK5-3;Q8IUK5-4				5.18282e+06
Q8IUK8	Q8IUK8				1.32012e+07
Q8IUX7	Q8IUX7;Q8IUX7-2				1.11189e+07
Q8IV08	Q8IV08				1.44792e+07
Q8IW52	Q8IW52				4.05796e+06
Q8IWT1	Q8IWT1;Q8IWT1-2				1.39836e+06
Q8IWU5;Q8IWU5-2	Q8IWU5;Q8IWU5-2				3.70068e+07
Q8IWV2	Q8IWV2				4.47868e+06
Q8IWY4	Q8IWY4				1.14814e+06
Q8IXL6	Q8IXL6;Q8IXL6-2				3.79728e+06
Q8IYJ0;Q8IYJ0-2	Q8IYJ0;Q8IYJ0-2				3.21418e+07
Q8IYS5-2;Q8IYS5-3;Q8IYS5-6	Q8IYS5;Q8IYS5-2;Q8IYS5-3;Q8IYS5-4;Q8IYS5-5;Q8IYS5-6;Q8IYS5-7				1.91751e+07
Q8IZA0;Q8IZA0-2	Q8IZA0;Q8IZA0-2				6.26079e+06
Q8IZJ1;Q8IZJ1-2	Q8IZJ1;Q8IZJ1-2				1.51441e+06
Q8IZJ3;Q8IZJ3-2	Q8IZJ3;Q8IZJ3-2				558685
Q8IZP7	Q8IZP7				5.96543e+06
Q8IZS8;Q8IZS8-2	Q8IZS8;Q8IZS8-2;Q8IZS8-3				2.49015e+06
Q8N111	Q8N111				1.06311e+06
Q8N114;Q8N114-2	Q8N114;Q8N114-2				4.27566e+07
Q8N126;Q8N126-2	Q8N126;Q8N126-2				2.71886e+07
Q8N149;Q8N149-2;Q8N149-3;Q8N149-4	Q8N149;Q8N149-2;Q8N149-3;Q8N149-4				1.60343e+06
Q8N2Q7;Q8N2Q7-2	Q8N2Q7;Q8N2Q7-2				1.48555e+06
Q8N2S1;Q8N2S1-2;Q8N2S1-3	Q8N2S1;Q8N2S1-2;Q8N2S1-3				8.58626e+06
Q8N3G9	Q8N3G9;Q8N3G9-2;Q8N3G9-3				1.2308e+06
Q8N3J2	Q8N3J2				4.4453e+06
Q8N3J6;Q8N3J6-2;Q8N3J6-3;Q8N3J6-4;Q8N3J6-5	Q8N3J6;Q8N3J6-2;Q8N3J6-3;Q8N3J6-4;Q8N3J6-5				1.01787e+07
Q8N3T1	Q8N3T1				712350
Q8N3T6	Q8N3T6				3.07612e+06
Q8N428	Q8N428;Q8N428-2				2.93161e+06
Q8N436	Q8N436				806255
Q8N474	Q8N474				1.16392e+06
Q8N475;Q8N475-2	Q8N475;Q8N475-2;Q8N475-3				5.27864e+06
Q8N608;Q8N608-2;Q8N608-3;Q8N608-4	Q8N608;Q8N608-2;Q8N608-3;Q8N608-4				919014
Q8N6C5;Q8N6C5-2;Q8N6C5-4	Q8N6C5;Q8N6C5-2;Q8N6C5-4				2.38228e+06
Q8N8Z6;Q8N8Z6-2	Q8N8Z6;Q8N8Z6-2				584932
Q8N967	Q8N967				1.60838e+06
Q8N9I0	P21579;Q8N9I0				1.87951e+06
Q8NBI6	Q8NBI6				2.71993e+06
Q8NBJ4;Q8NBJ4-2	Q8NBJ4;Q8NBJ4-2				1.06306e+07
Q8NBJ7;Q8NBJ7-2	Q8NBJ7;Q8NBJ7-2;Q8NBJ7-3				1.44439e+06
Q8NBP7	Q8NBP7				2.1233e+06
Q8NBS9;Q8NBS9-2	Q8NBS9;Q8NBS9-2				782332
Q8NC42	Q8NC42				620389
Q8NCC3	Q8NCC3;Q8NCC3-2				1.82771e+06
Q8NCH0	Q8NCH0				697000
Q8NCL4	Q8NCL4				4.92326e+06
Q8NCW5;Q8NCW5-2	Q8NCW5;Q8NCW5-2				3.15382e+06
Q8NCW6	Q8NCW6				381050
Q8NEP3;Q8NEP3-2;Q8NEP3-3	Q8NEP3;Q8NEP3-2;Q8NEP3-3				1.35101e+09
Q8NES3;Q8NES3-3	Q8NES3;Q8NES3-3				7.67263e+06
Q8NEY1;Q8NEY1-2;Q8NEY1-3;Q8NEY1-4;Q8NEY1-6;Q8NEY1-7	Q8NEY1;Q8NEY1-2;Q8NEY1-3;Q8NEY1-4;Q8NEY1-6;Q8NEY1-7				1.64142e+07
Q8NFL0	Q8NFL0				337356
Q8NFP4;Q8NFP4-2	Q8NFP4;Q8NFP4-2				1.08475e+06
Q8NFT8	Q8NFT8				923450
Q8NFY4;Q8NFY4-6	Q8NFY4;Q8NFY4-2;Q8NFY4-3;Q8NFY4-4;Q8NFY4-5;Q8NFY4-6;Q8NFY4-8				3.46823e+06
Q8NFZ4	Q8NFZ4				7.26204e+06
Q8NFZ8	Q8NFZ8				5.31671e+07
Q8NHG7	Q8NHG7				933806
Q8NHP8	Q8NHP8;Q8NHP8-2				4.12506e+06
Q8NHQ9	Q8NHQ9				1.71582e+08
Q8TAB3;Q8TAB3-2;Q8TAB3-3	Q8TAB3;Q8TAB3-2;Q8TAB3-3				874159
Q8TAG5;Q8TAG5-2	Q8TAG5;Q8TAG5-2				3.50339e+07
Q8TBP5	Q8TBP5				1.01953e+07
Q8TCZ2	Q8TCZ2;Q8TCZ2-2;Q8TCZ2-3;Q8TCZ2-5;Q8TCZ2-6				4.1056e+07
Q8TDQ0;Q8TDQ0-2	Q8TDQ0;Q8TDQ0-2				2.32322e+06
Q8TEA8	Q8TEA8				2.08015e+06
Q8TER0;Q8TER0-5	Q8TER0;Q8TER0-3;Q8TER0-4;Q8TER0-5				6.94948e+06
Q8TEU8	Q8TEU8				2.30489e+07
Q8WUJ3	Q8WUJ3				3.66734e+06
Q8WVN6	Q8WVN6				3.45594e+06
Q8WVQ1;Q8WVQ1-3	Q8WVQ1;Q8WVQ1-2;Q8WVQ1-3				7.22307e+06
Q8WWX9	Q8WWX9				4.26647e+06
Q8WX77	Q8WX77				1.09253e+06
Q8WXD2	Q8WXD2				1.2565e+08
Q8WXD2-2	Q8WXD2-2				6.56235e+06
Q8WY21;Q8WY21-2;Q8WY21-3;Q8WY21-4	Q8WY21;Q8WY21-2;Q8WY21-3;Q8WY21-4				4.04001e+06
Q8WYK1	Q8WYK1				1.85378e+06
Q8WZ75;Q8WZ75-2;Q8WZ75-3	Q8WZ75;Q8WZ75-2;Q8WZ75-3				2.09578e+06
Q8WZA1	Q8WZA1;Q8WZA1-2				2.19394e+07
Q92484;Q92484-2	Q92484;Q92484-2				876383
Q92485	Q92485				4.19624e+06
Q92520	Q92520				2.87319e+08
Q92542;Q92542-2	Q92542;Q92542-2				1.34826e+06
Q92563	Q92563				1.5877e+07
Q92597;Q92597-2;Q92597-3	Q92597;Q92597-2;Q92597-3				353499
Q92673	Q92673				8.63177e+06
Q92692;Q92692-2	Q92692;Q92692-2				3.52334e+06
Q92729;Q92729-2;Q92729-3;Q92729-4	Q92729;Q92729-2;Q92729-3;Q92729-4				687565
Q92743	Q92743				3.16912e+06
Q92752	Q92752;Q92752-2				8.68778e+06
Q92765	Q92765				9.71915e+06
Q92820	Q92820				1.19118e+07
Q92823;Q92823-2;Q92823-5	Q92823;Q92823-2;Q92823-3;Q92823-4;Q92823-5;Q92823-6				1.23434e+08
Q92832;Q92832-2	Q92832;Q92832-2				1.01436e+06
Q92854	Q92854;Q92854-2				1.60693e+06
Q92859;Q92859-2;Q92859-3	Q92859;Q92859-2;Q92859-3;Q92859-4				2.0618e+07
Q92876	Q92876;Q92876-2				2.15421e+08
Q92896;Q92896-2;Q92896-3	Q92896;Q92896-2;Q92896-3				1.15784e+06
Q92911	Q92911				1.05464e+06
Q92932-2	Q92932;Q92932-2;Q92932-3;Q92932-4				2.27446e+07
Q92935	Q92935				284598
Q92945;Q96AE4;Q96AE4-2	Q92945;Q96AE4;Q96AE4-2				4.58775e+06
Q92954;Q92954-2;Q92954-3;Q92954-4;Q92954-5;Q92954-6	Q92954;Q92954-2;Q92954-3;Q92954-4;Q92954-5;Q92954-6				5.46396e+06
Q93063;Q93063-3	Q93063;Q93063-2;Q93063-3				983455
Q93091	Q93091				1.89907e+06
Q969H8	Q969H8				2.94441e+06
Q969P0;Q969P0-3	Q969P0;Q969P0-3				2.44658e+07
Q969T9	Q969T9;Q969T9-2				1.25747e+07
Q969Z4	Q969Z4				1.84874e+06
Q96AP7	Q96AP7				4.94679e+06
Q96AQ1;Q96AQ1-2;Q96LY2;Q96LY2-2	Q96LY2;Q96LY2-2;Q96AQ1;Q96AQ1-2				2.58445e+06
Q96AQ6;Q96AQ6-2	Q96AQ6;Q96AQ6-2;Q96AQ6-3				1.46064e+06
Q96B86;Q96B86-3;Q96B86-4	Q96B86;Q96B86-3;Q96B86-4				9.50822e+06
Q96BY9	Q96BY9				570252
Q96BZ4	Q96BZ4				4.24836e+06
Q96CW9;Q96CW9-2	Q96CW9;Q96CW9-2				248178
Q96CX2	Q96CX2;Q68DU8				888376
Q96EE4	Q96EE4				2.22864e+06
Q96EG1	Q96EG1				1.16557e+06
Q96EU7	Q96EU7				251810
Q96FE5;Q96FE5-2	Q96FE5;Q7L985;Q96FE5-2				4.80071e+06
Q96FE7-4	Q96FE7;Q96FE7-2;Q96FE7-4;Q96FE7-5				4.87422e+07
Q96FJ2	P63167;Q96FJ2				4.34572e+06
Q96GD0	Q96GD0				566862
Q96GW7	Q96GW7;Q96GW7-2				1.95252e+08
Q96HD1;Q96HD1-2	Q96HD1;Q96HD1-2				2.19731e+06
Q96HF1	Q96HF1				510017
Q96HU1;Q96HU1-2	Q96HU1;Q96HU1-2				1.06559e+06
Q96ID5	Q96ID5				9.70289e+06
Q96IU4	Q96IU4				924555
Q96IY4	Q96IY4;Q96IY4-2				1.969e+07
Q96JF0	Q96JF0;Q96JF0-2				1.35013e+07
Q96JP9	Q96JP9				210869
Q96JQ0	Q96JQ0				986088
Q96KN2	Q96KN2				4.12278e+08
Q96KR4;Q96KR4-3	Q96KR4;Q96KR4-3				399997
Q96MC2	Q96MC2				1.45655e+07
Q96MK3	Q96MK3				221110
Q96MU8;Q96MU8-2;Q96MU8-3	Q96MU8;Q96MU8-2;Q96MU8-3				316724
Q96NU0;Q96NU0-2;Q9BZ76;Q9BZ76-2	Q96NU0;Q9BZ76;Q9BZ76-2;Q96NU0-2				273035
Q96NZ9	Q96NZ9;Q96NZ9-2;Q96NZ9-4				3.60746e+06
Q96P44;Q96P44-3	Q96P44;Q96P44-3				958798
Q96PD2;Q96PD2-2	Q96PD2;Q96PD2-2				1.04166e+06
Q96PD5	Q96PD5;Q96PD5-2				2.1037e+07
Q96PQ0	Q96PQ0				9.68751e+06
Q96PX8	Q96PX8				7.00181e+06
Q96RW7;Q96RW7-2	Q96RW7;Q96RW7-2				580629
Q96S96	Q96S96				4.16362e+07
Q96TC7;Q96TC7-2	Q96TC7;Q96TC7-2				510310
Q99435;Q99435-2;Q99435-3;Q99435-4	Q99435;Q99435-2;Q99435-3;Q99435-4				9.92124e+07
Q99442	Q99442				308721
Q99497	Q99497				2.00762e+07
Q99519	Q99519				1.91937e+06
Q99523	Q99523;Q99523-2				6.91072e+06
Q99538	Q99538;Q99538-2;Q99538-3				1.55611e+06
Q99574	Q99574				2.22802e+07
Q99584	Q99584				214466
Q99650;Q99650-2	Q99650;Q99650-2				979515
Q99674	Q99674;Q99674-2				1.675e+07
Q99715;Q99715-4	Q99715;Q99715-2;Q99715-4				1.61847e+06
Q99784	Q99784;Q99784-3;Q99784-5				4.56769e+06
Q99941;Q99941-2	Q99941;Q99941-2				607363
Q99946	Q99946				6.0031e+06
Q99969	Q99969				9.55408e+06
Q99972	Q99972				3.74432e+06
Q99983	Q99983				1.94673e+07
Q99985	Q99985				384102
Q9BQ16	Q9BQ16;Q9BQ16-1;Q9BQ16-4;Q9BQ16-5;Q9BQ16-6;Q9BQ16-7;Q9BQ16-8				1.56649e+07
Q9BQS7;Q9BQS7-2;Q9BQS7-3	Q9BQS7;Q9BQS7-2;Q9BQS7-3;Q9BQS7-4				154635
Q9BQT9;Q9BQT9-2	Q9BQT9;Q9BQT9-2				4.06791e+07
Q9BRA2	Q9BRA2				2.15693e+06
Q9BRF8;Q9BRF8-2;Q9BRF8-3	Q9BRF8;Q9BRF8-2;Q9BRF8-3				850966
Q9BRK3;Q9BRK3-2;Q9BRK3-3	Q9BRK3;Q9BRK3-2;Q9BRK3-3				2.52626e+06
Q9BRK5	Q9BRK5;Q9BRK5-2;Q9BRK5-5				6.3938e+06
Q9BS26	Q9BS26				837338
Q9BSG5;Q9BSG5-2;Q9BSG5-3	Q9BSG5;Q9BSG5-2;Q9BSG5-3				2.52918e+06
Q9BTY2	Q9BTY2				5.11944e+06
Q9BU40-4;Q9BU40-5	Q9BU40;Q9BU40-3;Q9BU40-4;Q9BU40-5				3.78152e+06
Q9BUD6	Q9BUD6				3.50979e+06
Q9BUJ0	Q9BUJ0				3.19256e+06
Q9BUN1	Q9BUN1				6.70781e+06
Q9BVH7	Q9BVH7				315652
Q9BWP8;Q9BWP8-10;Q9BWP8-2;Q9BWP8-3;Q9BWP8-4;Q9BWP8-5;Q9BWP8-6;Q9BWP8-7;Q9BWP8-8;Q9BWP8-9	Q9BWP8;Q9BWP8-10;Q9BWP8-2;Q9BWP8-3;Q9BWP8-4;Q9BWP8-5;Q9BWP8-6;Q9BWP8-7;Q9BWP8-8;Q9BWP8-9				525390
Q9BWQ8	Q9BWQ8				5.52334e+06
Q9BWS9;Q9BWS9-2;Q9BWS9-3	Q9BWS9;Q9BWS9-2;Q9BWS9-3				444226
Q9BX67;Q9BX67-2	Q9BX67;Q9BX67-2				4.82098e+06
Q9BXJ0	Q9BXJ0				7.69167e+06
Q9BXJ1;Q9BXJ1-2	Q9BXJ1;Q9BXJ1-2				4.46927e+06
Q9BXJ3	Q9BXJ3				3.65434e+06
Q9BXJ4;Q9BXJ4-2;Q9BXJ4-3	Q9BXJ4;Q9BXJ4-2;Q9BXJ4-3				1.01695e+07
Q9BXP8	Q9BXP8				745478
Q9BXR6	Q9BXR6				694776
Q9BXX0	Q9BXX0				841901
Q9BY67-5	Q9BY67;Q9BY67-2;Q9BY67-3;Q9BY67-4;Q9BY67-5				6.0923e+07
Q9BY76;Q9BY76-2	Q9BY76;Q9BY76-2				670592
Q9BYH1;Q9BYH1-5;Q9BYH1-6;Q9BYH1-7	Q9BYH1;Q9BYH1-2;Q9BYH1-3;Q9BYH1-4;Q9BYH1-5;Q9BYH1-6;Q9BYH1-7				2.81143e+07
Q9BYJ0	Q9BYJ0				1.38085e+06
Q9BZC7;Q9BZC7-2;Q9BZC7-3;Q9BZC7-4	Q9BZC7;Q9BZC7-2;Q9BZC7-3;Q9BZC7-4				1.11468e+07
Q9BZR6	Q9BZR6				1.0159e+07
Q9C0A0	Q9C0A0;Q96NU0;Q9BZ76;Q9BZ76-2;Q96NU0-2;Q9C0A0-2				1.34736e+07
Q9GZM5	Q9GZM5				2.7052e+07
Q9GZP0;Q9GZP0-2	Q9GZP0;Q9GZP0-2				470638
Q9GZP4;Q9GZP4-2	Q9GZP4;Q9GZP4-2				4.34742e+06
Q9GZT8;Q9GZT8-2	Q9GZT8;Q9GZT8-2;Q9GZT8-3				1.5692e+06
Q9GZV7	Q9GZV7				1.67348e+06
Q9GZX3	Q9GZX3				479453
Q9GZX9	Q9GZX9				5.27734e+06
Q9H008	Q9H008;Q9H008-2				850103
Q9H019;Q9H019-2;Q9H019-3	Q9H019;Q9H019-2;Q9H019-3				2.46432e+06
Q9H0Q3;Q9H0Q3-2	Q9H0Q3;Q9H0Q3-2				2.2218e+06
Q9H0R4;Q9H0R4-2	Q9H0R4;Q9H0R4-2				1.34145e+06
Q9H156;Q9H156-2	Q9H156;Q9H156-2				1.11748e+06
Q9H173	Q9H173				1.25298e+06
Q9H1U4	Q9H1U4				2.58822e+06
Q9H1Z8	Q9H1Z8				1.26119e+07
Q9H251;Q9H251-2;Q9H251-3;Q9H251-4;Q9H251-8	Q9H251;Q9H251-2;Q9H251-3;Q9H251-4;Q9H251-8				324221
Q9H299	Q9H299				4.80676e+06
Q9H2A7	Q9H2A7				1.12721e+07
Q9H2B2;Q9H2B2-2	Q9H2B2;Q9H2B2-2				7.07094e+06
Q9H2E6;Q9H2E6-2	Q9H2E6;Q9H2E6-2				7.05846e+06
Q9H2X0;Q9H2X0-5	Q9H2X0;Q9H2X0-5				2.49506e+06
Q9H3G5	Q9H3G5				8.62826e+06
Q9H3S1;Q9H3S1-2	Q9H3S1;Q9H3S1-2				172984
Q9H3S3	Q9H3S3				1.62645e+06
Q9H3T2;Q9H3T2-2;Q9H3T2-3	Q9H3T2;Q9H3T2-2;Q9H3T2-3				703395
Q9H3T3;Q9H3T3-3	Q9H3T3;Q9H3T3-3				1.62546e+06
Q9H492;Q9H492-2	Q9GZQ8;Q9H492;A6NCE7;Q9H492-2				1.40696e+06
Q9H4A4	Q9H4A4				47331.3
Q9H4D0	Q9H4D0				6.61781e+06
Q9H4F8;Q9H4F8-2	Q9H4F8;Q9H4F8-2				3.19599e+06
Q9H6B4	Q9H6B4				1.86707e+06
Q9H6X2;Q9H6X2-2;Q9H6X2-3;Q9H6X2-4;Q9H6X2-5;Q9H6X2-6	Q9H6X2;Q9H6X2-2;Q9H6X2-3;Q9H6X2-4;Q9H6X2-5;Q9H6X2-6				3.03844e+06
Q9H741	Q9H741				1.20926e+06
Q9H7Y0	Q9H7Y0;Q9H7Y0-2				1.77739e+06
Q9H8J5	Q9H8J5				5.53676e+06
Q9H8L6	Q9H8L6				1.41973e+07
Q9H9S5	Q9H9S5				1.62574e+06
Q9HAR2;Q9HAR2-2;Q9HAR2-3;Q9HAR2-4	Q9HAR2;Q9HAR2-2;Q9HAR2-3;Q9HAR2-4				4.02561e+06
Q9HAT2;Q9HAT2-2	Q9HAT2;Q9HAT2-2				1.53263e+07
Q9HB40	Q9HB40;Q9HB40-2				228946
Q9HBR0	Q9HBR0				2.52274e+06
Q9HBT6	Q9HBT6				1.23798e+06
Q9HBW1	Q9HBW1				1.36945e+06
Q9HC38-2	Q9HC38;Q9HC38-2;Q9HC38-3				971714
Q9HC56;Q9HC56-2	Q9HC56;Q9HC56-2				3.847e+06
Q9HC57	Q9HC57				4.56513e+06
Q9HCB6	Q9HCB6				6.4749e+06
Q9HCK4;Q9HCK4-2;Q9HCK4-3	Q9HCK4;Q9HCK4-2;Q9HCK4-3				1.56188e+06
Q9HCU0	Q9HCU0				6.85065e+06
Q9HCU4	Q9HCU4				1.59693e+07
Q9HD45	Q9HD45				271154
Q9HDB5;Q9HDB5-2;Q9HDB5-4	Q9HDB5;Q9Y4C0;Q9HDB5-2;Q9HDB5-4;Q9Y4C0-3				1.21826e+07
Q9HDC9;Q9HDC9-2	Q9HDC9;Q9HDC9-2				716215
Q9NP80;Q9NP80-2;Q9NP80-3	Q9NP80;Q9NP80-2;Q9NP80-3				8.4918e+06
Q9NP84	Q9NP84				1.78443e+06
Q9NPC4	Q9NPC4				728422
Q9NPD7	Q9NPD7				7.93444e+06
Q9NPG4	Q9NPG4				1.76251e+06
Q9NPH3;Q9NPH3-2;Q9NPH3-5	Q9NPH3;Q9NPH3-2;Q9NPH3-3;Q9NPH3-5				892467
Q9NPR2;Q9NPR2-2	Q9NPR2;Q9NPR2-2				1.16253e+07
Q9NQ36;Q9NQ36-2;Q9NQ36-3	Q9NQ36;Q9NQ36-2;Q9NQ36-3				967186
Q9NQ79;Q9NQ79-2;Q9NQ79-3	Q9NQ79;Q9NQ79-2;Q9NQ79-3				9.99895e+07
Q9NQX5	Q9NQX5				963807
Q9NR34	Q9NR34				4.524e+06
Q9NRB3	Q9NRB3				572363
Q9NRN5	Q9NRN5;Q9NRN5-2				9.42302e+06
Q9NRR1	Q9NRR1				6.99326e+06
Q9NS84	Q9NS84				229685
Q9NS85	Q9NS85;Q9NS85-2				2.5919e+06
Q9NS98	Q9NS98				1.15622e+07
Q9NSC7	Q9NSC7				1.77859e+06
Q9NT22;Q9NT22-2	Q9NT22;Q9NT22-2				4.69889e+06
Q9NT99	Q9NT99				1.9703e+07
Q9NTU7	Q9NTU7				6.6151e+06
Q9NU53	Q9NU53				1.919e+06
Q9NUQ9	Q9NUQ9				1.67946e+06
Q9NX62	Q9NX62				1.99013e+07
Q9NY15	Q9NY15				802077
Q9NY33;Q9NY33-4	Q9NY33;Q9NY33-2;Q9NY33-4				1.13844e+06
Q9NY47;Q9NY47-2;Q9NY47-3;Q9NY47-4;Q9NY47-5	Q9NY47;Q9NY47-2;Q9NY47-3;Q9NY47-4;Q9NY47-5				3.83434e+06
Q9NY72	Q9NY72				3.27876e+06
Q9NY97;Q9NY97-2	Q9NY97;Q9NY97-2				8.27368e+06
Q9NYQ8	Q9NYQ8				8.63305e+06
Q9NYX4	Q9NYX4				1.89896e+07
Q9NZ08;Q9NZ08-2	Q9NZ08;Q9NZ08-2				2.14283e+06
Q9NZ53	Q9NZ53				6.32982e+06
Q9NZ72;Q9NZ72-2	Q9NZ72;Q9NZ72-2				529535
Q9NZ94;Q9NZ94-2;Q9NZ94-3	Q9NZ94;Q9NZ94-2;Q9NZ94-3				1.52277e+06
Q9NZC2;Q9NZC2-2;Q9NZC2-3	Q9NZC2;Q9NZC2-2;Q9NZC2-3				8.51383e+06
Q9NZK5	Q9NZK5				3.39757e+06
Q9NZP8	Q9NZP8				1.62462e+07
Q9NZR2	Q9NZR2				1.05512e+06
Q9NZU1	Q9NZU1				1.66394e+06
Q9P0K1;Q9P0K1-2;Q9P0K1-3;Q9P0K1-4;Q9P0K1-5	Q9P0K1;Q9P0K1-2;Q9P0K1-3;Q9P0K1-4;Q9P0K1-5				2.92012e+07
Q9P0K9	Q9P0K9				5.57307e+06
Q9P0L0;Q9P0L0-2	Q9P0L0;Q9P0L0-2				3.72405e+06
Q9P0S2	Q9P0S2				827327
Q9P121-4	Q9P121;Q9P121-3;Q9P121-2;Q9P121-4				5.09902e+07
Q9P232	Q9P232				2.88489e+06
Q9P2E7;Q9P2E7-2	Q9P2E7;Q9P2E7-2				2.98669e+06
Q9P2S2	P58401;Q9P2S2				2.04543e+07
Q9UBG0	Q9UBG0				2.37792e+06
Q9UBP4	Q9UBP4				2.89876e+08
Q9UBQ6	Q9UBQ6				4.25142e+07
Q9UBR2	Q9UBR2				9.91472e+06
Q9UBV2;Q9UBV2-2	Q9UBV2;Q9UBV2-2				910214
Q9UBX1	Q9UBX1				6.4514e+06
Q9UBX5	Q9UBX5				1.48843e+07
Q9UBX7;Q9UBX7-1;Q9UBX7-3;Q9UBX7-4	Q9UBX7;Q9UBX7-1;Q9UBX7-3;Q9UBX7-4				1.64943e+06
Q9UBX8	Q9UBX8				60589.2
Q9UD71;Q9UD71-2	Q9UD71;Q9UD71-2				168840
Q9UEW3;Q9UEW3-2	Q9UEW3;Q9UEW3-2				5.33997e+06
Q9UF11;Q9UF11-2;Q9UF11-3;Q9UF11-4	Q9UF11;Q9UF11-2;Q9UF11-3;Q9UF11-4				3.34095e+06
Q9UF33	Q9UF33				871994
Q9UFP1	Q9UFP1				191987
Q9UGM5;Q9UGM5-2	Q9UGM5;Q9UGM5-2				7.1204e+06
Q9UHC6	Q9UHC6				1.67799e+07
Q9UHD9	Q9UHD9				606323
Q9UHF0;Q9UHF0-2;Q9UHF0-3	Q9UHF0;Q9UHF0-2;Q9UHF0-3				2.67965e+06
Q9UHG2	Q9NPY3;Q9UHG2				1.41973e+08
Q9UHG3;Q9UHG3-2	Q9UHG3;Q9UHG3-2				1.79957e+06
Q9UHI8	Q9UHI8				3.66152e+06
Q9UHL4	Q9UHL4				7.18348e+06
Q9UI15	Q9UI15				695735
Q9UI40;Q9UI40-2	Q9UI40;Q9UI40-2				2.23414e+06
Q9UIB8;Q9UIB8-2;Q9UIB8-3;Q9UIB8-4;Q9UIB8-5;Q9UIB8-6	Q9UIB8;Q9UIB8-2;Q9UIB8-3;Q9UIB8-4;Q9UIB8-5;Q9UIB8-6				1.39141e+06
Q9UIW2	P51805;Q9UIW2				692106
Q9UJ14	Q9UJ14				1.155e+06
Q9UJ90	Q9UJ90				1.77209e+06
Q9UJ99	Q9UJ99				6.93402e+06
Q9UJA9	Q9UJA9				9.70328e+06
Q9UJH8	Q9UJH8				1.29314e+06
Q9UJJ9	Q9UJJ9				1.26948e+07
Q9UJQ1;Q9UJQ1-2	Q9UJQ1;Q9UJQ1-2				1.24901e+06
Q9UK55	Q9UK55				1.51463e+06
Q9UK76;Q9UK76-3	Q9UK76;Q9UK76-3				461781
Q9UKB5	Q9UKB5				553188
Q9UKJ1-3	Q9UKJ1;Q9UKJ1-2;Q9UKJ1-3;Q9UKJ1-4				1.33332e+06
Q9UKM7	Q9UKM7				3.12738e+06
Q9UKQ2;Q9UKQ2-2	Q9UKQ2;Q9UKQ2-2				614070
Q9UKU6	Q9UKU6				1.87852e+06
Q9UKU9	Q9UKU9;Q9UKU9-2				2.92032e+06
Q9UKZ4;Q9UKZ4-2	Q9UKZ4;Q9UKZ4-2				370765
Q9ULB1-2;Q9ULB1-3	P58400;Q9ULB1-2;Q9ULB1-3				1.72015e+07
Q9ULB4	Q9ULB4				1.53693e+06
Q9ULB5	Q9ULB5				1.60134e+06
Q9ULF5	Q9ULF5				1.29309e+07
Q9ULH4	Q9ULH4				1.04912e+06
Q9ULI3;Q9ULI3-2	Q9ULI3;Q9ULI3-2				8.50638e+06
Q9ULI4	Q9ULI4				886580
Q9ULK6;Q9ULK6-2;Q9ULK6-3	Q9ULK6;Q9ULK6-2;Q9ULK6-3				65805
Q9ULL4;Q9ULL4-2	Q9ULL4;Q9ULL4-2				2.9305e+06
Q9ULP0-3;Q9ULP0-6	Q9ULP0;Q9ULP0-2;Q9ULP0-3;Q9ULP0-4;Q9ULP0-5;Q9ULP0-6;Q9ULP0-7;Q9ULP0-8				2.19573e+06
Q9ULX7	Q9ULX7				1.40256e+06
Q9ULZ9;Q9ULZ9-2	Q9ULZ9;Q9ULZ9-2				965279
Q9UM22	Q9UM22;Q9UM22-3				5.41837e+06
Q9UM47	Q9UM47				1.16318e+06
Q9UMF0	Q9UMF0				9.26236e+06
Q9UMX0;Q9UMX0-2;Q9UMX0-4	Q9UMX0;Q9UMX0-2;Q9UMX0-4				222383
Q9UMX5	Q9UMX5				6.39149e+06
Q9UN36-2;Q9UN36-6	Q9UN36;Q9UN36-2;Q9UN36-3;Q9UN36-5;Q9UN36-6				7.83043e+06
Q9UN67;Q9Y5E1	Q9UN67;Q9Y5E1				314365
Q9UN70;Q9UN70-2	Q9UN70;Q9UN70-2				2.20155e+06
Q9UNN8	Q9UNN8				4.98518e+06
Q9UNW1	Q9UNW1;Q9UNW1-4				4.25419e+06
Q9UP79	Q9UP79				1.75373e+06
Q9UPU3	Q9UPU3				1.92521e+07
Q9UQ52	Q9UQ52				3.19598e+06
Q9UQM7	Q9UQM7;Q9UQM7-2				5.21868e+06
Q9Y240	Q9Y240				6.7047e+06
Q9Y274	Q9Y274;Q9Y274-2				2.8597e+06
Q9Y279;Q9Y279-2	Q9Y279;Q9Y279-2				5.41472e+06
Q9Y287	Q9Y287;Q9Y287-2				6.63878e+06
Q9Y2C2	Q9Y2C2				395649
Q9Y2E5	Q9Y2E5;Q9Y2E5-2				1.3695e+06
Q9Y2I2;Q9Y2I2-1;Q9Y2I2-2;Q9Y2I2-4;Q9Y2I2-5;Q9Y2I2-6	Q9Y2I2;Q9Y2I2-1;Q9Y2I2-2;Q9Y2I2-4;Q9Y2I2-5;Q9Y2I2-6				3.86136e+06
Q9Y2T3;Q9Y2T3-3	Q9Y2T3;Q9Y2T3-2;Q9Y2T3-3				1.42008e+07
Q9Y2Z0;Q9Y2Z0-2	Q9Y2Z0;Q9Y2Z0-2				649812
Q9Y3D6	Q9Y3D6				60742
Q9Y4C0-4	Q9HDB5-3;Q9HDB5-4;Q9Y4C0-4				2.65043e+07
Q9Y4D7	Q9Y4D7				5.44781e+07
Q9Y4L1	Q9Y4L1				8.75039e+06
Q9Y5F6-2	Q9Y5F6;Q9Y5F6-2				1.5172e+07
Q9Y5F7;Q9Y5F7-2	Q9Y5F7;Q9Y5F7-2				416460
Q9Y5H3;Q9Y5H3-2	Q9Y5G4;Q9Y5H3;Q9Y5G4-2;Q9Y5H3-2				1.52248e+06
Q9Y5I4;Q9Y5I4-2	Q9Y5I4;Q9Y5I4-2				4.23139e+06
Q9Y5L2	Q9Y5L2				2.80395e+06
Q9Y5Y7	Q9Y5Y7				7.95585e+06
Q9Y617	Q9Y617;Q9Y617-2				1.62454e+06
Q9Y625	Q9Y625				364482
Q9Y639;Q9Y639-1;Q9Y639-3;Q9Y639-4;Q9Y639-5	Q9Y639;Q9Y639-1;Q9Y639-3;Q9Y639-4;Q9Y639-5				2.15238e+06
Q9Y646	Q9Y646				2.51042e+07
Q9Y653;Q9Y653-2;Q9Y653-3	Q9Y653;Q9Y653-2;Q9Y653-3;Q9Y653-4;Q9Y653-5				2.22433e+07
Q9Y696	Q9Y696				2.59426e+08
Q9Y6C2	Q9Y6C2;Q9Y6C2-2				565328
Q9Y6N6	Q9Y6N6				5.95163e+06
Q9Y6N7;Q9Y6N7-2;Q9Y6N7-4	Q9Y6N7;Q9Y6N7-2;Q9Y6N7-3;Q9Y6N7-4;Q9Y6N7-5;Q9Y6N7-6				1.21868e+07
Q9Y6N8	Q9Y6N8				2.66843e+06
Q9Y6R7	Q9Y6R7				2.55738e+07
Q9Y6X5	Q9Y6X5				1.94328e+06
Q9Y6Y8;Q9Y6Y8-2	Q9Y6Y8;Q9Y6Y8-2				2.23894e+07
