Protein.Group	Protein.Ids	Protein.Names	Genes	First.Protein.Description	/fs/pool/pool-mann-projects/Johannes/Jakob_AD_CSF_data/MagKiel_cohort_Sweden_speclib_OBO/All_Raw/20190210_QX1_PhGe_SA_EASY12-10_Majken_A6_CSF_1081-12.mzML
A0A075B6H7;A0A0C4DH55;P01624	P01624;A0A075B6H7;A0A0C4DH55				1.11861e+08
A0A075B6I0	A0A075B6I0				4.26533e+07
A0A075B6I1	A0A075B6I1				4.6136e+06
A0A075B6J1;A0A0A0MRZ9	A0A075B6J1;A0A0A0MRZ9				731114
A0A075B6J9	A0A075B6J9				2.24884e+07
A0A075B6K4	A0A075B6K0;A0A075B6K4				2.25061e+06
A0A075B6K5	A0A075B6K5				6.15818e+06
A0A075B6P5;P01615	P01615;A0A075B6P5				4.93031e+07
A0A075B6Q5	A0A075B6Q5				2.19858e+06
A0A075B6R2	A0A075B6R2				1.74665e+06
A0A075B6R9;A0A0C4DH68	A0A075B6R9;A0A0C4DH68				1.07015e+07
A0A075B6S2	A0A075B6S2;A2NJV5				9.96683e+07
A0A075B6S5	A0A075B6S5				2.19442e+06
A0A087WSX0	A0A087WSX0;A0A0G2JS06				4.02088e+06
A0A087WSY4	A0A087WSY4				8.09986e+06
A0A087WSY6	A0A087WSY6				8.28546e+07
A0A087WW87;P01614	P01614;A0A087WW87				2.43848e+06
A0A0A0MRZ8;P04433	P04433;A0A0A0MRZ8				7.54779e+07
A0A0A0MS15	A0A0A0MS15				1.22663e+07
A0A0A0MT36;A0A0C4DH26	A0A0A0MT36;A0A0C4DH26				148224
A0A0A0MT89	A0A0A0MT89				7.11051e+06
A0A0B4J1U7	A0A0B4J1U7				2.02692e+07
A0A0B4J1V0	A0A0B4J1V0				975745
A0A0B4J1V2	A0A0B4J1V2				3.45964e+06
A0A0B4J1X5	P01764;P01768;P01772;P01767;A0A0B4J1X5;A0A0C4DH42;P0DP02;P0DP03				7.58127e+07
A0A0B4J1Y8	A0A0B4J1Y8				3.54894e+06
A0A0B4J1Y9	A0A0B4J1Y9				8.55491e+07
A0A0B4J2D9;P0DP09	A0A0B4J2D9;P0DP09				139579
A0A0C4DH24	A0A0C4DH24				2.94431e+06
A0A0C4DH25	A0A0C4DH25				1.2537e+07
A0A0C4DH33	A0A0C4DH33				478078
A0A0C4DH34	A0A0C4DH34				9.3539e+06
A0A0C4DH35	A0A0C4DH35				1.16061e+06
A0A0C4DH36	A0A0C4DH36				4.19591e+06
A0A0C4DH38	A0A0C4DH38;A0A0J9YXX1				2.42369e+07
A0A0C4DH41;P01824;P01825;P06331;P0DP06;P0DP08	P01824;P01825;P06331;A0A0C4DH41;P0DP06;P0DP08				2.26072e+07
A0A0C4DH43	A0A0C4DH43				7.14824e+06
A0A0C4DH67	A0A0C4DH67				2.85899e+07
A0A0J9YX35	A0A0J9YX35				9.24321e+06
A0A0J9YXX1	A0A0J9YXX1				1.40673e+07
A0M8Q6	P0CG04;P0DOY2;P0DOY3;A0M8Q6;P0CF74;B9A064;P0DOX8				4.30993e+08
A1L4H1	A1L4H1				1.9344e+06
A2RU67	A2RU67				202088
A5D6W6	A5D6W6				1.46828e+06
A6BM72;A6BM72-2;A6BM72-4	A6BM72;A6BM72-2;A6BM72-4				1.30403e+06
A6NCE7;Q9GZQ8	Q9GZQ8;A6NCE7				327012
A6NGN9	A6NGN9				5.3162e+06
A6NL88	A6NL88				1.0093e+06
A6NLU5	A6NLU5				9.71534e+06
A6NMY6;P07355;P07355-2	A6NMY6;P07355;P07355-2				277295
A8MTW9	A8MTW9				993581
B4DS77;B4DS77-2;B4DS77-3	B4DS77;B4DS77-2;B4DS77-3				123438
C9JVW0	C9JVW0				3.75983e+06
I3L3R5	I3L3R5				1.00495e+06
O00115;O00115-2	O00115;O00115-2				3.52901e+06
O00142;O00142-2;O00142-3;O00142-4;O00142-5;O00142-6	O00142;O00142-2;O00142-3;O00142-4;O00142-5;O00142-6				2.97095e+07
O00187;O00187-2	O00187;O00187-2				1.67759e+06
O00244	O00244				571679
O00264	O00264;O15173;O15173-2				1.0881e+08
O00299	O00299				993239
O00339;O00339-2;O00339-3	O00339;O00339-2;O00339-3				2.05369e+06
O00391	O00391;O00391-2				1.42631e+07
O00451	O00451;O00451-2;O00451-3				1.00133e+07
O00461	O00461				5.4009e+06
O00462	O00462				5.60062e+06
O00468-6	O00468-6;O00468-7				1.47218e+07
O00469;O00469-2;O00469-3	O00469;O00469-2;O00469-3				317465
O00499;O00499-10;O00499-11;O00499-2;O00499-3;O00499-4;O00499-5;O00499-6;O00499-7;O00499-8;O00499-9	O00499;O00499-10;O00499-11;O00499-2;O00499-3;O00499-4;O00499-5;O00499-6;O00499-7;O00499-8;O00499-9				153134
O00533	O00533;O00533-2				1.68367e+08
O00560;O00560-2;O00560-3	O00560;O00560-2;O00560-3				1.63954e+06
O00567	O00567				162579
O00584	O00584				2.04141e+07
O00754;O00754-2	O00754;O00754-2				1.09977e+06
O14498	O14498				2.96323e+07
O14514	O14514				2.00001e+06
O14522	O14522;O14522-1				872209
O14525;O14525-2;O14525-3	O14525;O14525-2;O14525-3				871486
O14594	O14594				9.18217e+07
O14657	O14657				29510.4
O14668;O14668-2	O14668;O14668-2				3.06065e+06
O14672	O14672				5.23039e+06
O14737;O14737-2	O14737;O14737-2				53877.9
O14745	O14745				54083.8
O14773	O14773				8.50575e+06
O14786	O14786;O14786-2;O14786-3				5.35193e+06
O14791-2	O14791;O14791-2;O14791-3				8.47132e+06
O14793	O14793				1.21435e+06
O14917;O14917-2	O14917;O14917-2				1.60363e+07
O14960	O14960				1.47165e+06
O15031	O15031				1.07997e+07
O15041;O15041-2	O15041;O15041-2				205784
O15197;O15197-3	O15197;O15197-3				4.12473e+06
O15204;O15204-2	O15204;O15204-2				1.80698e+06
O15230	O15230				7.46479e+06
O15232;O15232-2	O15232;O15232-2				1.28774e+06
O15240	O15240				1.34064e+08
O15335	O15335				4.28709e+06
O15354	O15354				1.32891e+07
O15394	O15394;O15394-2				2.20352e+07
O15400;O15400-2	O15400;O15400-2				900509
O15466;O15466-2	O15466;O15466-2				1.14762e+06
O43155	O43155				697494
O43157	O43157;O43157-2;O43157-3				2.23127e+06
O43173	O43173				2.58106e+06
O43240	O43240				743538
O43278;O43278-2	O43278;O43278-2				2.67959e+06
O43286	O43286				1.31923e+06
O43291	O43291				5.18728e+06
O43300	O43300				2.52489e+06
O43405	O43405;O43405-2				1.52479e+07
O43491;O43491-4	O43491;O43491-4				589700
O43493;O43493-3;O43493-5;O43493-7	O43493;O43493-3;O43493-5;O43493-7				1.93748e+07
O43504	O43504				746393
O43505	O43505				3.04512e+08
O43508	O43508				752139
O43508-2;O75888;O75888-2;O75888-4;O75888-5	O75888;O43508-2;O75888-2;O75888-4;O75888-5				1.29901e+06
O43529	O43529				3.32979e+06
O43556;O43556-3;O43556-4	O43556;O43556-3;O43556-4				1.05336e+07
O43567	O43567				5.62437e+07
O43581-2;O43581-3;O43581-5	O43581-2;O43581-3;O43581-5				894389
O43736;O43736-2	O43736;O43736-2				1.37139e+06
O43827	O43827				7.85829e+06
O43852;O43852-2;O43852-3;O43852-4;O43852-5;O43852-9	O43852;O43852-10;O43852-11;O43852-12;O43852-13;O43852-14;O43852-2;O43852-3;O43852-4;O43852-5;O43852-6;O43852-7;O43852-8;O43852-9				2.21379e+06
O43854;O43854-2	O43854;O43854-2				209425
O43866	O43866				2.37263e+06
O43897;O43897-2	O43897;O43897-2				1.02646e+06
O43909	O43909				317041
O43916	O43916				963365
O60241;O60241-2;O60241-3;O60241-4	O60241;O60241-2;O60241-3;O60241-4				9.42067e+06
O60242	O60242				1.40685e+06
O60243	O60243				1.85209e+06
O60245;O60245-2	O60245;O60245-2				3.07542e+06
O60279	O60279				1.21402e+07
O60294	O60294				4.24841e+06
O60449;O60449-2;O60449-3	O60449;O60449-2;O60449-3				826673
O60462;O60462-2;O60462-3;O60462-4;O60462-5	O60462;O60462-2;O60462-3;O60462-4;O60462-5;O60462-6				3.03173e+06
O60476	O60476				1.27919e+06
O60477	O60477;Q76B58;O60477-3;Q76B58-2				361059
O60512	O60512				831466
O60565	O60565				286319
O60568	O60568				2.86104e+06
O60613	O60613				1.70446e+06
O60883	O60883				1.24392e+08
O60888-3	O60888;O60888-2;O60888-3				4.45759e+07
O60939	O60939				1.86267e+06
O75019;O75019-2	O75019;O75019-2				591344
O75051;O75051-2	O75051;O75051-2				262984
O75063	O75063				1.77245e+06
O75071	O75071				4.43454e+06
O75077;O75077-2;O75077-3	O75077;O75077-2;O75077-3				6.76822e+06
O75078	O75078;O75078-2				2.22381e+06
O75083	O75083;O75083-3				1.72069e+06
O75084;Q14332	O75084;Q14332				402457
O75144;O75144-2	O75144;O75144-2;O75144-3				1.4457e+07
O75173;O75173-2	O75173;O75173-2				7.18318e+06
O75223	O75223;O75223-3				849139
O75326	O75326;O75326-2				2.29158e+07
O75339	O75339				247833
O75347;O75347-2	O75347;O75347-2				1.22725e+06
O75354;O75354-2;O75354-3	O75354;O75354-2;O75354-3				1.07231e+06
O75368	O75368				2.05441e+06
O75487	O75487;O75487-2				1.06657e+06
O75493	O75493				4.60994e+06
O75503	O75503				3.1026e+06
O75509	O75509				1.81518e+07
O75594	O75594				331826
O75629	O75629				577217
O75636;O75636-2	O75636;O75636-2				584197
O75711	O75711				1.37524e+08
O75752	O75752				4.59213e+06
O75781;O75781-2	O75781;O75781-2				2.55139e+06
O75787;O75787-2	O75787;O75787-2				2.03734e+07
O75874	O75874				606071
O75882;O75882-2;O75882-3	O75882;O75882-2;O75882-3				7.79516e+06
O75973	O75973				592398
O75976	O75976				1.7829e+06
O76061	O76061				2.37356e+06
O76070	O76070				1.30086e+06
O94760	O94760				4.69871e+06
O94766	O94766;Q9NPZ5				1.01687e+06
O94769	O94769;O94769-2				1.15625e+07
O94772;O94772-2	O94772;O94772-2				8.41227e+07
O94779;O94779-2	O94779;O94779-2;O94779-4				712399
O94856-11	O94856;O94856-10;O94856-11;O94856-12;O94856-13;O94856-3;O94856-4;O94856-5;O94856-6;O94856-7;O94856-8;O94856-9				2.8476e+07
O94856-12;O94856-4;O94856-9	O94856-12;O94856-4;O94856-9				1.46502e+06
O94898	O94898				864662
O94910	O94910;O94910-2				4.56466e+06
O94919	O94919				2.5814e+07
O94973;O94973-2	O94973;O94973-2				204453
O94985	O94985				2.69119e+06
O94985-2	O94985;O94985-2				2.01711e+08
O94991	O94991;O94991-2				4.78731e+06
O95084;O95084-2	O95084;O95084-2				1.80738e+06
O95156	O95156				318269
O95157	O95157				1.02096e+06
O95158	O95158				9.73416e+06
O95159	O95159				1.17492e+06
O95185;O95185-2	O95185;O95185-2				2.37722e+06
O95196;O95196-2	O95196;O95196-2				6.35596e+06
O95206;O95206-2	O95206;O95206-2				2.86033e+06
O95336	O95336				226740
O95390	O95390				1.72222e+06
O95428;O95428-5;O95428-6	O95428;O95428-3;O95428-4;O95428-5;O95428-6				3.13069e+06
O95445	O95445;O95445-2				1.09019e+07
O95450;O95450-2	O95450;O95450-2				984808
O95467	O95467				1.05093e+06
O95490;O95490-2;O95490-3;O95490-4;O95490-5;O95490-6;O95490-7	O95490;O95490-2;O95490-3;O95490-4;O95490-5;O95490-6;O95490-7				478304
O95497	O95497				622795
O95502	O95502				9.44721e+07
O95633;O95633-2	O95633;O95633-2				818691
O95803;O95803-3;Q9H3R1	O95803;Q9H3R1;O95803-2;O95803-3				1.90881e+06
O95841	O95841				1.41734e+06
O95865	O95865				1.24652e+06
O95881	O95881				152234
O95897	O95897				531143
O95967	O95967				7.13773e+06
O95970;O95970-3	O95970;O95970-3				408572
O95980	O95980				5.88124e+06
O95998	O95998;O95998-4				1.09178e+07
P00338;P00338-3	P00338;P00338-3;P00338-4				7.43364e+06
P00352	P00352				413135
P00390;P00390-2;P00390-3	P00390;P00390-2;P00390-3;P00390-4;P00390-5				2.50656e+06
P00441	P00441				3.44212e+08
P00450	P00450				1.28628e+08
P00488	P00488				969035
P00492	P00492				1.86795e+06
P00505	P00505;P00505-2				6.13128e+06
P00533;P00533-3;P00533-4	P00533;P00533-3;P00533-4				1.28636e+06
P00558	P00558;P00558-2				5.28801e+06
P00734	P00734				3.45053e+07
P00736	P00736				5.08227e+07
P00738	P00738;P00738-2				1.49091e+08
P00739	P00739;P00739-2				7.18781e+07
P00740;P00740-2	P00740;P00740-2				2.89537e+06
P00742	P00742				9.36625e+06
P00746	P00746				2.88865e+07
P00747	P00747				5.8997e+07
P00748	P00748				3.33509e+07
P00751	P00751;P00751-2				1.12287e+08
P00813	P00813				323299
P00915	P00915				3.13766e+06
P00918	P00918				1.03382e+06
P01008	P01008				2.53843e+08
P01009	P01009;P01009-2;P01009-3				1.71869e+09
P01011	P01011				8.07016e+08
P01019	P01019				2.61447e+08
P01023	P01023				2.21058e+08
P01024	P01024				4.4954e+08
P01031	P01031				9.30615e+06
P01033	P01033				8.43488e+07
P01034	P01034				1.01976e+10
P01036;P01037	P01036;P01037				420566
P01040	P01040				8.17205e+06
P01042	P01042;P01042-2;P01042-3				4.57427e+07
P01042-2;P01042-3	P01042-2;P01042-3				1.08382e+07
P01127;P01127-2	P01127;P01127-2				2.34147e+07
P01210	P01210				8.22044e+07
P01213	P01213				5.69475e+06
P01236	P01236				929813
P01258;P01258-2;P06881	P01258;P06881;P10092;P01258-2				632019
P01282;P01282-2	P01282;P01282-2				1.11938e+06
P01303	P01303				1.0479e+07
P01344;P01344-2;P01344-3	P01344;P01344-2;P01344-3				2.3296e+07
P01591	P01591				7.16494e+06
P01593;P01594	P01593;P01594				2.11046e+07
P01597;P04432	P01597;P01611;P04432;A0A0C4DH72;A0A0C4DH73				1.47677e+07
P01599	P01599;A0A0C4DH72				5.884e+06
P01602	P01602				3.60177e+06
P01619	P01619				2.48077e+08
P01700	P01700				4.88222e+07
P01701	P01701				1.80917e+07
P01709	P01709				3.2705e+06
P01714	P01714				3.87736e+06
P01717	P01717				3.3616e+07
P01721	P01721				3.47646e+06
P01742	P01742				3.38863e+06
P01768;P0DP03	P01768;P01772;P0DP02;P0DP03				9.25516e+06
P01780	P01780				5.27051e+07
P01814	P01814				820174
P01817	P01817				2.77053e+06
P01833	P01833				1.1619e+06
P01834	P01834				5.25078e+08
P01859	P01859;P01859-1				8.19753e+08
P01860	P01860;P01860-1				3.85531e+07
P01861;P01861-1	P01861;P01861-1				6.79877e+07
P01871;P01871-1	P01871;P0DOX6;P01871-1				2.12229e+07
P01876;P01876-1	P01876;P01876-1				7.98763e+08
P01889	P01889;P01893;P04439;P13747;P17693;P17693-2;P17693-5;P17693-6;P04439-2				5.42559e+06
P01903	P01903;P01906				646045
P01911	P01911				3.18487e+06
P02042	P02042				6.23832e+06
P02144	P02144				636279
P02452	P02452				2.5562e+07
P02461	P02461;P02461-2				5.86634e+06
P02462	P02462				196850
P02511	P02511				1.73192e+06
P02533	P02533;P08779;P13645;Q7Z3Y7;Q7Z3Y8;Q7Z3Y9;Q7Z3Z0				1.86025e+07
P02538	O95678;P02538;P48668				5.42019e+06
P02647	P02647				1.55445e+09
P02649	P02649				2.80799e+09
P02652	P02652				2.30388e+08
P02654	P02654				6.98912e+07
P02655	P02655				1.33859e+07
P02656	P02656				5.41366e+07
P02671;P02671-2	P02671;P02671-2				6.76152e+07
P02675	P02675				6.23005e+07
P02679;P02679-2	P02679;P02679-2				3.31754e+07
P02686;P02686-3;P02686-4;P02686-5;P02686-6	P02686;P02686-3;P02686-4;P02686-5;P02686-6				217956
P02741	P02741;P02741-2				1.4432e+06
P02743	P02743				2.86381e+06
P02745	P02745				4.93572e+07
P02746	P02746				6.53697e+07
P02747	P02747				1.12068e+08
P02748	P02748				2.41114e+07
P02749	P02749				4.62582e+07
P02750	P02750				9.81216e+07
P02751;P02751-1	P02751;P02751-1;P02751-10;P02751-11;P02751-12;P02751-13;P02751-14;P02751-16;P02751-17;P02751-2;P02751-3;P02751-4;P02751-5;P02751-6;P02751-7;P02751-8;P02751-9				1.72835e+08
P02753	P02753				2.30355e+08
P02760	P02760				3.36202e+07
P02763	P02763				1.67919e+09
P02765	P02765				1.97548e+08
P02766	P02766				6.36569e+09
P02768	P02768				1.15934e+10
P02774;P02774-3	P02774;P02774-2;P02774-3				3.54131e+08
P02786	P02786				1.32971e+06
P02787	P02787				4.41915e+09
P02788;P02788-2	P02788;P02788-2				3.74297e+06
P02790	P02790				2.25232e+09
P02792	P02792				2.52505e+06
P02794	P02794				2.10428e+06
P03950	P03950				2.27492e+06
P03951	P03951;P03951-2				1.89144e+06
P03952	P03952				5.7056e+06
P04003	P04003				859867
P04004	P04004				2.11039e+08
P04040	P04040				680942
P04062;P04062-2;P04062-4;P04062-5	P04062;P04062-2;P04062-4;P04062-5				2.74646e+06
P04066	P04066				8.62156e+06
P04070;P04070-2	P04070;P04070-2				3.50358e+06
P04075	P04075;P04075-2				3.20119e+07
P04080	P04080				2.39521e+06
P04083	P04083				12584.4
P04085;P04085-2	P04085;P04085-2				6.67485e+06
P04114	P04114				3.44707e+07
P04156	P04156				2.51441e+08
P04179	P04179;P04179-2;P04179-3;P04179-4				6.57363e+06
P04180	P04180				2.10435e+07
P04196	P04196				5.16539e+07
P04211	P04211;A0A075B6I9				2.91374e+07
P04216	P04216				2.08352e+08
P04217	P04217;P04217-2				1.84667e+08
P04217-2	P04217-2				4.10205e+06
P04233-2;P04233-5	P04233;P04233-2;P04233-4;P04233-5				2.0818e+06
P04259	P04259;P48668				2.10375e+06
P04264	P04259;P04264				5.44481e+07
P04271	P04271				979553
P04275	P04275				3.46005e+06
P04278	P04278;P04278-2;P04278-3;P04278-4;P04278-5				3.9961e+06
P04350;P07437;P68371	P04350;P07437;P68371				260293
P04406	P04406;P04406-2				2.00176e+07
P04439-2	P01893;P04439;P04439-2				3.01818e+06
P04629;P04629-2;P04629-3;P04629-4	P04629;P04629-2;P04629-3;P04629-4				98761.7
P04792	P04792				1.36428e+06
P04908;P0C0S5;P0C0S8;P16104;P20671;Q16777;Q6FI13;Q71UI9;Q71UI9-2;Q71UI9-5;Q7L7L0;Q8IUE6;Q93077;Q96KK5;Q96QV6;Q99878;Q9BTM1;Q9BTM1-2	P04908;P0C0S5;P0C0S8;P16104;P20671;Q16777;Q6FI13;Q71UI9;Q7L7L0;Q8IUE6;Q93077;Q96KK5;Q96QV6;Q99878;Q9BTM1;Q71UI9-2;Q71UI9-5;Q9BTM1-2				459129
P05023;P05023-2;P05023-4	P05023;P05023-2;P05023-4				442683
P05026;P05026-2	P05026;P05026-2				871187
P05060	P05060				5.00624e+08
P05067;P05067-11;P05067-8	P05067;P05067-4;P05067-10;P05067-11;P05067-3;P05067-5;P05067-6;P05067-7;P05067-8;P05067-9				2.45251e+08
P05089;P05089-2;P05089-3	P05089;P05089-2;P05089-3				138723
P05090	P05090				2.37461e+09
P05107	P05107				383745
P05109	P05109				1.10129e+06
P05121	P05121				289064
P05154	P05154				9.96181e+06
P05155;P05155-3	P05155;P05155-2;P05155-3				4.90766e+08
P05156	P05156				2.92813e+07
P05160	P05160				563693
P05362	P05362				727010
P05408;P05408-2	P05408;P05408-2				2.37809e+08
P05413	P05413				6.05724e+06
P05451	P05451;P48304				405528
P05452	P05452				1.03853e+08
P05543	P05543				3.3701e+07
P05546	P05546				3.91762e+07
P05556;P05556-2;P05556-3;P05556-4;P05556-5	P05556;P05556-2;P05556-5;P05556-3;P05556-4				1.32802e+06
P05937	P05937;P05937-2				6.50554e+06
P06276	P06276				3.26014e+06
P06307	P06307				1.77376e+07
P06310	P06310				5.5804e+07
P06312	P06312				1.27141e+08
P06396	P06396;P06396-2;P06396-3;P06396-4				5.99666e+08
P06396-2	P06396-2				2.80873e+06
P06681	P06681;P06681-2;P06681-3				1.48259e+07
P06702	P06702				1.41233e+06
P06703	P06703				3.0143e+06
P06727	P06727				1.27688e+08
P06733	P06733;P06733-2				6.30305e+06
P06744;P06744-2	P06744;P06744-2				2.20698e+06
P06748;P06748-2;P06748-3	P06748;P06748-2;P06748-3				1.12937e+07
P06753;P06753-2;P06753-3;P06753-4;P06753-5;P06753-6	P06753;P07951;P09493;P09493-10;P67936;P07951-2;P09493-5;P06753-2;P06753-3;P09493-2;P09493-3;P09493-4;P09493-6;P09493-7;P09493-8;P09493-9;P06753-4;P06753-5;P06753-6;P07951-3;P67936-2				1.31271e+06
P06865	P06865				6.8039e+06
P07093-2;P07093-3	P07093;P07093-2;P07093-3				2.9427e+06
P07108;P07108-2;P07108-3;P07108-4;P07108-5	P07108;P07108-2;P07108-3;P07108-4;P07108-5;P07108-6				1.06796e+07
P07195	P00338;P07195;P07864;Q6ZMR3;P00338-3;P00338-2;P00338-4;P00338-5				3.76954e+07
P07196	P07196				514192
P07225	P07225				2.89298e+07
P07237	P07237				1.07096e+06
P07307;P07307-2;P07307-3	P07307;P07307-3;P07307-2				189145
P07311	P07311				1.51547e+06
P07333	P07333;P07333-2				3.63733e+07
P07339	P07339				1.08397e+08
P07357	P07357				1.0435e+07
P07358	P07358				7.05616e+06
P07360	P07360				8.05724e+06
P07451	P07451				80685.1
P07492	P07492;P07492-2;P07492-3				1.05176e+06
P07585	P07585;P07585-4				2.52036e+07
P07602;P07602-2;P07602-3	P07602;P07602-2;P07602-3				2.41993e+07
P07686	P07686				6.38046e+06
P07711	P07711;P07711-3				1.19268e+07
P07737	P07737				3.00824e+06
P07858	P07858				3.11132e+07
P07900;P07900-2	P07900;P07900-2				1.45318e+06
P07942	P07942				3.78797e+06
P07996	P07996;P07996-2				3.41631e+06
P07998	P07998				3.09388e+07
P08123	P08123				2.24302e+07
P08133;P08133-2	P08133;P08133-2				164036
P08174;P08174-2;P08174-3;P08174-4;P08174-5;P08174-6;P08174-7	P08174;P08174-2;P08174-3;P08174-4;P08174-5;P08174-6;P08174-7				9.24965e+06
P08185	P08185				4.7407e+07
P08195;P08195-2;P08195-3;P08195-4;P08195-5	P08195;P08195-4;P08195-2;P08195-3;P08195-5				4.75686e+06
P08236;P08236-2;P08236-3	P08236;P08236-2;P08236-3				201607
P08238	P07900;P08238;P07900-2				498636
P08253	P08253;P08253-2;P08253-3				1.87528e+07
P08294	P08294				1.61598e+08
P08493-2	P08493;P08493-2				3.51944e+07
P08571	P08571				1.54359e+08
P08572	P08572				3.85298e+06
P08581;P08581-2	P08581;P08581-2				950177
P08582	P08582;P08582-2				1.09821e+06
P08603	P08603				8.82428e+07
P08637	P08637				4.49719e+06
P08670	P08670;P17661				2.12793e+07
P08697	P08697;P08697-2				6.26232e+07
P08758	P08758				2.26096e+06
P08779	P08779				3.47995e+06
P08949;P08949-2	P08949;P08949-2				8548.1
P09104	P09104;P09104-2				9.84949e+06
P09211	P09211				4.67519e+06
P09382	P09382				1.47027e+07
P09417;P09417-2	P09417;P09417-2				7.43779e+06
P09486	P09486				7.81703e+07
P09603	P09603;P09603-2;P09603-3				3.08023e+07
P09619	P09619				3.62491e+06
P09622	P09622;P09622-2				1.96338e+06
P09668	P09668				1.33079e+07
P09871	P09871				8.11391e+07
P09936	P09936				3.46369e+06
P09958	P09958				607156
P09960;P09960-2;P09960-3;P09960-4	P09960;P09960-2;P09960-3;P09960-4				180571
P09972	P04075;P09972;P04075-2				2.42031e+07
P0C0L4;P0C0L4-2	P0C0L4;P0C0L4-2				1.04055e+08
P0C0L5	P0C0L4;P0C0L5;P0C0L4-2				5.20356e+08
P0C6S8	P0C6S8				984330
P0CF74	P0CG04;P0DOY2;P0DOY3;P0CF74;B9A064;P0DOX8				4.81887e+07
P0CG47;P0CG48	P0CG47;P0CG48;P62979;P62987				1.05773e+08
P0DJI8;P0DJI9	P0DJI8;P0DJI9;P0DJI9-2				699351
P0DMQ5	P0DMQ5				8.65154e+06
P0DMV8;P0DMV8-2;P0DMV9	P0DMV8;P0DMV9;P0DMV8-2				1.31782e+06
P0DOX2	P01876;P01877;P01876-1;P01877-1;P0DOX2				7.53304e+08
P0DOX3	P0DOX3				8.23778e+06
P0DOX5	P0DOX5				3.00708e+09
P0DOX7	P01834;P0DOX7				4.49583e+08
P0DOX8	B9A064;P0DOX8				1.6997e+08
P0DOY2;P0DOY3	P0DOY2;P0DOY3				3.6237e+08
P0DP23;P0DP24;P0DP25	P0DP23;P0DP24;P0DP25;P27482				1.87931e+06
P0DP58	P0DP58				1.08346e+08
P0DTE1	P0DTE1				2.14347e+06
P0DTE7;P0DTE8;P0DUB6	P04746;P0DTE7;P0DTE8;P0DUB6;P19961;P19961-2;P04746-2				770243
P10124	P10124				4.07822e+06
P10153	P10153				7.72953e+06
P10253	P10253				2.25862e+06
P10321;P10321-2	P10321;P10321-2				1.25523e+07
P10451-3	P10451-3				1.38712e+08
P10451-5	P10451;P10451-4;P10451-5				8.28429e+08
P10451;P10451-4	P10451;P10451-4				1.4896e+06
P10586;P10586-2	P10586;P23468;P10586-2;P23468-3;P23468-4;P23468-5;P23468-6;P23468-7				7.36852e+06
P10599	P10599;P10599-2				1.23701e+07
P10619;P10619-2	P10619;P10619-2				734610
P10636-2;P10636-6	P10636;P10636-8;P10636-6;P10636-2;P10636-3;P10636-4;P10636-5;P10636-7				1.50838e+06
P10643	P10643				4.98865e+07
P10644;P10644-2	P10644;P10644-2				545192
P10645	P10645				3.83873e+08
P10721;P10721-2	P10721;P10721-2				3.01529e+06
P10745	P10745				1.3815e+06
P10768	P10768				2.22451e+06
P10909-6	P10909;P10909-4;P10909-6;P10909-2;P10909-3;P10909-5				2.00014e+09
P11021	P11021				7.01103e+06
P11047	P11047				2.89495e+06
P11117	P11117				1.45496e+06
P11137;P11137-3	P11137;P11137-3				120576
P11142	P11142				7.0329e+06
P11279	P11279;P11279-2				9.35153e+06
P11362-21;P11362-7	P11362;P11362-10;P11362-11;P11362-12;P11362-13;P11362-14;P11362-16;P11362-18;P11362-19;P11362-2;P11362-20;P11362-21;P11362-3;P11362-4;P11362-5;P11362-6;P11362-7;P11362-8;P11362-9				1.16766e+07
P11464-4	P11464-4				3.80865e+06
P11597;P11597-2	P11597;P11597-2				747040
P11717	P11717				1.38188e+06
P12109	P12109				2.55005e+07
P12110	P12110;P12110-2;P12110-3				5.45826e+06
P12111	P12111				346146
P12111-4	P12111;P12111-2;P12111-4				1.12754e+07
P12259	P12259				1.04264e+07
P12272;P12272-2;P12272-3	P12272;P12272-2;P12272-3				1.55749e+06
P12273	P12273				265162
P12277	P12277				2.30568e+06
P12314;Q92637;Q92637-3	P12314;Q92637;Q92637-3				2.0378e+06
P12318;P12318-2	P12318;P31994;P31995;P12318-2;P31994-2;P31994-3;P31994-4;P31994-5;P31995-2;P31995-3;P31995-4				4.82658e+06
P12532;P12532-2;P17540	P12532;P17540;P12532-2				176376
P12821;P12821-2	P12821;P12821-3;P12821-2;P12821-4				1.16113e+06
P12830;P12830-2	P12830;P12830-2				1.67637e+06
P12955;P12955-2	P12955;P12955-2;P12955-3				1.88395e+06
P13473;P13473-2;P13473-3	P13473;P13473-2;P13473-3				6.57932e+07
P13489	P13489				1.17023e+06
P13497;P13497-2;P13497-3;P13497-4;P13497-5;P13497-6	P13497;P13497-2;P13497-3;P13497-4;P13497-5;P13497-6				2.10027e+06
P13521	P13521				9.33932e+07
P13591	P13591;P13591-1;P13591-3;P13591-4;P13591-5;P13591-6				1.05522e+08
P13591-3	P13591-1;P13591-3;P13591-4				2.55021e+07
P13598	P13598				4.11528e+06
P13611;P13611-5	P13611;P13611-2;P13611-3;P13611-4;P13611-5				1.32638e+07
P13637;P13637-2;P13637-3	P13637;P13637-2;P13637-3				1.56398e+06
P13639	P13639				529580
P13645	P13645				9.40783e+06
P13647	P13647				9.82744e+06
P13667	P13667				1.10139e+06
P13671	P13671				1.11222e+07
P13693	P13693				173356
P13796	P13796;P13796-2				4.19411e+06
P13797;P13797-2;P13797-3	P13797;P13797-2;P13797-3				611404
P13987;P13987-2	P13987;P13987-2				4.77336e+07
P14136	P14136				1.92413e+06
P14138;P14138-2	P14138;P14138-2;P14138-3				2.11862e+06
P14151;P14151-2	P14151;P14151-2				6.88672e+06
P14174	P14174				9.39187e+06
P14207	P14207				2.87755e+06
P14209;P14209-3	P14209;P14209-3				1.18861e+06
P14314-2	P14314;P14314-2				8.10109e+06
P14324;P14324-2	P14324;P14324-2				836468
P14384	P14384				1.3451e+06
P14415	P14415				2.11025e+06
P14543	P14543;P14543-2				1.25043e+07
P14618-2	P14618;P14618-2;P14618-3				4.40305e+07
P14618;P14618-3	P14618;P14618-3				438829
P14621	P14621				4.13324e+06
P14625	P14625;Q58FF3				5.78638e+06
P15086	P15085;P15086				2.01747e+06
P15090	P15090				2.05938e+06
P15121	P15121				932580
P15144	P15144				1.10986e+06
P15151;P15151-2;P15151-3;P15151-4	P15151;P15151-2;P15151-3;P15151-4				3.4406e+06
P15169	P15169				3.14552e+06
P15259	P15259				303929
P15289;P15289-2	P15289;P15289-2				1.10813e+06
P15291;P15291-2	P15291;P15291-2				3.9862e+06
P15502;P15502-1;P15502-10;P15502-12;P15502-13;P15502-2;P15502-4;P15502-5;P15502-6;P15502-7;P15502-9	P15502;P15502-1;P15502-10;P15502-12;P15502-13;P15502-2;P15502-4;P15502-5;P15502-6;P15502-7;P15502-9				4.0823e+06
P15509;P15509-2;P15509-3;P15509-5;P15509-7	P15509;P15509-3;P15509-2;P15509-5;P15509-7;P15509-8				2.01319e+06
P15529;P15529-10;P15529-11;P15529-12;P15529-13;P15529-14;P15529-15;P15529-16;P15529-2;P15529-3;P15529-4;P15529-5;P15529-6;P15529-7;P15529-8;P15529-9	P15529;P15529-3;P15529-10;P15529-11;P15529-12;P15529-13;P15529-14;P15529-15;P15529-16;P15529-2;P15529-4;P15529-5;P15529-6;P15529-7;P15529-8;P15529-9				294632
P15531;P15531-2	P15531;P15531-2				291478
P15586;P15586-2	P15586;P15586-2				3.21714e+06
P15848;P15848-2	P15848;P15848-2				124428
P15924;P15924-2;P15924-3	P15924;P15924-2;P15924-3				426509
P16035	P16035				4.46331e+07
P16070;P16070-10;P16070-11;P16070-12;P16070-13;P16070-14;P16070-15;P16070-16;P16070-17;P16070-18;P16070-3;P16070-4;P16070-5;P16070-6;P16070-7;P16070-8;P16070-9	P16070;P16070-10;P16070-11;P16070-12;P16070-13;P16070-14;P16070-15;P16070-16;P16070-17;P16070-18;P16070-3;P16070-4;P16070-5;P16070-6;P16070-7;P16070-8;P16070-9				8.80938e+07
P16083	P16083				2.02299e+06
P16112;P16112-2	P16112;P16112-2;P16112-3				2.5504e+06
P16152	P16152				2.82318e+06
P16234;P16234-2;P16234-3	P16234;P16234-2;P16234-3				567432
P16278;P16278-3	P16278;P16278-3				380196
P16519;P16519-2;P16519-3	P16519;P16519-2;P16519-3				4.25577e+06
P16870;P16870-2	P16870;P16870-2				8.29466e+07
P16930;P16930-2	P16930;P16930-2				134840
P16949;P16949-2	P16949;P16949-2				4.71665e+06
P17050	P17050				1.43759e+06
P17174	P17174;P17174-2				2.87558e+07
P17302	P17302				593474
P17405;P17405-4	P17405;P17405-4				808561
P17600;P17600-2	P17600;P17600-2				1.49028e+06
P17677;P17677-2	P17677;P17677-2				3.37433e+06
P17813;P17813-2	P17813;P17813-2				627980
P17900	P17900				7.26123e+07
P17931	P17931				2.31652e+06
P17936;P17936-2	P17936;P17936-2				4.65061e+06
P18065	P18065				1.73548e+08
P18075	P18075				137570
P18206;P18206-2	P18206;P18206-2				1.62398e+06
P18428	P18428				3.66984e+06
P18509	P18509				1.67772e+06
P18669	P18669				4.98222e+06
P19021;P19021-5;P19021-6	P19021;P19021-3;P19021-4;P19021-2;P19021-5;P19021-6				4.12418e+07
P19022	P19022;P19022-2				6.31888e+07
P19256;P19256-2;P19256-3	P19256;P19256-2;P19256-3				812048
P19320	P19320;P19320-2;P19320-3				4.19739e+06
P19367;P19367-2;P19367-3;P19367-4	P19367;P19367-2;P19367-3;P19367-4				1.12882e+06
P19652	P19652				3.38914e+08
P19823	P19823				2.55308e+07
P19827	P19827;P19827-2				1.57329e+07
P19835	P19835				4.01952e+06
P20036	P20036				122149
P20062	P20062				1.11658e+07
P20138;P20138-2	P20138;P20138-2				1.06637e+06
P20340;P20340-2;Q9NRW1	P20340;Q9NRW1;P20340-2;P20340-4;Q9NRW1-2				1.1303e+06
P20366;P20366-2	P20366;P20366-2;P20366-3;P20366-4				5.338e+06
P20382	P20382				136517
P20396	P20396				178060
P20472	P20472				5.66305e+06
P20618	P20618				1.61185e+06
P20742	P20742;P20742-2				763488
P20774	P20774				1.52895e+08
P20827	P20827;P20827-2				7.12059e+06
P20908;P20908-2	P20908;P20908-2				332713
P20916;P20916-2;P20916-3	P20916;P20916-2;P20916-3				2.85757e+06
P20930	P20930				439493
P20933	P20933				1.30412e+07
P21333;P21333-2	P21333;P21333-2				2.43485e+06
P21554	P21554				894802
P21579	P21579				2.13766e+06
P21583;P21583-2;P21583-3	P21583;P21583-2;P21583-3				1.10739e+06
P21802;P21802-16;P21802-2;P21802-5;P21802-6;P21802-8	P21802;P21802-3;P21802-14;P21802-15;P21802-16;P21802-17;P21802-18;P21802-19;P21802-2;P21802-23;P21802-5;P21802-6;P21802-8				6.76751e+06
P21810	P21810				2.04253e+06
P21860;P21860-4	P21860;P21860-4				607866
P21926	P21926				2.36984e+06
P22004	P22004				831220
P22061;P22061-2	P22061;P22061-2				5.50266e+06
P22105;P22105-1;P22105-4	P22105;P22105-1;P22105-4				7.5662e+06
P22223;P22223-2	P22223;P22223-2				447063
P22303	P22303;P22303-2;P22303-3;P22303-4				3.32687e+06
P22304	P22304;P22304-2;P22304-3				1.56998e+07
P22352	P22352				5.66048e+07
P22392;P22392-2	P15531;P22392;O60361;P22392-2;P15531-2				2.87849e+06
P22607;P22607-2;P22607-3;P22607-4	P22455;P22607;P22455-2;P22607-2;P22607-3;P22607-4				1.1743e+07
P22676	P22676				721177
P22692;P22692-2	P22692;P22692-2				3.46241e+07
P22748	P22748				4.63895e+06
P22792	P22792				3.88145e+06
P22794;P22794-2	P22794;P22794-2				1.95812e+06
P22891;P22891-2	P22891;P22891-2				980874
P22897	P22897				4.19178e+06
P23083	P23083				1.8621e+06
P23142	P23142				7.53585e+07
P23142-4	P23142-4				1.85138e+08
P23284	P23284				2.25093e+07
P23297	P23297				4.1635e+06
P23435	P23435				1.74647e+07
P23468	P23468;P23468-2;P23468-3;P23468-4;P23468-5;P23468-6;P23468-7				1.10001e+07
P23470;P23470-2	P23470;P23470-2				9.27454e+06
P23471;P23471-2	P23471;P23471-2;P23471-3				3.68922e+07
P23515	P23515				9.82304e+07
P23528	P23528				1.33417e+06
P23560;P23560-2;P23560-3;P23560-4;P23560-5	P23560;P23560-2;P23560-3;P23560-4;P23560-5				5.84963e+06
P23582	P23582				2.02181e+07
P24043	P24043				3.76954e+06
P24592	P24592				2.35003e+08
P24593	P24593				1.97029e+07
P24666;P24666-2;P24666-3;P24666-4	P24666;P24666-2;P24666-3;P24666-4				1.46291e+06
P24821;P24821-4	P24821;P24821-2;P24821-3;P24821-4;P24821-5;P24821-6				560129
P25189;P25189-2	P25189;P25189-2				4.2642e+06
P25311	P25311				7.60838e+07
P25713	P25713				6.03202e+06
P25774;P25774-2	P25774;P25774-2				3.65309e+06
P25786;P25786-2	P25786;P25786-2				143680
P25788;P25788-2	P25788;P25788-2				157551
P26038	P26038				3.58891e+06
P26447	P26447				574856
P26572	P26572				4.4588e+06
P26641;P26641-2	P26641;P26641-2				188618
P26927	P26927;Q2TV78;Q2TV78-2				518549
P26992	P26992				1.93708e+07
P27169	P27169				4.4904e+06
P27348	P27348				269579
P27658	P27658				569743
P27797	P27797				2.09784e+07
P27824;P27824-2	P27824;P27824-2;P27824-3				2.83319e+06
P28066	P28066				270947
P28074;P28074-2	P28074;P28074-2				197067
P28300	P28300				766221
P28482	P28482				1.24138e+06
P28799;P28799-2;P28799-3	P28799;P28799-2;P28799-3				278078
P28827;P28827-2	P28827;P28827-2				996471
P28838;P28838-2	P28838;P28838-2				129783
P29120;P29120-2	P29120;P29120-2				1.28402e+07
P29218;P29218-3	P29218;P29218-3;P29218-2				4.71053e+06
P29279;P29279-2	P29279;P29279-2				537545
P29323;P29323-2;P29323-3	P29323;P29323-3;P29323-2				660599
P29401;P29401-2	P29401;P29401-2				899286
P29622	P29622				2.08342e+07
P29762	P29762				917299
P29966	P29966				3.9203e+06
P30041	P30041				3.18594e+06
P30043	P30043				1.18768e+06
P30044;P30044-2	P30044;P30044-2;P30044-3				432883
P30046	P30046				1.44109e+06
P30048;P30048-2	P30048;P30048-2				786301
P30086	P30086				4.56521e+07
P30101	P30101				4.98025e+06
P30530;P30530-2	P30530;P30530-2				1.65365e+07
P30740	P30740				479476
P30990	P30990				941444
P31146	P31146				824037
P31150	P31150				6.28112e+06
P31151	P31151;Q86SG5				883533
P31153;P31153-2	P31153;P31153-2				472800
P31321	P31321				519189
P31431;P31431-2	P31431;P31431-2				269146
P31944	P31944				813754
P31946;P31946-2	P31946;P31946-2				1.12277e+06
P31948;P31948-2;P31948-3	P31948;P31948-2;P31948-3				72448
P32004;P32004-2;P32004-3	P32004;P32004-2;P32004-3				6.437e+06
P32119	P32119				8.14028e+06
P32926	P32926				839687
P33151	P33151;P33151-2				1.86004e+06
P33908	P33908				2.4814e+07
P34059	P34059				3.35133e+06
P34096	P34096				7.19743e+06
P34741	P34741				815931
P34949;P34949-2	P34949;P34949-2				429426
P35030;P35030-2;P35030-3;P35030-4;P35030-5	P35030;P35030-2;P35030-3;P35030-4;P35030-5				7.6516e+06
P35052	P35052				7.999e+06
P35080	P35080				782299
P35237	P35237				1.34932e+06
P35318	P35318				3.8213e+06
P35442	P35442				2.93922e+06
P35443	P35443				1.01235e+07
P35475	P35475				181353
P35527	P35527				5.15461e+07
P35542	P35542				3.67303e+07
P35555	P35555				4.54533e+06
P35590	P35590				1.10518e+06
P35613;P35613-2	P35613;P35613-2;P35613-3;P35613-4				4.21119e+06
P35625	P35625				310793
P35858;P35858-2	P35858;P35858-2				7.73744e+06
P35908	P35908				4.9674e+06
P35968;P35968-2;P35968-3	P35968;P35968-2;P35968-3				1.0955e+06
P36222	P36222				1.39334e+08
P36269;P36269-2;P36269-3	P36269;P36269-2;P36269-3				177427
P36871;P36871-2	P36871;P36871-2				1.11258e+06
P36955	P36955				5.60921e+08
P36957	P36957;P36957-2				1.28951e+07
P36980	P36980				2.03397e+07
P37173;P37173-2	P37173;P37173-2				1.51605e+06
P37235;P61601;P84074	P37235;P61601;P84074				202098
P37802;P37802-2	P37802;P37802-2				851376
P37837;P37837-2	P37837;P37837-2				1.11683e+07
P38571;P38571-2	P38571;P38571-2				1.49359e+06
P39059	P39059				4.80962e+06
P39060;P39060-1;P39060-2	P39060;P39060-1;P39060-2				2.44934e+07
P40121;P40121-2	P40121;P40121-2				513353
P40189	P40189;P40189-3				1.88949e+07
P40925;P40925-3	P40925;P40925-3				3.22809e+07
P40926	P40926;P40926-2				2.12342e+06
P41217;P41217-2;P41217-3	P41217;P41217-2;P41217-3				3.99107e+06
P41222	P41222				8.36007e+09
P41271;P41271-2	P41271;P41271-2				7.90358e+07
P42262;P42262-2;P42262-3	P42262;P42262-2;P42262-3;P42262-4				1.17122e+06
P42658;P42658-2	P42658;P42658-2				5.30239e+06
P42785	P42785;P42785-2				1.50602e+07
P42857;P42857-2	P42857;P42857-2				3.49174e+06
P43004;P43004-2;P43004-3	P43004;P43004-2;P43004-3				412428
P43121	P43121;P43121-2				2.00097e+07
P43146	P43146				5.42273e+06
P43234	P43234				3.66901e+06
P43251;P43251-2;P43251-3;P43251-4	P43251;P43251-2;P43251-3;P43251-4				3.92306e+07
P43652	P43652				6.0859e+07
P45877	P45877				6.20947e+06
P46459	P46459				1.93633e+06
P47972	P47972				1.21587e+07
P48058;P48058-2	P48058;P48058-2				1.03331e+07
P48061;P48061-2;P48061-3;P48061-4;P48061-5;P48061-6	P48061;P48061-2;P48061-3;P48061-4;P48061-5;P48061-6				4.06271e+06
P48066;P48066-2	P48066;P48066-2				223847
P48147	P48147				620056
P48163;P48163-2	P48163;P48163-2				511572
P48539	P48539				3.95712e+06
P48551;P48551-2;P48551-3	P48551;P48551-2;P48551-3				1.58625e+06
P48637	P48637;P48637-2				2.1424e+06
P48723	P48723				5.50961e+06
P48740-2;P48740-4	P48740-2;P48740-4				3.0194e+06
P48740-3	P48740;P48740-2;P48740-3;P48740-4				4.79374e+06
P48745	P48745				3.88954e+06
P49184	P49184				708524
P49221	P49221				3.84243e+06
P49257	P49257				7.87142e+06
P49418;P49418-2	P49418;P49418-2				730635
P49588;P49588-2	P49588;P49588-2				44863.3
P49641	P49641;P49641-1;P49641-2				1.95543e+07
P49720	P49720				28471.1
P49747;P49747-2	P49747;P49747-2				1.89145e+06
P49788;P49788-2	P49788;P49788-2				284199
P49908	P49908				2.51668e+07
P50281	P50281				4.84657e+06
P50395;P50395-2	P50395;P50395-2				1.14658e+06
P50502	P50502;Q8NFI4				1.03908e+06
P50895	P50895				1.49138e+06
P50897	P50897;P50897-2				924126
P50993	P05023;P13637;P20648;P50993;P05023-2;P05023-3;P05023-4;P13637-2;P13637-3				1.71071e+06
P51512;P51512-2	P51512;P51512-2				1.08322e+06
P51674;P51674-2;P51674-3	P51674;P51674-2;P51674-3				1.16256e+06
P51688	P51688				471191
P51693	P51693;P51693-2				3.68606e+08
P51693-2	P51693-2				1.17325e+07
P51805	P51805				166821
P51884	P51884				2.81248e+07
P51888	P51888				1.50354e+07
P52565;P52565-2	P52565;P52565-2				252798
P52566	P52566				781810
P52758	P52758				1.59447e+06
P52797	P52797				1.06919e+06
P52799	P52799				7.52035e+06
P52803	P52803				4.3987e+06
P52848	P52848				809312
P53041	P53041				623964
P53634	P53634				5.45913e+06
P54108;P54108-2;P54108-3	P54108;P54108-2;P54108-3				2.71678e+06
P54253	P54253				5.80483e+06
P54289-2;P54289-3	P54289;P54289-2;P54289-3;P54289-4;P54289-5				2.36386e+07
P54652	P54652				408454
P54727	P54725;P54727;P54725-2;P54725-3				1.20912e+06
P54764	P54764;P54764-2				2.63548e+07
P54802	P54802				5.39434e+06
P54803	P54803;P54803-3;P54803-4;P54803-5				2.10101e+06
P55058	P55058;P55058-2;P55058-3;P55058-4				1.71303e+08
P55083;P55083-2	P55083;P55083-2				2.33294e+07
P55087;P55087-2	P55087;P55087-2				2.10552e+06
P55103	P55103				240871
P55268	P55268				4.6176e+06
P55283	P55283;P55283-2				1.00048e+07
P55285;P55285-2	P55285;P55285-2				5.63868e+06
P55286	P55286				5.53613e+06
P55287;P55287-2	P55287;P55287-2				1.74747e+07
P55289;P55289-2	P55289;P55289-2				388995
P55290;P55290-4	P55290;P55290-2;P55290-3;P55290-4;P55290-5				7.57677e+07
P55291	P55291				4.04993e+06
P55786	P55786;P55786-2				3.23252e+06
P55854;P55854-2;P61956;P61956-2;Q6EEV6	P55854;P61956;Q6EEV6;P55854-2;P61956-2				943937
P55899	P55899				204500
P55957;P55957-2	P55957;P55957-2;P55957-4				195315
P56159;P56159-2	P56159;P56159-2				2.37353e+06
P56817;P56817-2	P56817;P56817-2;P56817-3;P56817-4;P56817-5;P56817-6				1.35091e+06
P57087;P57087-2;P57087-3	P57087;P57087-2;P57087-3				3.26858e+06
P58215	P58215				387570
P58400	P58400;P58400-1				1.79286e+06
P58401	P58401				1.87563e+06
P58417	O95156;P58417				1.00292e+07
P60174;P60174-3	P60174;P60174-3;P60174-4				1.45622e+07
P60520	O95166;P60520;Q9H0R8;Q9H0R8-2				727836
P60660;P60660-2	P60660;P60660-2				250620
P60709;P63261	P60709;P63261				4.01786e+07
P60900	P60900;P60900-2				753358
P60983	O60234;P60983				2.26852e+06
P61018;P61018-2	O95716;P20336;P20337;P20338;P61006;P61018;P61026;P61106;P62820;Q15286;Q15771;Q6IQ22;Q86YS6;Q92930;Q96AX2;Q96DA2;Q96E17;Q9H0U4;Q92928;P61006-2;Q15286-2;Q86YS6-2;P61018-2;Q15771-2;Q96AX2-2;Q96AX2-3;Q96AX2-4				1.64154e+06
P61026	P51153;P59190;P61006;P61026;P62820;Q92930;Q9H0U4;Q92928;P61006-2;P62820-2;P62820-3;P59190-2				504738
P61088	P61088				1.58179e+06
P61204;P61204-2;P84077;P84085	P61204;P84077;P84085;P61204-2				203899
P61266;P61266-2	P61266;P61266-2				3.03828e+06
P61278	P61278				2.92112e+07
P61604	P61604				1.25977e+06
P61626	P61626				5.1525e+07
P61769	P61769				8.17383e+08
P61812;P61812-2	P61812;P61812-2				600200
P61916	P61916;P61916-2				1.93997e+08
P61970	P61970				5.56253e+06
P61981	P61981				1.07424e+07
P62258	P62258;P62258-2				4.53864e+06
P62328	P62328;P63313				1.43603e+07
P62736;P63267	P62736;P63267;P68032;P68133				6.5039e+06
P62760	P62760				529065
P62873;P62873-2;P62879;Q9HAV0	P62873;P62879;Q9HAV0;P62873-2;P62879-2				610926
P62937	P62937				1.06423e+07
P62942	P62942				2.5901e+06
P62993	P62993;P62993-2				1.24809e+06
P63010;P63010-2;P63010-3	P63010;P63010-2;Q10567;Q10567-3;P63010-3;Q10567-2;Q10567-4				3.0353e+06
P63104	P63104;P63104-2				1.05673e+07
P63208	P63208;P63208-2				4.00086e+06
P63241;P63241-2;Q6IS14;Q9GZV4	P63241;Q9GZV4;Q6IS14;P63241-2				95094.4
P68036	P68036;A0A1B0GUS4;P68036-2;P68036-3				1.69123e+06
P68104;Q05639;Q5VTE0	P68104;Q05639;Q5VTE0				413366
P68363;Q71U36;Q71U36-2;Q9BQE3	P0DPH7;P0DPH8;P68363;P68366;Q6PEY2;Q71U36;Q9BQE3;Q9NY65;P0DPH7-2;P68363-2;P68366-2;Q71U36-2;Q9NY65-2				287454
P68871	P02042;P68871				3.06967e+08
P69849;Q15155;Q5JPE7;Q5JPE7-2	P69849;Q15155;Q5JPE7;Q5JPE7-2;Q5JPE7-3				432353
P69891;P69892	P69891;P69892				397017
P69905	P69905				4.13787e+08
P78310;P78310-2;P78310-5;P78310-6;P78310-7	P78310;P78310-2;P78310-4;P78310-5;P78310-6;P78310-7				828575
P78324;P78324-2	P78324;Q9P1W8;Q5TFQ8;P78324-2;P78324-4;Q9P1W8-2;Q9P1W8-3;Q9P1W8-4				5.10267e+07
P78417	P78417;P78417-3				2.16688e+06
P78509	P78509;P78509-2;P78509-3				1.34869e+07
P78536;P78536-2	P78536;P78536-2				810057
P78539;P78539-2;P78539-3;P78539-5	P78539;P78539-2;P78539-3;P78539-4;P78539-5				2.01346e+06
P80108	P80108				3.32872e+06
P80188;P80188-2	P80188;P80188-2				1.06126e+06
P80303;P80303-2	P80303;P80303-2				2.89279e+06
P80723	P80723;P80723-2				6.84775e+06
P80748	P80748				2.54494e+07
P81605	P81605;P81605-2				1.58621e+07
P84157-2	P84157;P84157-2;P84157-3				754332
P98095;P98095-2	P98095;P98095-2				6.11766e+06
P98153;P98153-2;P98153-3	P98153;P98153-2;P98153-3				1.9535e+06
P98155;P98155-2	P98155;P98155-2				547781
P98160	P98160				4.41071e+07
P98164	P98164				90192.1
P98172	P98172				2.56671e+06
P98173;P98173-2;P98173-3	P98173;P98173-2;P98173-3				804330
P99999	P99999				2.76065e+06
Q00973	Q00973;Q00973-2;Q00973-3				1.6717e+06
Q01082	Q01082				357281
Q01459	Q01459				1.13626e+07
Q01469	Q01469				8.53418e+06
Q01814;Q01814-2;Q01814-3;Q01814-4;Q01814-5;Q01814-6;Q01814-7;Q01814-8	Q01814;Q01814-2;Q01814-3;Q01814-4;Q01814-5;Q01814-6;Q01814-7;Q01814-8				1.80369e+06
Q01973;Q01973-3;Q01974	Q01973;Q01974;Q01973-3				351867
Q01995	Q01995				1.04945e+07
Q02246	Q02246				3.39209e+07
Q02413	Q02413				1.53991e+06
Q02487;Q02487-2	Q02487;Q02487-2				6.18916e+06
Q02790	Q02790				181591
Q02809;Q02809-2	Q02809;Q02809-2				5.20277e+06
Q02818	Q02818				2.43426e+07
Q02952;Q02952-2;Q02952-3	Q02952;Q02952-2;Q02952-3				71629.8
Q02985;Q02985-2	Q02985;Q92496;Q02985-2;Q92496-2;Q92496-3				3.0058e+06
Q03167;Q03167-2	Q03167;Q03167-2				5.67911e+06
Q03591	Q03591				838469
Q04695	Q04695				1.50198e+06
Q04721	Q04721				2.80328e+06
Q04756	Q04756				1.54898e+06
Q04760;Q04760-2	Q04760;Q04760-2				1.70501e+06
Q04917	Q04917				725650
Q05193;Q05193-2;Q05193-3;Q05193-5;Q9UQ16;Q9UQ16-2;Q9UQ16-3;Q9UQ16-4	Q05193;Q9UQ16;Q05193-2;Q05193-3;Q05193-5;Q9UQ16-2;Q9UQ16-3;Q9UQ16-4				654273
Q05707;Q05707-2	Q05707;Q05707-2;Q05707-3				2.81471e+06
Q05996;Q05996-2	Q05996;Q05996-2				3.48218e+06
Q06033;Q06033-2	Q06033;Q06033-2				4.18547e+06
Q06418	Q06418				5.08301e+06
Q06481	Q06481;Q06481-3;Q06481-6				5.33283e+07
Q06828	Q06828				1.79639e+07
Q06830	Q06830				7.0981e+06
Q07092;Q07092-2	Q07092;Q07092-2				1.97806e+06
Q07507	Q07507				1.37898e+06
Q07699;Q07699-2	Q07699;Q07699-2				1.35286e+06
Q07954	Q07954				6.06949e+06
Q08174-2	Q08174;Q08174-2				7.24879e+06
Q08209;Q08209-2;Q08209-3	Q08209;Q08209-2;Q08209-3;Q08209-4				1.32798e+06
Q08345;Q08345-5	Q08345;Q08345-2;Q08345-4;Q08345-5;Q08345-6				6.2506e+06
Q08380	Q08380				1.13492e+08
Q08397	Q08397				1.0331e+06
Q08431;Q08431-4	Q08431;Q08431-3;Q08431-4				5.09312e+06
Q08554;Q08554-2	Q08554;Q08554-2				1.66701e+06
Q08629	Q08629				1.07988e+07
Q08ET2	O15389;Q08ET2				8.10205e+06
Q09327	Q09327				751187
Q09328	Q09328				1.33781e+06
Q09666	Q09666				493612
Q0P6D2	Q0P6D2;Q0P6D2-2				2.77292e+06
Q10469	Q10469				1.47946e+06
Q10471	Q10471				7.14344e+06
Q10472	Q10472				1.50237e+06
Q10567;Q10567-2;Q10567-3	Q10567;Q10567-3;Q10567-2				505197
Q10588	Q10588;Q10588-2				2.42853e+06
Q10589;Q10589-2	Q10589;Q10589-2				233881
Q12765;Q12765-2;Q12765-3	Q12765;Q12765-2;Q12765-3				407648
Q12794;Q12794-2;Q12794-7	Q12794;Q12794-2;Q12794-4;Q12794-7				2.87477e+06
Q12797;Q12797-10	Q12797;Q12797-10				1.65262e+06
Q12805;Q12805-2;Q12805-3;Q12805-4;Q12805-5	Q12805;Q12805-2;Q12805-3;Q12805-4;Q12805-5				1.44482e+08
Q12841;Q12841-2	Q12841;Q12841-2				1.02131e+07
Q12860	Q12860;Q12860-2				1.19139e+08
Q12866	Q12866				5.55623e+06
Q12907	Q12907				6.53664e+07
Q12913;Q12913-3	Q12913;Q12913-2;Q12913-3				2.51424e+06
Q13093	Q13093				341336
Q13201;Q13201-2	Q13201;Q13201-2				573129
Q13214;Q13214-2	Q13214;Q13214-2				3.931e+06
Q13217	Q13217				1.54179e+06
Q13228;Q13228-4	Q13228;Q13228-2;Q13228-3;Q13228-4				6.14903e+06
Q13232	Q13232				235109
Q13275-2	Q13275;Q13275-2				532910
Q13308;Q13308-2;Q13308-3;Q13308-4;Q13308-5;Q13308-6	Q13308;Q13308-2;Q13308-3;Q13308-4;Q13308-5;Q13308-6				1.11288e+06
Q13332-7	Q13332-5;Q13332-7				2.80494e+06
Q13332;Q13332-3;Q13332-4	Q13332;Q13332-2;Q13332-3;Q13332-4;Q13332-5;Q13332-6;Q13332-7				1.67519e+07
Q13404;Q13404-1;Q13404-2;Q13404-6;Q13404-7	Q13404;Q13404-1;Q13404-2;Q13404-6;Q13404-7				1.53635e+06
Q13421-2;Q13421-3;Q13421-4	Q13421;Q13421-2;Q13421-3;Q13421-4				682948
Q13433	Q13433				548913
Q13443;Q13443-2	Q13443;Q13443-2				1.02811e+06
Q13444;Q13444-10;Q13444-12;Q13444-2;Q13444-3;Q13444-4;Q13444-5;Q13444-6;Q13444-7;Q13444-8;Q13444-9	Q13444;Q13444-2;Q13444-10;Q13444-11;Q13444-12;Q13444-3;Q13444-4;Q13444-5;Q13444-6;Q13444-7;Q13444-8;Q13444-9				1.01489e+06
Q13449	Q13449				1.48365e+08
Q13501;Q13501-2	Q13501;Q13501-2				933591
Q13508;Q13508-2;Q13508-3	Q13508;Q13508-2;Q13508-3				7.36538e+06
Q13510;Q13510-2	Q13510;Q13510-2;Q13510-3				6.3207e+06
Q13519;Q13519-2	Q13519;Q13519-2				2.13306e+06
Q13554;Q13554-2;Q13554-3;Q13554-4;Q13554-5;Q13554-7;Q13554-8	Q13554;Q13554-3;Q13554-2;Q13554-4;Q13554-5;Q13554-6;Q13554-7;Q13554-8				2.57195e+06
Q13555;Q13555-10;Q13555-11;Q13555-2;Q13555-3;Q13555-4;Q13555-5;Q13555-6;Q13555-7;Q13555-8;Q13555-9	Q13555;Q13555-5;Q13555-10;Q13555-11;Q13555-2;Q13555-3;Q13555-4;Q13555-6;Q13555-7;Q13555-8;Q13555-9				1.45852e+06
Q13557;Q13557-10;Q13557-11;Q13557-12;Q13557-3;Q13557-4;Q13557-5;Q13557-6;Q13557-8;Q13557-9	Q13557;Q13557-8;Q13557-10;Q13557-11;Q13557-12;Q13557-3;Q13557-4;Q13557-5;Q13557-6;Q13557-9				2.17799e+06
Q13591	Q13591				379650
Q13634;Q13634-2	Q13634;Q13634-2				5.30592e+06
Q13641	Q13641				1.29065e+06
Q13740;Q13740-2	Q13740;Q13740-2;Q13740-3				3.16714e+07
Q13790	Q13790				1.47088e+06
Q13822-3	Q13822;Q13822-3				3.57317e+08
Q13867	Q13867				1.89033e+06
Q14019	Q14019				6.81667e+06
Q14112;Q14112-2	Q14112;Q14112-2				9.8271e+06
Q14114;Q14114-2;Q14114-3;Q14114-4	Q14114;Q14114-3;Q14114-2;Q14114-4				804149
Q14118	Q14118				9.27034e+07
Q14126	Q14126				2.14908e+06
Q14165	Q14165				3.58068e+06
Q14242;Q14242-2	Q14242;Q14242-2				3.69298e+06
Q14257;Q14257-2	Q14257;Q14257-2				1.4608e+06
Q14314	Q14314				5.28879e+06
Q14315;Q14315-2	Q14315;Q14315-2				1.52206e+06
Q14393;Q14393-1;Q14393-3	Q14393;Q14393-1;Q14393-3;Q14393-4;Q14393-5				6.33751e+06
Q14515	Q14515;Q14515-2				2.30879e+08
Q14517	Q14517;Q8TDW7;Q8TDW7-1				583777
Q14520;Q14520-2	Q14520;Q14520-2				3.85013e+06
Q14563	Q14563				829917
Q14574;Q14574-2	Q14574;Q14574-2				3.37276e+06
Q14624	Q14624				5.92081e+07
Q14696	Q14696				959339
Q14697;Q14697-2	Q14697;Q14697-2				4.35137e+06
Q14766	Q14766;Q14766-4				3.75379e+06
Q14767	Q14767				6.32475e+06
Q14847;Q14847-2	Q14847;Q14847-2;Q14847-3				228980
Q14894	Q14894				1.90496e+06
Q14956;Q14956-2	Q14956;Q14956-2				2.12159e+06
Q14982;Q14982-2;Q14982-3;Q14982-4	Q14982;Q14982-2;Q14982-3;Q14982-4				1.98246e+07
Q14C87	Q14C87;Q14C87-2				3.13423e+06
Q14CZ8	Q14CZ8				1.2124e+06
Q14DG7	Q14DG7;Q14DG7-2				2.10632e+06
Q15063;Q15063-3;Q15063-5	Q15063;Q15063-2;Q15063-3;Q15063-4;Q15063-5;Q15063-6;Q15063-7				8.78956e+06
Q15084;Q15084-2;Q15084-3;Q15084-4;Q15084-5	Q15084;Q15084-2;Q15084-3;Q15084-4;Q15084-5				1.15149e+06
Q15113	Q15113				3.90919e+07
Q15121;Q15121-2	Q15121;Q15121-2				508148
Q15165;Q15165-1;Q15165-3	Q15165;Q15165-1;Q15165-3				457615
Q15166	Q15166				2.01844e+06
Q15223;Q15223-2;Q15223-3	Q15223;Q15223-2;Q15223-3				9.39619e+06
Q15256;Q15256-5	Q15256;Q15256-5				5.17156e+06
Q15257;Q15257-2;Q15257-3	Q15257;Q15257-2;Q15257-3				650322
Q15262;Q15262-2;Q15262-3;Q15262-4	Q15262;Q15262-2;Q15262-3;Q15262-4				2.09372e+06
Q15293;Q15293-2	Q15293;Q15293-2				1.40671e+07
Q15303;Q15303-2;Q15303-3;Q15303-4	Q15303;Q15303-2;Q15303-3;Q15303-4				1.1926e+06
Q15375;Q15375-4	Q15375;Q15375-2;Q15375-4				2.03659e+06
Q15459;Q15459-2	Q15459;Q15459-2				556797
Q15465	Q15465				2.98468e+06
Q15582	Q15582				2.99636e+07
Q15768	Q15768				3.79289e+06
Q15782;Q15782-6	Q15782;Q15782-6				5.50268e+06
Q15818	Q15818				3.50373e+07
Q15819	Q15819				5.68656e+06
Q15828	Q15828				1.29435e+06
Q15846	Q15846				615463
Q15847	Q15847				1.06807e+06
Q15848	Q15848				2.43635e+06
Q15904	Q15904				1.01622e+08
Q16143	Q16143				1.62085e+06
Q16270	Q16270;Q16270-2				3.23864e+08
Q16288;Q16288-2;Q16288-3;Q16288-4;Q16288-5	Q16288;Q16288-2;Q16288-3;Q16288-4;Q16288-5				4.21769e+06
Q16363;Q16363-2	Q16363;Q16363-2				1.38825e+06
Q16394	Q16394				851334
Q16531	Q16531				1.7501e+06
Q16555;Q16555-2	Q16555;Q16555-2				584251
Q16568	Q16568				4.14759e+06
Q16581	Q16581				1.58221e+06
Q16610;Q16610-4	Q16610;Q16610-2;Q16610-3;Q16610-4				5.01387e+07
Q16620;Q16620-2;Q16620-3;Q16620-4;Q16620-5;Q16620-6	Q16620;Q16620-2;Q16620-3;Q16620-4;Q16620-5;Q16620-6				4.78857e+06
Q16623;Q16623-2;Q16623-3	Q16623;Q16623-2;Q16623-3				178698
Q16627;Q16627-2	Q16627;Q16627-2				3.04895e+06
Q16653;Q16653-10;Q16653-11;Q16653-13;Q16653-2;Q16653-3;Q16653-5;Q16653-6;Q16653-7;Q16653-8;Q16653-9	Q16653;Q16653-10;Q16653-11;Q16653-13;Q16653-2;Q16653-3;Q16653-5;Q16653-6;Q16653-7;Q16653-8;Q16653-9				1.47695e+07
Q16658	Q16658				4.41919e+06
Q16674	Q16674				5.79142e+06
Q16706	Q16706				4.07139e+06
Q16769	Q16769				2.71251e+07
Q16775;Q16775-2	Q16775;Q16775-2				969223
Q16799	Q16799;Q16799-2				592766
Q16849	Q16849;Q16849-3;Q16849-2				2.52579e+07
Q16853;Q16853-2	Q16853;Q16853-2				760179
Q16880	Q16880				6.83619e+06
Q16881;Q16881-2;Q16881-3;Q16881-4;Q16881-5;Q16881-6;Q16881-7	Q16881;Q16881-4;Q16881-5;Q16881-2;Q16881-3;Q16881-6;Q16881-7				423308
Q16891;Q16891-2;Q16891-3;Q16891-4	Q16891;Q16891-2;Q16891-3;Q16891-4				502648
Q24JP5;Q24JP5-2	Q24JP5;Q24JP5-2;Q24JP5-3				1.34805e+07
Q2TAL6	Q2TAL6				1.80488e+06
Q2TBF2;Q2TBF2-2	Q2TBF2;Q2TBF2-2				608331
Q2UY09	Q2UY09;Q2UY09-2;Q2UY09-3				1.02279e+06
Q30154	P79483;Q30154				1.70056e+06
Q495W5;Q495W5-2	Q495W5;Q495W5-2				1.7176e+06
Q496H8	Q496H8				154903
Q4G0I0	Q4G0I0				600332
Q4G0P3	Q4G0P3;Q4G0P3-10;Q4G0P3-5;Q4G0P3-6;Q4G0P3-8				1.69792e+07
Q4G148;Q4G148-2	Q4G148;Q4G148-2				217602
Q4KWH8;Q4KWH8-3;Q4KWH8-4	Q4KWH8;Q4KWH8-3;Q4KWH8-4				3.19933e+06
Q504Y0;Q504Y0-4;Q504Y0-5	Q504Y0;Q504Y0-4;Q504Y0-5				654211
Q53EL9;Q53EL9-3	Q53EL9;Q53EL9-2;Q53EL9-3				2.6567e+07
Q53RD9;Q53RD9-2;Q53RD9-3;Q53RD9-4	Q53RD9;Q53RD9-2;Q53RD9-3;Q53RD9-4				3.44255e+06
Q53RT3;Q53RT3-2	Q53RT3;Q53RT3-2				189057
Q562R1	Q562R1				2.81734e+07
Q58EX2;Q58EX2-2;Q58EX2-3;Q58EX2-4	Q58EX2;Q58EX2-2;Q58EX2-3;Q58EX2-4				433129
Q5BIV9	Q5BIV9				6.44602e+06
Q5BLP8;Q5BLP8-2;Q5BLP8-3	Q5BLP8;Q5BLP8-2;Q5BLP8-3				1.32446e+07
Q5D862	Q5D862				100995
Q5FWE3;Q5FWE3-3	Q5FWE3;Q5FWE3-3				1.71523e+07
Q5JRA6;Q5JRA6-2	Q5JRA6;Q5JRA6-2;Q5JRA6-3				2.15874e+06
Q5JTV8;Q5JTV8-3	Q5JTV8;Q5JTV8-3				170493
Q5JZY3;Q5JZY3-2;Q5JZY3-3	Q5JZY3;Q5JZY3-2;Q5JZY3-3				1.51316e+06
Q5KU26	Q5KU26				1.12585e+07
Q5R3F8	Q5R3F8				2.02776e+06
Q5SGD2;Q5SGD2-2;Q5SGD2-3	Q5SGD2;Q5SGD2-2;Q5SGD2-3				401701
Q5SZK8	Q5SZK8;Q5SZK8-2				601298
Q5T848	Q5T848				9.99353e+06
Q5VSG8	Q5VSG8				3.43529e+06
Q5VU97	Q5VU97				7.45231e+06
Q5VUB5	Q5VUB5				1.51618e+06
Q5VV43;Q5VV43-2;Q5VV43-4	Q5VV43;Q5VV43-2;Q5VV43-4				2.12995e+06
Q5VV63	Q5VV63				590876
Q5VWW1;Q5VWW1-2;Q5VWW1-3	Q5VWW1;Q5VWW1-2;Q5VWW1-3				3.13152e+06
Q641Q3	Q641Q3;Q641Q3-2				4.27759e+06
Q658N2	Q658N2				4.29394e+06
Q68BL7;Q68BL7-2;Q68BL7-3	Q68BL7;Q68BL7-2;Q68BL7-3				3.17459e+06
Q68D85	Q68D85				1.14431e+06
Q6E0U4;Q6E0U4-16;Q6E0U4-2;Q6E0U4-3;Q6E0U4-4;Q6E0U4-5;Q6E0U4-6;Q6E0U4-7	Q6E0U4;Q6E0U4-16;Q6E0U4-2;Q6E0U4-3;Q6E0U4-4;Q6E0U4-5;Q6E0U4-6;Q6E0U4-7				877721
Q6EMK4	Q6EMK4				1.08713e+07
Q6FHJ7	Q6FHJ7				3.03e+06
Q6GTX8;Q6GTX8-2;Q6GTX8-3;Q6GTX8-4;Q6ISS4;Q6ISS4-2	Q6GTX8;Q6ISS4;Q6GTX8-2;Q6GTX8-3;Q6GTX8-4;Q6ISS4-2				4.05245e+06
Q6IBS0	Q6IBS0				238925
Q6IEE7	Q6IEE7				1.50618e+06
Q6IS24	Q6IS24				1.39825e+06
Q6JBY9;Q6JBY9-2	Q6JBY9;Q6JBY9-2				377445
Q6MZW2	Q6MZW2;Q6MZW2-2;Q6MZW2-3				8.97501e+06
Q6NUJ2	Q6NUJ2				2.08103e+06
Q6NW40	Q6NW40				1.89419e+07
Q6P179;Q6P179-2;Q6P179-3;Q6P179-4	Q6P179;Q6P179-2;Q6P179-3;Q6P179-4				363920
Q6P1N9	Q6P1N9				3.31729e+06
Q6P4E1;Q6P4E1-5	Q6P4E1;Q6P4E1-2;Q6P4E1-5				1.03433e+07
Q6P9A2	Q6P9A2				2.11445e+06
Q6PCB0	Q6PCB0				674678
Q6PUV4	O14810;Q6PUV4				829937
Q6RVD6	Q6RVD6				1.1002e+06
Q6UVK1	Q6UVK1				4.89939e+06
Q6UVY6;Q6UVY6-2	Q6UVY6;Q6UVY6-2				815162
Q6UW01	Q6UW01				8.68123e+06
Q6UWH4;Q6UWH4-2	Q6UWH4;Q6UWH4-2;Q6UWH4-3				4.5113e+06
Q6UWP8	Q6UWP8;Q6UWP8-2				378926
Q6UWR7	Q6UWR7				1.41254e+06
Q6UWY5	Q6UWY5				1.40383e+06
Q6UX15;Q6UX15-2	Q6UX15;Q6UX15-2				1.87838e+06
Q6UX71	Q6UX71;Q6UX71-2				3.71054e+07
Q6UX72	Q6UX72				1.05944e+06
Q6UX73;Q6UX73-2	Q6UX73;Q6UX73-2				3.40551e+07
Q6UXB8	Q6UXB8;Q6UXB8-2				1.48464e+07
Q6UXD5-3;Q6UXD5-5	Q6UXD5;Q6UXD5-2;Q6UXD5-3;Q6UXD5-4;Q6UXD5-5;Q6UXD5-6				2.5797e+07
Q6UXF1;Q6UXF1-2	Q6UXF1;Q6UXF1-2				302047
Q6UXH9;Q6UXH9-2	Q6UXH9;Q6UXH9-2;Q6UXH9-3				1.8286e+06
Q6UXI9;Q6UXI9-3;Q6UXI9-4;Q6UXI9-5;Q6UXI9-6	Q6UXI9;Q6UXI9-2;Q6UXI9-3;Q6UXI9-4;Q6UXI9-5;Q6UXI9-6				792421
Q6UXK2	Q6UXK2				2.25385e+06
Q6UXK5	Q6UXK5				1.46017e+06
Q6UXZ4;Q6UXZ4-2	Q6UXZ4;Q6UXZ4-2				1.81375e+06
Q6UY14;Q6UY14-2;Q6UY14-3	Q6UY14;Q6UY14-3;Q6UY14-2				659076
Q6YHK3	Q6YHK3;Q6YHK3-2;Q6YHK3-4				1.56566e+07
Q6ZMI3	Q6ZMI3;Q6ZMI3-2				6.52579e+06
Q6ZMP0;Q6ZMP0-2	Q6ZMP0;Q6ZMP0-2;Q6ZMP0-3;Q6ZMP0-4				572581
Q6ZN30;Q6ZN30-2	Q6ZN30;Q6ZN30-2				2.37308e+06
Q6ZN44;Q6ZN44-2	Q6ZN44;Q6ZN44-2				118566
Q6ZRP7	Q6ZRP7				1.18008e+06
Q6ZSJ9;Q6ZSJ9-2;Q6ZSJ9-3	Q6ZSJ9;Q6ZSJ9-2;Q6ZSJ9-3				2.8637e+07
Q6ZVL6	Q6ZVL6;Q6ZVL6-2				4.60189e+06
Q71H61	Q71H61				131261
Q76KP1	Q76KP1				1.12959e+06
Q76LX8;Q76LX8-2;Q76LX8-3;Q76LX8-4	Q76LX8;Q76LX8-2;Q76LX8-3;Q76LX8-4				31735.3
Q7KYR7;Q7KYR7-1;Q7KYR7-4;Q7KYR7-6;Q8WVV5;Q8WVV5-2;Q8WVV5-3	Q7KYR7;Q8WVV5;Q7KYR7-4;Q7KYR7-1;Q7KYR7-5;Q7KYR7-6;Q8WVV5-2;Q8WVV5-3				711097
Q7L0X0	Q7L0X0				628865
Q7L266;Q7L266-2	Q7L266;Q7L266-2				196941
Q7LFX5	Q7LFX5				3.2532e+06
Q7LGC8	Q7LGC8				1.40259e+06
Q7Z304	Q7Z304				557979
Q7Z3B1	Q7Z3B1;Q7Z3B1-2				5.50223e+07
Q7Z3D4	Q7Z3D4				370065
Q7Z553;Q7Z553-3	Q7Z553;Q7Z553-2;Q7Z553-3				3.81384e+06
Q7Z5A7;Q7Z5A7-2	Q7Z5A7;Q7Z5A7-2;Q7Z5A7-3				9.89296e+06
Q7Z5L0	Q7Z5L0				1.33758e+06
Q7Z5L7;Q7Z5L7-2;Q7Z5L7-3	Q7Z5L7;Q7Z5L7-2;Q7Z5L7-3;Q7Z5L7-4				1.27284e+06
Q7Z5N4;Q7Z5N4-3	Q7Z5N4;Q7Z5N4-3				57702.6
Q7Z7G0;Q7Z7G0-2;Q7Z7G0-3;Q7Z7G0-4	Q7Z7G0;Q7Z7G0-2;Q7Z7G0-3;Q7Z7G0-4				2.82046e+06
Q7Z7H5;Q7Z7H5-3	Q7Z7H5;Q7Z7H5-2;Q7Z7H5-3				1.73362e+06
Q7Z7M0	Q7Z7M0;Q7Z7M0-2				1.96313e+07
Q7Z7M8	Q7Z7M8				116987
Q7Z7M9	Q7Z7M9				459452
Q86SF2	Q86SF2				5.76213e+06
Q86SJ2	Q86SJ2				347071
Q86SR1	Q86SR1;Q86SR1-2;Q86SR1-3				3.49401e+06
Q86TH1	Q86TH1				204098
Q86TY3;Q86TY3-2	Q86TY3;Q86TY3-2				5.1812e+06
Q86UD1	Q86UD1				5.95458e+06
Q86UE6	Q86UE6				22841.3
Q86UN2	Q86UN2				1.89351e+06
Q86UN3	Q86UN3				1.34088e+07
Q86UP0;Q86UP0-2	Q86UP0;Q86UP0-2				5.25458e+06
Q86UW8	Q86UW8				1.30604e+06
Q86UX2	Q86UX2;Q86UX2-2;Q86UX2-3				2.0465e+07
Q86V85	Q86V85				348179
Q86VB7;Q86VB7-2;Q86VB7-3;Q86VB7-4	Q86VB7;Q86VB7-2;Q86VB7-3;Q86VB7-4				5.28025e+06
Q86VV8;Q86VV8-3	Q86VV8;Q86VV8-3				828553
Q86VZ4	Q86VZ4				4.27571e+06
Q86X29;Q86X29-4;Q86X29-5;Q86X29-6	Q86X29;Q86X29-2;Q86X29-3;Q86X29-4;Q86X29-5;Q86X29-6				3.57503e+06
Q86XR7-2;Q9Y3B3;Q9Y3B3-2	Q9Y3B3;Q86XR7-2;Q9Y3B3-2				791794
Q86Y38	Q86Y38				2.13972e+06
Q86Y82	Q86Y82				1.31336e+06
Q86YD3;Q86YD3-2;Q86YD3-4;Q86YD3-5	Q86YD3;Q86YD3-2;Q86YD3-3;Q86YD3-4;Q86YD3-5				6.2764e+06
Q86YT9;Q86YT9-2;Q86YT9-3;Q86YT9-4	Q86YT9;Q86YT9-2;Q86YT9-3;Q86YT9-4				453178
Q86YZ3	Q86YZ3				1.1129e+06
Q8IUC8	Q8IUC8;Q8IUC8-3;Q8IUC8-2				4.11298e+06
Q8IUK5;Q8IUK5-2;Q8IUK5-3	Q8IUK5;Q8IUK5-2;Q8IUK5-3;Q8IUK5-4				3.96492e+06
Q8IUK8	Q8IUK8				9.86195e+06
Q8IUX7	Q8IUX7;Q8IUX7-2				1.21153e+07
Q8IV08	Q8IV08				1.40026e+07
Q8IW52	Q8IW52				6.83289e+06
Q8IWT1	Q8IWT1;Q8IWT1-2				1.68128e+06
Q8IWU5;Q8IWU5-2	Q8IWU5;Q8IWU5-2				1.74215e+07
Q8IWU6	Q8IWU6				168509
Q8IWV2	Q8IWV2				4.46235e+06
Q8IWY4	Q8IWY4				1.19891e+06
Q8IWZ6;Q8IWZ6-2	Q8IWZ6;Q8IWZ6-2				1.03094e+06
Q8IXL6	Q8IXL6;Q8IXL6-2				3.43071e+06
Q8IYJ0;Q8IYJ0-2	Q8IYJ0;Q8IYJ0-2				3.22063e+07
Q8IYS5-2;Q8IYS5-3;Q8IYS5-6	Q8IYS5;Q8IYS5-2;Q8IYS5-3;Q8IYS5-4;Q8IYS5-5;Q8IYS5-6;Q8IYS5-7				1.20581e+07
Q8IZA0;Q8IZA0-2	Q8IZA0;Q8IZA0-2				5.89529e+06
Q8IZJ1;Q8IZJ1-2	Q8IZJ1;Q8IZJ1-2				1.19394e+06
Q8IZJ3;Q8IZJ3-2	Q8IZJ3;Q8IZJ3-2				782179
Q8IZP7	Q8IZP7				4.03983e+06
Q8IZS8	Q8IZS8;Q8IZS8-2;Q8IZS8-3				3.20076e+06
Q8IZU9;Q8IZU9-2	Q8IZU9;Q8IZU9-2				106291
Q8N111	Q8N111				1.03274e+06
Q8N114;Q8N114-2	Q8N114;Q8N114-2				3.01284e+07
Q8N126;Q8N126-2	Q8N126;Q8N126-2				4.76633e+07
Q8N128;Q8N128-2	Q8N128;Q8N128-2				201661
Q8N149;Q8N149-2;Q8N149-3;Q8N149-4	Q8N149;Q8N149-2;Q8N149-3;Q8N149-4				1.46316e+06
Q8N2Q7;Q8N2Q7-2	Q8N2Q7;Q8N2Q7-2				1.07797e+06
Q8N2S1;Q8N2S1-2;Q8N2S1-3	Q8N2S1;Q8N2S1-2;Q8N2S1-3				8.70925e+06
Q8N3G9;Q8N3G9-2;Q8N3G9-3	Q8N3G9;Q8N3G9-2;Q8N3G9-3				464667
Q8N3J2	Q8N3J2				6.823e+06
Q8N3J6;Q8N3J6-2;Q8N3J6-3;Q8N3J6-4;Q8N3J6-5	Q8N3J6;Q8N3J6-2;Q8N3J6-3;Q8N3J6-4;Q8N3J6-5				1.13282e+07
Q8N3T1	Q8N3T1				528028
Q8N3T6	Q8N3T6				3.39512e+06
Q8N428	Q8N428;Q8N428-2				2.53839e+06
Q8N436	Q8N436				4.02346e+06
Q8N474	Q8N474				885426
Q8N475;Q8N475-2	Q8N475;Q8N475-2;Q8N475-3				2.11592e+06
Q8N608;Q8N608-2;Q8N608-3;Q8N608-4	Q8N608;Q8N608-2;Q8N608-3;Q8N608-4				1.35414e+06
Q8N6C5;Q8N6C5-2;Q8N6C5-4	Q8N6C5;Q8N6C5-2;Q8N6C5-4				1.54835e+06
Q8N8Z6;Q8N8Z6-2	Q8N8Z6;Q8N8Z6-2				304611
Q8N967	Q8N967				1.74948e+06
Q8N9I0	Q8N9I0				899218
Q8NBI6	Q8NBI6				2.53505e+06
Q8NBJ4;Q8NBJ4-2	Q8NBJ4;Q8NBJ4-2				1.15409e+07
Q8NBJ7;Q8NBJ7-2	Q8NBJ7;Q8NBJ7-2;Q8NBJ7-3				711488
Q8NBL3;Q8NBL3-2	Q8NBL3;Q8NBL3-2				213158
Q8NBP7	Q8NBP7				1.40495e+06
Q8NBS9;Q8NBS9-2	Q8NBS9;Q8NBS9-2				648051
Q8NC42	Q8NC42				359170
Q8NCC3	Q8NCC3;Q8NCC3-2				1.88649e+06
Q8NCH0	Q8NCH0				1.8398e+06
Q8NCL4	Q8NCL4				3.15278e+06
Q8NCW5;Q8NCW5-2	Q8NCW5;Q8NCW5-2				3.57974e+06
Q8NCW6	Q8NCW6				417041
Q8NEP3;Q8NEP3-2;Q8NEP3-3	Q8NEP3;Q8NEP3-2;Q8NEP3-3				3.75541e+08
Q8NES3;Q8NES3-3	Q8NES3;Q8NES3-3				4.87286e+06
Q8NFL0	Q8NFL0				234246
Q8NFP4;Q8NFP4-2	Q8NFP4;Q8NFP4-2				1.11553e+06
Q8NFT8	Q8NFT8				549267
Q8NFY4;Q8NFY4-6	Q8NFY4;Q8NFY4-2;Q8NFY4-3;Q8NFY4-4;Q8NFY4-5;Q8NFY4-6;Q8NFY4-8				3.26638e+06
Q8NFZ4	Q8NFZ4				4.7271e+06
Q8NFZ8	Q8NFZ8				4.42128e+07
Q8NHG7	Q8NHG7				1.18939e+06
Q8NHJ6;Q8NHJ6-2;Q8NHJ6-3	Q8NHJ6;Q8NHJ6-2;Q8NHJ6-3				1.70788e+06
Q8NHL6;Q8NHL6-2;Q8NHL6-3;Q8NHL6-4;Q8NHL6-5	Q8NHL6;Q8NHL6-5;Q8NHL6-2;Q8NHL6-3;Q8NHL6-4				397362
Q8NHP8	Q8NHP8;Q8NHP8-2				3.55224e+06
Q8NHQ9	Q8NHQ9				1.45551e+08
Q8TAB3;Q8TAB3-2;Q8TAB3-3	Q8TAB3;Q8TAB3-2;Q8TAB3-3				1.1833e+06
Q8TAG5;Q8TAG5-2	Q8TAG5;Q8TAG5-2				2.99257e+07
Q8TBP5	Q8TBP5				8.15983e+06
Q8TCZ2	Q8TCZ2;Q8TCZ2-2;Q8TCZ2-3;Q8TCZ2-5;Q8TCZ2-6				3.27563e+07
Q8TDF5;Q8TDF5-1;Q8TDF5-2	Q8TDF5;Q8TDF5-1;Q8TDF5-2				420443
Q8TDQ0;Q8TDQ0-2	Q8TDQ0;Q8TDQ0-2				3.58131e+06
Q8TEA8	Q8TEA8				2.169e+06
Q8TER0;Q8TER0-5	Q8TER0;Q8TER0-3;Q8TER0-4;Q8TER0-5				4.27674e+06
Q8TEU8	Q8TEU8				1.41408e+07
Q8WUA8	Q8WUA8				227861
Q8WUJ3	Q8WUJ3				3.46972e+06
Q8WVN6	Q8WVN6				3.57217e+06
Q8WVQ1;Q8WVQ1-3	Q8WVQ1;Q8WVQ1-2;Q8WVQ1-3				9.23981e+06
Q8WWX9	Q8WWX9				3.05692e+06
Q8WX77	Q8WX77				1.29738e+06
Q8WXD2	Q8WXD2;Q8WXD2-2				9.30914e+07
Q8WXD2-2	Q8WXD2-2				4.67951e+06
Q8WXS5	Q8WXS5				87454.2
Q8WY21;Q8WY21-2;Q8WY21-3;Q8WY21-4	Q8WY21;Q8WY21-2;Q8WY21-3;Q8WY21-4				4.07427e+06
Q8WYK1	Q8WYK1				1.24925e+06
Q8WZ75;Q8WZ75-2;Q8WZ75-3	Q8WZ75;Q8WZ75-2;Q8WZ75-3				2.18243e+06
Q8WZA1	Q8WZA1;Q8WZA1-2				1.82562e+07
Q92484;Q92484-2	Q92484;Q92484-2				3.86177e+06
Q92485	Q92485				2.75543e+06
Q92520	Q92520				1.51382e+08
Q92542;Q92542-2	Q92542;Q92542-2				1.39101e+06
Q92563	Q92563				1.83386e+07
Q92597;Q92597-2;Q92597-3	Q92597;Q92597-2;Q92597-3				567627
Q92626	Q92626;Q92626-2				645323
Q92673	Q92673				3.75565e+06
Q92692;Q92692-2	Q92692;Q92692-2				2.2626e+06
Q92729;Q92729-2;Q92729-3;Q92729-4	Q92729;Q92729-2;Q92729-3;Q92729-4				588930
Q92743	Q92743				3.24728e+06
Q92752	Q92752;Q92752-2				4.01092e+06
Q92765	Q92765				1.19838e+07
Q92820	Q92820				9.58987e+06
Q92823;Q92823-2;Q92823-5	Q92823;Q92823-2;Q92823-3;Q92823-4;Q92823-5;Q92823-6				1.02181e+08
Q92832;Q92832-2	Q92832;Q92832-2				1.39872e+06
Q92854	Q92854;Q92854-2				1.48047e+06
Q92859;Q92859-2;Q92859-3	Q92859;Q92859-2;Q92859-3;Q92859-4				1.67685e+07
Q92876	Q92876;Q92876-2				2.00573e+08
Q92896;Q92896-2;Q92896-3	Q92896;Q92896-2;Q92896-3				1.0203e+06
Q92911	Q92911				1.50735e+06
Q92932-2	Q92932;Q92932-2;Q92932-3;Q92932-4				1.27978e+07
Q92935	Q92935				86211.6
Q92945;Q96AE4;Q96AE4-2	Q92945;Q96AE4;Q96AE4-2				4.1421e+06
Q92954;Q92954-2;Q92954-3;Q92954-4;Q92954-5;Q92954-6	Q92954;Q92954-2;Q92954-3;Q92954-4;Q92954-5;Q92954-6				2.87203e+06
Q93063;Q93063-2;Q93063-3	Q93063;Q93063-2;Q93063-3				1.24565e+06
Q93091	Q93091				2.84303e+06
Q969H8	Q969H8				2.51611e+06
Q969P0;Q969P0-3	Q969P0;Q969P0-3				6.08603e+07
Q969T9	Q969T9;Q969T9-2				6.47916e+06
Q969Z4	Q969Z4				1.30749e+06
Q96AP7	Q96AP7				4.8388e+06
Q96AQ1;Q96AQ1-2;Q96LY2;Q96LY2-2	Q96LY2;Q96LY2-2;Q96AQ1;Q96AQ1-2				1.83655e+06
Q96AQ6;Q96AQ6-2	Q96AQ6;Q96AQ6-2;Q96AQ6-3				1.28624e+06
Q96B86;Q96B86-3;Q96B86-4	Q96B86;Q96B86-3;Q96B86-4				1.29637e+07
Q96BZ4	Q96BZ4				8.04025e+06
Q96CG8;Q96CG8-2;Q96CG8-3	Q96CG8;Q96CG8-2;Q96CG8-3				893636
Q96CW9;Q96CW9-2	Q96CW9;Q96CW9-2				246596
Q96CX2	Q96CX2;Q68DU8				585442
Q96DD7	Q96DD7				129110
Q96EG1	Q96EG1				1.39281e+06
Q96EU7	Q96EU7				278741
Q96FE5;Q96FE5-2	Q96FE5;Q7L985;Q96FE5-2				8.12544e+06
Q96FE7-4	Q96FE7;Q96FE7-2;Q96FE7-4;Q96FE7-5				2.11377e+07
Q96FJ2	P63167;Q96FJ2				3.12356e+06
Q96GD0	Q96GD0				483729
Q96GW7	Q96GW7;Q96GW7-2				1.19091e+08
Q96HD1;Q96HD1-2	Q96HD1;Q96HD1-2				2.0783e+06
Q96HF1	Q96HF1				392776
Q96HU1;Q96HU1-2	Q96HU1;Q96HU1-2				1.29199e+06
Q96ID5	Q96ID5				4.52133e+06
Q96IU4	Q96IU4;Q96IU4-2				4.81713e+06
Q96IY4	Q96IY4;Q96IY4-2				1.27198e+07
Q96J42;Q96J42-2	Q96J42;Q96J42-2				183387
Q96JF0	Q96JF0;Q96JF0-2				1.18098e+07
Q96JP9	Q96JP9				375474
Q96JQ0	Q96JQ0				7.40345e+06
Q96KN2	Q96KN2				4.0622e+08
Q96KR4;Q96KR4-3	Q96KR4;Q96KR4-3				894696
Q96MK3	Q96MK3				170682
Q96MU8;Q96MU8-2;Q96MU8-3	Q96MU8;Q96MU8-2;Q96MU8-3				198162
Q96NU0;Q96NU0-2;Q9BZ76;Q9BZ76-2	Q96NU0;Q9BZ76;Q9BZ76-2;Q96NU0-2				403010
Q96NZ9	Q96NZ9;Q96NZ9-2;Q96NZ9-4				5.05678e+06
Q96P44;Q96P44-3	Q96P44;Q96P44-3				1.03503e+06
Q96PD2;Q96PD2-2	Q96PD2;Q96PD2-2				1.06401e+06
Q96PD5	Q96PD5;Q96PD5-2				1.33144e+07
Q96PQ0	Q96PQ0				7.07909e+06
Q96PX8	Q96PX8				5.76704e+06
Q96RW7;Q96RW7-2	Q96RW7;Q96RW7-2				227626
Q96S96	Q96S96				5.64345e+07
Q96SM3	Q96SM3				963394
Q96TC7;Q96TC7-2	Q96TC7;Q96TC7-2				412235
Q99435;Q99435-2;Q99435-3;Q99435-4	Q99435;Q99435-2;Q99435-3;Q99435-4				2.0064e+08
Q99497	Q99497				1.84596e+07
Q99519	Q99519				1.91587e+06
Q99523	Q99523;Q99523-2				6.17983e+06
Q99538	Q99538;Q99538-2;Q99538-3				1.41466e+06
Q99574	Q99574				2.2859e+07
Q99584	Q99584				145661
Q99590;Q99590-2	Q99590;Q99590-2				2.38931e+06
Q99650;Q99650-2	Q99650;Q99650-2				466128
Q99674	Q99674;Q99674-2				1.79111e+07
Q99715;Q99715-4	Q99715;Q99715-2;Q99715-4				2.36968e+06
Q99784	Q99784;Q99784-3;Q99784-5				3.99705e+06
Q99941;Q99941-2	Q99941;Q99941-2				566070
Q99946	Q99946				2.54982e+06
Q99969	Q99969				1.44235e+07
Q99972	Q99972				919257
Q99983	Q99983				1.89762e+07
Q99985	Q99985				1.28054e+06
Q9BQ16	Q9BQ16;Q9BQ16-1;Q9BQ16-4;Q9BQ16-5;Q9BQ16-6;Q9BQ16-7;Q9BQ16-8				1.43477e+07
Q9BQS7;Q9BQS7-2;Q9BQS7-3	Q9BQS7;Q9BQS7-2;Q9BQS7-3;Q9BQS7-4				127237
Q9BQT9;Q9BQT9-2	Q9BQT9;Q9BQT9-2				3.87076e+07
Q9BRA2	Q9BRA2				2.08416e+06
Q9BRF8;Q9BRF8-2;Q9BRF8-3	Q9BRF8;Q9BRF8-2;Q9BRF8-3				625731
Q9BRK3;Q9BRK3-2;Q9BRK3-3	Q9BRK3;Q9BRK3-2;Q9BRK3-3				2.13472e+06
Q9BRK5	Q9BRK5;Q9BRK5-2;Q9BRK5-5				5.71217e+06
Q9BS26	Q9BS26				1.01885e+06
Q9BSG5;Q9BSG5-2;Q9BSG5-3	Q9BSG5;Q9BSG5-2;Q9BSG5-3				930247
Q9BTY2	Q9BTY2				8.15464e+06
Q9BU40-4;Q9BU40-5	Q9BU40;Q9BU40-3;Q9BU40-4;Q9BU40-5				5.78169e+07
Q9BUD6	Q9BUD6				3.13654e+06
Q9BUJ0	Q9BUJ0				3.8657e+06
Q9BUN1	Q9BUN1				2.99486e+06
Q9BV94;Q9BV94-2	Q9BV94;Q9BV94-2				711451
Q9BVH7	Q9BVH7				340891
Q9BWP8;Q9BWP8-10;Q9BWP8-2;Q9BWP8-3;Q9BWP8-4;Q9BWP8-5;Q9BWP8-6;Q9BWP8-7;Q9BWP8-8;Q9BWP8-9	Q9BWP8;Q9BWP8-10;Q9BWP8-2;Q9BWP8-3;Q9BWP8-4;Q9BWP8-5;Q9BWP8-6;Q9BWP8-7;Q9BWP8-8;Q9BWP8-9				660097
Q9BWQ8	Q9BWQ8				4.37053e+06
Q9BWS9;Q9BWS9-2;Q9BWS9-3	Q9BWS9;Q9BWS9-2;Q9BWS9-3				632315
Q9BWV1;Q9BWV1-3	Q9BWV1;Q9BWV1-3				259690
Q9BX67;Q9BX67-2	Q9BX67;Q9BX67-2				4.99998e+06
Q9BXJ0	Q9BXJ0				5.8429e+06
Q9BXJ1;Q9BXJ1-2	Q9BXJ1;Q9BXJ1-2				4.89125e+06
Q9BXJ3	Q9BXJ3				3.45414e+06
Q9BXJ4;Q9BXJ4-2;Q9BXJ4-3	Q9BXJ4;Q9BXJ4-2;Q9BXJ4-3				2.759e+06
Q9BXP8	Q9BXP8				530290
Q9BXX0	Q9BXX0				982584
Q9BY67-5	Q9BY67;Q9BY67-2;Q9BY67-3;Q9BY67-4;Q9BY67-5				4.18649e+07
Q9BY76;Q9BY76-2	Q9BY76;Q9BY76-2;Q9BY76-3				379503
Q9BYH1;Q9BYH1-5;Q9BYH1-6;Q9BYH1-7	Q9BYH1;Q9BYH1-2;Q9BYH1-3;Q9BYH1-4;Q9BYH1-5;Q9BYH1-6;Q9BYH1-7				3.0711e+07
Q9BYJ0	Q9BYJ0				724279
Q9BZC7;Q9BZC7-2;Q9BZC7-3;Q9BZC7-4	Q9BZC7;Q9BZC7-2;Q9BZC7-3;Q9BZC7-4				1.00688e+07
Q9BZM5	Q5VY80;Q6H3X3;Q9BZM5;Q6H3X3-2				789681
Q9BZR6	Q9BZR6				1.23376e+07
Q9C0A0	Q9C0A0;Q96NU0;Q9BZ76;Q9BZ76-2;Q96NU0-2;Q9C0A0-2				1.50274e+07
Q9GZM5	Q9GZM5				2.10803e+07
Q9GZP0;Q9GZP0-2	Q9GZP0;Q9GZP0-2				2.09216e+06
Q9GZP4;Q9GZP4-2	Q9GZP4;Q9GZP4-2				2.79367e+06
Q9GZT8;Q9GZT8-2	Q9GZT8;Q9GZT8-2;Q9GZT8-3				874847
Q9GZV7	Q9GZV7				2.05363e+06
Q9GZX3	Q9GZX3				782403
Q9GZX9	Q9GZX9				6.60467e+06
Q9H008	Q9H008;Q9H008-2				457150
Q9H019;Q9H019-2;Q9H019-3	Q9H019;Q9H019-2;Q9H019-3				4.21107e+06
Q9H0Q3;Q9H0Q3-2	Q9H0Q3;Q9H0Q3-2				3.03617e+06
Q9H0R4;Q9H0R4-2	Q9H0R4;Q9H0R4-2				360277
Q9H0X4	Q9H0X4				497656
Q9H156;Q9H156-2	Q9H156;Q9H156-2				1.24027e+06
Q9H173	Q9H173				4.50348e+06
Q9H1U4	Q9H1U4				1.19001e+06
Q9H1Z8	Q9H1Z8				6.91338e+07
Q9H251;Q9H251-2;Q9H251-3;Q9H251-4;Q9H251-8	Q9H251;Q9H251-2;Q9H251-3;Q9H251-4;Q9H251-8				216840
Q9H257;Q9H257-2;Q9H257-3	Q9H257;Q9H257-2;Q9H257-3				731816
Q9H299	Q9H299				4.18958e+06
Q9H2A7	Q9H2A7				9.7293e+06
Q9H2B2;Q9H2B2-2	Q9H2B2;Q9H2B2-2				7.44246e+06
Q9H2E6;Q9H2E6-2	Q9H2E6;Q9H2E6-2				5.13724e+06
Q9H2X0;Q9H2X0-5	Q9H2X0;Q9H2X0-5				1.68165e+06
Q9H3G5	Q9H3G5				9.98532e+06
Q9H3S3	Q9H3S3				521071
Q9H3T2;Q9H3T2-2;Q9H3T2-3	Q9H3T2;Q9H3T2-2;Q9H3T2-3				664521
Q9H3T3;Q9H3T3-3	Q9H3T3;Q9H3T3-3				1.15093e+06
Q9H3U7;Q9H3U7-2	Q9H3U7;Q9H3U7-2				101300
Q9H492;Q9H492-2	Q9GZQ8;Q9H492;A6NCE7;Q9H492-2				1.05844e+06
Q9H4D0	Q9H4D0				4.17975e+06
Q9H4F8;Q9H4F8-2	Q9H4F8;Q9H4F8-2				3.50452e+06
Q9H6B4	Q9H6B4				1.02595e+06
Q9H6X2;Q9H6X2-2;Q9H6X2-3;Q9H6X2-4;Q9H6X2-5;Q9H6X2-6	Q9H6X2;Q9H6X2-2;Q9H6X2-3;Q9H6X2-4;Q9H6X2-5;Q9H6X2-6				2.31144e+06
Q9H741	Q9H741				1.33224e+06
Q9H7Y0	Q9H7Y0;Q9H7Y0-2				1.47311e+06
Q9H8J5	Q9H8J5				5.6052e+06
Q9H8L6	Q9H8L6				1.04117e+07
Q9H9S5	Q9H9S5				7.83099e+06
Q9HAR2;Q9HAR2-2;Q9HAR2-3;Q9HAR2-4	Q9HAR2;Q9HAR2-2;Q9HAR2-3;Q9HAR2-4				3.57192e+06
Q9HAT2	Q9HAT2;Q9HAT2-2				8.38904e+06
Q9HB40	Q9HB40;Q9HB40-2				502590
Q9HBR0	Q9HBR0				1.96542e+06
Q9HBT6	Q9HBT6				1.29068e+06
Q9HBW1	Q9HBW1				1.09102e+06
Q9HC38-2	Q9HC38;Q9HC38-2;Q9HC38-3				6.44746e+06
Q9HC56;Q9HC56-2	Q9HC56;Q9HC56-2				4.23244e+06
Q9HC57	Q9HC57				4.53721e+06
Q9HCB6	Q9HCB6				5.31813e+06
Q9HCK4;Q9HCK4-2;Q9HCK4-3	Q9HCK4;Q9HCK4-2;Q9HCK4-3				1.74898e+06
Q9HCU0	Q9HCU0				4.24813e+06
Q9HCU4	Q9HCU4				1.01561e+07
Q9HDB5;Q9HDB5-2;Q9HDB5-4	Q9HDB5;Q9Y4C0;Q9HDB5-2;Q9HDB5-4;Q9Y4C0-3				6.27652e+06
Q9HDC9;Q9HDC9-2	Q9HDC9;Q9HDC9-2				169974
Q9NP80;Q9NP80-2;Q9NP80-3	Q9NP80;Q9NP80-2;Q9NP80-3				3.66493e+06
Q9NP84	Q9NP84				2.65112e+06
Q9NPC4	Q9NPC4				634042
Q9NPD7	Q9NPD7				7.75904e+06
Q9NPG4	Q9NPG4				1.44399e+06
Q9NPH3;Q9NPH3-2;Q9NPH3-5	Q9NPH3;Q9NPH3-2;Q9NPH3-3;Q9NPH3-5				1.66544e+06
Q9NPR2;Q9NPR2-2	Q9NPR2;Q9NPR2-2				8.91725e+06
Q9NQ36;Q9NQ36-2;Q9NQ36-3	Q9NQ36;Q9NQ36-2;Q9NQ36-3				1.00218e+06
Q9NQ79;Q9NQ79-2;Q9NQ79-3	Q9NQ79;Q9NQ79-2;Q9NQ79-3				8.13646e+07
Q9NQS3;Q9NQS3-2;Q9NQS3-3	Q9NQS3;Q9NQS3-2;Q9NQS3-3				1.30113e+06
Q9NQX5	Q9NQX5				1.19647e+06
Q9NQX7	Q9NQX7;Q9NQX7-2;Q9NQX7-3				2.21181e+06
Q9NR34	Q9NR34				4.24379e+06
Q9NRB3	Q9NRB3				273885
Q9NRN5	Q9NRN5;Q9NRN5-2				1.19232e+07
Q9NRR1	Q9NRR1				9.44184e+06
Q9NRV9	Q9NRV9				251438
Q9NS00;Q9NS00-2	Q9NS00;Q9NS00-2				396422
Q9NS84	Q9NS84				108576
Q9NS85	Q9NS85;Q9NS85-2				2.38492e+06
Q9NS98	Q9NS98				8.62648e+06
Q9NSC7	Q9NSC7				537900
Q9NT22;Q9NT22-2	Q9NT22;Q9NT22-2				1.04607e+06
Q9NT99	Q9NT99				1.4113e+07
Q9NTU7	Q9NTU7				9.40905e+06
Q9NUQ9	Q9NUQ9				1.19623e+06
Q9NX62	Q9NX62				1.50259e+07
Q9NY15	Q9NY15				381706
Q9NY33;Q9NY33-4	Q9NY33;Q9NY33-4				709109
Q9NY47;Q9NY47-2;Q9NY47-3;Q9NY47-4;Q9NY47-5	Q9NY47;Q9NY47-2;Q9NY47-3;Q9NY47-4;Q9NY47-5				2.34281e+06
Q9NY72	Q9NY72				2.13969e+06
Q9NY97;Q9NY97-2	Q9NY97;Q9NY97-2				6.54068e+06
Q9NYQ7;Q9NYQ7-2	Q9NYQ7;Q9NYQ7-2				443792
Q9NYQ8	Q9NYQ8				5.68648e+06
Q9NYX4	Q9NYX4				1.60359e+07
Q9NZ08;Q9NZ08-2	Q9NZ08;Q9NZ08-2				3.72829e+06
Q9NZ53	Q9NZ53				7.48633e+06
Q9NZ72;Q9NZ72-2	Q9NZ72;Q9NZ72-2				1.02626e+06
Q9NZ94;Q9NZ94-2;Q9NZ94-3	Q9NZ94;Q9NZ94-2;Q9NZ94-3				253267
Q9NZC2;Q9NZC2-2;Q9NZC2-3	Q9NZC2;Q9NZC2-2;Q9NZC2-3				2.73893e+06
Q9NZD2	Q9NZD2				149974
Q9NZK5	Q9NZK5				2.9711e+06
Q9NZP8	Q9NZP8				7.04633e+06
Q9NZR2	Q9NZR2				1.62057e+06
Q9NZU1	Q9NZU1				1.41768e+06
Q9P0K1;Q9P0K1-2;Q9P0K1-3;Q9P0K1-4;Q9P0K1-5	Q9P0K1;Q9P0K1-2;Q9P0K1-3;Q9P0K1-4;Q9P0K1-5				2.31978e+07
Q9P0K9	Q9P0K9				5.09053e+06
Q9P0L0;Q9P0L0-2	Q9P0L0;Q9P0L0-2				2.62864e+06
Q9P0S2	Q9P0S2				731529
Q9P121-4	Q9P121;Q9P121-3;Q9P121-2;Q9P121-4				4.4055e+07
Q9P232	Q9P232				3.13062e+06
Q9P2E7;Q9P2E7-2	Q9P2E7;Q9P2E7-2				2.33891e+06
Q9P2S2	P58401;Q9P2S2				1.8261e+07
Q9UBG0	Q9UBG0				2.40588e+06
Q9UBP4	Q9UBP4				3.26055e+08
Q9UBQ6	Q9UBQ6				9.19444e+06
Q9UBR2	Q9UBR2				1.60145e+07
Q9UBV2;Q9UBV2-2	Q9UBV2;Q9UBV2-2				786060
Q9UBX1	Q9UBX1				7.04988e+06
Q9UBX5	Q9UBX5				1.83296e+07
Q9UBX7;Q9UBX7-1;Q9UBX7-3;Q9UBX7-4	Q9UBX7;Q9UBX7-1;Q9UBX7-3;Q9UBX7-4				2.47287e+06
Q9UD71;Q9UD71-2	Q9UD71;Q9UD71-2				94218.2
Q9UEW3;Q9UEW3-2	Q9UEW3;Q9UEW3-2				3.6744e+06
Q9UF11;Q9UF11-2;Q9UF11-3;Q9UF11-4	Q9UF11;Q9UF11-2;Q9UF11-3;Q9UF11-4				2.70886e+06
Q9UFP1	Q9UFP1				8.56352e+06
Q9UGM5;Q9UGM5-2	Q9UGM5;Q9UGM5-2				4.36402e+06
Q9UHC6	Q9UHC6				1.17773e+07
Q9UHD9	Q9UHD9				666148
Q9UHF0;Q9UHF0-2;Q9UHF0-3	Q9UHF0;Q9UHF0-2;Q9UHF0-3				4.27542e+06
Q9UHG2	Q9NPY3;Q9UHG2				1.54707e+08
Q9UHG3;Q9UHG3-2	Q9UHG3;Q9UHG3-2				1.89056e+06
Q9UHI8	Q9UHI8				5.45742e+06
Q9UHL4	Q9UHL4				1.31459e+07
Q9UHY7	Q9UHY7				508899
Q9UI15	Q9UI15				2.88608e+06
Q9UI40;Q9UI40-2	Q9UI40;Q9UI40-2				4.24038e+06
Q9UI42;Q9UI42-2	Q9UI42;Q9UI42-2				373761
Q9UIB8;Q9UIB8-2;Q9UIB8-3;Q9UIB8-4;Q9UIB8-5;Q9UIB8-6	Q9UIB8;Q9UIB8-2;Q9UIB8-3;Q9UIB8-4;Q9UIB8-5;Q9UIB8-6				1.26528e+06
Q9UIQ6;Q9UIQ6-2;Q9UIQ6-3	Q9UIQ6;Q9UIQ6-2;Q9UIQ6-3				458720
Q9UIW2	P51805;Q9UIW2				1.09852e+06
Q9UJ14	Q9UJ14				1.35638e+06
Q9UJ90	Q9UJ90				896028
Q9UJ99	Q9UJ99				4.80082e+06
Q9UJA9	Q9UJA9				1.99553e+06
Q9UJH8	Q9UJH8				2.10331e+06
Q9UJJ9	Q9UJJ9				1.37832e+07
Q9UJQ1;Q9UJQ1-2	Q9UJQ1;Q9UJQ1-2				1.34891e+06
Q9UK28	Q9UK28				540020
Q9UK55	Q9UK55				777605
Q9UKB5	Q9UKB5				893861
Q9UKJ1-3	Q9UKJ1;Q9UKJ1-2;Q9UKJ1-3;Q9UKJ1-4				2.34412e+06
Q9UKM7	Q9UKM7				1.27593e+06
Q9UKQ2;Q9UKQ2-2	Q9UKQ2;Q9UKQ2-2				1.49242e+06
Q9UKU6	Q9UKU6				4.54842e+06
Q9UKU9	Q9UKU9;Q9UKU9-2				2.53658e+06
Q9UKZ4;Q9UKZ4-2	Q9UKZ4;Q9UKZ4-2				241628
Q9ULB1-2;Q9ULB1-3	P58400;Q9ULB1-2;Q9ULB1-3				1.67929e+07
Q9ULB4	Q9ULB4				578496
Q9ULB5	Q9ULB5				1.37744e+06
Q9ULF5	Q9ULF5				8.12005e+06
Q9ULH4	Q9ULH4				1.30778e+06
Q9ULI3;Q9ULI3-2	Q9ULI3;Q9ULI3-2				5.70936e+06
Q9ULI4	Q9ULI4				827172
Q9ULL4;Q9ULL4-2	Q9ULL4;Q9ULL4-2				3.08209e+06
Q9ULP0-3;Q9ULP0-6	Q9ULP0;Q9ULP0-2;Q9ULP0-3;Q9ULP0-4;Q9ULP0-5;Q9ULP0-6;Q9ULP0-7;Q9ULP0-8				1.31945e+06
Q9ULX7	Q9ULX7				940741
Q9ULZ9;Q9ULZ9-2	Q9ULZ9;Q9ULZ9-2				1.17952e+06
Q9UM21;Q9UM21-2	Q9UM21;Q9UM21-2				266590
Q9UM22	Q9UM22;Q9UM22-3				6.40913e+06
Q9UM47	Q9UM47				708740
Q9UMF0	Q9UMF0				9.23357e+06
Q9UMX0;Q9UMX0-2;Q9UMX0-4	Q9UMX0;Q9UMX0-2;Q9UMX0-4				70210.9
Q9UMX5	Q9UMX5				5.60805e+06
Q9UN36-2;Q9UN36-6	Q9UN36;Q9UN36-2;Q9UN36-3;Q9UN36-5;Q9UN36-6				6.38545e+06
Q9UN70;Q9UN70-2	Q9UN70;Q9UN70-2				5.01596e+06
Q9UNN8	Q9UNN8				1.76472e+06
Q9UNW1	Q9UNW1;Q9UNW1-4				4.55442e+06
Q9UP79	Q9UP79				2.38585e+06
Q9UPU3	Q9UPU3				2.07578e+07
Q9UQ52	Q9UQ52				2.05146e+06
Q9UQM7	Q9UQM7;Q9UQM7-2				8.79646e+06
Q9Y240	Q9Y240				7.01701e+06
Q9Y274	Q9Y274;Q9Y274-2				3.83268e+06
Q9Y279;Q9Y279-2	Q9Y279;Q9Y279-2				5.21843e+06
Q9Y287	Q9Y287;Q9Y287-2				8.7046e+06
Q9Y2C2	Q9Y2C2				282567
Q9Y2E5;Q9Y2E5-2	Q9Y2E5;Q9Y2E5-2				621741
Q9Y2G1;Q9Y2G1-2	Q9Y2G1;Q9Y2G1-2				673316
Q9Y2I2;Q9Y2I2-1;Q9Y2I2-2;Q9Y2I2-4;Q9Y2I2-5;Q9Y2I2-6	Q9Y2I2;Q9Y2I2-1;Q9Y2I2-2;Q9Y2I2-4;Q9Y2I2-5;Q9Y2I2-6				5.7099e+06
Q9Y2T3;Q9Y2T3-3	Q9Y2T3;Q9Y2T3-2;Q9Y2T3-3				1.52609e+07
Q9Y2Z0;Q9Y2Z0-2	Q9Y2Z0;Q9Y2Z0-2				503124
Q9Y334;Q9Y334-2	Q9Y334;Q9Y334-2				599454
Q9Y4C0-4	Q9HDB5-3;Q9HDB5-4;Q9Y4C0-4				4.23155e+07
Q9Y4D7	Q9Y4D7				2.53233e+07
Q9Y4L1	Q9Y4L1				7.2944e+06
Q9Y5F6-2	Q9Y5F6;Q9Y5F6-2				6.32984e+06
Q9Y5F7;Q9Y5F7-2	Q9Y5F7;Q9Y5F7-2				87432.7
Q9Y5H3;Q9Y5H3-2	Q9Y5G4;Q9Y5H3;Q9Y5G4-2;Q9Y5H3-2				767807
Q9Y5I4;Q9Y5I4-2	Q9Y5I4;Q9Y5I4-2				2.52461e+06
Q9Y5L2	Q9Y5L2				1.69412e+06
Q9Y5Y7	Q9Y5Y7				1.60192e+07
Q9Y617	Q9Y617;Q9Y617-2				1.69907e+06
Q9Y639;Q9Y639-1;Q9Y639-3;Q9Y639-4;Q9Y639-5	Q9Y639;Q9Y639-1;Q9Y639-3;Q9Y639-4;Q9Y639-5				1.70263e+06
Q9Y646	Q9Y646				2.25963e+07
Q9Y653;Q9Y653-2;Q9Y653-3	Q9Y653;Q9Y653-2;Q9Y653-3;Q9Y653-4;Q9Y653-5				1.92858e+07
Q9Y696	Q9Y696				2.10118e+06
Q9Y6C2	Q9Y6C2;Q9Y6C2-2				832773
Q9Y6N6	Q9Y6N6				805233
Q9Y6N7;Q9Y6N7-2;Q9Y6N7-4	Q9Y6N7;Q9Y6N7-2;Q9Y6N7-3;Q9Y6N7-4;Q9Y6N7-5;Q9Y6N7-6				1.17343e+07
Q9Y6N8	Q9Y6N8				3.02574e+06
Q9Y6R7	Q9Y6R7				9.52305e+06
Q9Y6X5	Q9Y6X5				1.44212e+06
Q9Y6Y8;Q9Y6Y8-2	Q9Y6Y8;Q9Y6Y8-2				2.08657e+07
