Protein.Group	Protein.Ids	Protein.Names	Genes	First.Protein.Description	/fs/pool/pool-mann-projects/Johannes/Jakob_AD_CSF_data/MagKiel_cohort_Sweden_speclib_OBO/All_Raw/20190210_QX1_PhGe_SA_EASY12-10_Majken_B6_CSF_257-15.mzML
A0A075B6H7;A0A0C4DH55;P01624	P01624;A0A075B6H7;A0A0C4DH55				5.94841e+08
A0A075B6H9	A0A075B6H9				2.79796e+07
A0A075B6I0	A0A075B6I0				4.52413e+07
A0A075B6I1	A0A075B6I1				2.23541e+07
A0A075B6I9	A0A075B6I9				8.35488e+07
A0A075B6J1	A0A075B6J1				7.35265e+06
A0A075B6J9	A0A075B6J9				3.06487e+07
A0A075B6K2	A0A075B6K2				1.13099e+06
A0A075B6K4	A0A075B6K0;A0A075B6K4				1.10298e+07
A0A075B6K5	A0A075B6K5				5.74249e+07
A0A075B6P5;P01615	P01615;A0A075B6P5				2.82473e+08
A0A075B6R2	A0A075B6R2				1.73643e+07
A0A075B6R9;A0A0C4DH68	A0A075B6R9;A0A0C4DH68				3.50837e+07
A0A075B6S2	A0A075B6S2;A2NJV5				3.33621e+08
A0A075B6S5	A0A075B6S5;A0A0C4DH67;A0A0C4DH69				2.32413e+07
A0A087WSX0	A0A087WSX0;A0A0G2JS06				5.38734e+06
A0A087WSY6	A0A087WSY6				1.60454e+08
A0A087WW87;P01614	P01614;A0A087WW87				4.96487e+06
A0A0A0MRZ8;P04433	P04433;A0A0A0MRZ8				2.4941e+08
A0A0A0MS15	A0A0A0MS15				5.41887e+07
A0A0A0MT36;A0A0C4DH26	A0A0A0MT36;A0A0C4DH26				6.48666e+06
A0A0A0MT89	A0A0A0MT89				1.13949e+07
A0A0B4J1U7	A0A0B4J1U7				2.90613e+07
A0A0B4J1V0	A0A0B4J1V0				7.78004e+06
A0A0B4J1V2	A0A0B4J1V2				1.29043e+07
A0A0B4J1X5	P01764;P01768;P01772;P01767;A0A0B4J1X5;A0A0C4DH42;P0DP02;P0DP03				1.47102e+08
A0A0B4J1Y8	A0A0B4J1Y8				2.15602e+07
A0A0B4J1Y9	A0A0B4J1Y9				6.68303e+07
A0A0C4DH24	A0A0C4DH24				6.57997e+06
A0A0C4DH25	A0A0C4DH25				3.06385e+07
A0A0C4DH31	A0A0C4DH31				3.74357e+06
A0A0C4DH33	A0A0C4DH33				733064
A0A0C4DH34	A0A0C4DH34				1.15781e+07
A0A0C4DH35	A0A0C4DH35				2.75819e+06
A0A0C4DH36	A0A0C4DH36				2.43969e+07
A0A0C4DH38	A0A0C4DH38;A0A0J9YXX1				2.77482e+08
A0A0C4DH43	A0A0C4DH43				2.68903e+07
A0A0J9YX35	A0A0J9YX35				1.59161e+07
A0A0J9YXX1	A0A0J9YXX1				8.84852e+07
A0M8Q6	P0CG04;P0DOY2;P0DOY3;A0M8Q6;P0CF74;B9A064;P0DOX8				8.40505e+08
A1L4H1	A1L4H1				2.71158e+06
A2RU67	A2RU67				155107
A6BM72;A6BM72-2;A6BM72-4	A6BM72;A6BM72-2;A6BM72-4				1.89401e+06
A6NCE7;Q9GZQ8	Q9GZQ8;A6NCE7				168686
A6NGN9	A6NGN9				1.04425e+07
A6NHG4;P30046;P30046-2	P30046;A6NHG4;P30046-2				2.31874e+06
A6NL88	A6NL88				2.08013e+06
A6NLU5	A6NLU5				1.18804e+07
A8MTW9	A8MTW9				5.67521e+06
B1AJZ9;B1AJZ9-4	B1AJZ9;B1AJZ9-4				2.63043e+06
B4DS77;B4DS77-2;B4DS77-3	B4DS77;B4DS77-2;B4DS77-3				495980
C9JVW0	C9JVW0				9.4606e+06
I3L3R5	I3L3R5				1.6697e+06
O00115;O00115-2	O00115;O00115-2				4.97461e+06
O00142;O00142-2;O00142-3;O00142-4;O00142-5;O00142-6	O00142;O00142-2;O00142-3;O00142-4;O00142-5;O00142-6				3.70485e+07
O00187;O00187-2	O00187;O00187-2				1.99963e+06
O00264	O00264;O15173;O15173-2				3.90383e+06
O00299	O00299				504132
O00339;O00339-2;O00339-3	O00339;O00339-2;O00339-3				2.44027e+06
O00391	O00391;O00391-2				1.83081e+07
O00451	O00451;O00451-2;O00451-3				1.2266e+07
O00461	O00461				4.04933e+06
O00462	O00462				7.9098e+06
O00468-6	O00468-6;O00468-7				2.54706e+07
O00533	O00533;O00533-2				2.35682e+08
O00560;O00560-2;O00560-3	O00560;O00560-2;O00560-3				396473
O00584	O00584				1.9289e+07
O00754;O00754-2	O00754;O00754-2				2.32981e+06
O14498	O14498				2.51374e+07
O14514	O14514				2.08059e+06
O14522	O14522;O14522-1				1.02904e+06
O14525;O14525-2;O14525-3	O14525;O14525-2;O14525-3				1.03284e+06
O14594	O14594				1.26787e+08
O14668;O14668-2	O14668;O14668-2				3.42691e+06
O14672	O14672				2.52712e+06
O14737;O14737-2	O14737;O14737-2				109414
O14773	O14773				7.29807e+06
O14786;O14786-2;O14786-3	O14786;O14786-2;O14786-3				6.10126e+06
O14791-2	O14791;O14791-2;O14791-3				1.06972e+07
O14793	O14793				2.39767e+06
O14917;O14917-2	O14917;O14917-2				3.4711e+06
O14960	O14960				492662
O15031	O15031				2.09531e+07
O15041;O15041-2	O15041;O15041-2				428023
O15197;O15197-3	O15197;O15197-3				5.15324e+06
O15204;O15204-2	O15204;O15204-2				1.43173e+06
O15230	O15230				1.63101e+06
O15232;O15232-2	O15232;O15232-2				2.9968e+06
O15240	O15240				8.26078e+07
O15335	O15335				5.60894e+06
O15354	O15354				1.60837e+07
O15394	O15394;O15394-2				5.111e+07
O15466;O15466-2	O15466;O15466-2				2.2573e+06
O15540;O15540-2	O15540;O15540-2				2.84664e+06
O43155	O43155				426832
O43157	O43157;O43157-2;O43157-3				9.29792e+06
O43173	O43173				3.93022e+06
O43240	O43240				1.15251e+06
O43278;O43278-2	O43278;O43278-2				2.41673e+06
O43286	O43286				1.43906e+06
O43291	O43291				1.12691e+07
O43300	O43300				2.54314e+06
O43405;O43405-2	O43405;O43405-2				3.6914e+07
O43493;O43493-3;O43493-5;O43493-7	O43493;O43493-3;O43493-5;O43493-4;O43493-6;O43493-7				3.5868e+07
O43505	O43505				5.50352e+08
O43508	O43508;O43508-2				876732
O43508-2	O75888;O75888-3;O43508-2;O75888-2;O75888-4;O75888-5				1.19446e+06
O43529	O43529				7.38813e+06
O43556;O43556-3;O43556-4	O43556;O43556-3;O43556-4				1.99885e+07
O43567	O43567				8.3348e+06
O43581-2;O43581-3;O43581-5	O43581-2;O43581-3;O43581-5				540328
O43827	O43827				3.46839e+06
O43852;O43852-2;O43852-3;O43852-4;O43852-5;O43852-9	O43852;O43852-10;O43852-11;O43852-12;O43852-13;O43852-14;O43852-2;O43852-3;O43852-4;O43852-5;O43852-6;O43852-7;O43852-8;O43852-9				900954
O43854;O43854-2	O43854;O43854-2				343062
O43866	O43866				4.31294e+06
O43897;O43897-2	O43897;O43897-2				1.43301e+06
O43909	O43909				258875
O43916	O43916				805764
O60241;O60241-2;O60241-3;O60241-4	O60241;O60241-2;O60241-3;O60241-4				6.5484e+06
O60242	O60242				2.39102e+06
O60243	O60243				2.1006e+06
O60245;O60245-2	O60245;O60245-2				3.13792e+06
O60279	O60279				1.53494e+07
O60449;O60449-2;O60449-3	O60449;O60449-2;O60449-3				329261
O60462;O60462-2;O60462-3;O60462-4;O60462-5	O60462;O60462-2;O60462-3;O60462-4;O60462-5;O60462-6				4.8033e+06
O60476	O60476				2.38568e+06
O60512	O60512				529385
O60565	O60565				824557
O60568	O60568				1.96784e+06
O60613	O60613				1.36791e+06
O60814;P06899;P23527;P33778;P57053;P58876;P62807;Q16778;Q5QNW6;Q5QNW6-2;Q8N257;Q93079;Q96A08;Q99877;Q99879;Q99880	O60814;P06899;P23527;P33778;P57053;P58876;P62807;Q16778;Q5QNW6;Q8N257;Q93079;Q96A08;Q99877;Q99879;Q99880;Q5QNW6-2				213576
O60883	O60883				1.29099e+08
O60888-3	O60888;O60888-2;O60888-3				1.2375e+07
O75019;O75019-2	O75019;O75019-2				1.9023e+06
O75051;O75051-2	O75051;O75051-2				934635
O75063	O75063				2.21712e+06
O75071	O75071				6.93753e+06
O75077;O75077-2;O75077-3	O75077;O75077-2;O75077-3				3.32988e+06
O75078	O75078;O75078-2				3.84239e+06
O75083	O75083;O75083-3				2.15224e+06
O75084;Q14332	O75084;Q14332				411465
O75144;O75144-2	O75144;O75144-2;O75144-3				2.18196e+07
O75173;O75173-2	O75173;O75173-2				1.69493e+07
O75326	O75326;O75326-2				3.16166e+07
O75354;O75354-2;O75354-3	O75354;O75354-2;O75354-3				1.30504e+06
O75368	O75368				2.06679e+06
O75487;O75487-2	O75487;O75487-2				1.38154e+06
O75493	O75493				1.17151e+07
O75503	O75503				2.81737e+06
O75509	O75509				2.42216e+07
O75629	O75629				1.68515e+06
O75636;O75636-2	O75636;O75636-2				1.44063e+06
O75711	O75711				1.34803e+08
O75752	O75752				5.15434e+06
O75787;O75787-2	O75787;O75787-2				1.80492e+07
O75874	O75874				308507
O75882;O75882-2;O75882-3	O75882;O75882-2;O75882-3				9.6297e+06
O75973	O75973				754416
O75976	O75976				1.77041e+06
O76061	O76061				4.83906e+06
O76070	O76070;Q16143				3.97095e+06
O94760	O94760				8.85726e+06
O94766	O94766;Q9NPZ5				5.02935e+06
O94769	O94769;O94769-2				8.0774e+06
O94772;O94772-2	O94772;O94772-2				5.09702e+07
O94779;O94779-2;O94779-4	O94779;O94779-2;O94779-4				595562
O94856-11	O94856;O94856-10;O94856-11;O94856-12;O94856-13;O94856-3;O94856-4;O94856-5;O94856-6;O94856-7;O94856-8;O94856-9				3.09901e+07
O94856-12;O94856-4;O94856-9	O94856-12;O94856-4;O94856-9				2.26403e+06
O94910;O94910-2	O94910;O94910-2				6.94585e+06
O94919	O94919				3.35488e+07
O94973;O94973-2	O94973;O94973-2				602772
O94985	O94985				1.94204e+06
O94985-2	O94985;O94985-2				2.41119e+08
O94991	O94991;O94991-2				4.9744e+06
O95084;O95084-2	O95084;O95084-2				1.35135e+06
O95157	O95157				4.65506e+06
O95158	O95158				2.75015e+07
O95185;O95185-2	O95185;O95185-2				3.40684e+06
O95196;O95196-2	O95196;O95196-2				1.36623e+07
O95206;O95206-2	O95206;O95206-2				1.0672e+07
O95297;O95297-2;O95297-3	O95297;O95297-2;O95297-3;O95297-4				752374
O95336	O95336				183683
O95390	O95390				3.148e+06
O95428;O95428-5;O95428-6	O95428;O95428-3;O95428-4;O95428-5;O95428-6				9.69505e+06
O95445	O95445;O95445-2				1.05131e+07
O95450;O95450-2	O95450;O95450-2				2.80171e+06
O95467	O95467				1.48501e+06
O95497	O95497				1.93541e+06
O95502	O95502				9.40855e+07
O95633;O95633-2	O95633;O95633-2				2.23895e+06
O95841	O95841				1.77377e+06
O95865	O95865				834720
O95881	O95881				154224
O95967	O95967				1.03693e+07
O95980	O95980				1.41166e+07
O95998	O95998;O95998-4				1.58285e+07
P00338;P00338-3	P00338;P00338-3;P00338-4				1.15107e+07
P00352	P00352				812515
P00390;P00390-2;P00390-3;P00390-4;P00390-5	P00390;P00390-2;P00390-3;P00390-4;P00390-5				2.20626e+06
P00441	P00441				3.96664e+08
P00450	P00450				3.35613e+08
P00488	P00488				2.46324e+06
P00492	P00492				1.72482e+06
P00505	P00505;P00505-2				8.861e+06
P00533;P00533-3;P00533-4	P00533;P00533-2;P00533-3;P00533-4				1.79458e+06
P00558	P00558;P00558-2				4.65595e+06
P00734	P00734				4.85794e+07
P00736	P00736				6.00239e+07
P00738	P00738;P00738-2				2.9627e+09
P00739	P00739;P00739-2				1.33201e+09
P00740;P00740-2	P00740;P00740-2				7.51499e+06
P00742	P00742				1.26866e+07
P00746	P00746				8.30626e+07
P00747	P00747				1.23875e+08
P00748	P00748				2.04542e+07
P00751	P00751;P00751-2				1.37449e+08
P00915	P00915				1.30618e+06
P01008	P01008				5.12106e+08
P01009	P01009;P01009-2;P01009-3				5.02147e+09
P01011	P01011				2.28474e+09
P01019	P01019				1.02013e+09
P01023	P01023				6.49732e+08
P01024	P01024				1.96877e+09
P01031	P01031				2.96552e+07
P01033	P01033				5.7733e+07
P01034	P01034				1.2093e+10
P01036;P01037	P01036;P01037				1.11131e+06
P01040	P01040				1.28623e+06
P01042	P01042;P01042-2;P01042-3				2.68576e+08
P01042-2;P01042-3	P01042-2;P01042-3				9.62219e+07
P01127;P01127-2	P01127;P01127-2				2.96978e+07
P01210	P01210				1.38023e+08
P01213	P01213				3.63196e+06
P01236	P01236				2.4207e+06
P01258;P01258-2;P06881	P01258;P06881;P10092;P01258-2				1.65523e+06
P01303	P01303				7.62792e+06
P01344;P01344-2;P01344-3	P01344;P01344-2;P01344-3				1.23481e+07
P01591	P01591				6.93993e+06
P01593;P01594	P01593;P01594				3.30329e+07
P01597;P04432	P01597;P01611;P04432;A0A0C4DH72;A0A0C4DH73				4.9479e+07
P01599	P01599;A0A0C4DH72				5.76416e+06
P01602	P01602				1.72272e+07
P01619	P01619				4.53671e+08
P01700	P01700				1.21247e+08
P01701	P01701				8.66831e+08
P01705	P01705				7.63432e+06
P01706	P01706				3.914e+06
P01709	P01706;P01709;P0DOX8				7.90118e+06
P01714	P01714				1.30566e+07
P01717	P01717				6.13524e+07
P01721	P01721				3.76642e+06
P01742	P01742				2.01748e+07
P01768;P0DP03	P01768;P01772;P0DP02;P0DP03				3.64047e+07
P01780	P01780				1.06565e+08
P01817	P01817				8.81915e+06
P01833	P01833				2.07913e+06
P01834	P01834				5.01344e+08
P01859;P01859-1	P01859;P01859-1				9.04441e+08
P01860;P01860-1	P01860;P01860-1				8.98814e+07
P01861;P01861-1	P01861;P01861-1				8.59644e+07
P01871;P01871-1	P01871;P0DOX6;P01871-1				7.6479e+06
P01876;P01876-1	P01876;P01876-1				1.02894e+09
P01889	P01889;P01893;P04439;P13747;P17693;P17693-2;P17693-5;P17693-6;P04439-2				3.62809e+06
P01903;P01906	P01903;P01906				416350
P01911	P01911				747600
P02042	P02042				1.55838e+06
P02144	P02144				1.59402e+07
P02452	P02452				3.64207e+07
P02461	P02461;P02461-2				9.05647e+06
P02511	P02511				2.40381e+06
P02533	P02533				2.45725e+06
P02538	O95678;P02538;P48668				8.67204e+06
P02647	P02647				3.4734e+09
P02649	P02649				5.34691e+09
P02652	P02652				6.45154e+08
P02654	P02654				5.96529e+07
P02655	P02655				1.10415e+07
P02656	P02656				1.06287e+08
P02671	P02671;P02671-2				3.87767e+08
P02675	P02675				1.60325e+08
P02679;P02679-2	P02679;P02679-2				1.95374e+08
P02686;P02686-3;P02686-4;P02686-5;P02686-6	P02686;P02686-3;P02686-4;P02686-5;P02686-6				662581
P02741	P02741				4.37474e+06
P02743	P02743				1.11752e+07
P02745	P02745				7.04331e+07
P02746	P02746				1.33516e+08
P02747	P02747				7.10478e+07
P02748	P02748				5.95918e+07
P02749	P02749				1.5637e+08
P02750	P02750				2.86892e+08
P02751;P02751-1	P02751;P02751-1;P02751-10;P02751-11;P02751-12;P02751-13;P02751-14;P02751-16;P02751-17;P02751-2;P02751-3;P02751-4;P02751-5;P02751-6;P02751-7;P02751-8;P02751-9				2.82665e+08
P02753	P02753				1.54684e+08
P02760	P02760				1.52765e+08
P02763	P02763				1.90033e+09
P02765	P02765				5.67867e+08
P02766	P02766				4.97159e+09
P02768	P02768				1.79467e+10
P02774;P02774-3	P02774;P02774-2;P02774-3				6.32929e+08
P02786	P02786				1.51241e+06
P02787	P02787				7.38744e+09
P02788;P02788-2	P02788;P02788-2				2.08425e+07
P02790	P02790				2.299e+09
P02792	P02792				2.16136e+06
P02794	P02794				3.59091e+06
P03950	P03950				3.74135e+06
P03951	P03951;P03951-2				5.23343e+06
P03952	P03952				1.17717e+07
P04003	P04003				4.8709e+06
P04004	P04004				3.63708e+08
P04040	P04040				289197
P04062;P04062-2;P04062-4;P04062-5	P04062;P04062-2;P04062-4;P04062-5				2.62209e+06
P04066	P04066				1.00819e+07
P04070;P04070-2	P04070;P04070-2				5.85194e+06
P04075	P04075;P04075-2				3.56371e+07
P04080	P04080				3.8071e+06
P04085;P04085-2	P04085;P04085-2				3.71606e+06
P04114	P04114				5.99278e+07
P04156	P04156				4.0185e+08
P04179	P04179;P04179-2;P04179-3;P04179-4				1.12202e+07
P04180	P04180				4.97499e+07
P04196	P04196				1.36078e+08
P04216	P04216				5.61238e+08
P04217	P04217;P04217-2				4.65662e+08
P04217-2	P04217-2				6.75875e+06
P04259;P48668	P04259;P48668				2.69095e+06
P04264	P04259;P04264				1.87987e+07
P04271	P04271				1.07565e+06
P04275	P04275				4.21324e+06
P04278	P04278;P04278-2;P04278-3;P04278-4;P04278-5				1.03229e+07
P04350;P07437;P68371	P04350;P07437;P68371				343407
P04406	P04406;P04406-2				2.10256e+07
P04430	P04430				367038
P04439;P04439-2	P04439;P04439-2				1.27872e+06
P04792	P04792				1.11344e+06
P04908;P0C0S5;P0C0S8;P16104;P20671;Q16777;Q6FI13;Q71UI9;Q71UI9-2;Q71UI9-5;Q7L7L0;Q8IUE6;Q93077;Q96KK5;Q96QV6;Q99878;Q9BTM1;Q9BTM1-2	P04908;P0C0S5;P0C0S8;P16104;P20671;Q16777;Q6FI13;Q71UI9;Q7L7L0;Q8IUE6;Q93077;Q96KK5;Q96QV6;Q99878;Q9BTM1;Q71UI9-2;Q71UI9-5;Q9BTM1-2				780391
P05023;P05023-2;P05023-4	P05023;P05023-2;P05023-4				487369
P05026;P05026-2	P05026;P05026-2				951595
P05060	P05060				5.66126e+08
P05067;P05067-11;P05067-7;P05067-8;P05067-9	P05067;P05067-4;P05067-10;P05067-11;P05067-3;P05067-5;P05067-6;P05067-7;P05067-8;P05067-9				7.75134e+08
P05090	P05090				2.14434e+09
P05109	P05109				155512
P05154	P05154				1.6083e+07
P05155;P05155-3	P05155;P05155-2;P05155-3				7.80369e+08
P05156	P05156				5.57724e+07
P05160	P05160				1.58893e+06
P05362	P05362				1.20372e+06
P05408;P05408-2	P05408;P05408-2				2.51982e+08
P05413	P05413				3.21688e+06
P05451	P05451;P48304				3.64407e+06
P05452	P05452				7.46629e+07
P05543	P05543				4.60103e+07
P05546	P05546				1.1483e+08
P05556;P05556-2;P05556-3;P05556-4;P05556-5	P05556;P05556-2;P05556-5;P05556-3;P05556-4				1.56053e+06
P05937	P05937;P05937-2				6.6134e+06
P05997	P05997				959438
P06276	P06276				5.94441e+06
P06280	P06280				732500
P06307	P06307				4.66154e+07
P06310	P06310				1.77908e+08
P06312	P06312				1.57728e+08
P06331	P01824;P01825;P06331;A0A0C4DH41;P0DP06;P0DP08				3.73346e+07
P06396	P06396;P06396-2;P06396-3;P06396-4				6.37334e+08
P06396-2	P06396-2				2.63616e+06
P06681	P06681;P06681-2;P06681-3				2.87505e+07
P06702	P06702				1.30498e+06
P06727	P06727				3.8427e+08
P06732	P06732				2.85768e+06
P06733	P06733;P06733-2				1.203e+07
P06744;P06744-2	P06744;P06744-2				3.06765e+06
P06753;P06753-2;P06753-3;P06753-4;P06753-5;P06753-6;P06753-7;P67936;P67936-2	P06753;P07951;P09493;P09493-10;P67936;P07951-2;P09493-5;P06753-2;P06753-3;P09493-2;P09493-3;P09493-4;P09493-6;P09493-7;P09493-8;P09493-9;P06753-4;P06753-5;P06753-6;P06753-7;P07951-3;P67936-2				1.24396e+06
P06865	P06865				1.12996e+07
P07093-2;P07093-3	P07093;P07093-2;P07093-3				4.01164e+06
P07108;P07108-2;P07108-3;P07108-4;P07108-5	P07108;P07108-2;P07108-3;P07108-4;P07108-5;P07108-6				1.13109e+07
P07195	P00338;P07195;P07864;Q6ZMR3;P00338-3;P00338-2;P00338-4;P00338-5				3.9592e+07
P07196	P07196				85805.8
P07225	P07225				4.91509e+07
P07237	P07237				1.43309e+06
P07307;P07307-2;P07307-3	P07307;P07307-3;P07307-2				403146
P07311	P07311				2.84471e+06
P07333	P07333;P07333-2				5.50608e+07
P07339	P07339				7.77824e+07
P07357	P07357				2.33742e+07
P07358	P07358				2.04471e+07
P07359	P07359				1.11119e+06
P07360	P07360				1.32909e+07
P07451	P07451				1.73339e+07
P07492	P07492;P07492-2;P07492-3				975054
P07585	P07585				1.76933e+07
P07602;P07602-2;P07602-3	P07602;P07602-2;P07602-3				3.02373e+07
P07686	P07686				6.99487e+06
P07711	P07711;P07711-3				1.53885e+07
P07737	P07737				3.04328e+06
P07858	P07858				3.97785e+07
P07900;P07900-2	P07900;P08238;P07900-2				1.80814e+06
P07942	P07942				4.98921e+06
P07996	P07996;P07996-2				4.15697e+06
P07998	P07998				2.70706e+07
P08123	P08123				2.8316e+07
P08174;P08174-2;P08174-3;P08174-4;P08174-5;P08174-6;P08174-7	P08174;P08174-2;P08174-3;P08174-4;P08174-5;P08174-6;P08174-7				2.23979e+07
P08185	P08185				1.00691e+08
P08195;P08195-2;P08195-3;P08195-4;P08195-5	P08195;P08195-4;P08195-2;P08195-3;P08195-5				6.66121e+06
P08236;P08236-2;P08236-3	P08236;P08236-2;P08236-3				343828
P08253	P08253;P08253-2;P08253-3				3.46748e+07
P08294	P08294				9.29004e+07
P08493-2	P08493;P08493-2				4.10673e+07
P08571	P08571				1.89963e+08
P08572	P08572				6.58718e+06
P08581;P08581-2	P08581;P08581-2				1.67268e+06
P08582	P08582;P08582-2				1.39536e+06
P08603	P08603				1.65499e+08
P08637	P08637				5.86645e+06
P08670	P08670;P17661				1.8586e+06
P08697	P08697;P08697-2				1.22809e+08
P08758	P08758				3.09331e+06
P08779	P08779				2.25651e+07
P09104	P09104;P09104-2				7.31198e+06
P09172	P09172				808894
P09211	P09211				3.8726e+06
P09382	P09382				1.02594e+07
P09417;P09417-2	P09417;P09417-2				4.47307e+06
P09486	P09486				8.56315e+07
P09603	P09603				4.35257e+07
P09619	P09619				7.12004e+06
P09622;P09622-3	P09622;P09622-2;P09622-3				3.55732e+06
P09668	P09668				1.31667e+07
P09871	P09871				8.89907e+07
P09936	P09936				5.21236e+06
P09958	P09958				2.68422e+06
P09960;P09960-2;P09960-3;P09960-4	P09960;P09960-2;P09960-3;P09960-4				170948
P09972	P04075;P09972;P04075-2				2.8961e+07
P0C0L4;P0C0L4-2	P0C0L4;P0C0L4-2				1.4759e+08
P0C0L5	P0C0L4;P0C0L5;P0C0L4-2				9.72859e+08
P0C6S8	P0C6S8				2.60032e+06
P0CG47;P0CG48	P0CG47;P0CG48;P62979;P62987				8.88769e+07
P0DJI8;P0DJI9	P0DJI8;P0DJI9;P0DJI9-2				1.74183e+06
P0DMQ5	P0DMQ5				2.05625e+07
P0DMV8;P0DMV8-2;P0DMV9	P0DMV8;P0DMV9;P0DMV8-2				2.98727e+06
P0DOX2	P01876;P01877;P01876-1;P01877-1;P0DOX2				2.92739e+09
P0DOX3	P0DOX3				7.93143e+06
P0DOX5	P0DOX5				3.14086e+09
P0DOX7	P01834;P0DOX7				5.10139e+08
P0DOX8	B9A064;P0DOX8				3.01799e+08
P0DOY2;P0DOY3	P0DOY2;P0DOY3				1.43395e+09
P0DP23;P0DP24;P0DP25	P0DP23;P0DP24;P0DP25;P27482				1.04523e+06
P0DP58	P0DP58				1.23669e+08
P0DTE1	P0DTE1				4.17192e+06
P0DTE7;P0DTE8;P0DUB6	P04746;P0DTE7;P0DTE8;P0DUB6;P19961;P19961-2;P04746-2				1.08688e+06
P10124	P10124				6.49036e+06
P10153	P10153				1.02485e+07
P10253	P10253				3.1903e+06
P10321;P10321-2	P10321;P10321-2				1.36256e+06
P10451-3	P10451-3				3.15679e+07
P10451-5	P10451;P10451-4;P10451-5				3.00927e+08
P10451;P10451-4	P10451;P10451-4				1.55209e+06
P10586;P10586-2	P10586;P10586-2				1.16779e+07
P10599	P10599;P10599-2				1.37429e+07
P10636;P10636-2;P10636-3;P10636-4;P10636-5;P10636-6;P10636-7;P10636-8;P10636-9	P10636;P10636-8;P10636-6;P10636-2;P10636-3;P10636-4;P10636-5;P10636-7;P10636-9				975562
P10643	P10643				5.08247e+07
P10644;P10644-2	P10644;P10644-2				626455
P10645	P10645				4.56308e+08
P10721;P10721-2	P10721;P10721-2				3.92949e+06
P10745	P10745				2.3613e+06
P10768	P10768				1.899e+06
P10909-6	P10909;P10909-4;P10909-6;P10909-2;P10909-3;P10909-5				1.32342e+09
P10915	P10915				836367
P11021	P11021				8.90764e+06
P11047	P11047				1.36374e+07
P11117	P11117				2.38671e+06
P11142	P11142				9.25097e+06
P11279	P11279;P11279-2				8.93632e+06
P11362-16	P11362;P11362-10;P11362-11;P11362-16;P11362-2;P11362-20;P11362-3;P11362-4;P11362-8;P11362-9				2.14708e+06
P11362-21;P11362-7	P11362;P11362-10;P11362-11;P11362-12;P11362-13;P11362-14;P11362-16;P11362-18;P11362-19;P11362-2;P11362-20;P11362-21;P11362-3;P11362-4;P11362-5;P11362-6;P11362-7;P11362-8;P11362-9				1.98442e+07
P11597;P11597-2	P11597;P11597-2				1.98797e+06
P11717	P11717				1.5057e+06
P12107;P12107-2;P12107-3;P12107-4	P12107;P12107-2;P12107-3;P12107-4				154041
P12109	P12109				4.35359e+07
P12110	P12110;P12110-2;P12110-3				3.45397e+06
P12111	P12111;P12111-2;P12111-5				1.0768e+06
P12111-4	P12111;P12111-2;P12111-4				1.13696e+07
P12259	P12259				1.02405e+07
P12272;P12272-2;P12272-3	P12272;P12272-2;P12272-3				1.61393e+06
P12277	P12277				1.97208e+06
P12314;Q92637;Q92637-3	P12314;Q92637;Q92637-3				5.34589e+06
P12318;P12318-2	P12318;P31994;P31995;P12318-2;P31994-2;P31994-3;P31994-4;P31994-5;P31995-2;P31995-3;P31995-4				6.8471e+06
P12821;P12821-2	P12821;P12821-3;P12821-2;P12821-4				1.34935e+06
P12830;P12830-2	P12830;P12830-2				2.61014e+06
P12955;P12955-2	P12955;P12955-2;P12955-3				1.42786e+06
P13284	P13284				1.66764e+06
P13473;P13473-2;P13473-3	P13473;P13473-2;P13473-3				1.09046e+08
P13489	P13489				991338
P13497;P13497-2;P13497-3;P13497-4;P13497-5;P13497-6	P13497;P13497-2;P13497-3;P13497-4;P13497-5;P13497-6				4.60812e+06
P13521	P13521				6.71987e+07
P13591	P13591;P13591-1;P13591-3;P13591-4;P13591-5;P13591-6				1.53551e+08
P13591-3	P13591-1;P13591-3;P13591-4				3.01988e+07
P13598	P13598				4.46843e+06
P13611;P13611-5	P13611;P13611-2;P13611-3;P13611-4;P13611-5				1.91187e+07
P13637;P13637-2;P13637-3	P13637;P13637-2;P13637-3				824772
P13639	P13639				403524
P13645	P13645				4.94408e+06
P13647	P13647				3.30784e+06
P13667	P13667				741952
P13671	P13671				2.94907e+07
P13693	P13693				183669
P13796	P13796				4.89867e+06
P13797;P13797-2;P13797-3	P13797;P13797-2;P13797-3				913626
P13987;P13987-2	P13987;P13987-2				5.48528e+07
P14136	P14136				2.14619e+06
P14151;P14151-2	P14151;P14151-2				5.48392e+06
P14174	P14174				7.68225e+06
P14207	P14207				5.31002e+06
P14209;P14209-3	P14209;P14209-3				2.84901e+06
P14314-2	P14314;P14314-2				1.38818e+07
P14324;P14324-2	P14324;P14324-2				582455
P14384	P14384				1.53209e+06
P14415	P14415				3.18334e+06
P14543	P14543;P14543-2				2.3033e+07
P14618-2	P14618;P14618-2;P14618-3				2.58922e+07
P14618;P14618-3	P14618;P14618-3				760884
P14621	P14621				5.52059e+06
P14625	P14625;Q58FF3				9.57384e+06
P15086	P15085;P15086				1.27428e+06
P15090	P15090				6.40691e+06
P15121	C9JRZ8;P15121;C9JRZ8-2				2.14761e+06
P15144	P15144				1.71159e+06
P15151;P15151-2;P15151-3;P15151-4	P15151;P15151-2;P15151-3;P15151-4				4.63217e+06
P15169	P15169				3.37355e+06
P15259	P15259				604893
P15289;P15289-2	P15289;P15289-2				2.31501e+06
P15291;P15291-2	P15291;P15291-2				6.07186e+06
P15502-1;P15502-2;P15502-4;P15502-5	P15502-1;P15502-2;P15502-4;P15502-5				1.40427e+06
P15509;P15509-2;P15509-3;P15509-5;P15509-7	P15509;P15509-3;P15509-2;P15509-5;P15509-7;P15509-8				7.01269e+06
P15531;P15531-2	P15531;P15531-2				293897
P15586;P15586-2	P15586;P15586-2				2.67517e+06
P16035	P16035				6.17e+07
P16070;P16070-10;P16070-11;P16070-12;P16070-13;P16070-14;P16070-15;P16070-16;P16070-17;P16070-18;P16070-3;P16070-4;P16070-5;P16070-6;P16070-7;P16070-8;P16070-9	P16070;P16070-10;P16070-11;P16070-12;P16070-13;P16070-14;P16070-15;P16070-16;P16070-17;P16070-18;P16070-3;P16070-4;P16070-5;P16070-6;P16070-7;P16070-8;P16070-9				5.10582e+07
P16083	P16083				1.1955e+06
P16112;P16112-2;P16112-3	P16112;P16112-2;P16112-3				592841
P16152	P16152				3.05932e+06
P16234;P16234-2;P16234-3	P16234;P16234-2;P16234-3				1.28907e+06
P16519;P16519-2;P16519-3	P16519;P16519-2;P16519-3				2.36318e+06
P16870;P16870-2	P16870;P16870-2				9.72609e+07
P16930	P16930				988709
P16949;P16949-2	P16949;P16949-2				3.62969e+06
P17174	P17174;P17174-2				3.22777e+07
P17405;P17405-4	P17405;P17405-4				1.73416e+06
P17600;P17600-2	P17600;P17600-2				1.09066e+06
P17677;P17677-2	P17677;P17677-2				4.97801e+06
P17813;P17813-2	P17813;P17813-2				692034
P17900	P17900				8.32646e+07
P17931	P17931				1.91232e+06
P17936;P17936-2	P17936;P17936-2				6.5235e+06
P18065	P18065				9.21836e+07
P18075	P18075				83633.2
P18206;P18206-2	P18206;P18206-2				1.14417e+06
P18428	P18428				7.33579e+06
P18669	P15259;P18669				6.35387e+06
P19021;P19021-5;P19021-6	P19021;P19021-3;P19021-4;P19021-2;P19021-5;P19021-6				6.17389e+07
P19022	P19022;P19022-2				9.6959e+07
P19256;P19256-2;P19256-3	P19256;P19256-2;P19256-3				867428
P19320	P19320;P19320-2;P19320-3				9.93433e+06
P19367;P19367-2;P19367-3;P19367-4	P19367;P19367-2;P19367-3;P19367-4				1.30735e+06
P19652	P19652				3.67201e+09
P19823	P19823				9.47005e+07
P19827	P19827;P19827-2				3.93922e+07
P20062	P20062				1.18752e+07
P20138;P20138-2	P20138;P20138-2				608231
P20366;P20366-2;P20366-3;P20366-4	P20366;P20366-2;P20366-3;P20366-4				8.66934e+06
P20382	P20382				1.08139e+06
P20396	P20396				524443
P20472	P20472				1.08418e+07
P20618	P20618				8.13448e+06
P20742	P20742;P20742-2				2.2213e+06
P20774	P20774				1.42428e+08
P20827	P20827;P20827-2				8.71105e+06
P20908;P20908-2	P20908;P20908-2				1.17697e+06
P20916;P20916-2;P20916-3	P20916;P20916-2;P20916-3				6.45403e+06
P20933	P20933				2.80157e+07
P21333;P21333-2	P21333;P21333-2				636348
P21554	P21554				574521
P21579	P21579				2.84947e+06
P21583;P21583-2;P21583-3	P21583;P21583-2;P21583-3				1.15983e+06
P21802;P21802-16;P21802-2;P21802-5;P21802-6;P21802-8	P21802;P21802-3;P21802-15;P21802-16;P21802-17;P21802-18;P21802-19;P21802-2;P21802-20;P21802-21;P21802-22;P21802-4;P21802-5;P21802-6;P21802-8				1.05649e+07
P21810	P21810				459406
P21860;P21860-4	P21860;P21860-4				801112
P22004	P22004				631293
P22061;P22061-2	P22061;P22061-2				7.74102e+06
P22105;P22105-1;P22105-4	P22105;P22105-1;P22105-4				9.55383e+06
P22303;P22303-2;P22303-4	P22303;P22303-2;P22303-3;P22303-4				2.1091e+06
P22304	P22304				3.01893e+07
P22352	P22352				5.3711e+07
P22392;P22392-2	P15531;P22392;O60361;P22392-2;P15531-2				1.36998e+06
P22607;P22607-2;P22607-3;P22607-4	P22607;P22607-2;P22607-3;P22607-4				6.51896e+06
P22692;P22692-2	P22692;P22692-2				5.10093e+07
P22748	P22748				5.49504e+06
P22792	P22792				5.63036e+06
P22891;P22891-2	P22891;P22891-2				1.32135e+06
P22897	P22897				4.41344e+06
P23083	P23083				3.18652e+06
P23142	P23142				8.98592e+07
P23142-4	P23142-4				1.97918e+08
P23284	P23284				2.53236e+07
P23435	P23435				3.49944e+07
P23468	P10586;P23468;P10586-2;P23468-3;P23468-4;P23468-5;P23468-6;P23468-7				1.94401e+07
P23468-7	P23468-4;P23468-5;P23468-6;P23468-7				1.59121e+06
P23470;P23470-2	P23470;P23470-2				9.07248e+06
P23471;P23471-2	P23471;P23471-2;P23471-3				3.83328e+07
P23515	P23515				1.39271e+08
P23528	P23528				625800
P23560;P23560-2;P23560-3;P23560-4;P23560-5	P23560;P23560-2;P23560-3;P23560-4;P23560-5				4.71596e+06
P23582	P23582				5.51536e+07
P24043	P24043				8.65152e+06
P24592	P24592				1.48783e+08
P24593	P24593				1.5823e+07
P24821;P24821-2;P24821-3;P24821-4;P24821-5;P24821-6	P24821;P24821-2;P24821-3;P24821-4;P24821-5;P24821-6				888108
P25189;P25189-2	P25189;P25189-2				3.32013e+06
P25311	P25311				1.027e+08
P25713	P25713				1.05837e+07
P25774;P25774-2	P25774;P25774-2				6.38298e+06
P25788;P25788-2	P25788;P25788-2				180021
P26038	P26038				2.84166e+06
P26447	P26447				601893
P26572	P26572				6.29436e+06
P26927	P26927;Q2TV78;Q2TV78-2				5.1923e+06
P26992	P26992				2.86674e+07
P27169	P27169				1.58222e+07
P27797	P27797				2.23531e+07
P27824;P27824-2	P27824;P27824-2;P27824-3				5.37858e+06
P28074;P28074-2	P28074;P28074-2				231429
P28799;P28799-2	P28799;P28799-2				1.77457e+06
P28827;P28827-2	P28827;P28827-2				1.54931e+06
P29120;P29120-2	P29120;P29120-2				1.00107e+07
P29218;P29218-3	P29218;P29218-3;P29218-2				5.10597e+06
P29323;P29323-2;P29323-3	P29323;P29323-3;P29323-2				1.06934e+06
P29401;P29401-2	P29401;P29401-2				1.4216e+06
P29622	P29622				3.28927e+07
P29966	P29966				4.30156e+06
P30041	P30041				2.20588e+06
P30043	P30043				756416
P30048;P30048-2	P30048;P30048-2				426263
P30086	P30086				4.85252e+07
P30101	P30101				4.53752e+06
P30530;P30530-2	P30530;P30530-2				2.02359e+07
P30740	P30740				1.46233e+06
P30990	P30990				1.06245e+06
P31150	P31150				6.65771e+06
P31321	P31321				420541
P31946;P31946-2	P31946;P31946-2				2.28836e+06
P31948;P31948-2;P31948-3	P31948;P31948-2;P31948-3				136129
P32004;P32004-2;P32004-3	P32004;P32004-2;P32004-3				9.13267e+06
P32119	P32119				9.72496e+06
P33151	P33151;P33151-2				4.20669e+06
P33908	P33908				3.02981e+07
P34059	P34059				383996
P34096	P34096				9.66405e+06
P34741	P34741				613509
P35030;P35030-2;P35030-3;P35030-4;P35030-5	P35030;P35030-2;P35030-3;P35030-4;P35030-5				2.78381e+06
P35052	P35052				1.04682e+07
P35080	P35080				431324
P35237	P35237				1.88075e+06
P35318	P35318				3.40414e+06
P35442	P35442				3.40686e+06
P35443	P35443				1.25922e+07
P35527	P35527				1.59946e+07
P35542	P35542				7.54612e+07
P35555	P35555				4.51669e+06
P35590	P35590				1.37752e+06
P35613;P35613-2	P35613;P35613-2;P35613-3;P35613-4				1.10681e+07
P35858;P35858-2	P35858;P35858-2				6.11496e+06
P35908	P35908				1.73054e+06
P36222	P36222				1.23555e+08
P36269;P36269-2;P36269-3	P36269;P36269-2;P36269-3				82771.1
P36871;P36871-2	P36871;P36871-2				5.06076e+06
P36955	P36955				7.55827e+08
P36957	P36957;P36957-2				3.8522e+07
P36980	P36980				3.94536e+07
P37173;P37173-2	P37173;P37173-2				1.46692e+06
P37235;P61601;P84074	P37235;P61601;P84074				57587.5
P37802;P37802-2	P37802;P37802-2				771687
P37837;P37837-2	P37837;P37837-2				1.46866e+07
P38571;P38571-2	P38571;P38571-2				1.66994e+06
P39059	P39059				4.76915e+06
P39060;P39060-1;P39060-2	P39060;P39060-1;P39060-2				2.62188e+07
P40189	P40189;P40189-3				1.68076e+07
P40925;P40925-3	P40925;P40925-3				2.91783e+07
P40926	P40926;P40926-2				5.06083e+06
P40967;P40967-2;P40967-4;P40967-5	P40967;P40967-2;P40967-4;P40967-5				335234
P41217;P41217-2;P41217-3	P41217;P41217-2;P41217-3				5.20715e+06
P41222	P41222				1.46022e+10
P41271;P41271-2	P41271;P41271-2				1.61379e+08
P42262;P42262-2;P42262-3;P42262-4	P42262;P42262-2;P42262-3;P42262-4				927985
P42658;P42658-2	P42658;P42658-2				1.2935e+07
P42785	P42785;P42785-2				1.82591e+07
P42857;P42857-2	P42857;P42857-2				4.33708e+06
P43004;P43004-2;P43004-3	P43004;P43004-2;P43004-3				539150
P43121	P43121;P43121-2				2.45922e+07
P43146	P43146				4.94006e+06
P43234	P43234				6.41869e+06
P43251;P43251-2;P43251-3;P43251-4	P43251;P43251-2;P43251-3;P43251-4				4.8517e+07
P43652	P43652				4.27845e+07
P45877	P45877				7.73894e+06
P46459	P46459				2.35779e+06
P47972	P47972				1.02832e+07
P48058;P48058-2	P48058;P48058-2				1.32732e+07
P48061;P48061-2;P48061-3;P48061-4;P48061-5;P48061-6	P48061;P48061-2;P48061-3;P48061-4;P48061-5;P48061-6				6.1463e+06
P48066;P48066-2	P48066;P48066-2				329600
P48147	P48147				368916
P48163	P48163;P48163-2				1.17429e+06
P48539	P48539				4.38073e+06
P48637	P48637;P48637-2				2.47212e+06
P48723	P48723				3.79293e+06
P48740-2;P48740-4	P48740-2;P48740-4				3.93395e+06
P48740-3	P48740;P48740-2;P48740-3;P48740-4				7.98686e+06
P48745	P48745				4.30587e+06
P49257	P49257				1.08452e+07
P49418;P49418-2	P49418;P49418-2				1.13799e+06
P49641	P49641;P49641-1;P49641-2				1.64844e+07
P49747;P49747-2	P49747;P49747-2				4.46246e+06
P49908	P49908				3.03211e+07
P50281	P50281				2.47868e+06
P50395	P50395;P50395-2				1.48011e+06
P50502;Q8NFI4	P50502;Q8NFI4				976786
P50895	P50895				1.94899e+06
P50897	P50897;P50897-2				437989
P50993	P05023;P13637;P20648;P50993;P05023-2;P05023-3;P05023-4;P13637-2;P13637-3				1.8151e+06
P51693	P51693;P51693-2				7.80982e+08
P51693-2	P51693-2				9.5205e+06
P51805	P51805				225317
P51884	P51884				8.07591e+07
P51888	P51888				1.49076e+07
P52565;P52565-2	P52565;P52565-2				242876
P52758	P52758				1.16687e+06
P52797	P52797;P52797-2				3.17399e+06
P52799	P52799				6.81089e+06
P52803	P52803				6.6115e+06
P52848	P52848				1.45429e+06
P53041	P53041				461657
P53634	P53634				3.33644e+06
P54253	P54253				5.24203e+08
P54289-2;P54289-3	P54289;P54289-2;P54289-3;P54289-4;P54289-5				2.80866e+07
P54652	P54652				679812
P54727	P54725;P54727;P54725-2;P54725-3				4.80147e+06
P54764	P54764;P54764-2				2.35319e+07
P54802	P54802				4.6769e+06
P54803	P54803;P54803-3;P54803-4;P54803-5				1.69575e+06
P55011;P55011-3	P55011;P55011-3				171635
P55058	P55058;P55058-2;P55058-3;P55058-4				1.16449e+08
P55083;P55083-2	P55083;P55083-2				2.50951e+07
P55087;P55087-2	P55087;P55087-2				2.94333e+06
P55103	P55103				144554
P55268	P55268				1.06272e+07
P55283;P55283-2	P55283;P55283-2				1.52687e+07
P55285;P55285-2	P55285;P55285-2				5.05861e+06
P55286	P55286				5.63835e+06
P55287;P55287-2	P55287;P55287-2				4.58131e+06
P55290;P55290-4	P55290;P55290-2;P55290-3;P55290-4;P55290-5				8.70567e+07
P55291	P55291				7.12019e+06
P55786	P55786;P55786-2				2.11044e+06
P55957;P55957-2;P55957-4	P55957;P55957-2;P55957-4				68600.7
P56159;P56159-2	P56159;P56159-2				3.61539e+06
P56817;P56817-2	P56817;P56817-2;P56817-3;P56817-4;P56817-5;P56817-6				1.92896e+06
P57087;P57087-2;P57087-3	P57087;P57087-2;P57087-3				2.66551e+06
P58215	P58215;P58215-2;P58215-3				2.0925e+06
P58400	P58400;P58400-1				2.77809e+06
P58401	P58401				2.34733e+06
P58417	O95156;P58417				1.72314e+07
P59190;P59190-2	P51153;P59190;P61006;P61026;P62820;Q92930;Q9H0U4;Q92928;P61006-2;P62820-2;P62820-3;P59190-2				2.41148e+06
P60174;P60174-3	P60174;P60174-3;P60174-4				2.01817e+07
P60520	O95166;P60520;Q9H0R8;Q9H0R8-2				372541
P60709;P63261	P60709;P63261				9.9401e+06
P60983	O60234;P60983				1.13445e+06
P61018;P61018-2	P20338;P61018;P61018-2				2.02716e+06
P61106	P61106				689618
P61158;Q9P1U1;Q9P1U1-2	P61158;Q9P1U1;Q9C0K3;Q9P1U1-2;Q9P1U1-3				152080
P61204;P61204-2;P84077;P84085	P18085;P61204;P84077;P84085;P61204-2				608878
P61278	P61278				2.89099e+07
P61604	P61604				995788
P61626	P61626				1.28967e+08
P61769	P61769				1.27066e+09
P61916	P61916;P61916-2				7.03769e+07
P61970	P61970				5.55414e+06
P61981	P61981				9.18586e+06
P62258;P62258-2	P62258;P62258-2				3.0305e+06
P62328	P62328;P63313				1.26319e+07
P62937	P62937				1.10985e+07
P62942	P62942				2.02258e+06
P62993	P62993;P62993-2				1.67963e+06
P63010;P63010-2;P63010-3	P63010;P63010-2;P63010-3				3.11582e+06
P63104	P63104;P63104-2				5.10462e+06
P63208	P63208;P63208-2				5.52507e+06
P63302	P63302				1.26045e+06
P68032;P68133	P62736;P63267;P68032;P68133				3.34798e+07
P68036	P68036;A0A1B0GUS4;P68036-2;P68036-3				5.68906e+06
P68104;Q05639;Q5VTE0	P68104;Q05639;Q5VTE0				1.21841e+06
P68363;Q71U36;Q71U36-2;Q9BQE3	P0DPH7;P0DPH8;P68363;P68366;Q6PEY2;Q71U36;Q9BQE3;Q9NY65;P0DPH7-2;P68363-2;P68366-2;Q71U36-2;Q9NY65-2				252795
P68871	P02042;P68871				4.62244e+07
P69849;Q15155;Q5JPE7;Q5JPE7-2	P69849;Q15155;Q5JPE7;Q5JPE7-2;Q5JPE7-3				1.64622e+06
P69905	P69905				5.60574e+07
P78310;P78310-2;P78310-5;P78310-6;P78310-7	P78310;P78310-2;P78310-4;P78310-5;P78310-6;P78310-7				1.14269e+06
P78324;P78324-2;P78324-4	P78324;Q5TFQ8;P78324-2;P78324-4				5.22376e+07
P78417	P78417;P78417-3				2.53546e+06
P78509	P78509;P78509-2;P78509-3				1.91804e+07
P78539;P78539-2;P78539-3;P78539-5	P78539;P78539-2;P78539-3;P78539-4;P78539-5				3.51797e+06
P78563;P78563-2;P78563-3;P78563-4;P78563-5;P78563-6	P78563;P78563-4;P78563-2;P78563-3;P78563-5;P78563-6				2.42097e+07
P80108	P80108				6.05391e+06
P80188;P80188-2	P80188;P80188-2				3.20207e+06
P80303;P80303-2	P80303;P80303-2				2.23252e+06
P80723	P80723;P80723-2				7.6521e+06
P80748	P80748				6.50458e+07
P84157	P84157;P84157-2;P84157-3				331763
P98095;P98095-2	P98095;P98095-2				6.84728e+06
P98153;P98153-2;P98153-3	P98153;P98153-2;P98153-3				3.77022e+06
P98155;P98155-2	P98155;P98155-2				426867
P98160	P98160				4.88142e+07
P98172	P98172				2.07721e+06
P98173;P98173-2;P98173-3	P98173;P98173-2;P98173-3				1.619e+06
P99999	P99999				4.85784e+06
Q00973	Q00973;Q00973-2;Q00973-3				2.61134e+06
Q01082	Q01082				821114
Q01459	Q01459				9.16352e+06
Q01469	Q01469				5.10439e+06
Q01995	Q01995				9.69767e+06
Q02246	Q02246				5.32715e+07
Q02413	Q02413				1.15018e+06
Q02487;Q02487-2	Q02487;Q02487-2				4.82672e+06
Q02747	Q02747				1.56934e+06
Q02790	Q02790				253835
Q02809;Q02809-2	Q02809;Q02809-2				2.1228e+06
Q02818	Q02818				4.53125e+07
Q02985;Q02985-2	Q02985;Q92496;Q02985-2;Q92496-2;Q92496-3				1.05318e+07
Q03167;Q03167-2	Q03167;Q03167-2				8.94099e+06
Q04695	P02533;Q04695				3.02001e+06
Q04721	Q04721				4.78244e+06
Q04756	Q04756				5.09777e+06
Q04760;Q04760-2	Q04760;Q04760-2				2.20394e+06
Q04917	Q04917				841110
Q05707;Q05707-2	Q05707;Q05707-2;Q05707-3				3.72821e+06
Q05996;Q05996-2	Q05996;Q05996-2				2.60974e+06
Q06033;Q06033-2	Q06033;Q06033-2				1.95518e+07
Q06418	Q06418				9.42363e+06
Q06481	Q06481;Q06481-3;Q06481-6				5.976e+07
Q06828	Q06828				1.79944e+07
Q06830	Q06830				9.26694e+06
Q07092;Q07092-2	Q07092;Q07092-2				2.39337e+06
Q07954	Q07954				1.22335e+07
Q08174-2	Q08174;Q08174-2				1.03609e+07
Q08209;Q08209-2;Q08209-3	Q08209;Q08209-2;Q08209-3;Q08209-4				804985
Q08345;Q08345-5	Q08345;Q08345-2;Q08345-4;Q08345-5;Q08345-6				1.22256e+07
Q08380	Q08380				1.18619e+08
Q08431;Q08431-4	Q08431;Q08431-3;Q08431-4				5.16013e+06
Q08554;Q08554-2	Q08554;Q08554-2				4.83916e+06
Q08629	Q08629				1.45934e+07
Q08ET2	O15389;Q08ET2				5.6742e+06
Q09327	Q09327				1.33985e+06
Q09328	Q09328				1.51315e+06
Q09666	Q09666				210227
Q0P6D2	Q0P6D2				4.18033e+06
Q10469	Q10469				1.51488e+06
Q10471	Q10471				9.85998e+06
Q10472	Q10472;Q8IUC8;Q8IUC8-3;Q8IUC8-2				7.19395e+06
Q10588	Q10588				2.52084e+06
Q12765;Q12765-2;Q12765-3	Q12765;Q12765-2;Q12765-3				313413
Q12794;Q12794-2;Q12794-7	Q12794;Q12794-2;Q12794-4;Q12794-7				2.75062e+06
Q12797;Q12797-10	Q12797;Q12797-10				2.53122e+06
Q12805;Q12805-2;Q12805-3;Q12805-4;Q12805-5	Q12805;Q12805-2;Q12805-3;Q12805-4;Q12805-5				1.66547e+08
Q12841;Q12841-2	Q12841;Q12841-2				6.1371e+06
Q12860	Q12860;Q12860-2				1.34236e+08
Q12866	Q12866				2.93933e+06
Q12907	Q12907				6.16663e+07
Q12913;Q12913-3	Q12913;Q12913-2;Q12913-3				1.78793e+06
Q13201;Q13201-2	Q13201;Q13201-2				909154
Q13214;Q13214-2	Q13214;Q13214-2				3.31971e+06
Q13217	Q13217				2.11286e+06
Q13228;Q13228-4	Q13228;Q13228-2;Q13228-3;Q13228-4				1.31007e+07
Q13231;Q13231-3	Q13231;Q13231-2;Q13231-3;Q13231-4				3.52937e+06
Q13232	Q13232				604051
Q13275-2	Q13275;Q13275-2				1.03466e+06
Q13308;Q13308-2;Q13308-3;Q13308-4;Q13308-5;Q13308-6	Q13308;Q13308-2;Q13308-3;Q13308-4;Q13308-5;Q13308-6				1.09507e+06
Q13332-2;Q13332-6	Q13332;Q13332-2;Q13332-3;Q13332-4;Q13332-5;Q13332-6;Q13332-7				2.33007e+07
Q13332-5	Q13332-5;Q13332-7				2.93654e+06
Q13404;Q13404-1;Q13404-2;Q13404-7	Q13404;Q13404-1;Q13404-2;Q13404-6;Q13404-7				3.0807e+06
Q13421-2;Q13421-3;Q13421-4	Q13421;Q13421-2;Q13421-3;Q13421-4				1.46504e+06
Q13433	Q13433				591952
Q13443;Q13443-2	Q13443;Q13443-2				2.4832e+06
Q13449	Q13449				1.94559e+08
Q13508;Q13508-2;Q13508-3	Q13508;Q13508-2;Q13508-3				1.55833e+07
Q13510;Q13510-2	Q13510;Q13510-2;Q13510-3				7.34044e+06
Q13519;Q13519-2	Q13519;Q13519-2				3.1616e+06
Q13554;Q13554-2;Q13554-3;Q13554-4;Q13554-5;Q13554-7;Q13554-8	Q13554;Q13554-3;Q13554-2;Q13554-4;Q13554-5;Q13554-6;Q13554-7;Q13554-8				5.49431e+06
Q13555;Q13555-10;Q13555-11;Q13555-2;Q13555-3;Q13555-4;Q13555-5;Q13555-6;Q13555-7;Q13555-8;Q13555-9	Q13555;Q13555-5;Q13555-10;Q13555-11;Q13555-2;Q13555-3;Q13555-4;Q13555-6;Q13555-7;Q13555-8;Q13555-9				1.42565e+06
Q13557;Q13557-10;Q13557-11;Q13557-12;Q13557-3;Q13557-4;Q13557-5;Q13557-6;Q13557-8;Q13557-9	Q13557;Q13557-8;Q13557-10;Q13557-11;Q13557-12;Q13557-3;Q13557-4;Q13557-5;Q13557-6;Q13557-9				1.75029e+06
Q13634;Q13634-2	Q13634;Q13634-2				4.51892e+06
Q13641	Q13641				717913
Q13683;Q13683-10;Q13683-13;Q13683-3;Q13683-7;Q13683-9	Q13683;Q13683-10;Q13683-13;Q13683-3;Q13683-7;Q13683-9				3.31671e+06
Q13740;Q13740-2	Q13740;Q13740-2;Q13740-3				3.45377e+07
Q13790	Q13790				4.31037e+06
Q13822-3	Q13822;Q13822-3				2.62495e+08
Q13867	Q13867				4.30261e+06
Q14019	Q14019				9.60226e+06
Q14112;Q14112-2	Q14112;Q14112-2				5.60821e+06
Q14114;Q14114-2;Q14114-3;Q14114-4	Q14114;Q14114-3;Q14114-2;Q14114-4				1.03713e+06
Q14118	Q14118				1.09019e+08
Q14126	Q14126				1.6046e+06
Q14165	Q14165				4.53278e+06
Q14257;Q14257-2	Q14257;Q14257-2				1.40273e+06
Q14314	Q14314				2.90731e+06
Q14315;Q14315-2	Q14315;Q14315-2				2.95875e+06
Q14393;Q14393-1;Q14393-3;Q14393-4;Q14393-5	Q14393;Q14393-1;Q14393-3;Q14393-4;Q14393-5				8.09765e+06
Q14515	Q14515;Q14515-2				1.78871e+08
Q14520;Q14520-2	Q14520;Q14520-2				1.16208e+07
Q14563	Q14563				1.31417e+06
Q14574;Q14574-2	Q14574;Q14574-2				2.12784e+06
Q14624	Q14624				1.39487e+08
Q14696	Q14696				1.81671e+06
Q14697;Q14697-2	Q14697;Q14697-2				7.28279e+06
Q14766	Q14766;Q14766-4				5.55526e+06
Q14767	Q14767				1.17994e+07
Q14894	Q14894				706649
Q14956;Q14956-2	Q14956;Q14956-2				1.27639e+06
Q14982;Q14982-2;Q14982-3;Q14982-4	Q14982;Q14982-2;Q14982-3;Q14982-4				3.19128e+07
Q14C87	Q14C87;Q14C87-2				5.03912e+06
Q14CZ8	Q14CZ8				2.35298e+06
Q14DG7	Q14DG7;Q14DG7-2				1.69922e+06
Q15063-3	Q15063-3;Q15063-4;Q15063-7				892935
Q15084;Q15084-2;Q15084-3;Q15084-4;Q15084-5	Q15084;Q15084-2;Q15084-3;Q15084-4;Q15084-5				849272
Q15113	Q15113				3.88738e+07
Q15121;Q15121-2	Q15121;Q15121-2				235260
Q15166	Q15166				6.26824e+06
Q15223;Q15223-2;Q15223-3	Q15223;Q15223-2;Q15223-3				7.42005e+06
Q15256;Q15256-5	Q15256;Q15256-5				3.38689e+07
Q15257;Q15257-2;Q15257-3	Q15257;Q15257-2;Q15257-3				511854
Q15262;Q15262-2;Q15262-3;Q15262-4	Q15262;Q15262-2;Q15262-3;Q15262-4				2.76094e+06
Q15293;Q15293-2	Q15293;Q15293-2				1.25722e+07
Q15303;Q15303-2;Q15303-3;Q15303-4	Q15303;Q15303-2;Q15303-3;Q15303-4				2.30394e+06
Q15375;Q15375-2;Q15375-4	Q15375;Q15375-2;Q15375-4				1.99688e+06
Q15459;Q15459-2	Q15459;Q15459-2				615580
Q15465	Q15465				1.9139e+06
Q15582	Q15582				3.86982e+07
Q15768	Q15768				7.78299e+06
Q15782;Q15782-6	Q15782;Q15782-6				1.2446e+07
Q15818	Q15818				4.52009e+07
Q15828	Q15828				2.09565e+06
Q15846	Q15846				992962
Q15847	Q15847				835198
Q15848	Q15848				3.91528e+06
Q15904	Q15904				1.34588e+08
Q16270	Q16270;Q16270-2				3.11473e+08
Q16288;Q16288-2;Q16288-3;Q16288-4;Q16288-5	Q16288;Q16288-2;Q16288-3;Q16288-4;Q16288-5				5.76095e+06
Q16363;Q16363-2	Q16363;Q16363-2				2.57836e+06
Q16394	Q16394				653439
Q16531	Q16531				1.53083e+06
Q16555;Q16555-2	Q16555;Q16555-2				4.70135e+06
Q16568	Q16568				4.18484e+06
Q16581	Q16581				2.73998e+06
Q16610;Q16610-4	Q16610;Q16610-2;Q16610-3;Q16610-4				2.68428e+07
Q16620;Q16620-2;Q16620-3;Q16620-4;Q16620-5;Q16620-6	Q16620;Q16620-2;Q16620-3;Q16620-4;Q16620-5;Q16620-6				6.85689e+06
Q16623;Q16623-2;Q16623-3	Q16623;Q16623-2;Q16623-3				127291
Q16627;Q16627-2	Q16627;Q16627-2				3.38284e+06
Q16651	Q16651;Q16651-2				1.05121e+06
Q16653;Q16653-10;Q16653-11;Q16653-13;Q16653-2;Q16653-3;Q16653-5;Q16653-6;Q16653-7;Q16653-8;Q16653-9	Q16653;Q16653-10;Q16653-11;Q16653-13;Q16653-2;Q16653-3;Q16653-5;Q16653-6;Q16653-7;Q16653-8;Q16653-9				2.065e+07
Q16658	Q16658				3.98946e+06
Q16674	Q16674				1.06878e+07
Q16706	Q16706				5.20817e+06
Q16769	Q16769				2.65375e+07
Q16775;Q16775-2	Q16775;Q16775-2				1.80231e+06
Q16799	Q16799;Q16799-2				368068
Q16849	Q16849;Q16849-3;Q16849-2				3.34583e+07
Q16853;Q16853-2	Q16853;Q16853-2				1.90235e+06
Q16880	Q16880				1.83215e+07
Q16881;Q16881-2;Q16881-3;Q16881-4;Q16881-5;Q16881-6;Q16881-7	Q16881;Q16881-4;Q16881-5;Q16881-2;Q16881-3;Q16881-6;Q16881-7				611049
Q16891;Q16891-2;Q16891-3;Q16891-4	Q16891;Q16891-2;Q16891-3;Q16891-4				3.02388e+06
Q24JP5;Q24JP5-2	Q24JP5;Q24JP5-2;Q24JP5-3				2.89348e+07
Q2TAL6	Q2TAL6				1.84621e+06
Q2TBF2;Q2TBF2-2	Q2TBF2;Q2TBF2-2				1.03411e+06
Q2UY09	Q2UY09;Q2UY09-2;Q2UY09-3				910749
Q30154	P79483;Q30154				1.67629e+06
Q495W5;Q495W5-2	Q495W5;Q495W5-2				5.96286e+06
Q504Y0;Q504Y0-2;Q504Y0-3;Q504Y0-4;Q504Y0-5	Q504Y0;Q504Y0-2;Q504Y0-3;Q504Y0-4;Q504Y0-5				132654
Q53EL9;Q53EL9-3	Q53EL9;Q53EL9-2;Q53EL9-3				4.98739e+07
Q53RD9;Q53RD9-2;Q53RD9-3;Q53RD9-4	Q53RD9;Q53RD9-2;Q53RD9-3;Q53RD9-4				4.70136e+06
Q562R1	Q562R1				2.09188e+07
Q58EX2;Q58EX2-2;Q58EX2-3;Q58EX2-4	Q58EX2;Q58EX2-2;Q58EX2-3;Q58EX2-4				773545
Q59EK9;Q59EK9-2;Q59EK9-3;Q59EK9-4	Q59EK9;Q59EK9-3;Q59EK9-2;Q59EK9-4				1.99554e+06
Q5BIV9	Q5BIV9				7.55265e+06
Q5BLP8;Q5BLP8-2;Q5BLP8-3	Q5BLP8;Q5BLP8-2;Q5BLP8-3				1.79963e+07
Q5FWE3;Q5FWE3-3	Q5FWE3;Q5FWE3-3				4.0422e+07
Q5JRA6;Q5JRA6-2	Q5JRA6;Q5JRA6-2				3.1031e+06
Q5JS37;Q5JS37-2	Q5JS37;Q5JS37-2				2.57911e+06
Q5JZY3;Q5JZY3-2;Q5JZY3-3	Q5JZY3;Q5JZY3-2;Q5JZY3-3				2.00482e+06
Q5KU26	Q5KU26				1.13639e+07
Q5R3F8	Q5R3F8				1.85235e+06
Q5SZK8;Q5SZK8-2	Q5SZK8;Q5SZK8-2				684368
Q5T848	Q5T848				1.44832e+07
Q5VSG8	Q5VSG8				1.02742e+07
Q5VU97	Q5VU97				9.60083e+06
Q5VUB5	Q5VUB5				1.83772e+06
Q5VV43;Q5VV43-2;Q5VV43-4	Q5VV43;Q5VV43-2;Q5VV43-4				4.59793e+06
Q5VWW1;Q5VWW1-2;Q5VWW1-3	Q5VWW1;Q5VWW1-2;Q5VWW1-3				3.74984e+06
Q63HQ2;Q63HQ2-2	Q63HQ2;Q63HQ2-2				2.7665e+06
Q641Q3	Q641Q3;Q641Q3-2				5.52512e+06
Q658N2	Q658N2				5.28098e+06
Q68BL7;Q68BL7-2;Q68BL7-3	Q68BL7;Q68BL7-2;Q68BL7-3				5.69525e+06
Q68D85	Q68D85				1.44663e+06
Q6E0U4;Q6E0U4-16;Q6E0U4-2;Q6E0U4-3;Q6E0U4-4;Q6E0U4-5;Q6E0U4-6;Q6E0U4-7	Q6E0U4;Q6E0U4-16;Q6E0U4-2;Q6E0U4-3;Q6E0U4-4;Q6E0U4-5;Q6E0U4-6;Q6E0U4-7				2.00293e+06
Q6EMK4	Q6EMK4				1.33419e+07
Q6FHJ7	Q6FHJ7				5.46578e+06
Q6GTX8;Q6GTX8-2;Q6GTX8-3;Q6GTX8-4;Q6ISS4;Q6ISS4-2	Q6GTX8;Q6ISS4;Q6GTX8-2;Q6GTX8-3;Q6GTX8-4;Q6ISS4-2				6.65098e+06
Q6IEE7	Q6IEE7				389317
Q6IS24	Q6IS24				283353
Q6JBY9;Q6JBY9-2	Q6JBY9;Q6JBY9-2				90904.8
Q6MZW2	Q6MZW2;Q6MZW2-2;Q6MZW2-3				1.49435e+07
Q6NUJ2	Q6NUJ2				3.77789e+06
Q6NW40	Q6NW40				3.2162e+07
Q6P179;Q6P179-2;Q6P179-3;Q6P179-4	Q6P179;Q6P179-2;Q6P179-3;Q6P179-4				425699
Q6P4E1;Q6P4E1-5	Q6P4E1;Q6P4E1-2;Q6P4E1-5				1.17791e+07
Q6P9A2	Q6P9A2				1.87796e+06
Q6PCB0	Q6PCB0				1.67238e+06
Q6PUV4	Q6PUV4				809933
Q6RVD6	Q6RVD6				1.39015e+06
Q6UVK1	Q6UVK1				4.65331e+06
Q6UVY6;Q6UVY6-2	Q6UVY6;Q6UVY6-2				5.21104e+06
Q6UW01	Q6UW01				1.39804e+07
Q6UWH4;Q6UWH4-2	Q6UWH4;Q6UWH4-2;Q6UWH4-3				2.87118e+06
Q6UWP8	Q6UWP8;Q6UWP8-2				603022
Q6UWR7	Q6UWR7				2.27383e+06
Q6UWY5	Q6UWY5				1.35011e+06
Q6UX15;Q6UX15-2	Q6UX15;Q6UX15-2				1.13777e+07
Q6UX71	Q6UX71;Q6UX71-2				2.88076e+07
Q6UX72	Q6UX72				1.89758e+06
Q6UX73;Q6UX73-2	Q6UX73;Q6UX73-2				2.61126e+07
Q6UXB8	Q6UXB8;Q6UXB8-2				2.89472e+07
Q6UXD5-3;Q6UXD5-5	Q6UXD5;Q6UXD5-2;Q6UXD5-3;Q6UXD5-4;Q6UXD5-5;Q6UXD5-6				2.14627e+07
Q6UXH9;Q6UXH9-2	Q6UXH9;Q6UXH9-2;Q6UXH9-3				1.67355e+06
Q6UXI9;Q6UXI9-3;Q6UXI9-4;Q6UXI9-5;Q6UXI9-6	Q6UXI9;Q6UXI9-2;Q6UXI9-3;Q6UXI9-4;Q6UXI9-5;Q6UXI9-6				785447
Q6UXK2	Q6UXK2				3.7984e+06
Q6UXK5	Q6UXK5				1.73846e+06
Q6UXZ4;Q6UXZ4-2	Q6UXZ4;Q6UXZ4-2				3.14439e+06
Q6UY14;Q6UY14-2;Q6UY14-3	Q6UY14;Q6UY14-3;Q6UY14-2				787891
Q6YHK3	Q6YHK3;Q6YHK3-2;Q6YHK3-4				2.58421e+07
Q6ZMI3	Q6ZMI3;Q6ZMI3-2				8.47065e+06
Q6ZMP0;Q6ZMP0-2	Q6ZMP0;Q6ZMP0-2				618765
Q6ZN30;Q6ZN30-2	Q6ZN30;Q6ZN30-2				3.68744e+06
Q6ZRP7	Q6ZRP7				5.20375e+06
Q6ZSJ9;Q6ZSJ9-2;Q6ZSJ9-3	Q6ZSJ9;Q6ZSJ9-2;Q6ZSJ9-3				1.45191e+07
Q6ZVL6-2	Q6ZVL6;Q6ZVL6-2				5.48707e+06
Q76KP1	Q76KP1				1.57821e+06
Q7KYR7;Q7KYR7-1;Q7KYR7-4;Q7KYR7-6;Q8WVV5;Q8WVV5-2;Q8WVV5-3	Q7KYR7;Q8WVV5;Q7KYR7-4;Q7KYR7-1;Q7KYR7-5;Q7KYR7-6;Q8WVV5-2;Q8WVV5-3				856523
Q7L0X0	Q7L0X0				2.14002e+06
Q7LFX5	Q7LFX5				4.8698e+06
Q7LGC8	Q7LGC8				890523
Q7Z304	Q7Z304				2.71325e+06
Q7Z3B1	Q7Z3B1;Q7Z3B1-2				1.0971e+08
Q7Z3D4	Q7Z3D4				678960
Q7Z553;Q7Z553-3	Q7Z553;Q7Z553-2;Q7Z553-3				1.83557e+06
Q7Z5A7;Q7Z5A7-2	Q7Z5A7;Q7Z5A7-2;Q7Z5A7-3				1.47431e+07
Q7Z5L0	Q7Z5L0				2.32094e+06
Q7Z5L7;Q7Z5L7-2;Q7Z5L7-3	Q7Z5L7;Q7Z5L7-2;Q7Z5L7-3;Q7Z5L7-4				2.32582e+06
Q7Z5N4;Q7Z5N4-3	Q7Z5N4;Q7Z5N4-3				60681.3
Q7Z7G0;Q7Z7G0-2;Q7Z7G0-3;Q7Z7G0-4	Q7Z7G0;Q7Z7G0-2;Q7Z7G0-3;Q7Z7G0-4				2.62885e+06
Q7Z7H5;Q7Z7H5-3	Q7Z7H5;Q7Z7H5-2;Q7Z7H5-3				2.08002e+06
Q7Z7M0	Q7Z7M0;Q7Z7M0-2				2.96493e+07
Q86SF2	Q86SF2				8.0562e+06
Q86SJ2	Q86SJ2				223293
Q86SR1	Q86SR1;Q86SR1-2;Q86SR1-4				3.07932e+06
Q86TH1	Q86TH1				670605
Q86TY3;Q86TY3-2	Q86TY3;Q86TY3-2				1.34634e+07
Q86UD1	Q86UD1				9.59045e+06
Q86UN2	Q86UN2				3.1762e+06
Q86UN3	Q86UN3				2.09467e+07
Q86UP0;Q86UP0-2	Q86UP0;Q86UP0-2				8.59853e+06
Q86UW8	Q86UW8				1.38909e+06
Q86UX2	Q86UX2;Q86UX2-2;Q86UX2-3				2.08828e+07
Q86V85	Q86V85				711458
Q86VB7;Q86VB7-2;Q86VB7-3;Q86VB7-4	Q86VB7;Q86VB7-2;Q86VB7-3;Q86VB7-4				1.7266e+07
Q86VV8;Q86VV8-3	Q86VV8;Q86VV8-3				1.20204e+06
Q86VZ4	Q86VZ4				3.27501e+06
Q86X29;Q86X29-2;Q86X29-3;Q86X29-4;Q86X29-5;Q86X29-6	Q86X29;Q86X29-2;Q86X29-3;Q86X29-4;Q86X29-5;Q86X29-6				5.74943e+06
Q86XR7-2;Q9Y3B3;Q9Y3B3-2	Q9Y3B3;Q86XR7-2;Q9Y3B3-2				698529
Q86Y38	Q86Y38				2.76174e+06
Q86Y82	Q86Y82				1.17588e+06
Q86YD3;Q86YD3-2;Q86YD3-4;Q86YD3-5	Q86YD3;Q86YD3-2;Q86YD3-3;Q86YD3-4;Q86YD3-5				1.2979e+07
Q86YT9;Q86YT9-2;Q86YT9-3;Q86YT9-4	Q86YT9;Q86YT9-2;Q86YT9-3;Q86YT9-4				618386
Q86YZ3	Q86YZ3				427046
Q8IUC8	Q8IUC8;Q8IUC8-3;Q8IUC8-2				5.54479e+06
Q8IUK5;Q8IUK5-2;Q8IUK5-3	Q8IUK5;Q8IUK5-2;Q8IUK5-3;Q8IUK5-4				6.21576e+06
Q8IUK8	Q8IUK8				1.22828e+07
Q8IUX7	Q8IUX7;Q8IUX7-2				1.34579e+07
Q8IV08	Q8IV08				1.27621e+07
Q8IW52	Q8IW52				5.78771e+06
Q8IWT1	Q8IWT1;Q8IWT1-2				1.86452e+06
Q8IWU5;Q8IWU5-2	Q8IWU5;Q8IWU5-2				2.25045e+07
Q8IWV2	Q8IWV2				5.36503e+06
Q8IWY4	Q8IWY4				1.41868e+06
Q8IXL6	Q8IXL6;Q8IXL6-2				5.54254e+06
Q8IYJ0;Q8IYJ0-2	Q8IYJ0;Q8IYJ0-2				7.35914e+07
Q8IYS5-2;Q8IYS5-3;Q8IYS5-6	Q8IYS5;Q8IYS5-2;Q8IYS5-3;Q8IYS5-4;Q8IYS5-5;Q8IYS5-6;Q8IYS5-7				2.9867e+06
Q8IZA0;Q8IZA0-2	Q8IZA0;Q8IZA0-2				1.15985e+07
Q8IZJ1;Q8IZJ1-2	Q8IZJ1;Q8IZJ1-2				1.71544e+06
Q8IZP7	Q8IZP7				6.02559e+06
Q8IZS8	Q8IZS8;Q8IZS8-2;Q8IZS8-3				2.91634e+06
Q8N111	Q8N111				1.48268e+06
Q8N114;Q8N114-2	Q8N114;Q8N114-2				3.95772e+07
Q8N126;Q8N126-2	Q8N126;Q8N126-2				4.58583e+07
Q8N149;Q8N149-2;Q8N149-3;Q8N149-4	Q8N149;Q8N149-2;Q8N149-3;Q8N149-4				1.98574e+06
Q8N2Q7;Q8N2Q7-2	Q8N2Q7;Q8N2Q7-2				1.57401e+06
Q8N2S1;Q8N2S1-2;Q8N2S1-3	Q8N2S1;Q8N2S1-2;Q8N2S1-3				1.32023e+07
Q8N3G9	Q8N3G9;Q8N3G9-2;Q8N3G9-3				896056
Q8N3J6;Q8N3J6-2;Q8N3J6-3;Q8N3J6-4;Q8N3J6-5	Q8N3J6;Q8N3J6-2;Q8N3J6-3;Q8N3J6-4;Q8N3J6-5				1.22674e+07
Q8N3T1	Q8N3T1				1.18318e+06
Q8N3T6	Q8N3T6				3.69945e+06
Q8N428	Q8N428;Q8N428-2				3.31417e+06
Q8N436	Q8N436				1.37182e+06
Q8N474	Q8N474				1.21842e+06
Q8N475;Q8N475-2	Q8N475;Q8N475-2;Q8N475-3				3.51598e+06
Q8N608;Q8N608-2;Q8N608-3;Q8N608-4	Q8N608;Q8N608-2;Q8N608-3;Q8N608-4				676387
Q8N6C5;Q8N6C5-2;Q8N6C5-4	Q8N6C5;Q8N6C5-2;Q8N6C5-4				1.83227e+06
Q8N8Z6;Q8N8Z6-2	Q8N8Z6;Q8N8Z6-2				963615
Q8N967	Q8N967				2.05754e+06
Q8N9I0	Q8N9I0				719352
Q8NBI6	Q8NBI6				5.79769e+06
Q8NBJ4;Q8NBJ4-2	Q8NBJ4;Q8NBJ4-2				1.571e+07
Q8NBJ7;Q8NBJ7-2	Q8NBJ7;Q8NBJ7-2;Q8NBJ7-3				1.12209e+06
Q8NBP7	Q8NBP7				3.09785e+06
Q8NBS9;Q8NBS9-2	Q8NBS9;Q8NBS9-2				664886
Q8NC42	Q8NC42				561415
Q8NCC3	Q8NCC3;Q8NCC3-2				2.20718e+06
Q8NCH0	Q8NCH0				574164
Q8NCL4	Q8NCL4				6.09664e+06
Q8NCW5;Q8NCW5-2	Q8NCW5;Q8NCW5-2				2.7467e+06
Q8NEP3;Q8NEP3-2;Q8NEP3-3	Q8NEP3;Q8NEP3-2;Q8NEP3-3				7.48889e+08
Q8NES3;Q8NES3-3	Q8NES3;Q8NES3-3				7.39009e+06
Q8NEY1;Q8NEY1-2;Q8NEY1-3;Q8NEY1-4;Q8NEY1-6;Q8NEY1-7	Q8NEY1;Q8NEY1-2;Q8NEY1-3;Q8NEY1-4;Q8NEY1-6;Q8NEY1-7				3.2983e+07
Q8NFL0	Q8NFL0				332369
Q8NFP4;Q8NFP4-2	Q8NFP4;Q8NFP4-2				2.12054e+06
Q8NFT8	Q8NFT8				513072
Q8NFY4;Q8NFY4-6	Q8NFY4;Q8NFY4-2;Q8NFY4-3;Q8NFY4-4;Q8NFY4-5;Q8NFY4-6;Q8NFY4-8				5.62959e+06
Q8NFZ4	Q8NFZ4				8.67796e+06
Q8NFZ8	Q8NFZ8				6.05186e+07
Q8NHJ6;Q8NHJ6-2;Q8NHJ6-3	Q8NHJ6;Q8NHJ6-2;Q8NHJ6-3				928971
Q8NHL6;Q8NHL6-2;Q8NHL6-3;Q8NHL6-4;Q8NHL6-5	Q8NHL6;Q8NHL6-5;Q8NHL6-2;Q8NHL6-3;Q8NHL6-4				279748
Q8NHP8	Q8NHP8;Q8NHP8-2				5.41494e+06
Q8NHQ9	Q8NHQ9				2.40288e+08
Q8TAB3;Q8TAB3-2;Q8TAB3-3	Q8TAB3;Q8TAB3-2;Q8TAB3-3				903064
Q8TAG5;Q8TAG5-2	Q8TAG5;Q8TAG5-2				3.28967e+07
Q8TBP5	Q8TBP5				1.01443e+07
Q8TCZ2	Q8TCZ2;Q8TCZ2-2;Q8TCZ2-3;Q8TCZ2-5;Q8TCZ2-6				3.63274e+07
Q8TDF5;Q8TDF5-1;Q8TDF5-2	Q8TDF5;Q8TDF5-1;Q8TDF5-2				333175
Q8TDQ0;Q8TDQ0-2	Q8TDQ0;Q8TDQ0-2				4.55427e+06
Q8TEA8	Q8TEA8				1.18945e+06
Q8TER0;Q8TER0-5	Q8TER0;Q8TER0-3;Q8TER0-4;Q8TER0-5				6.90785e+06
Q8TEU8	Q8TEU8				2.46803e+07
Q8WUA8	Q8WUA8				202949
Q8WUJ3	Q8WUJ3				2.72749e+06
Q8WVK7	Q8WVK7				1.6598e+07
Q8WVN6	Q8WVN6				5.39127e+06
Q8WVQ1;Q8WVQ1-3	Q8WVQ1;Q8WVQ1-2;Q8WVQ1-3				4.7511e+06
Q8WWX9	Q8WWX9				3.85411e+06
Q8WX77	Q8WX77				2.00042e+06
Q8WXD2	Q8WXD2				1.58127e+08
Q8WXD2-2	Q8WXD2-2				7.67085e+06
Q8WXS5	Q8WXS5				119520
Q8WY21;Q8WY21-2;Q8WY21-3;Q8WY21-4	Q8WY21;Q8WY21-2;Q8WY21-3;Q8WY21-4				2.20197e+07
Q8WYK1	Q8WYK1				1.32916e+06
Q8WZ75;Q8WZ75-2;Q8WZ75-3	Q8WZ75;Q8WZ75-2;Q8WZ75-3				3.95021e+06
Q8WZA1	Q8WZA1;Q8WZA1-2				3.25632e+07
Q92484;Q92484-2	Q92484;Q92484-2				6.28192e+06
Q92485	Q92485;Q92485-2				3.05533e+06
Q92520	Q92520				1.40482e+08
Q92542;Q92542-2	Q92542;Q92542-2				2.50556e+06
Q92563	Q92563				9.56606e+06
Q92626	Q92626;Q92626-2				645165
Q92673	Q92673				2.73389e+07
Q92692;Q92692-2	Q92692;Q92692-2				2.21242e+06
Q92729;Q92729-2;Q92729-3;Q92729-4	Q92729;Q92729-2;Q92729-3;Q92729-4				874314
Q92743	Q92743				3.51879e+06
Q92752	Q92752;Q92752-2				9.54243e+06
Q92765	Q92765				8.7397e+06
Q92820	Q92820				1.73951e+07
Q92823;Q92823-2;Q92823-5	Q92823;Q92823-2;Q92823-3;Q92823-4;Q92823-5;Q92823-6				1.87705e+08
Q92832;Q92832-2	Q92832;Q92832-2				1.62613e+06
Q92854	Q92854;Q92854-2				2.95115e+06
Q92859;Q92859-2;Q92859-3	Q92859;Q92859-2;Q92859-3;Q92859-4				2.81929e+07
Q92876	Q92876;Q92876-2				2.80811e+08
Q92896;Q92896-2;Q92896-3	Q92896;Q92896-2;Q92896-3				1.65863e+06
Q92911	Q92911				1.11993e+06
Q92932;Q92932-2;Q92932-3;Q92932-4	Q92932;Q92932-2;Q92932-3;Q92932-4				1.51146e+07
Q92945;Q96AE4;Q96AE4-2	Q92945;Q96AE4;Q96AE4-2				1.46912e+07
Q92954;Q92954-2;Q92954-3;Q92954-4;Q92954-5;Q92954-6	Q92954;Q92954-2;Q92954-3;Q92954-4;Q92954-5;Q92954-6				3.86278e+06
Q93063;Q93063-2;Q93063-3	Q93063;Q93063-2;Q93063-3				1.2009e+06
Q93091	Q93091				4.59897e+06
Q969H8	Q969H8				3.87972e+06
Q969P0;Q969P0-3	Q969P0;Q969P0-3				9.68956e+07
Q969T9	Q969T9;Q969T9-2				1.00363e+07
Q969Z4	Q969Z4				1.74777e+06
Q96AP7	Q96AP7				1.18338e+07
Q96AQ1;Q96AQ1-2;Q96LY2;Q96LY2-2	Q96LY2;Q96LY2-2;Q96AQ1;Q96AQ1-2				510730
Q96AQ6;Q96AQ6-2	Q96AQ6;Q96AQ6-2;Q96AQ6-3				1.54403e+06
Q96B86;Q96B86-3;Q96B86-4	Q96B86;Q96B86-3;Q96B86-4				1.16164e+07
Q96BY9	Q96BY9				819569
Q96BZ4	Q96BZ4				1.04952e+07
Q96CG8;Q96CG8-2;Q96CG8-3	Q96CG8;Q96CG8-2;Q96CG8-3				1.92616e+06
Q96CW9;Q96CW9-2	Q96CW9;Q96CW9-2				346250
Q96D05;Q96D05-2	Q96D05;Q96D05-2				1.97153e+06
Q96DD7	Q96DD7				67620.5
Q96DZ1;Q96DZ1-2;Q96DZ1-3	Q96DZ1;Q96DZ1-2;Q96DZ1-3				166312
Q96EG1	Q96EG1				811715
Q96EU7	Q96EU7				565110
Q96FE5;Q96FE5-2	Q96FE5;Q7L985;Q96FE5-2				7.26388e+06
Q96FE7-4	Q96FE7;Q96FE7-2;Q96FE7-4;Q96FE7-5				2.81534e+07
Q96FJ2	P63167;Q96FJ2				3.10221e+06
Q96GD0	Q96GD0				272633
Q96GW7	Q96GW7;Q96GW7-2				2.00004e+08
Q96HD1;Q96HD1-2	Q96HD1;Q96HD1-2				2.90351e+06
Q96HU1;Q96HU1-2	Q96HU1;Q96HU1-2				1.3884e+06
Q96ID5	Q96ID5				1.17902e+07
Q96IU4	Q96IU4				905210
Q96IY4	Q96IY4;Q96IY4-2				1.16291e+07
Q96J42;Q96J42-2	Q96J42;Q96J42-2				262994
Q96JF0	Q96JF0;Q96JF0-2				1.11429e+07
Q96JP9	Q96JP9				206025
Q96JQ0	Q96JQ0				1.24892e+06
Q96KN2	Q96KN2				4.10656e+08
Q96KR4;Q96KR4-3	Q96KR4;Q96KR4-3				699709
Q96MK3	Q96MK3				221037
Q96MU8;Q96MU8-2;Q96MU8-3	Q96MU8;Q96MU8-2;Q96MU8-3				2.73481e+06
Q96NU0;Q96NU0-2;Q9BZ76;Q9BZ76-2	Q96NU0;Q9BZ76;Q9BZ76-2;Q96NU0-2				862671
Q96NZ9	Q96NZ9;Q96NZ9-2;Q96NZ9-4				4.62568e+06
Q96P44;Q96P44-3	Q96P44;Q96P44-3				3.26774e+06
Q96PD2;Q96PD2-2	Q96PD2;Q96PD2-2				1.01217e+06
Q96PD5	Q96PD5;Q96PD5-2				4.34804e+07
Q96PQ0	Q96PQ0				6.35998e+06
Q96PX8	Q96PX8				6.05481e+06
Q96RW7;Q96RW7-2	Q96RW7;Q96RW7-2				282536
Q96S96	Q96S96				7.539e+07
Q96SM3	Q96SM3				985775
Q96TC7;Q96TC7-2	Q96TC7;Q96TC7-2				495052
Q99435;Q99435-2;Q99435-3;Q99435-4	Q99435;Q99435-2;Q99435-3;Q99435-4				2.0406e+08
Q99497	Q99497				1.62708e+07
Q99519	Q99519				2.42441e+06
Q99523	Q99523;Q99523-2				8.09679e+06
Q99574	Q99574				2.01361e+07
Q99650;Q99650-2	Q99650;Q99650-2				5.27849e+06
Q99674	Q99674;Q99674-3				1.97009e+07
Q99715	Q99715;Q99715-2;Q99715-4				2.53877e+06
Q99784	Q99784;Q99784-3;Q99784-5				5.57218e+06
Q99941;Q99941-2	Q99941;Q99941-2				1.50629e+06
Q99946	Q99946				4.87608e+06
Q99969	Q99969				1.76808e+07
Q99972	Q99972				2.26109e+06
Q99983	Q99983				2.15257e+07
Q99985	Q99985				1.92745e+06
Q9BQ16	Q9BQ16;Q9BQ16-1;Q9BQ16-4;Q9BQ16-5;Q9BQ16-6;Q9BQ16-7;Q9BQ16-8				7.91571e+06
Q9BQS7;Q9BQS7-2;Q9BQS7-3;Q9BQS7-4	Q9BQS7;Q9BQS7-2;Q9BQS7-3;Q9BQS7-4				51570
Q9BQT9;Q9BQT9-2	Q9BQT9;Q9BQT9-2				1.01136e+08
Q9BRA2	Q9BRA2				1.87198e+06
Q9BRK3;Q9BRK3-2;Q9BRK3-3	Q9BRK3;Q9BRK3-2;Q9BRK3-3				4.99781e+06
Q9BRK5	Q9BRK5;Q9BRK5-2;Q9BRK5-5				1.03442e+07
Q9BS26	Q9BS26				1.24377e+06
Q9BSG5;Q9BSG5-2;Q9BSG5-3	Q9BSG5;Q9BSG5-2;Q9BSG5-3				3.84323e+06
Q9BTY2	Q9BTY2				8.57903e+06
Q9BU40;Q9BU40-3;Q9BU40-4;Q9BU40-5	Q9BU40;Q9BU40-3;Q9BU40-4;Q9BU40-5				3.66962e+06
Q9BUD6	Q9BUD6				3.7134e+06
Q9BUJ0	Q9BUJ0				2.22426e+06
Q9BUN1	Q9BUN1				5.08766e+06
Q9BWQ8	Q9BWQ8				6.04279e+06
Q9BWS9;Q9BWS9-2;Q9BWS9-3	Q9BWS9;Q9BWS9-2;Q9BWS9-3				2.11038e+06
Q9BX67;Q9BX67-2	Q9BX67;Q9BX67-2				6.70162e+06
Q9BXJ0	Q9BXJ0				6.61007e+06
Q9BXJ1;Q9BXJ1-2	Q9BXJ1;Q9BXJ1-2				3.27895e+06
Q9BXJ3	Q9BXJ3				4.86856e+06
Q9BXJ4;Q9BXJ4-2;Q9BXJ4-3	Q9BXJ4;Q9BXJ4-2;Q9BXJ4-3				1.27695e+07
Q9BXP8	Q9BXP8				518812
Q9BXX0	Q9BXX0				1.21704e+06
Q9BY67-2	Q9BY67;Q9BY67-2;Q9BY67-3;Q9BY67-4;Q9BY67-5				6.38821e+07
Q9BYC5;Q9BYC5-2	Q9BYC5;Q9BYC5-2				371619
Q9BYH1;Q9BYH1-5;Q9BYH1-6;Q9BYH1-7	Q9BYH1;Q9BYH1-2;Q9BYH1-3;Q9BYH1-4;Q9BYH1-5;Q9BYH1-6;Q9BYH1-7				3.25948e+07
Q9BYJ0	Q9BYJ0				2.08767e+06
Q9BZC7;Q9BZC7-2;Q9BZC7-3;Q9BZC7-4	Q9BZC7;Q9BZC7-2;Q9BZC7-3;Q9BZC7-4				1.2684e+07
Q9BZM5	Q5VY80;Q6H3X3;Q9BZM5;Q6H3X3-2;Q6H3X3-3				740010
Q9BZR6	Q9BZR6				1.1288e+07
Q9C0A0	Q9C0A0;Q96NU0;Q9BZ76;Q9BZ76-2;Q96NU0-2;Q9C0A0-2				2.39951e+07
Q9GZM5	Q9GZM5				2.92184e+07
Q9GZP0;Q9GZP0-2	Q9GZP0;Q9GZP0-2				320658
Q9GZP4;Q9GZP4-2	Q9GZP4;Q9GZP4-2				2.94358e+06
Q9GZT8;Q9GZT8-2	Q9GZT8;Q9GZT8-2;Q9GZT8-3				1.2432e+06
Q9GZV7	Q9GZV7				1.64266e+06
Q9GZX3	Q9GZX3				1.02821e+06
Q9GZX9	Q9GZX9				3.34368e+06
Q9H0Q3;Q9H0Q3-2	Q9H0Q3;Q9H0Q3-2				4.21213e+06
Q9H0R4;Q9H0R4-2	Q9H0R4;Q9H0R4-2				689687
Q9H156;Q9H156-2	Q9H156;Q9H156-2				1.449e+06
Q9H173	Q9H173				1.07247e+06
Q9H1U4	Q9H1U4				2.72896e+06
Q9H1Z8	Q9H1Z8				3.10258e+07
Q9H251;Q9H251-2;Q9H251-3;Q9H251-4;Q9H251-8	Q9H251;Q9H251-2;Q9H251-3;Q9H251-4;Q9H251-8				486024
Q9H299	Q9H299				4.99996e+06
Q9H2A7	Q9H2A7				1.48239e+07
Q9H2B2;Q9H2B2-2	Q9H2B2;Q9H2B2-2				7.34684e+06
Q9H2E6;Q9H2E6-2	Q9H2E6;Q9H2E6-2				1.22823e+07
Q9H2X0;Q9H2X0-5	Q9H2X0;Q9H2X0-5				6.08344e+06
Q9H3G5	Q9H3G5				6.48745e+06
Q9H3S3	Q9H3S3				1.25229e+06
Q9H3T2;Q9H3T2-3	Q9H3T2;Q9H3T2-2;Q9H3T2-3				909679
Q9H3T3;Q9H3T3-3	Q9H3T3;Q9H3T3-3				1.4554e+06
Q9H492;Q9H492-2	Q9GZQ8;Q9H492;A6NCE7;Q9H492-2				741221
Q9H4D0	Q9H4D0				5.19971e+06
Q9H4F8;Q9H4F8-2	Q9H4F8;Q9H4F8-2				3.53564e+06
Q9H6B4	Q9H6B4				6.92831e+06
Q9H6X2;Q9H6X2-2;Q9H6X2-3;Q9H6X2-4;Q9H6X2-5;Q9H6X2-6	Q9H6X2;Q9H6X2-2;Q9H6X2-3;Q9H6X2-4;Q9H6X2-5;Q9H6X2-6				3.63604e+06
Q9H741	Q9H741				1.88709e+06
Q9H7Y0	Q9H7Y0;Q9H7Y0-2				1.25119e+06
Q9H8J5	Q9H8J5				9.28539e+06
Q9H8L6	Q9H8L6				1.45035e+07
Q9H9S5	Q9H9S5				718533
Q9HAR2;Q9HAR2-2;Q9HAR2-3;Q9HAR2-4	Q9HAR2;Q9HAR2-2;Q9HAR2-3;Q9HAR2-4				4.66327e+06
Q9HAT2	Q9HAT2;Q9HAT2-2				7.96532e+06
Q9HBR0	Q9HBR0				3.52735e+06
Q9HBT6	Q9HBT6				1.4727e+06
Q9HBW1	Q9HBW1				2.42354e+06
Q9HC38-2	Q9HC38;Q9HC38-2				739891
Q9HC56;Q9HC56-2	Q9HC56;Q9HC56-2				5.00209e+06
Q9HC57	Q9HC57				7.42979e+06
Q9HCB6	Q9HCB6				4.75745e+06
Q9HCK4;Q9HCK4-2;Q9HCK4-3	Q9HCK4;Q9HCK4-2;Q9HCK4-3				4.14324e+06
Q9HCL0;Q9HCL0-2	Q9HCL0;Q9HCL0-2				320643
Q9HCU0	Q9HCU0				6.04354e+06
Q9HCU4	Q9HCU4				1.2813e+07
Q9HDB5;Q9HDB5-2;Q9HDB5-3;Q9HDB5-4	Q9HDB5;Q9HDB5-2;Q9HDB5-3;Q9HDB5-4				1.27832e+07
Q9HDC9;Q9HDC9-2	Q9HDC9;Q9HDC9-2				295211
Q9NP80;Q9NP80-2;Q9NP80-3	Q9NP80;Q9NP80-2;Q9NP80-3				1.62872e+07
Q9NPC4	Q9NPC4				758512
Q9NPD7	Q9NPD7				5.33377e+06
Q9NPH3;Q9NPH3-2;Q9NPH3-3;Q9NPH3-5	Q9NPH3;Q9NPH3-2;Q9NPH3-3;Q9NPH3-5				1.08145e+06
Q9NPR2;Q9NPR2-2	Q9NPR2;Q9NPR2-2				9.5857e+06
Q9NQ79;Q9NQ79-2;Q9NQ79-3	Q9NQ79;Q9NQ79-2;Q9NQ79-3				9.5059e+07
Q9NQX5	Q9NQX5				3.94828e+06
Q9NQX7	Q9NQX7;Q9NQX7-2				647418
Q9NR34	Q9NR34				6.37139e+06
Q9NRB3	Q9NRB3				548739
Q9NRN5	Q9NRN5;Q9NRN5-2				3.89476e+07
Q9NRR1	Q9NRR1				7.94346e+06
Q9NS84	Q9NS84				145630
Q9NS85	Q9NS85;Q9NS85-2				3.02161e+06
Q9NS98	Q9NS98				1.096e+07
Q9NSC7	Q9NSC7				1.24591e+06
Q9NT22;Q9NT22-2	Q9NT22;Q9NT22-2				1.30275e+06
Q9NT99	Q9NT99				1.75965e+07
Q9NTU7	Q9NTU7				8.3765e+06
Q9NUQ9	Q9NUQ9				1.39991e+06
Q9NX62	Q9NX62				1.79087e+07
Q9NY15	Q9NY15				694324
Q9NY33;Q9NY33-2;Q9NY33-4	Q9NY33;Q9NY33-2;Q9NY33-4				1.23775e+06
Q9NY47;Q9NY47-2;Q9NY47-3;Q9NY47-4;Q9NY47-5	Q9NY47;Q9NY47-2;Q9NY47-3;Q9NY47-4;Q9NY47-5				3.90061e+06
Q9NY72	Q9NY72				4.02573e+06
Q9NY97;Q9NY97-2	Q9NY97;Q9NY97-2				5.27386e+06
Q9NYQ8	Q9NYQ8				2.03884e+07
Q9NYX4	Q9NYX4				2.80164e+07
Q9NZ08;Q9NZ08-2	Q9NZ08;Q9NZ08-2				4.20136e+06
Q9NZ53	Q9NZ53;Q9NZ53-2				1.00936e+07
Q9NZ72;Q9NZ72-2	Q9NZ72;Q9NZ72-2				774643
Q9NZ94;Q9NZ94-2;Q9NZ94-3	Q9NZ94;Q9NZ94-2;Q9NZ94-3				786729
Q9NZC2;Q9NZC2-2;Q9NZC2-3	Q9NZC2;Q9NZC2-2;Q9NZC2-3				5.86153e+06
Q9NZK5	Q9NZK5				5.04704e+06
Q9NZP8	Q9NZP8				1.01374e+07
Q9NZR2	Q9NZR2				1.29214e+06
Q9NZU1	Q9NZU1				3.91274e+06
Q9P0K1;Q9P0K1-2;Q9P0K1-3;Q9P0K1-4;Q9P0K1-5	Q9P0K1;Q9P0K1-2;Q9P0K1-3;Q9P0K1-4;Q9P0K1-5				3.19874e+07
Q9P0K9	Q9P0K9				1.20578e+07
Q9P0L0;Q9P0L0-2	Q9P0L0;Q9P0L0-2				3.31713e+06
Q9P0S2	Q9P0S2				1.08371e+06
Q9P121-4	Q9P121;Q9P121-3;Q9P121-2;Q9P121-4				6.15092e+07
Q9P232	Q9P232				3.71796e+06
Q9P2E7;Q9P2E7-2	Q9P2E7;Q9P2E7-2				2.68017e+06
Q9P2S2	P58401;Q9P2S2				1.89128e+07
Q9UBG0	Q9UBG0				4.19155e+06
Q9UBP4	Q9UBP4				3.84834e+08
Q9UBQ6	Q9UBQ6				2.38876e+07
Q9UBR2	Q9UBR2				1.79643e+07
Q9UBX1	Q9UBX1				9.46154e+06
Q9UBX5	Q9UBX5				2.82511e+07
Q9UBX7;Q9UBX7-1;Q9UBX7-3;Q9UBX7-4	Q9UBX7;Q9UBX7-1;Q9UBX7-3;Q9UBX7-4				976135
Q9UD71;Q9UD71-2	Q9UD71;Q9UD71-2				154035
Q9UEW3;Q9UEW3-2	Q9UEW3;Q9UEW3-2				1.06346e+06
Q9UF11;Q9UF11-2;Q9UF11-3;Q9UF11-4	Q9UF11;Q9UF11-2;Q9UF11-3;Q9UF11-4				4.14375e+06
Q9UFP1	Q9UFP1				208610
Q9UGM5;Q9UGM5-2	Q9UGM5;Q9UGM5-2				7.0173e+06
Q9UGV2;Q9UGV2-2;Q9UGV2-3	Q9UGV2;Q9UGV2-2;Q9UGV2-3				365719
Q9UHC6	Q9UHC6				1.24882e+07
Q9UHD9	Q9UHD9				171328
Q9UHF0;Q9UHF0-2;Q9UHF0-3	Q9UHF0;Q9UHF0-2;Q9UHF0-3				3.30559e+06
Q9UHG2	Q9NPY3;Q9UHG2				1.33665e+08
Q9UHG3;Q9UHG3-2	Q9UHG3;Q9UHG3-2				1.82063e+06
Q9UHI8	Q9UHI8				7.56822e+06
Q9UHL4	Q9UHL4				1.37289e+07
Q9UHY7	Q9UHY7				392608
Q9UI15	Q9UI15				689716
Q9UI40;Q9UI40-2	Q9UI40;Q9UI40-2				4.50322e+06
Q9UIB8;Q9UIB8-2;Q9UIB8-3;Q9UIB8-4;Q9UIB8-5;Q9UIB8-6	Q9UIB8;Q9UIB8-2;Q9UIB8-3;Q9UIB8-4;Q9UIB8-5;Q9UIB8-6				2.50019e+06
Q9UIW2	P51805;Q9UIW2				1.82736e+06
Q9UJ14	Q9UJ14				1.30712e+06
Q9UJ90	Q9UJ90				2.82182e+06
Q9UJ99	Q9UJ99				6.12157e+06
Q9UJA9	Q9UJA9				1.47682e+06
Q9UJH8	Q9UJH8				4.21915e+06
Q9UJJ9	Q9UJJ9				1.15399e+07
Q9UK55	Q9UK55				1.34728e+06
Q9UKB5	Q9UKB5				1.0982e+06
Q9UKJ1-3	Q9UKJ1;Q9UKJ1-2;Q9UKJ1-3;Q9UKJ1-4				3.29364e+06
Q9UKM7	Q9UKM7				3.57609e+06
Q9UKQ2;Q9UKQ2-2	Q9UKQ2;Q9UKQ2-2				1.57483e+06
Q9UKU6	Q9UKU6				1.69636e+06
Q9UKU9	Q9UKU9;Q9UKU9-2				2.77203e+06
Q9UKZ4;Q9UKZ4-2	Q9UKZ4;Q9UKZ4-2				333413
Q9ULB1-2;Q9ULB1-3	P58400;Q9ULB1-2;Q9ULB1-3				2.6055e+07
Q9ULB4	Q9ULB4				435178
Q9ULB5	Q9ULB5				1.7704e+06
Q9ULF5	Q9ULF5				1.39699e+07
Q9ULH4	Q9ULH4				234275
Q9ULI3;Q9ULI3-2	Q9ULI3;Q9ULI3-2				5.03029e+06
Q9ULI4	Q9ULI4				723696
Q9ULL4;Q9ULL4-2	Q9ULL4;Q9ULL4-2				4.13498e+06
Q9ULP0-3;Q9ULP0-6	Q9ULP0;Q9ULP0-2;Q9ULP0-3;Q9ULP0-4;Q9ULP0-5;Q9ULP0-6;Q9ULP0-7;Q9ULP0-8				1.14216e+07
Q9ULX7	Q9ULX7				1.90173e+06
Q9ULZ9;Q9ULZ9-2	Q9ULZ9;Q9ULZ9-2				398037
Q9UM22	Q9UM22;Q9UM22-3				9.28812e+06
Q9UM47	Q9UM47				1.17714e+06
Q9UMF0	Q9UMF0				1.21067e+07
Q9UMX5	Q9UMX5				1.78153e+07
Q9UN36-2;Q9UN36-6	Q9UN36;Q9UN36-2;Q9UN36-3;Q9UN36-5;Q9UN36-6				5.69149e+06
Q9UN70;Q9UN70-2	Q9UN70;Q9UN70-2				2.95485e+06
Q9UNN8	Q9UNN8				3.48449e+06
Q9UNW1	Q9UNW1;Q9UNW1-4				4.05547e+06
Q9UP79	Q9UP79				3.16257e+06
Q9UPU3	Q9UPU3				2.15432e+07
Q9UQ52	Q9UQ52				4.45982e+06
Q9UQM7;Q9UQM7-2	Q9UQM7;Q9UQM7-2				7.43093e+06
Q9Y240	Q9Y240				8.61827e+06
Q9Y274	Q9Y274;Q9Y274-2				5.10636e+06
Q9Y279;Q9Y279-2	Q9Y279;Q9Y279-2				3.16972e+06
Q9Y287	Q9Y287				6.63278e+06
Q9Y2E5;Q9Y2E5-2	Q9Y2E5;Q9Y2E5-2				1.29845e+06
Q9Y2G1;Q9Y2G1-2	Q9Y2G1;Q9Y2G1-2				107655
Q9Y2I2;Q9Y2I2-1;Q9Y2I2-2;Q9Y2I2-4;Q9Y2I2-5;Q9Y2I2-6	Q9Y2I2;Q9Y2I2-1;Q9Y2I2-2;Q9Y2I2-4;Q9Y2I2-5;Q9Y2I2-6				3.95759e+06
Q9Y2T3;Q9Y2T3-3	Q9Y2T3;Q9Y2T3-2;Q9Y2T3-3				1.06376e+07
Q9Y2Z0;Q9Y2Z0-2	Q9Y2Z0;Q9Y2Z0-2				552949
Q9Y334;Q9Y334-2	Q9Y334;Q9Y334-2				597163
Q9Y3D6	Q9Y3D6				162342
Q9Y4C0-4	Q9HDB5-3;Q9HDB5-4;Q9Y4C0-4				3.91692e+07
Q9Y4L1	Q9Y4L1				1.12052e+07
Q9Y5F6-2	Q9Y5F6;Q9Y5F6-2				1.14221e+07
Q9Y5I4;Q9Y5I4-2	Q9Y5I4;Q9Y5I4-2				9.49767e+06
Q9Y5L2	Q9Y5L2				2.09499e+06
Q9Y5Y7	Q9Y5Y7				1.35763e+07
Q9Y617	Q9Y617;Q9Y617-2				2.79535e+06
Q9Y639;Q9Y639-1;Q9Y639-3;Q9Y639-4;Q9Y639-5	Q9Y639;Q9Y639-1;Q9Y639-3;Q9Y639-4;Q9Y639-5				3.32168e+06
Q9Y646	Q9Y646				2.75347e+07
Q9Y653;Q9Y653-2;Q9Y653-3	Q9Y653;Q9Y653-2;Q9Y653-3;Q9Y653-4;Q9Y653-5				1.65913e+07
Q9Y696	Q9Y696				1.97376e+06
Q9Y6C2	Q9Y6C2				714829
Q9Y6N6	Q9Y6N6				5.05704e+06
Q9Y6N7;Q9Y6N7-2;Q9Y6N7-4	Q9Y6N7;Q9Y6N7-2;Q9Y6N7-3;Q9Y6N7-4;Q9Y6N7-5;Q9Y6N7-6				1.26455e+07
Q9Y6N8	Q9Y6N8				2.83555e+06
Q9Y6R7	Q9Y6R7				1.23557e+07
Q9Y6X5	Q9Y6X5				1.15596e+06
Q9Y6Y8;Q9Y6Y8-2	Q9Y6Y8;Q9Y6Y8-2				2.98289e+07
