Protein.Group	Protein.Ids	Protein.Names	Genes	First.Protein.Description	/fs/pool/pool-mann-projects/Johannes/Jakob_AD_CSF_data/All_without_random_20/All_Raw/20180618_QX0_JaBa_SA_LC12_5_CSF1_1_8-1xD1xS1fM1_sampleE10.mzML
A0A075B6H7;A0A0C4DH55;P01624	P01624;A0A075B6H7;A0A0C4DH55				2.04009e+08
A0A075B6H9	A0A075B6H9				4.6142e+06
A0A075B6I0	A0A075B6I0				1.432e+07
A0A075B6I1	A0A075B6I1				403368
A0A075B6I9	A0A075B6I9				1.3403e+07
A0A075B6J1	A0A075B6J1				1.2005e+06
A0A075B6J9	A0A075B6J9				330289
A0A075B6K4	A0A075B6K0;A0A075B6K4				2.26032e+06
A0A075B6K5	A0A075B6K5				2.95911e+06
A0A075B6P5;P01615	P01615;A0A075B6P5				7.04841e+07
A0A075B6Q5	A0A075B6Q5				1.25677e+06
A0A075B6R2	A0A075B6R2				4.92322e+06
A0A075B6R9;A0A0C4DH68	A0A075B6R9;A0A0C4DH68				1.51854e+07
A0A075B6S2	A0A075B6S2;A2NJV5				6.01502e+07
A0A075B6S5	A0A075B6S5				1.24581e+06
A0A075B6S6	A0A075B6S6				174229
A0A087WSX0	A0A087WSX0;A0A0G2JS06				1.18453e+06
A0A087WSY6	A0A087WSY6				1.86273e+07
A0A087WSZ0	A0A087WSZ0				418567
A0A087WW87;P01614	P01614;A0A087WW87				41967.7
A0A0A0MRZ8;P04433	P04433;A0A0A0MRZ8				1.40061e+08
A0A0A0MS15	A0A0A0MS15				1.08589e+07
A0A0A0MT36;A0A0C4DH26	A0A0A0MT36;A0A0C4DH26				192132
A0A0A0MT89	A0A0A0MT89				5.80493e+06
A0A0B4J1U7	A0A0B4J1U7				8.40105e+06
A0A0B4J1V0	A0A0B4J1V0				2.25764e+06
A0A0B4J1V2	A0A0B4J1V2				1.6636e+06
A0A0B4J1X5	P01764;P01768;P01772;P01767;A0A0B4J1X5;A0A0C4DH42;P0DP02;P0DP03				2.18357e+07
A0A0B4J1Y9	A0A0B4J1Y9				4.36544e+07
A0A0C4DH24	A0A0C4DH24				2.73692e+06
A0A0C4DH25	A0A0C4DH25				2.2109e+07
A0A0C4DH31	A0A0C4DH31				2.0005e+06
A0A0C4DH33	A0A0C4DH33				236127
A0A0C4DH34	A0A0C4DH34				4.21876e+06
A0A0C4DH35	A0A0C4DH35				1.30216e+06
A0A0C4DH36	A0A0C4DH36				2.06812e+06
A0A0C4DH38	A0A0C4DH38				1.32481e+07
A0A0C4DH43	A0A0C4DH43				7.17916e+06
A0A0C4DH67	A0A0C4DH67				1.52468e+07
A0A0J9YX35	A0A0J9YX35				1.91819e+06
A0A0J9YXX1	A0A0J9YXX1				7.17044e+06
A0M8Q6	P0CG04;P0DOY2;P0DOY3;A0M8Q6;P0CF74;B9A064;P0DOX8				1.74682e+08
A1L4H1	A1L4H1				1.51319e+06
A2RU67	A2RU67				259699
A5D6W6	A5D6W6				1.30283e+07
A6BM72;A6BM72-2;A6BM72-4	A6BM72;A6BM72-2;A6BM72-4				856535
A6NCE7;Q9GZQ8	Q9GZQ8;A6NCE7				381395
A6NGN9	A6NGN9				3.4591e+06
A6NHG4;P30046;P30046-2	P30046;A6NHG4;P30046-2				1.11968e+06
A6NL88	A6NL88				477972
A6NLU5	A6NLU5				3.20501e+07
A6NML5	A6NML5				2.87552e+06
A8MTW9	A8MTW9				1.36778e+06
B4DS77;B4DS77-2;B4DS77-3	B4DS77;B4DS77-2;B4DS77-3				64135
C9JVW0	C9JVW0				5.95277e+06
I3L3R5	I3L3R5				452556
O00115;O00115-2	O00115;O00115-2				2.64757e+06
O00142;O00142-2;O00142-3;O00142-4;O00142-5;O00142-6	O00142;O00142-2;O00142-3;O00142-4;O00142-5;O00142-6				2.28397e+07
O00187;O00187-2	O00187;O00187-2				1.05027e+06
O00244	O00244				337222
O00264	O00264;O00264-2				3.01141e+06
O00292;O00292-2;O75610	O00292;O75610;O00292-2				287227
O00299	O00299				525086
O00339;O00339-2	O00339;O00339-2;O00339-3				744702
O00391	O00391;O00391-2				1.10929e+07
O00451	O00451;O00451-2;O00451-3				6.3952e+06
O00461	O00461				4.09501e+06
O00462	O00462				4.33217e+06
O00468-6	O00468-6;O00468-7				7.97863e+06
O00533	O00533				4.13622e+06
O00533-2	O00533;O00533-2				5.55092e+07
O00560;O00560-2;O00560-3	O00560;O00560-2;O00560-3				1.36578e+06
O00567	O00567				259600
O00584	O00584				5.0709e+06
O00754;O00754-2	O00754;O00754-2				1.2364e+06
O14498	O14498				4.6993e+07
O14514	O14514				1.29155e+06
O14522	O14522;O14522-1				1.33974e+06
O14525;O14525-2;O14525-3	O14525;O14525-2;O14525-3				1.18689e+06
O14594	O14594				2.70905e+07
O14657	O14657				134874
O14668;O14668-2	O14668;O14668-2				926582
O14672	O14672				3.00362e+06
O14773	O14773				5.81732e+06
O14786	O14786;O14786-2;O14786-3				4.45146e+06
O14791-2	O14791;O14791-2;O14791-3				4.81708e+06
O14793	O14793				1.18375e+06
O14810	O14810;Q6PUV4				963095
O14917;O14917-2	O14917;O14917-2				6.00664e+06
O14960	O14960				269804
O15031	O15031				7.97446e+06
O15041;O15041-2	O15041;O15041-2				275521
O15118	O15118				436184
O15197;O15197-3	O15197;O15197-3				1.43847e+06
O15204;O15204-2	O15204;O15204-2				1.37537e+06
O15230	O15230				2.98358e+06
O15240	O15240				6.73445e+07
O15335	O15335				1.73811e+06
O15354	O15354				7.50724e+06
O15389;Q08ET2	O15389;Q08ET2				2.20148e+06
O15394	O15394;O15394-2				1.61643e+07
O15400;O15400-2	O15400;O15400-2				539575
O15466;O15466-2	O15466;O15466-2				1.025e+06
O15540;O15540-2	O15540;O15540-2				1.6701e+06
O43155	O43155				373161
O43157	O43157;O43157-2;O43157-3				2.15266e+06
O43173	O43173				1.12637e+06
O43240	O43240				296367
O43278;O43278-2	O43278;O43278-2				1.21511e+06
O43291	O43291				2.6892e+06
O43300	O43300				4.00901e+06
O43405;O43405-2	O43405;O43405-2				3.80968e+06
O43493;O43493-3;O43493-5;O43493-7	O43493;O43493-3;O43493-5;O43493-7				1.0921e+07
O43505	O43505				3.67746e+08
O43508	O43508				895348
O43508-2;O75888;O75888-2;O75888-4;O75888-5	O75888;O43508-2;O75888-2;O75888-4;O75888-5				202147
O43529	O43529				4.66128e+06
O43556;O43556-3;O43556-4	O43556;O43556-3;O43556-4				4.41571e+06
O43567	O43567				1.9885e+06
O43581-2;O43581-3;O43581-5	O43581-2;O43581-3;O43581-5				1.9149e+06
O43736;O43736-2	O43736;O43736-2				1.00835e+06
O43827	O43827				3.57561e+06
O43852;O43852-2;O43852-3;O43852-4;O43852-5;O43852-9	O43852;O43852-10;O43852-11;O43852-12;O43852-13;O43852-14;O43852-2;O43852-3;O43852-4;O43852-5;O43852-6;O43852-7;O43852-8;O43852-9				364037
O43854;O43854-2	O43854;O43854-2				122258
O43866	O43866				1.80143e+06
O43897;O43897-2	O43897;O43897-2				866307
O43909	O43909				317022
O43916	O43916				380391
O60241;O60241-2;O60241-3;O60241-4	O60241;O60241-2;O60241-3;O60241-4				1.30355e+07
O60242	O60242				1.13251e+06
O60243	O60243				435736
O60245;O60245-2	O60245;O60245-2				2.48659e+06
O60279	O60279				2.95358e+06
O60291;O60291-2;O60291-3;O60291-4	O60291;O60291-2;O60291-3;O60291-4				305689
O60361	P22392;O60361;P22392-2				180941
O60449;O60449-2;O60449-3	O60449;O60449-2;O60449-3				473434
O60462;O60462-2;O60462-3;O60462-4;O60462-5	O60462;O60462-2;O60462-3;O60462-4;O60462-5;O60462-6				2.66575e+06
O60476	O60476				1.12846e+06
O60477	O60477;Q76B58;O60477-3;Q76B58-2				407622
O60512	O60512				708406
O60565	O60565				309214
O60568	O60568				1.54966e+06
O60609;O60609-2	O60609;O60609-2				376362
O60613	O60613				387466
O60883	O60883				2.63033e+07
O60888-3	O60888;O60888-2;O60888-3				7.74839e+06
O60939	O60939				1.34684e+06
O75019;O75019-2	O75019;O75019-2				352186
O75051;O75051-2	O75051;O75051-2				526740
O75063	O75063				4.89364e+06
O75071	O75071				4.86758e+06
O75077;O75077-2;O75077-3	O75077;O75077-2;O75077-3				6.85582e+06
O75078	O75078;O75078-2				3.9871e+06
O75083	O75083;O75083-3				707850
O75084;Q14332	O75084;Q14332				309991
O75096	O75096				442289
O75144;O75144-2	O75144;O75144-2;O75144-3				9.45658e+06
O75173;O75173-2	O75173;O75173-2				3.55536e+06
O75223	O75223;O75223-3				932554
O75326	O75326;O75326-2				1.41772e+07
O75340;O75340-2	O75340;O75340-2				51149.2
O75347	O75347;O75347-2				830827
O75354;O75354-2;O75354-3	O75354;O75354-2;O75354-3				651279
O75368	O75368				1.4174e+06
O75385	O75385				648319
O75487	O75487;O75487-2				489280
O75493	O75493				5.07605e+06
O75503	O75503				1.96442e+06
O75509	O75509				1.01361e+07
O75629	O75629				252838
O75636;O75636-2	O75636;O75636-2				293126
O75752	O75752				1.74466e+06
O75781;O75781-2	O75781;O75781-2				2.23098e+06
O75787;O75787-2	O75787;O75787-2				4.56108e+06
O75828	O75828				760865
O75874	O75874				480166
O75882;O75882-2;O75882-3	O75882;O75882-2;O75882-3				4.53971e+06
O75973	O75973				258274
O75976	O75976				1.11054e+06
O76031	O76031				1.21356e+06
O76061	O76061				1.52637e+06
O76070	O76070				780801
O94760	O94760;O94760-2				5.19675e+06
O94766	O94766				534268
O94769	O94769;O94769-2				7.45089e+06
O94772;O94772-2	O94772;O94772-2				2.63349e+07
O94779;O94779-2	O94779;O94779-2				836952
O94856-11	O94856;O94856-10;O94856-11;O94856-12;O94856-13;O94856-3;O94856-4;O94856-5;O94856-6;O94856-7;O94856-8;O94856-9				1.82835e+07
O94856-12;O94856-4;O94856-9	O94856-12;O94856-4;O94856-9				1.81835e+06
O94898	O94898				770605
O94910	O94910;O94910-2				3.41191e+06
O94919	O94919				1.28661e+07
O94933	O94933				1.10801e+06
O94973;O94973-2	O94973;O94973-2				64848
O94985	O94985				1.40625e+06
O94985-2	O94985;O94985-2				1.65913e+08
O94991	O94991;O94991-2				2.4249e+06
O95157	O95157				740174
O95158	O95158				1.51612e+07
O95159	O95159				555787
O95185;O95185-2	O95185;O95185-2				1.62002e+06
O95196;O95196-2	O95196;O95196-2				2.39009e+06
O95206;O95206-2	O95206;O95206-2				2.335e+06
O95297;O95297-2;O95297-3;O95297-4	O95297;O95297-2;O95297-3;O95297-4				705653
O95336	O95336				8.48334e+06
O95390	O95390				1.07167e+06
O95428;O95428-5;O95428-6	O95428;O95428-3;O95428-4;O95428-5;O95428-6				2.36448e+06
O95445	O95445;O95445-2				6.32806e+06
O95450;O95450-2	O95450;O95450-2				1.4185e+06
O95467	O95467				775350
O95477	O95477				1.41919e+06
O95490;O95490-2;O95490-3;O95490-4;O95490-5;O95490-6;O95490-7	O95490;O95490-2;O95490-3;O95490-4;O95490-5;O95490-6;O95490-7				1.99842e+06
O95497	O95497				1.08483e+06
O95502	O95502				1.30726e+08
O95633;O95633-2	O95633;O95633-2				484753
O95747	O95747				29247.9
O95841	O95841				733554
O95865	O95865				700844
O95881	O95881				256550
O95897	O95897				779115
O95967	O95967				3.65612e+06
O95970;O95970-3	O95970;O95970-2;O95970-3				149007
O95980	O95980				2.653e+06
O95998	O95998				592407
P00338;P00338-3	P00338;P00338-3;P00338-4				2.78287e+06
P00352	P00352				671680
P00390;P00390-2;P00390-3	P00390;P00390-2;P00390-3;P00390-4;P00390-5				1.42759e+06
P00441	P00441				1.64777e+08
P00450	P00450				1.02053e+08
P00488	P00488				1.51733e+06
P00491	P00491				129169
P00492	P00492				1.50837e+06
P00505	P00505;P00505-2				3.83546e+06
P00533;P00533-3;P00533-4	P00533;P00533-3;P00533-4				1.31637e+06
P00558	P00558;P00558-2				1.71569e+06
P00568	P00568				301276
P00734	P00734				1.70442e+07
P00736	P00736				5.33591e+07
P00738	P00738;P00738-2				2.05344e+08
P00739	P00739;P00739-2				1.4358e+08
P00740;P00740-2	P00740;P00740-2				1.22897e+06
P00742	P00742				6.61619e+06
P00746	P00746				6.80825e+06
P00747	P00747				3.85122e+07
P00748	P00748				2.86088e+07
P00751	P00751;P00751-2				3.56853e+07
P00915	P00915				1.29623e+07
P00918	P00918				1.38405e+06
P01008	P01008				1.79513e+08
P01009	P01009;P01009-2;P01009-3				1.20476e+09
P01011	P01011				1.56608e+08
P01019	P01019				4.34816e+08
P01023	P01023				2.05172e+08
P01024	P01024				2.84585e+08
P01031	P01031				7.46302e+06
P01033	P01033				3.07432e+07
P01034	P01034				1.39655e+09
P01042	P01042;P01042-2;P01042-3				2.23759e+08
P01042-2;P01042-3	P01042-2;P01042-3				2.0135e+07
P01127;P01127-2	P01127;P01127-2				2.3752e+07
P01130;P01130-2;P01130-3;P01130-4;P01130-5;P01130-6	P01130;P01130-2;P01130-3;P01130-4;P01130-5;P01130-6				302087
P01178	P01178				328902
P01210	P01210				3.72e+07
P01213	P01213				1.75842e+06
P01236	P01236				223709
P01258;P01258-2;P06881	P01258;P06881;P10092;P01258-2				246354
P01282;P01282-2	P01282;P01282-2				1.12713e+06
P01303	P01303				2.26551e+06
P01344;P01344-2;P01344-3	P01344;P01344-2;P01344-3				1.58972e+07
P01591	P01591				4.12078e+06
P01593;P01594	P01593;P01594				3.37284e+07
P01597;P04432	P01597;P01611;P04432;A0A0C4DH72;A0A0C4DH73				4.07551e+06
P01599	P01599;A0A0C4DH72				2.0272e+06
P01602	P01602				978797
P01619	P01619				1.8285e+08
P01700	P01700				1.81472e+07
P01701	P01701				1.19476e+07
P01705	P01705				605562
P01709	P01709				1.04014e+06
P01714	P01714				1.05496e+06
P01717	P01717				1.10358e+07
P01721	P01699;P01700;P01706;P01709;P01721;P01703;A0A075B6J9;P0DOX8				6.81552e+06
P01742	P01742				548857
P01768;P0DP03	P01768;P01772;P0DP02;P0DP03				9.47536e+06
P01780	P01780				1.97291e+07
P01817	P01817				951941
P01833	P01833				675970
P01834	P01834				1.37242e+08
P01859;P01859-1	P01859;P01859-1				1.41725e+08
P01860;P01860-1	P01860;P01860-1				2.86088e+07
P01861;P01861-1	P01861;P01861-1				4.2558e+07
P01871;P01871-1	P01871;P0DOX6;P01871-1				1.22313e+07
P01876;P01876-1	P01876;P01876-1				2.23016e+08
P01889	P01889;P04439;P04439-2				5.15744e+06
P01903	P01903;P01906				821622
P01911	P01911				1.45752e+06
P02042	P02042				6.69302e+06
P02144	P02144				4.55727e+06
P02452	P02452				1.87181e+07
P02461	P02461;P02461-2				3.64945e+06
P02511	P02511				247588
P02533	P02533;P08727;P08779;P19012;Q04695;P19012-2				1.91115e+06
P02538;P48668	O95678;P02538;P48668				671082
P02647	P02647				4.10033e+08
P02649	P02649				2.20944e+09
P02652	P02652				1.41756e+08
P02654	P02654				1.11812e+07
P02655	P02655				592489
P02656	P02656				4.01482e+06
P02671;P02671-2	P02671;P02671-2				3.01713e+07
P02675	P02675				7.8317e+07
P02679;P02679-2	P02679;P02679-2				2.52953e+07
P02686;P02686-3;P02686-4;P02686-5;P02686-6	P02686;P02686-3;P02686-4;P02686-5;P02686-6				133219
P02741	P02741;P02741-2				446162
P02743	P02743				2.21375e+06
P02745	P02745				4.57712e+07
P02746	P02746				5.51918e+07
P02747	P02747				6.94357e+07
P02748	P02748				9.49885e+06
P02749	P02749				4.3426e+07
P02750	P02750				5.21635e+07
P02751-11	P02751;P02751-1;P02751-10;P02751-11;P02751-12;P02751-13;P02751-14;P02751-16;P02751-17;P02751-2;P02751-3;P02751-4;P02751-5;P02751-6;P02751-7;P02751-8;P02751-9				1.06945e+08
P02751;P02751-1;P02751-10;P02751-13;P02751-14;P02751-17;P02751-3;P02751-4;P02751-5;P02751-6;P02751-7;P02751-8;P02751-9	P02751;P02751-1;P02751-10;P02751-13;P02751-14;P02751-17;P02751-3;P02751-4;P02751-5;P02751-6;P02751-7;P02751-8;P02751-9				3.15246e+07
P02753	P02753				6.73346e+07
P02760	P02760				4.92372e+07
P02763	P02763				4.5134e+08
P02765	P02765				1.21131e+08
P02766	P02766				2.45529e+09
P02768	P02768				2.64626e+09
P02774;P02774-3	P02774;P02774-2;P02774-3				3.99084e+08
P02775	P02775				445325
P02786	P02786				677740
P02787	P02787				7.85074e+08
P02788;P02788-2	P02788;P02788-2				2.06221e+06
P02790	P02790				7.42222e+08
P02792	P02792				1.91121e+06
P02794	P02794				4.24573e+06
P02818	P02818				444092
P03950	P03950				1.80995e+06
P03951	P03951;P03951-2				2.2612e+06
P03952	P03952				4.02597e+06
P04003	P04003				559950
P04004	P04004				6.15088e+07
P04040	P04040				1.86061e+06
P04062;P04062-2;P04062-4;P04062-5	P04062;P04062-2;P04062-4;P04062-5				1.37256e+06
P04066	P04066				3.30482e+06
P04070;P04070-2	P04070;P04070-2				2.34819e+06
P04075	P04075;P04075-2				1.73008e+07
P04080	P04080				2.10856e+06
P04085;P04085-2	P04085;P04085-2				3.73475e+06
P04114	P04114				2.57358e+06
P04156	P04156				1.76824e+08
P04179	P04179;P04179-2;P04179-3;P04179-4				7.58677e+06
P04180	P04180				1.8157e+07
P04196	P04196				2.50064e+07
P04216	P04216				1.40436e+08
P04217	P04217;P04217-2				1.09176e+08
P04217-2	P04217-2				345254
P04233-2;P04233-5	P04233-2;P04233-5				1.29619e+06
P04264	P04259;P04264				1.3177e+07
P04271	P04271				464561
P04275	P04275				1.79651e+06
P04278	P04278;P04278-5				633519
P04350;P07437;P68371	P04350;P07437;P68371				108211
P04406	P04406;P04406-2				1.03913e+07
P04430	P04430				311466
P04439;P04439-2	P04439;P04439-2				8.22048e+06
P04629;P04629-2;P04629-3;P04629-4	P04629;P04629-2;P04629-3;P04629-4				127500
P04746	P04746;P0DTE7;P0DTE8;P0DUB6;P19961;P19961-2;P04746-2				903525
P04792	P04792				248139
P05023;P05023-2;P05023-4	P05023;P05023-2;P05023-4				448653
P05026;P05026-2	P05026;P05026-2				485146
P05060	P05060				3.30606e+08
P05067;P05067-11;P05067-8	P05067;P05067-4;P05067-10;P05067-11;P05067-3;P05067-5;P05067-6;P05067-7;P05067-8;P05067-9				7.23152e+07
P05089;P05089-2;P05089-3	P05089;P05089-2;P05089-3				81092.1
P05090	P05090				4.46004e+08
P05107	P05107				421442
P05109	P05109				542945
P05121	P05121				329685
P05154	P05154				4.16753e+06
P05155;P05155-3	P05155;P05155-2;P05155-3				2.6986e+08
P05156	P05156				1.32623e+07
P05160	P05160				1.56811e+06
P05362	P05362				1.0098e+06
P05408;P05408-2	P05408;P05408-2				6.15852e+07
P05413	P05413				3.00342e+06
P05451	P05451;P48304				354417
P05452	P05452				4.92151e+07
P05543	P05543				9.95898e+06
P05546	P05546				4.04328e+07
P05556;P05556-2;P05556-3;P05556-4;P05556-5	P05556;P05556-2;P05556-5;P05556-3;P05556-4				495244
P05937	P05937;P05937-2				8.66854e+06
P05997	P05997				582281
P06276	P06276				3.04231e+06
P06280	P06280				255609
P06307	P06307				1.58977e+07
P06312	P06312				9.81014e+07
P06315	P06315				364995
P06331	P01824;P01825;P06331;A0A0C4DH41;P0DP06;P0DP08				1.62149e+07
P06396	P06396;P06396-2;P06396-3;P06396-4				3.46919e+08
P06396-2	P06396-2				1.37867e+06
P06681	P06681;P06681-2;P06681-3				1.40629e+07
P06702	P06702				368116
P06703	P06703				718719
P06727	P06727				8.0855e+07
P06732	P06732				375543
P06733	P06733;P06733-2				4.25862e+06
P06744;P06744-2	P06744;P06744-2				2.20098e+06
P06865	P06865				7.44127e+06
P07093-2;P07093-3	P07093;P07093-2;P07093-3				8.43953e+06
P07108;P07108-2;P07108-3;P07108-4;P07108-5	P07108;P07108-2;P07108-3;P07108-4;P07108-5;P07108-6				5.06407e+06
P07148	P07148				123700
P07195	P00338;P07195;P07864;Q6ZMR3;P00338-3;P00338-2;P00338-4;P00338-5				1.91934e+07
P07196	P07196				45545.7
P07225	P07225				1.70435e+07
P07237	P07237				1.14325e+06
P07311	P07311				341176
P07333	P07333;P07333-2				1.79499e+07
P07339	P07339				8.34523e+07
P07355;P07355-2	A6NMY6;P07355;P07355-2				407023
P07357	P07357				5.50071e+06
P07358	P07358				4.09204e+06
P07360	P07360				7.47122e+06
P07451	P07451				2.4174e+06
P07492-2	P07492;P07492-2;P07492-3				107949
P07585	P07585;P07585-4				6.28035e+06
P07602;P07602-2;P07602-3	P07602;P07602-2;P07602-3				4.98815e+07
P07686	P07686				4.44288e+06
P07711	P07711;P07711-3				5.12011e+06
P07737	P07737				1.50214e+06
P07858	P07858				2.406e+07
P07900;P07900-2	P07900;P07900-2				1.01615e+06
P07942	P07942				2.26251e+06
P07996	P07996				1.71732e+06
P07998	P07998				2.5649e+07
P08123	P08123				7.32534e+06
P08133;P08133-2	P08133;P08133-2				151174
P08174;P08174-2;P08174-3;P08174-4;P08174-5;P08174-6;P08174-7	P08174;P08174-2;P08174-3;P08174-4;P08174-5;P08174-6;P08174-7				2.57757e+06
P08185	P08185				1.56375e+07
P08195;P08195-2;P08195-3;P08195-4;P08195-5	P08195;P08195-4;P08195-2;P08195-3;P08195-5				9.30452e+06
P08236;P08236-2;P08236-3	P08236;P08236-2;P08236-3				419038
P08238	P07900;P08238;P07900-2				451766
P08253	P08253;P08253-2;P08253-3				9.43655e+06
P08294	P08294				1.39956e+08
P08493-2	P08493;P08493-2				9.54086e+06
P08571	P08571				5.19768e+07
P08572	P08572				1.54285e+06
P08581;P08581-2	P08581;P08581-2				552498
P08582	P08582;P08582-2				734148
P08603	P08603				7.62506e+07
P08637	P08637				3.43383e+06
P08670	P08670				1.25306e+06
P08697	P08697;P08697-2				4.39973e+07
P08709;P08709-2	P08709;P08709-2				520374
P08758	P08758				1.67973e+06
P08779	P08779				674367
P09104	P09104;P09104-2				5.22453e+06
P09211	P09211				3.59231e+06
P09382	P09382				7.86159e+06
P09417;P09417-2	P09417;P09417-2				6.7376e+06
P09455;P09455-2;P09455-3	P09455;P09455-2;P09455-3				583617
P09486	P09486				4.2894e+07
P09603	P09603				2.82326e+07
P09619	P09619;P09619-2				2.66422e+06
P09622;P09622-2	P09622;P09622-2;P09622-3				1.2719e+06
P09668	P09668				489449
P09871	P09871				1.0189e+08
P09936	P09936				1.0233e+06
P09958	P09958				371252
P09960;P09960-2;P09960-3;P09960-4	P09960;P09960-2;P09960-3;P09960-4				192844
P09972	P09972				2.47658e+07
P0C0L4;P0C0L4-2	P0C0L4;P0C0L4-2				1.43227e+07
P0C0L5	P0C0L4;P0C0L5;P0C0L4-2				1.98799e+08
P0C6S8	P0C6S8				3.42183e+06
P0CG47;P0CG48	P0CG47;P0CG48;P62979;P62987				1.29184e+08
P0DMQ5	P0DMQ5				9.45146e+06
P0DMV8;P0DMV8-2;P0DMV9	P0DMV8;P0DMV9;P0DMV8-2				2.60505e+06
P0DOX2	P01876;P01877;P01876-1;P01877-1;P0DOX2				8.15691e+07
P0DOX3	P0DOX3				6.91867e+06
P0DOX5	P01857;P01859;P0DOX5;P01857-1;P01859-1				9.92745e+08
P0DOX7	P01834;P0DOX7				4.19324e+08
P0DOX8	B9A064;P0DOX8				6.42999e+07
P0DOY3	P0DOY2;P0DOY3				6.41366e+07
P0DP23;P0DP24;P0DP25	P0DP23;P0DP24;P0DP25;P27482				1.92858e+06
P0DP58	P0DP58				5.76909e+07
P0DTE1	P0DTE1				880149
P10124	P10124				2.99527e+06
P10153	P10153				1.4708e+06
P10253	P10253				956288
P10321;P10321-2	P10321;P10321-2				302107
P10451-3	P10451-3				1.35211e+07
P10451-5	P10451;P10451-4;P10451-5				2.71095e+08
P10451;P10451-4	P10451;P10451-4				2.31588e+06
P10586;P10586-2	P10586;P23468;P10586-2;P23468-3;P23468-4;P23468-5;P23468-6;P23468-7				5.45968e+06
P10599	P10599;P10599-2				4.44085e+06
P10619;P10619-2	P10619;P10619-2				61117.9
P10636-2;P10636-6	P10636-6;P10636-2				704710
P10636-4;P10636-7	P10636-4;P10636-7				411756
P10643	P10643				4.72264e+07
P10644;P10644-2	P10644;P10644-2				486743
P10645	P10645				5.35193e+08
P10646	P10646				157318
P10721;P10721-2	P10721;P10721-2				5.56393e+06
P10745	P10745				122444
P10768	P10768				864670
P10909-6	P10909;P10909-4;P10909-6;P10909-2;P10909-3;P10909-5				7.18401e+08
P11021	P11021				1.67472e+07
P11047	P11047				1.80787e+06
P11117	P11117				769330
P11142	P11142				5.92059e+06
P11215;P11215-2	P11215;P11215-2				426197
P11279	P11279;P11279-2				3.16422e+07
P11362-16	P11362;P11362-10;P11362-11;P11362-16;P11362-2;P11362-20;P11362-3;P11362-4;P11362-8;P11362-9				371116
P11362-21;P11362-7	P11362;P11362-10;P11362-11;P11362-12;P11362-13;P11362-14;P11362-16;P11362-18;P11362-19;P11362-2;P11362-20;P11362-21;P11362-3;P11362-4;P11362-5;P11362-6;P11362-7;P11362-8;P11362-9				1.26281e+07
P11717	P11717				3.38971e+06
P12107;P12107-2;P12107-3;P12107-4	P12107;P12107-2;P12107-3;P12107-4				215516
P12109	P12109				3.21637e+07
P12110	P12110;P12110-2;P12110-3				1.87283e+06
P12111	P12111;P12111-2;P12111-4				8.60539e+06
P12111-4	P12111-4				399394
P12259	P12259				1.00802e+07
P12272;P12272-2;P12272-3	P12272;P12272-2;P12272-3				1.28486e+06
P12277	P12277				1.27172e+06
P12314;Q92637;Q92637-3	P12314;Q92637;Q92637-3				1.06346e+06
P12318;P12318-2	P12318;P31994;P31995;P12318-2;P31994-2;P31994-3;P31994-4;P31994-5;P31995-2;P31995-3;P31995-4				2.99927e+06
P12532;P12532-2	P12532;P17540;P12532-2				151384
P12821;P12821-2	P12821;P12821-3;P12821-2;P12821-4				1.25968e+06
P12830;P12830-2	P12830;P12830-2				1.18716e+06
P12955;P12955-2	P12955;P12955-2				1.24916e+06
P13473;P13473-2;P13473-3	P13473;P13473-2;P13473-3				9.34467e+07
P13489	P13489				374555
P13497;P13497-2;P13497-3;P13497-4;P13497-5;P13497-6	P13497;P13497-2;P13497-3;P13497-4;P13497-5;P13497-6				1.71414e+06
P13521	P13521				3.09776e+07
P13591	P13591;P13591-1;P13591-3;P13591-4;P13591-5;P13591-6				6.90731e+07
P13591-3	P13591-1;P13591-3;P13591-4				1.14153e+07
P13598	P13598				605791
P13611;P13611-5	P13611;P13611-2;P13611-3;P13611-4;P13611-5				1.04375e+07
P13637;P13637-2;P13637-3	P13637;P13637-2;P13637-3				1.73321e+06
P13645	P13645				9.09734e+06
P13647	P13647				1.58209e+06
P13667	P13667				759496
P13671	P13671				3.3593e+06
P13693	P13693;Q9HAU6;P13693-2				2.21647e+06
P13716;P13716-2	P13716;P13716-2				155053
P13747	P13747				1.29877e+06
P13796	P13796				4.51819e+06
P13797;P13797-2;P13797-3	P13797;P13797-2;P13797-3				193191
P13987;P13987-2	P13987;P13987-2				2.77181e+07
P14136	P14136				1.8226e+06
P14138;P14138-2	P14138;P14138-2;P14138-3				740566
P14151;P14151-2	P14151;P14151-2				2.66911e+06
P14174	P14174				1.01314e+07
P14207	P14207				1.05099e+06
P14209;P14209-3	P14209;P14209-3				832011
P14314-2	P14314;P14314-2				3.35445e+06
P14324;P14324-2	P14324;P14324-2				269678
P14384	P14384				482202
P14415	P14415				1.43541e+06
P14543;P14543-2	P14543;P14543-2				6.27682e+06
P14550	P14550				207497
P14618-2	P14618;P14618-2;P14618-3				2.26836e+07
P14618;P14618-3	P14618;P14618-3				191239
P14621	P14621				1.84555e+06
P14625	P14625;Q58FF3				4.06217e+06
P15086	P15085;P15086				1.58733e+06
P15090	P15090				1.84604e+06
P15121	P15121				717279
P15144	P15144				725332
P15151-3	P15151;P15151-2;P15151-3;P15151-4				4.40506e+06
P15169	P15169				690283
P15289;P15289-2	P15289;P15289-2				855638
P15291;P15291-2	P15291;P15291-2				2.16085e+06
P15502;P15502-1;P15502-10;P15502-12;P15502-13;P15502-2;P15502-4;P15502-5;P15502-6;P15502-7;P15502-9	P15502;P15502-1;P15502-10;P15502-12;P15502-13;P15502-2;P15502-4;P15502-5;P15502-6;P15502-7;P15502-9				370089
P15509;P15509-2;P15509-3;P15509-5;P15509-7	P15509;P15509-3;P15509-2;P15509-5;P15509-7;P15509-8				1.00967e+06
P15529;P15529-10;P15529-11;P15529-12;P15529-13;P15529-14;P15529-15;P15529-16;P15529-2;P15529-3;P15529-4;P15529-5;P15529-6;P15529-7;P15529-8;P15529-9	P15529;P15529-3;P15529-10;P15529-11;P15529-12;P15529-13;P15529-14;P15529-15;P15529-16;P15529-2;P15529-4;P15529-5;P15529-6;P15529-7;P15529-8;P15529-9				435244
P15531;P15531-2	P15531;P22392;O60361;P22392-2;P15531-2				2.287e+06
P15586;P15586-2	P15586;P15586-2				1.8819e+06
P15814	P15814				2.64955e+06
P15924	P15924;P15924-2;P15924-3				237643
P16035	P16035				1.11451e+07
P16070;P16070-10;P16070-11;P16070-12;P16070-13;P16070-14;P16070-15;P16070-16;P16070-17;P16070-18;P16070-3;P16070-4;P16070-5;P16070-6;P16070-7;P16070-8;P16070-9	P16070;P16070-10;P16070-11;P16070-12;P16070-13;P16070-14;P16070-15;P16070-16;P16070-17;P16070-18;P16070-3;P16070-4;P16070-5;P16070-6;P16070-7;P16070-8;P16070-9				4.12517e+07
P16083	P16083				615470
P16112;P16112-2;P16112-3	P16112;P16112-2;P16112-3				749772
P16152	P16152				1.25525e+06
P16234;P16234-3	P16234;P16234-2;P16234-3				691164
P16278;P16278-2;P16278-3	P16278;P16278-2;P16278-3				103325
P16519;P16519-2;P16519-3	P16519;P16519-2;P16519-3				2.97838e+06
P16870;P16870-2	P16870;P16870-2				6.61269e+07
P16930	P16930				483018
P16949;P16949-2	P16949;P16949-2				1.89157e+06
P17066	P17066;P48741				2.40777e+06
P17174	P17174;P17174-2				2.93581e+07
P17302	P17302				317497
P17405;P17405-4	P17405;P17405-4				974186
P17677;P17677-2	P17677;P17677-2				3.40402e+06
P17813;P17813-2	P17813;P17813-2				71041.7
P17900	P17900				6.04647e+07
P17931	P17931				1.46504e+06
P17936;P17936-2	P17936;P17936-2				1.55014e+06
P18065	P18065				6.77901e+07
P18075	P18075				39020.3
P18206;P18206-2	P18206;P18206-2				791983
P18428	P18428				540173
P18509	P18509				111294
P18669	P15259;P18669				3.93531e+06
P18850	P18850				479341
P19021;P19021-5;P19021-6	P19021;P19021-3;P19021-4;P19021-2;P19021-5;P19021-6				4.78083e+07
P19022	P19022;P19022-2				3.69343e+07
P19256;P19256-2;P19256-3	P19256;P19256-2;P19256-3				302748
P19320	P19320;P19320-2;P19320-3				2.95188e+06
P19367;P19367-2;P19367-3;P19367-4	P19367;P52789;P19367-2;P19367-3;P19367-4				937510
P19652	P19652				8.5698e+07
P19823	P19823				1.44793e+07
P19827	P19827;P19827-2				9.72665e+06
P19835	P19835				751455
P20062	P20062				3.88996e+06
P20138;P20138-2	P20138;P20138-2				1.30016e+06
P20340;P20340-2;Q9NRW1	P20340;Q9NRW1;P20340-2;P20340-3				161501
P20366;P20366-2	P20366;P20366-2;P20366-3;P20366-4				5.58776e+06
P20382	P20382				350277
P20472	P20472				1.07175e+07
P20618	P20618				6.90231e+06
P20742	P20742;P20742-2				321324
P20774	P20774				4.55832e+07
P20827	P20827;P20827-2				5.48738e+06
P20908;P20908-2	P20908;P20908-2				1.13682e+06
P20916;P20916-2;P20916-3	P20916;P20916-2;P20916-3				2.98591e+06
P20930	P20930				67286.6
P20933	P20933				1.3707e+07
P21266	P21266				166793
P21291	P21291				207095
P21333;P21333-2	P21333;P21333-2				938242
P21554	P21554				813651
P21579	P21579				1.63539e+06
P21583;P21583-2;P21583-3	P21583;P21583-2;P21583-3				463896
P21589;P21589-2	P21589;P21589-2				279790
P21802;P21802-16;P21802-2;P21802-5;P21802-6;P21802-8	P21802;P21802-3;P21802-14;P21802-15;P21802-16;P21802-17;P21802-18;P21802-19;P21802-2;P21802-23;P21802-5;P21802-6;P21802-8				4.09743e+06
P21810	P21810				879818
P21860;P21860-4	P21860;P21860-4				365166
P21926	P21926				1.38143e+06
P22004	P22004				284209
P22061;P22061-2	P22061;P22061-2				3.67262e+06
P22105;P22105-1;P22105-4	P22105;P22105-1;P22105-4				6.209e+06
P22303	P22303;P22303-2;P22303-3;P22303-4				1.81822e+06
P22304	P22304				1.14528e+07
P22352	P22352				1.16381e+07
P22607;P22607-2;P22607-3;P22607-4	P22455;P22607;P22455-2;P22607-2;P22607-3;P22607-4				1.2345e+07
P22676	P22676				404413
P22692;P22692-2	P22692;P22692-2				3.08123e+07
P22748	P22748				1.51443e+07
P22792	P22792				2.01594e+06
P22794;P22794-2	P22794;P22794-2				1.06553e+06
P22891;P22891-2	P22891;P22891-2				322564
P22897	P22897				2.84976e+06
P23083	P23083				1.66674e+06
P23142	P23142				1.03983e+08
P23142-4	P23142-4				1.43862e+08
P23284	P23284				1.00098e+07
P23381;P23381-2	P23381;P23381-2				54791.5
P23435	P23435;Q8IUK8				3.92715e+07
P23468-2	P10586;P23468;P10586-2;P23468-2;P23468-3;P23468-4;P23468-5;P23468-6;P23468-7				7.84338e+06
P23468-7	P23468-4;P23468-5;P23468-6;P23468-7				650539
P23470;P23470-2	P23470;P23470-2				1.07187e+07
P23471;P23471-2	P23471;P23471-2;P23471-3				2.27704e+07
P23515	P23515				5.27445e+07
P23526;P23526-2	P23526;P23526-2				294894
P23528	P23528;P60981;Q9Y281;P60981-2;Q9Y281-3				1.09035e+06
P23560;P23560-2;P23560-3;P23560-4;P23560-5	P23560;P23560-2;P23560-3;P23560-4;P23560-5				1.55575e+06
P23582	P23582				1.50519e+07
P24043	P24043				8.33346e+06
P24347	P24347				1.19804e+07
P24387	P24387				148784
P24592	P24592				8.72542e+07
P24593	P24593				5.1722e+06
P24666;P24666-2;P24666-3;P24666-4	P24666;P24666-2;P24666-3;P24666-4				1.87989e+06
P24821;P24821-4	P24821;P24821-2;P24821-3;P24821-4;P24821-5;P24821-6				383409
P25189;P25189-2	P25189;P25189-2				695177
P25311	P25311				6.47657e+07
P25713	P25713				3.49714e+06
P25774;P25774-2	P25774;P25774-2				5.65056e+06
P25786;P25786-2	P25786;P25786-2				2.13814e+07
P25788;P25788-2	P25788;P25788-2				155194
P26038	P26038				1.59718e+06
P26447	P26447				418190
P26572	P26572				2.036e+06
P26641;P26641-2	P26641;P26641-2				636608
P26927	P26927;Q2TV78;Q2TV78-2				1.9242e+06
P26992	P26992				8.50023e+06
P27169	P27169				5.28673e+06
P27658	P27658				278442
P27797	P27797				1.58146e+07
P27824;P27824-2	P27824;P27824-2;P27824-3				2.45907e+06
P28066	P28066;P28066-2				284843
P28074	P28074;P28074-2				574462
P28161;P28161-2	P28161;P28161-2				56211.4
P28300	P28300				486781
P28482	P28482				234645
P28799;P28799-2	P28799;P28799-2				1.24291e+06
P28827;P28827-2	P28827;P28827-2				915115
P28838;P28838-2	P28838;P28838-2				209260
P29120;P29120-2	P29120;P29120-2				5.30029e+06
P29218;P29218-3	P29218;P29218-3;P29218-2				1.69678e+06
P29279;P29279-2	P29279;P29279-2				566910
P29323;P29323-2;P29323-3	P29323;P29323-3;P29323-2				448973
P29401;P29401-2	P29401;P29401-2				742771
P29622	P29622				8.4525e+06
P29762	P29762				328866
P29966	P29966				4.05363e+06
P30041	P30041				1.10798e+06
P30043	P30043				967104
P30048;P30048-2	P30048;P30048-2				898048
P30086	P30086				3.13077e+07
P30101	P30101				2.39972e+06
P30530;P30530-2	P30530;P30530-2				5.7373e+06
P30531	P30531				226831
P30533	P30533				335009
P30740	P30740				472871
P30990	P30990				294360
P31146	P31146				109484
P31150	P31150				2.99948e+06
P31151	P31151				212274
P31153	P31153;P31153-2				988365
P31321	P31321				536289
P31431;P31431-2	P31431;P31431-2				68961.5
P31937	P31937				190291
P31946;P31946-2	P31946;P31946-2				1.39423e+06
P32004;P32004-2;P32004-3	P32004;P32004-2;P32004-3				4.46659e+06
P32119	P32119				6.46766e+06
P32971	P32971				340571
P33151	P33151;P33151-2				3.47989e+06
P33908	P33908				9.17974e+06
P34059	P34059				2.37379e+06
P34096	P34096				3.14943e+06
P34741	P34741				531544
P34949	P34949;P34949-2				316509
P35030;P35030-2;P35030-3;P35030-4;P35030-5	P35030;P35030-2;P35030-3;P35030-4;P35030-5				2.31026e+06
P35052	P35052				7.41326e+06
P35080	P35080				351964
P35237	P35237				1.29667e+06
P35318	P35318				2.25814e+06
P35442	P35442				1.67623e+06
P35443	P35443				1.05311e+06
P35527	P35527				1.54903e+07
P35542	P35542				7.47088e+06
P35555	P35555				3.14261e+06
P35590	P35590				749945
P35613;P35613-2	P35613;P35613-2;P35613-3;P35613-4				2.50111e+06
P35858;P35858-2	P35858;P35858-2				4.00523e+06
P35908	P35908				3.96303e+06
P35968;P35968-2;P35968-3	P35968;P35968-2;P35968-3				847393
P36222	P36222				9.59033e+07
P36871	P36871;P36871-2				1.22851e+06
P36888;P36888-2	P36888;P36888-2				291208
P36955	P36955				3.30013e+08
P36957	P36957;P36957-2				1.95868e+07
P36980	P36980;Q03591;P36980-2				4.93753e+06
P37173;P37173-2	P37173;P37173-2				1.1591e+06
P37235;P61601;P84074	P37235;P61601;P84074				744268
P37837;P37837-2	P37837;P37837-2				2.97155e+06
P37840;P37840-2	P37840;P37840-2				208329
P38571;P38571-2	P38571;P38571-2				462567
P39059	P39059				3.10329e+06
P39060;P39060-1;P39060-2	P39060;P39060-1;P39060-2				1.77495e+07
P39748;P39748-2	P39748;P39748-2				433924
P40121;P40121-2	P40121;P40121-2				595813
P40189	P40189;P40189-3				6.65306e+06
P40925;P40925-3	P40925;P40925-3				1.93972e+07
P40926	P40926;P40926-2				885243
P41217;P41217-2;P41217-3	P41217;P41217-2;P41217-3				4.02243e+06
P41222	P41222				4.88438e+09
P41271;P41271-2	P41271;P41271-2				1.76716e+08
P42262;P42262-2;P42262-3	P42262;P42262-2;P42262-3				1.43085e+06
P42658;P42658-2	P42658;P42658-2				2.62513e+06
P42702	P42702				212059
P42785	P42785;P42785-2				4.51207e+06
P42857;P42857-2	P42857;P42857-2				1.62929e+06
P43004;P43004-2;P43004-3	P43004;P43004-2;P43004-3				247214
P43121	P43121;P43121-2				1.53058e+07
P43146	P43146				4.06105e+06
P43234	P43234				962723
P43251;P43251-2;P43251-3;P43251-4	P43251;P43251-2;P43251-3;P43251-4				2.03905e+07
P43652	P43652				5.94669e+07
P45877	P45877				3.44719e+06
P46013;P46013-2	P46013;P46013-2				43595.6
P46459	P46459				1.32618e+06
P47755;P47755-2;P52907	P47755;P52907;P47755-2				292962
P47972	P47972				9.68675e+06
P48058;P48058-2	P48058;P48058-2				6.10359e+06
P48061;P48061-2;P48061-3;P48061-4;P48061-5;P48061-6	P48061;P48061-2;P48061-3;P48061-4;P48061-5;P48061-6				1.15051e+06
P48066;P48066-2	P48066;P48066-2				93427.6
P48147	P48147				682035
P48163	P48163				547909
P48539	P48539				1.19089e+06
P48551;P48551-2;P48551-3	P48551;P48551-2;P48551-3				740437
P48637	P48637;P48637-2				4.04798e+06
P48723	P48723				1.17741e+06
P48740-2;P48740-4	P48740-2;P48740-4				4.04924e+06
P48745	P48745				8.40224e+07
P49184	P49184				160199
P49257	P49257				3.42612e+06
P49418;P49418-2	P49418;P49418-2				1.97909e+06
P49588;P49588-2	P49588;P49588-2				27406.2
P49641	P49641;P49641-1;P49641-2				9.0105e+06
P49747;P49747-2	P49747;P49747-2				727672
P49767	P49767				214532
P49862;P49862-2	P49862;P49862-2				121812
P49908	P49908				1.50437e+07
P50281	P50281				2.39879e+06
P50395	P50395;P50395-2				1.5732e+06
P50502;Q8NFI4	P50502;Q8NFI4				527928
P50895	P50895				1.17351e+06
P50897	P50897;P50897-2				770511
P50993	P05023;P13637;P20648;P50993;P05023-2;P05023-3;P05023-4;P13637-2;P13637-3				2.30999e+06
P51674;P51674-2;P51674-3	P51674;P51674-2;P51674-3				673072
P51688	P51688				917690
P51693	P51693;P51693-2				4.46168e+08
P51693-2	P51693-2				3.65753e+06
P51805	P51805				161628
P51812	P51812;Q15418;Q15418-2;Q15418-3;Q15418-4				608800
P51884	P51884				2.74548e+07
P51888	P51888				4.36166e+06
P52209;P52209-2	P52209;P52209-2				53327.4
P52565;P52565-2	P52565;P52565-2				50700.9
P52566	P52566				192569
P52758	P52758				949981
P52797	P52797				2.34276e+06
P52799	P52799				5.14058e+06
P52803	P52803				5.15167e+06
P52848	P52848				568484
P53041	P53041				456207
P53634	P53634				1.34622e+06
P54108;P54108-2;P54108-3	P54108;P54108-2;P54108-3				2.27893e+07
P54253	P54253				1.09619e+08
P54289-2;P54289-3	P54289;P54289-2;P54289-3;P54289-4;P54289-5				2.83249e+07
P54652	P54652				203663
P54727	P54725;P54727;P54725-2;P54725-3				962670
P54756;P54756-2	P54756;P54756-2				655262
P54764	P54764;P54764-2				1.84233e+07
P54802	P54802				4.68679e+06
P54803	P54803;P54803-3;P54803-4;P54803-5				1.5708e+06
P54826	P54826				343159
P55011;P55011-3	P55011;P55011-3				357228
P55058	P55058;P55058-2;P55058-3;P55058-4				1.25524e+08
P55083;P55083-2	P55083;P55083-2				8.68822e+06
P55087;P55087-2	P55087;P55087-2				1.52384e+06
P55103	P55103				178063
P55145	P55145				1.27871e+06
P55268	P55268				1.15799e+07
P55283	P55283;P55283-2				9.99372e+06
P55285;P55285-2	P55285;P55285-2				3.35356e+06
P55286	P55286				2.96269e+06
P55287;P55287-2	P55287;P55287-2				2.9637e+06
P55289;P55289-2	P55289;P55289-2				986637
P55290;P55290-4	P55290;P55290-2;P55290-3;P55290-4;P55290-5				5.27875e+07
P55291	P55291				4.5782e+06
P55786	P55786;P55786-2				1.90683e+06
P55854;P55854-2;P61956;P61956-2;Q6EEV6	P55854;P61956;Q6EEV6;P55854-2;P61956-2				417844
P55899	P55899				265509
P55957;P55957-2	P55957;P55957-2;P55957-4				529047
P56159;P56159-2	P56159;P56159-2				1.88297e+06
P56705;P56705-2	P56705;P56705-2				506566
P56817;P56817-2	P56817;P56817-2;P56817-3;P56817-4;P56817-5;P56817-6				1.11251e+06
P57087;P57087-3	P57087;P57087-2;P57087-3				1.20872e+06
P58215	P58215;P58215-2;P58215-3				483471
P58400	P58400;P58400-1				854983
P58401	P58401				2.78966e+06
P58417	O95156;P58417				1.0649e+07
P60174;P60174-3	P60174;P60174-3;P60174-4				1.0955e+07
P60520	O95166;P60520;Q9H0R8;Q9H0R8-2				1.1075e+06
P60660;P60660-2	P60660;P60660-2				566379
P60709;P63261	P60709;P63261				1.23166e+07
P60900	P60900;P60900-2				321071
P60983	P60983				1.38841e+06
P61018;P61018-2	O95716;P20336;P20337;P20338;P61006;P61018;P61026;P61106;P62820;Q15286;Q15771;Q6IQ22;Q86YS6;Q92930;Q96AX2;Q96DA2;Q96E17;Q9H0U4;Q92928;P61006-2;Q15286-2;Q86YS6-2;P61018-2;Q15771-2;Q96AX2-2;Q96AX2-3;Q96AX2-4				671444
P61026	P51153;P59190;P61006;P61026;P62820;Q92930;Q9H0U4;Q92928;P61006-2;P62820-2;P62820-3;P59190-2				420192
P61077;P61077-2;P61077-3;P62837;P62837-2	P61077;P62837;P62837-2;P61077-2;P61077-3				235970
P61088	P61088				965242
P61204;P61204-2;P84077;P84085	P18085;P61204;P84077;P84085;P61204-2				334110
P61266;P61266-2	P61266;P61266-2				462755
P61278	P61278				6.83939e+06
P61604	P61604				745780
P61626	P61626				1.6173e+07
P61769	P61769				1.85233e+08
P61812;P61812-2	P61812;P61812-2				183589
P61916	P61916;P61916-2				4.68716e+07
P61970	P61970				2.12569e+06
P61981	P61981				9.45361e+06
P62258;P62258-2	P62258;P62258-2				2.09823e+06
P62328	P62328;P63313				1.37578e+07
P62873;P62873-2;P62879	P62873;P62879;Q9HAV0;P62873-2;P62879-2				233624
P62913;P62913-2	P62913;P62913-2				6.81667e+06
P62937	P62937				4.26835e+06
P62942	P62942				1.1759e+06
P62993	P62993;P62993-2				1.38639e+06
P63010;P63010-2;P63010-3	P63010;P63010-2;Q10567;Q10567-3;P63010-3;Q10567-2;Q10567-4				1.76356e+06
P63104	P63104;P63104-2				3.26864e+06
P63208	P63208;P63208-2				1.39043e+06
P63241;P63241-2	P63241;Q9GZV4;Q6IS14;P63241-2				141994
P67936	P06753;P07951;P09493;P09493-10;P67936;P07951-2;P09493-5;P06753-2;P06753-3;P09493-2;P09493-3;P09493-4;P09493-6;P09493-7;P09493-8;P09493-9;P06753-4;P06753-5;P06753-6;P07951-3;P67936-2				742558
P68032;P68133	P62736;P63267;P68032;P68133				1.36013e+06
P68036	P68036;A0A1B0GUS4;P68036-2;P68036-3				691849
P68104;Q05639;Q5VTE0	P68104;Q05639;Q5VTE0				358292
P68363;Q71U36;Q71U36-2;Q9BQE3	P0DPH7;P0DPH8;P68363;P68366;Q6PEY2;Q71U36;Q9BQE3;P0DPH7-2;P68363-2;P68366-2;Q71U36-2				170491
P68871	P02042;P68871				3.14033e+08
P69849;Q15155;Q5JPE7;Q5JPE7-2	P69849;Q15155;Q5JPE7;Q5JPE7-2;Q5JPE7-3				345793
P69891;P69892	P69891;P69892				236359
P69905	P69905				2.0075e+08
P78310;P78310-2;P78310-4;P78310-5;P78310-6;P78310-7	P78310;P78310-2;P78310-4;P78310-5;P78310-6;P78310-7				516062
P78324;P78324-2	P78324;Q9P1W8;Q5TFQ8;P78324-2;P78324-4;Q9P1W8-2;Q9P1W8-3;Q9P1W8-4				3.21281e+07
P78347;P78347-2;P78347-3;P78347-4	P78347;P78347-2;P78347-3;P78347-4				134295
P78417	P78417;P78417-3				1.24926e+06
P78504	P78504				210946
P78509;P78509-2	P78509;P78509-2;P78509-3				1.73481e+07
P78536;P78536-2	P78536;P78536-2				657389
P78539;P78539-2;P78539-3;P78539-5	P78539;P78539-2;P78539-3;P78539-4;P78539-5				856488
P80108	P80108				2.13831e+06
P80188;P80188-2	P80188;P80188-2				501533
P80303;P80303-2	P80303;P80303-2				914347
P80723	P80723;P80723-2				4.73699e+06
P80748	P80748				2.60048e+07
P81605;P81605-2	P81605;P81605-2				1.04638e+06
P82987;P82987-2	P82987;P82987-2				116711
P84157-2	P84157;P84157-2;P84157-3				623416
P98095;P98095-2	P98095;P98095-2				2.82406e+06
P98153;P98153-2;P98153-3	P98153;P98153-2;P98153-3				1.20378e+06
P98155;P98155-2	P98155;P98155-2				927942
P98160	P98160				1.3675e+07
P98161;P98161-2;P98161-3	P98161;P98161-3;P98161-2				49447.1
P98164	P98164				104374
P98172	P98172				1.40899e+06
P98173;P98173-2;P98173-3	P98173;P98173-2;P98173-3				949256
P99999	P99999				3.1072e+06
Q00973	Q00973;Q00973-2				1.03671e+06
Q01459	Q01459				8.24036e+06
Q01469	Q01469;A8MUU1				5.77357e+06
Q01973;Q01973-3;Q01974	Q01973;Q01974;Q01973-3				143851
Q01995	Q01995				2.09914e+06
Q02246	Q02246				1.62093e+07
Q02413	Q02413				165680
Q02487;Q02487-2	Q02487;Q02487-2				4.00982e+06
Q02747	Q02747				238738
Q02790	Q02790				678753
Q02809;Q02809-2	Q02809;Q02809-2				1.98605e+06
Q02818	Q02818				1.4297e+07
Q02952;Q02952-2;Q02952-3	Q02952;Q02952-2;Q02952-3				64119
Q02985;Q02985-2	Q02985;Q92496;Q02985-2;Q92496-2;Q92496-3				1.72353e+06
Q03167;Q03167-2	Q03167;Q03167-2				6.49206e+06
Q04721	Q04721				4.91933e+06
Q04756	Q04756				921116
Q04760;Q04760-2	Q04760;Q04760-2				1.4839e+06
Q04917	Q04917				99382.6
Q05193;Q05193-2;Q05193-3;Q05193-5;Q9UQ16;Q9UQ16-2;Q9UQ16-3;Q9UQ16-4	Q05193;Q9UQ16;Q05193-2;Q05193-3;Q05193-5;Q9UQ16-2;Q9UQ16-3;Q9UQ16-4				539693
Q05707;Q05707-2	Q05707;Q05707-2;Q05707-3				1.13946e+06
Q05996;Q05996-2	Q05996;Q05996-2				2.59213e+06
Q06033;Q06033-2	Q06033;Q06033-2				1.73427e+06
Q06418	Q06418				1.93931e+06
Q06481	Q06481;Q06481-3;Q06481-6				6.83464e+07
Q06828	Q06828				1.12014e+07
Q06830	Q06830				4.55115e+06
Q07092;Q07092-2	Q07092;Q07092-2				431746
Q07699;Q07699-2	Q07699;Q07699-2				1.73157e+06
Q07954	Q07954				5.38335e+06
Q08174-2	Q08174;Q08174-2				5.93988e+06
Q08209;Q08209-2;Q08209-3	Q08209;Q08209-2;Q08209-3;Q08209-4				387739
Q08345;Q08345-5	Q08345;Q08345-2;Q08345-4;Q08345-5;Q08345-6				4.22567e+06
Q08380	Q08380				6.15783e+07
Q08397	Q08397				158780
Q08431;Q08431-4	Q08431;Q08431-3;Q08431-4				2.33983e+06
Q08554;Q08554-2	Q08554;Q08554-2				730705
Q08629	Q08629				8.78598e+06
Q09327	Q09327				580734
Q09328	Q09328				1.84647e+06
Q09666	Q09666				276794
Q0P6D2	Q0P6D2				2.54248e+06
Q10469	Q10469				1.45535e+06
Q10471	Q10471				6.68415e+06
Q10472	Q10472				1.48306e+06
Q10567;Q10567-2;Q10567-3	Q10567;Q10567-3;Q10567-2;Q10567-4				703721
Q10588	Q10588;Q10588-2				2.01409e+06
Q10589;Q10589-2	Q10589;Q10589-2				138479
Q11201	Q11201				325373
Q12765;Q12765-2	Q12765;Q12765-2;Q12765-3				182976
Q12794;Q12794-2;Q12794-7	Q12794;Q12794-2;Q12794-4;Q12794-7				2.05697e+06
Q12797;Q12797-10	Q12797;Q12797-10				239918
Q12805;Q12805-2;Q12805-3;Q12805-4;Q12805-5	Q12805;Q12805-2;Q12805-3;Q12805-4;Q12805-5				3.37824e+07
Q12841;Q12841-2	Q12841;Q12841-2				6.16622e+06
Q12860	Q12860;Q12860-2				3.94299e+07
Q12866	Q12866				990448
Q12907	Q12907				3.96823e+07
Q12913;Q12913-3	Q12913;Q12913-2;Q12913-3				1.3866e+06
Q13093	Q13093				215567
Q13214;Q13214-2	Q13214;Q13214-2				1.85362e+06
Q13217	Q13217				1.00222e+06
Q13228;Q13228-4	Q13228;Q13228-2;Q13228-3;Q13228-4				9.42018e+06
Q13231;Q13231-2;Q13231-3	Q13231;Q13231-2;Q13231-3;Q13231-4				1.47847e+06
Q13232	Q13232				187573
Q13275-2	Q13275;Q13275-2				629355
Q13308;Q13308-2;Q13308-3;Q13308-4;Q13308-5;Q13308-6	Q13308;Q13308-2;Q13308-3;Q13308-4;Q13308-5;Q13308-6				481227
Q13332-7	Q13332-5;Q13332-7				2.13853e+06
Q13332;Q13332-3;Q13332-4	Q13332;Q13332-2;Q13332-3;Q13332-4;Q13332-5;Q13332-6;Q13332-7				1.02249e+07
Q13404;Q13404-1;Q13404-2;Q13404-6;Q13404-7	Q13404;Q13404-1;Q13404-2;Q13404-6;Q13404-7				832988
Q13421-2;Q13421-3;Q13421-4	Q13421;Q13421-2;Q13421-3;Q13421-4				1.2743e+06
Q13433	Q13433				492137
Q13443;Q13443-2	Q13443;Q13443-2				1.20136e+06
Q13444;Q13444-10;Q13444-12;Q13444-2;Q13444-3;Q13444-4;Q13444-5;Q13444-6;Q13444-7;Q13444-8;Q13444-9	Q13444;Q13444-2;Q13444-10;Q13444-11;Q13444-12;Q13444-3;Q13444-4;Q13444-5;Q13444-6;Q13444-7;Q13444-8;Q13444-9				595308
Q13449	Q13449				1.03618e+08
Q13501;Q13501-2	Q13501;Q13501-2				507853
Q13508;Q13508-2;Q13508-3	Q13508;Q13508-2;Q13508-3				6.81829e+06
Q13510;Q13510-2	Q13510;Q13510-2;Q13510-3				3.79354e+06
Q13519;Q13519-2	Q13519;Q13519-2				865270
Q13554;Q13554-2;Q13554-3;Q13554-4;Q13554-5;Q13554-7;Q13554-8	Q13554;Q13554-3;Q13554-2;Q13554-4;Q13554-5;Q13554-6;Q13554-7;Q13554-8				1.36937e+06
Q13555;Q13555-10;Q13555-11;Q13555-2;Q13555-3;Q13555-4;Q13555-5;Q13555-6;Q13555-7;Q13555-8;Q13555-9	Q13555;Q13555-5;Q13555-10;Q13555-11;Q13555-2;Q13555-3;Q13555-4;Q13555-6;Q13555-7;Q13555-8;Q13555-9				1.4373e+06
Q13557;Q13557-10;Q13557-11;Q13557-12;Q13557-3;Q13557-4;Q13557-5;Q13557-6;Q13557-8;Q13557-9	Q13557;Q13557-8;Q13557-10;Q13557-11;Q13557-12;Q13557-3;Q13557-4;Q13557-5;Q13557-6;Q13557-9				3.31482e+06
Q13591	Q13591				213492
Q13634;Q13634-2	Q13634;Q13634-2				5.46893e+06
Q13641	Q13641				1.99866e+06
Q13683;Q13683-10;Q13683-13;Q13683-3;Q13683-7;Q13683-9	Q13683;Q13683-10;Q13683-13;Q13683-3;Q13683-7;Q13683-9				1.40866e+06
Q13740;Q13740-2	Q13740;Q13740-2;Q13740-3				9.3408e+06
Q13822-3	Q13822;Q13822-3				2.393e+08
Q13867	Q13867				931296
Q13873	Q13873				215326
Q14019	Q14019				4.04014e+06
Q14112;Q14112-2	Q14112;Q14112-2				5.2556e+06
Q14114;Q14114-2;Q14114-3;Q14114-4	Q14114;Q14114-3;Q14114-2;Q14114-4				499599
Q14118	Q14118				4.42034e+07
Q14126	Q14126				1.9699e+06
Q14165	Q14165				2.52497e+06
Q14213	Q14213				455690
Q14242;Q14242-2	Q14242;Q14242-2				2.56816e+06
Q14257;Q14257-2	Q14257;Q14257-2				1.73137e+06
Q14314	Q14314				3.17323e+06
Q14315;Q14315-2	Q14315;Q14315-2				1.12952e+06
Q14393;Q14393-1;Q14393-3;Q14393-4;Q14393-5	Q14393;Q14393-1;Q14393-3;Q14393-4;Q14393-5				4.43457e+06
Q14515	Q14515;Q14515-2				1.4003e+08
Q14517	Q14517				394207
Q14520;Q14520-2	Q14520;Q14520-2				3.36528e+06
Q14563	Q14563				649925
Q14566	Q14566				2.73274e+06
Q14574;Q14574-2	Q14574;Q14574-2				1.63127e+06
Q14596;Q14596-2	Q14596;Q14596-2				229602
Q14624	Q14624				2.50595e+07
Q14696	Q14696				1.04896e+06
Q14697;Q14697-2	Q14697;Q14697-2				5.19188e+06
Q14766	Q14766;Q14766-4				844849
Q14767	Q14767				2.39675e+06
Q14894	Q14894				1.108e+06
Q14956;Q14956-2	Q14956;Q14956-2				1.55037e+06
Q14982;Q14982-2;Q14982-3;Q14982-4	Q14982;Q14982-2;Q14982-3;Q14982-4				1.67133e+07
Q14C87	Q14C87;Q14C87-2				6.05631e+06
Q14CZ8	Q14CZ8				577025
Q14DG7	Q14DG7;Q14DG7-2				940673
Q15043;Q15043-2;Q15043-3	Q15043;Q15043-2;Q15043-3				173254
Q15063;Q15063-2;Q15063-3;Q15063-4;Q15063-5;Q15063-6;Q15063-7	Q15063;Q15063-2;Q15063-3;Q15063-4;Q15063-5;Q15063-6;Q15063-7				972098
Q15084;Q15084-2;Q15084-3;Q15084-4;Q15084-5	Q15084;Q15084-2;Q15084-3;Q15084-4;Q15084-5				309171
Q15113	Q15113				6.43568e+07
Q15121;Q15121-2	Q15121;Q15121-2				352635
Q15149;Q15149-2;Q15149-3;Q15149-4;Q15149-5;Q15149-6;Q15149-7;Q15149-8;Q15149-9	Q15149;Q15149-2;Q15149-3;Q15149-4;Q15149-5;Q15149-6;Q15149-7;Q15149-8;Q15149-9				174489
Q15166	Q15166				1.57662e+06
Q15223;Q15223-2;Q15223-3	Q15223;Q15223-2;Q15223-3				3.05803e+06
Q15256;Q15256-5	Q15256;Q15256-5				905068
Q15257;Q15257-2;Q15257-3	Q15257;Q15257-2;Q15257-3				307964
Q15262;Q15262-2;Q15262-3;Q15262-4	Q15262;Q15262-2;Q15262-3;Q15262-4				835778
Q15293;Q15293-2	Q15293;Q15293-2				3.55976e+06
Q15303;Q15303-2;Q15303-3;Q15303-4	Q15303;Q15303-2;Q15303-3;Q15303-4				1.02593e+06
Q15375;Q15375-4	Q15375;Q15375-2;Q15375-4				1.50739e+06
Q15459;Q15459-2	Q15459;Q15459-2				1.22711e+06
Q15465	Q15465				706023
Q15493	Q15493				401025
Q15582	Q15582				2.13791e+07
Q15768	Q15768				1.35927e+06
Q15782;Q15782-5;Q15782-6	Q15782;Q15782-5;Q15782-6				1.49677e+06
Q15818	Q15818				3.51819e+07
Q15819	Q15819				594747
Q15828	Q15828				1.49202e+06
Q15846	Q15846				635445
Q15848	Q15848				633648
Q15904	Q15904				4.33395e+07
Q16143	Q16143				1.43148e+06
Q16270	Q16270;Q16270-2				9.35112e+07
Q16288;Q16288-2;Q16288-3;Q16288-4;Q16288-5	Q16288;Q16288-2;Q16288-3;Q16288-4;Q16288-5				2.16033e+06
Q16363;Q16363-2	Q16363;Q16363-2				998137
Q16394	Q16394				403210
Q16531	Q16531				1.60741e+06
Q16549	Q16549				261507
Q16555;Q16555-2	Q16555;Q16555-2				1.35426e+06
Q16568	Q16568				2.00947e+06
Q16581	Q16581				2.0743e+06
Q16610;Q16610-4	Q16610;Q16610-2;Q16610-4				1.39561e+07
Q16620;Q16620-2;Q16620-3;Q16620-4;Q16620-5;Q16620-6	Q16620;Q16620-2;Q16620-3;Q16620-4;Q16620-5;Q16620-6;Q16620-7				7.29698e+06
Q16623;Q16623-2;Q16623-3	Q16623;Q16623-2;Q16623-3				425873
Q16627;Q16627-2	Q16627;Q16627-2				1.71302e+06
Q16651	Q16651;Q16651-2				771598
Q16653;Q16653-10;Q16653-11;Q16653-13;Q16653-2;Q16653-3;Q16653-5;Q16653-6;Q16653-7;Q16653-8;Q16653-9	Q16653;Q16653-10;Q16653-11;Q16653-13;Q16653-2;Q16653-3;Q16653-5;Q16653-6;Q16653-7;Q16653-8;Q16653-9				4.21991e+06
Q16658	Q16658				507845
Q16674	Q16674				2.37281e+06
Q16706	Q16706				2.05441e+07
Q16769	Q16769				9.70876e+06
Q16775;Q16775-2	Q16775;Q16775-2				1.14358e+06
Q16799	Q16799;Q16799-2				1.09801e+06
Q16849;Q16849-2;Q16849-3	Q16849;Q16849-3;Q16849-2				6.91956e+06
Q16853;Q16853-2	Q16853;Q16853-2				348232
Q16880	Q16880				9.08735e+06
Q16881;Q16881-2;Q16881-3;Q16881-4;Q16881-5;Q16881-6;Q16881-7	Q16881;Q16881-4;Q16881-5;Q16881-2;Q16881-3;Q16881-6;Q16881-7				399458
Q17RC7	Q17RC7				2.96807e+07
Q24JP5;Q24JP5-2	Q24JP5;Q24JP5-2;Q24JP5-3				2.00083e+07
Q2TAL6	Q2TAL6				928523
Q2TBF2;Q2TBF2-2	Q2TBF2;Q2TBF2-2				615089
Q2UY09	Q2UY09;Q2UY09-2;Q2UY09-3				327183
Q30154	P79483;Q30154				771147
Q495W5;Q495W5-2	Q495W5;Q495W5-2				1.14941e+06
Q4G0I0	Q4G0I0				184132
Q4G0P3	Q4G0P3;Q4G0P3-10;Q4G0P3-5;Q4G0P3-6;Q4G0P3-8				2.05797e+06
Q4G148;Q4G148-2	Q4G148;Q4G148-2				249712
Q4KWH8;Q4KWH8-3;Q4KWH8-4	Q4KWH8;Q4KWH8-3;Q4KWH8-4				4.56362e+06
Q504Y0;Q504Y0-4;Q504Y0-5	Q504Y0;Q504Y0-4;Q504Y0-5				258439
Q504Y2	Q504Y2				844352
Q53EL9;Q53EL9-3	Q53EL9;Q53EL9-2;Q53EL9-3				1.54865e+07
Q53RD9;Q53RD9-2;Q53RD9-4	Q53RD9;Q53RD9-2;Q53RD9-3;Q53RD9-4				3.08285e+06
Q53RT3;Q53RT3-2	Q53RT3;Q53RT3-2				282822
Q562R1	Q562R1				9.50896e+06
Q58EX2;Q58EX2-2;Q58EX2-3;Q58EX2-4	Q58EX2;Q58EX2-2;Q58EX2-3;Q58EX2-4				24596.1
Q58FF6	Q58FF6				484960
Q59EK9;Q59EK9-2;Q59EK9-3;Q59EK9-4	Q59EK9;Q59EK9-3;Q59EK9-2;Q59EK9-4				1.70692e+06
Q5BIV9	Q5BIV9				1.18894e+06
Q5BLP8;Q5BLP8-2;Q5BLP8-3	Q5BLP8;Q5BLP8-2;Q5BLP8-3				1.10739e+07
Q5FWE3;Q5FWE3-3	Q5FWE3;Q5FWE3-3				7.28386e+06
Q5IJ48;Q5IJ48-2;Q5IJ48-3	Q5IJ48;Q5IJ48-2;Q5IJ48-3				189034
Q5JRA6;Q5JRA6-2	Q5JRA6;Q5JRA6-2;Q5JRA6-3				736228
Q5JS37;Q5JS37-2	Q5JS37;Q5JS37-2				1.85746e+06
Q5JTV8;Q5JTV8-3	Q5JTV8;Q5JTV8-3				234595
Q5JZY3;Q5JZY3-2;Q5JZY3-3	Q5JZY3;Q5JZY3-2;Q5JZY3-3				2.23339e+06
Q5KU26	Q5KU26				5.57848e+06
Q5R3F8	Q5R3F8				510050
Q5SGD2;Q5SGD2-2;Q5SGD2-3	Q5SGD2;Q5SGD2-2;Q5SGD2-3				271720
Q5SRI9	Q5SRI9				1.74105e+06
Q5SZK8;Q5SZK8-2	Q5SZK8;Q5SZK8-2				1.64113e+06
Q5T013;Q5T013-2;Q5T013-3;Q5T013-4	Q5T013;Q5T013-2;Q5T013-3;Q5T013-4				1.70654e+08
Q5T848	Q5T848				4.998e+06
Q5VSG8	Q5VSG8				1.62345e+07
Q5VU43;Q5VU43-10;Q5VU43-11;Q5VU43-12;Q5VU43-3;Q5VU43-4;Q5VU43-6;Q5VU43-7;Q5VU43-8;Q5VU43-9;Q96SN8;Q96SN8-2;Q96SN8-3;Q96SN8-4	Q5VU43;Q5VU43-11;Q96SN8;Q5VU43-8;Q5VU43-10;Q5VU43-12;Q5VU43-3;Q5VU43-4;Q5VU43-6;Q5VU43-7;Q5VU43-9;Q96SN8-2;Q96SN8-3;Q96SN8-4				1.81892e+06
Q5VU97	Q5VU97				3.38209e+06
Q5VUB5	Q5VUB5				458162
Q5VV43;Q5VV43-2;Q5VV43-4	Q5VV43;Q5VV43-2;Q5VV43-4				2.40551e+06
Q5VV63	Q5VV63				464200
Q5VWW1;Q5VWW1-2;Q5VWW1-3	Q5VWW1;Q5VWW1-2;Q5VWW1-3				1.20336e+06
Q5ZPR3;Q5ZPR3-3;Q5ZPR3-4	Q5ZPR3;Q5ZPR3-3;Q5ZPR3-4				439237
Q63HQ2;Q63HQ2-2	Q63HQ2;Q63HQ2-2				309360
Q641Q3	Q641Q3;Q641Q3-2				1.39528e+06
Q658N2	Q658N2				2.00583e+06
Q68BL7;Q68BL7-2;Q68BL7-3	Q68BL7;Q68BL7-2;Q68BL7-3				2.78628e+06
Q68D85	Q68D85				966436
Q6E0U4-16;Q6E0U4-2;Q6E0U4-5;Q6E0U4-6	Q6E0U4;Q6E0U4-16;Q6E0U4-2;Q6E0U4-3;Q6E0U4-4;Q6E0U4-5;Q6E0U4-6;Q6E0U4-7				1.46911e+06
Q6EMK4	Q6EMK4				7.04174e+06
Q6FHJ7	Q6FHJ7				1.50284e+06
Q6IBS0	Q6IBS0				319937
Q6IEE7	Q6IEE7				852690
Q6IS24	Q6IS24				503316
Q6ISS4;Q6ISS4-2	Q6GTX8;Q6ISS4;Q6GTX8-2;Q6GTX8-3;Q6GTX8-4;Q6ISS4-2				2.0447e+06
Q6JBY9;Q6JBY9-2	Q6JBY9;Q6JBY9-2				107951
Q6MZW2	Q6MZW2;Q6MZW2-2;Q6MZW2-3				2.63818e+07
Q6NUJ2	Q6NUJ2				183914
Q6NW40	Q6NW40				9.69083e+06
Q6P179	Q6P179;Q6P179-2;Q6P179-4				157248
Q6P4E1;Q6P4E1-5	Q6P4E1;Q6P4E1-2;Q6P4E1-5				4.75092e+06
Q6P9A2	Q6P9A2				1.06095e+06
Q6PCB0	Q6PCB0				565858
Q6PK18	Q6PK18				227748
Q6RVD6	Q6RVD6				280933
Q6UVK1	Q6UVK1				3.60362e+06
Q6UVY6;Q6UVY6-2	Q6UVY6;Q6UVY6-2				643199
Q6UW01	Q6UW01				1.27152e+07
Q6UWH4;Q6UWH4-2	Q6UWH4;Q6UWH4-2				6.83782e+06
Q6UWR7	Q6UWR7				1.15991e+06
Q6UWY5	Q6UWY5				1.01386e+06
Q6UX15;Q6UX15-2	Q6UX15;Q6UX15-2				1.23177e+06
Q6UX71	Q6UX71;Q6UX71-2				1.26094e+07
Q6UX72	Q6UX72				881342
Q6UX73;Q6UX73-2	Q6UX73;Q6UX73-2				9.93174e+06
Q6UXB8	Q6UXB8;Q6UXB8-2				6.70525e+06
Q6UXD5-3;Q6UXD5-5;Q6UXD5-6	Q6UXD5;Q6UXD5-2;Q6UXD5-3;Q6UXD5-4;Q6UXD5-5;Q6UXD5-6				3.12271e+07
Q6UXF1;Q6UXF1-2	Q6UXF1;Q6UXF1-2				156726
Q6UXH9;Q6UXH9-2	Q6UXH9;Q6UXH9-2;Q6UXH9-3				454407
Q6UXI7;Q6UXI7-2;Q6UXI7-4;Q6UXI7-5	Q6UXI7;Q6UXI7-2;Q6UXI7-3;Q6UXI7-4;Q6UXI7-5				2.28079e+06
Q6UXI9;Q6UXI9-2;Q6UXI9-3;Q6UXI9-4;Q6UXI9-5;Q6UXI9-6	Q6UXI9;Q6UXI9-2;Q6UXI9-3;Q6UXI9-4;Q6UXI9-5;Q6UXI9-6				539181
Q6UXK2	Q6UXK2				1.25734e+06
Q6UXK5	Q6UXK5				1.35648e+06
Q6UXZ4;Q6UXZ4-2	Q6UXZ4;Q6UXZ4-2				1.81232e+06
Q6UY14;Q6UY14-2;Q6UY14-3	Q6UY14;Q6UY14-3;Q6UY14-2				471789
Q6YHK3	Q6YHK3;Q6YHK3-2;Q6YHK3-4				1.00286e+06
Q6ZMI3	Q6ZMI3;Q6ZMI3-2				4.17937e+06
Q6ZMP0;Q6ZMP0-2	Q6ZMP0;Q6ZMP0-2				1.12659e+06
Q6ZN30;Q6ZN30-2	Q6ZN30;Q6ZN30-2				886127
Q6ZN44;Q6ZN44-2	Q6ZN44;Q6ZN44-2				305988
Q6ZRP7	Q6ZRP7				1.26738e+06
Q6ZSJ9;Q6ZSJ9-2;Q6ZSJ9-3	Q6ZSJ9;Q6ZSJ9-2;Q6ZSJ9-3				2.87602e+07
Q6ZVL6	Q6ZVL6				58765.9
Q6ZVL6-2	Q6ZVL6;Q6ZVL6-2				1.48917e+06
Q71H61	Q71H61				81206.3
Q76KP1	Q76KP1				437706
Q7KYR7;Q7KYR7-1;Q7KYR7-4;Q7KYR7-6;Q8WVV5;Q8WVV5-2;Q8WVV5-3	Q7KYR7;Q8WVV5;Q7KYR7-4;Q7KYR7-1;Q7KYR7-5;Q7KYR7-6;Q8WVV5-2;Q8WVV5-3				755486
Q7L014	Q7L014				2.60272e+07
Q7L0X0	Q7L0X0				1.05938e+06
Q7L266;Q7L266-2	Q7L266;Q7L266-2				299043
Q7L985	Q7L985				3.16407e+06
Q7LFX5	Q7LFX5;Q7LFX5-2				1.79661e+06
Q7LGC8	Q7LGC8				415351
Q7Z304	Q7Z304				185768
Q7Z3B1	Q7Z3B1;Q7Z3B1-2				7.98166e+07
Q7Z3D4	Q7Z3D4				915460
Q7Z408;Q7Z408-4	Q7Z408;Q7Z408-4				197942
Q7Z4R8	Q7Z4R8				234701
Q7Z553;Q7Z553-3	Q7Z553;Q7Z553-2;Q7Z553-3				1.39576e+06
Q7Z5A7;Q7Z5A7-2	Q7Z5A7;Q7Z5A7-2;Q7Z5A7-3				9.59386e+06
Q7Z5L0	Q7Z5L0				763613
Q7Z5L3	Q7Z5L3				1.33959e+06
Q7Z5L7;Q7Z5L7-2;Q7Z5L7-3	Q7Z5L7;Q7Z5L7-2;Q7Z5L7-3				1.02031e+06
Q7Z5N4;Q7Z5N4-3	Q7Z5N4;Q7Z5N4-3				260619
Q7Z6L0;Q7Z6L0-2;Q7Z6L0-3	Q7Z6L0;Q7Z6L0-2;Q7Z6L0-3				70970.3
Q7Z7G0;Q7Z7G0-2;Q7Z7G0-3;Q7Z7G0-4	Q7Z7G0;Q7Z7G0-2;Q7Z7G0-3;Q7Z7G0-4				1.40348e+06
Q7Z7H5;Q7Z7H5-3	Q7Z7H5;Q7Z7H5-2;Q7Z7H5-3				603554
Q7Z7M0	Q7Z7M0;Q7Z7M0-2				3.68519e+07
Q7Z7M8	Q7Z7M8				60053.8
Q7Z7M9	Q7Z7M9				474323
Q86SF2	Q86SF2				5.55259e+06
Q86SR1	Q86SR1;Q86SR1-2;Q86SR1-3				2.41235e+06
Q86SU0;Q86SU0-2;Q86SU0-5;Q86SU0-6	Q86SU0;Q86SU0-2;Q86SU0-5;Q86SU0-6				1.83974e+06
Q86TY3;Q86TY3-2	Q86TY3;Q86TY3-2				7.28516e+06
Q86UD1	Q86UD1				6.81478e+06
Q86UE6	Q86UE6				50374.2
Q86UN2	Q86UN2				1.95642e+06
Q86UN3	Q86UN3				9.05277e+06
Q86UP0;Q86UP0-2	Q86UP0;Q86UP0-2				2.28512e+06
Q86UW8	Q86UW8				1.02173e+06
Q86UX2	Q86UX2;Q86UX2-2;Q86UX2-3				1.78288e+07
Q86V85	Q86V85				394477
Q86VB7;Q86VB7-2;Q86VB7-3;Q86VB7-4	Q86VB7;Q86VB7-2;Q86VB7-3;Q86VB7-4				5.00144e+06
Q86VR8	Q86VR8				494921
Q86VV8;Q86VV8-2;Q86VV8-3;Q86VV8-4	Q86VV8;Q86VV8-2;Q86VV8-4;Q86VV8-3				1.05395e+06
Q86VZ4	Q86VZ4				2.87571e+06
Q86X29;Q86X29-4;Q86X29-5;Q86X29-6	Q86X29;Q86X29-2;Q86X29-3;Q86X29-4;Q86X29-5;Q86X29-6				2.37032e+06
Q86XR7-2;Q9Y3B3;Q9Y3B3-2	Q9Y3B3;Q86XR7-2;Q9Y3B3-2				967075
Q86Y38	Q86Y38				1.74531e+06
Q86Y82	Q86Y82				365302
Q86YD3;Q86YD3-2;Q86YD3-4;Q86YD3-5	Q86YD3;Q86YD3-2;Q86YD3-3;Q86YD3-4;Q86YD3-5				3.93172e+06
Q86YT9;Q86YT9-2;Q86YT9-3;Q86YT9-4	Q86YT9;Q86YT9-2;Q86YT9-3;Q86YT9-4				586792
Q86YZ3	Q86YZ3				282634
Q8IUC8	Q8IUC8;Q8IUC8-3;Q8IUC8-2				3.54113e+06
Q8IUK5;Q8IUK5-2;Q8IUK5-3	Q8IUK5;Q8IUK5-2;Q8IUK5-3;Q8IUK5-4				4.13497e+06
Q8IUK8	Q8IUK8				6.26389e+06
Q8IUX7	Q8IUX7;Q8IUX7-2				4.47252e+06
Q8IV08	Q8IV08				1.17113e+07
Q8IW52	Q8IW52				3.12922e+06
Q8IWT1	Q8IWT1;Q8IWT1-2				2.06808e+06
Q8IWU5;Q8IWU5-2	Q8IWU5;Q8IWU5-2				2.63466e+07
Q8IWV2	Q8IWV2				3.56186e+06
Q8IWY4	Q8IWY4				471376
Q8IXL6	Q8IXL6;Q8IXL6-2				3.03735e+06
Q8IYJ0;Q8IYJ0-2	Q8IYJ0;Q8IYJ0-2				1.42932e+07
Q8IYS5-2;Q8IYS5-3;Q8IYS5-6	Q8IYS5;Q8IYS5-2;Q8IYS5-3;Q8IYS5-4;Q8IYS5-5;Q8IYS5-6;Q8IYS5-7				1.02618e+07
Q8IZ52	Q8IZ52				230792
Q8IZA0;Q8IZA0-2	Q8IZA0;Q8IZA0-2				3.43291e+06
Q8IZJ1;Q8IZJ1-2	Q8IZJ1;Q8IZJ1-2				848492
Q8IZJ3;Q8IZJ3-2	Q8IZJ3;Q8IZJ3-2				294826
Q8IZP7	Q8IZP7				5.10038e+06
Q8IZS8	Q8IZS8;Q8IZS8-2;Q8IZS8-3				5.67532e+06
Q8N0W4;Q8N0W4-2;Q8NFZ3;Q8NFZ3-2	Q8N0W4;Q8NFZ3;Q8NFZ3-2;Q8N0W4-2				300584
Q8N111	Q8N111				693666
Q8N114;Q8N114-2	Q8N114;Q8N114-2				1.8244e+07
Q8N126;Q8N126-2	Q8N126;Q8N126-2				2.63696e+07
Q8N128;Q8N128-2	Q8N128;Q8N128-2				128091
Q8N149;Q8N149-2;Q8N149-3;Q8N149-4	Q8N149;Q8N149-2;Q8N149-3;Q8N149-4				397758
Q8N2Q7;Q8N2Q7-2	Q8N2Q7;Q8N2Q7-2				2.07188e+06
Q8N2S1;Q8N2S1-2;Q8N2S1-3	Q8N2S1;Q8N2S1-2;Q8N2S1-3				4.62929e+06
Q8N3G9;Q8N3G9-2	Q8N3G9;Q8N3G9-2;Q8N3G9-3				178290
Q8N3J2	Q8N3J2				1.0807e+07
Q8N3J6;Q8N3J6-2;Q8N3J6-3;Q8N3J6-4;Q8N3J6-5	Q8N3J6;Q8N3J6-2;Q8N3J6-3;Q8N3J6-4;Q8N3J6-5				1.17274e+07
Q8N3T1	Q8N3T1				401555
Q8N3T6	Q8N3T6				2.70072e+06
Q8N3Z0	Q8N3Z0				418530
Q8N428	Q8N428;Q8N428-2				1.39884e+06
Q8N436	Q8N436				300338
Q8N474	Q8N474				206087
Q8N475;Q8N475-2	Q8N475;Q8N475-2;Q8N475-3				5.51572e+06
Q8N608;Q8N608-2;Q8N608-3;Q8N608-4	Q8N608;Q8N608-2;Q8N608-3;Q8N608-4				824766
Q8N6C5;Q8N6C5-2;Q8N6C5-4	Q8N6C5;Q8N6C5-2;Q8N6C5-4				1.59003e+06
Q8N8Z6;Q8N8Z6-2	Q8N8Z6;Q8N8Z6-2				538415
Q8N967	Q8N967				680541
Q8N9I0	Q8N9I0				642757
Q8NBI6	Q8NBI6				799955
Q8NBJ4;Q8NBJ4-2	Q8NBJ4;Q8NBJ4-2				1.47492e+07
Q8NBJ7;Q8NBJ7-2	Q8NBJ7;Q8NBJ7-2;Q8NBJ7-3				487896
Q8NBP7	Q8NBP7				1.55962e+06
Q8NBS9;Q8NBS9-2	Q8NBS9;Q8NBS9-2				982439
Q8NC42	Q8NC42				789729
Q8NC67;Q8NC67-3	Q8NC67;Q8NC67-3				232584
Q8NCC3	Q8NCC3;Q8NCC3-2				1.47256e+06
Q8NCL4	Q8NCL4				1.96926e+06
Q8NCW5	Q8NCW5;Q8NCW5-2				2.793e+06
Q8NEP3;Q8NEP3-2;Q8NEP3-3	Q8NEP3;Q8NEP3-2;Q8NEP3-3				1.01921e+09
Q8NES3;Q8NES3-3	Q8NES3;Q8NES3-3				2.53224e+06
Q8NEY1;Q8NEY1-2;Q8NEY1-3;Q8NEY1-4;Q8NEY1-6;Q8NEY1-7	Q8NEY1;Q8NEY1-2;Q8NEY1-3;Q8NEY1-4;Q8NEY1-6;Q8NEY1-7				2.89757e+07
Q8NFL0	Q8NFL0				228324
Q8NFP4;Q8NFP4-2	Q8NFP4;Q8NFP4-2				1.90691e+06
Q8NFT8	Q8NFT8				20848.9
Q8NFY4;Q8NFY4-2;Q8NFY4-3;Q8NFY4-4;Q8NFY4-5;Q8NFY4-6;Q8NFY4-8	Q8NFY4;Q8NFY4-2;Q8NFY4-3;Q8NFY4-4;Q8NFY4-5;Q8NFY4-6;Q8NFY4-8				6.6391e+06
Q8NFZ4	Q8NFZ4				8.53288e+06
Q8NFZ8	Q8NFZ8				2.79579e+07
Q8NHG7	Q8NHG7				720751
Q8NHJ6;Q8NHJ6-2;Q8NHJ6-3	Q8NHJ6;Q8NHJ6-2;Q8NHJ6-3				300545
Q8NHP8	Q8NHP8;Q8NHP8-2				856631
Q8NHQ9	Q8NHQ9				6.06025e+07
Q8NHS9;Q8NHS9-2	Q8NHS9;Q8NHS9-2				3.42715e+06
Q8TAB3;Q8TAB3-2;Q8TAB3-3	Q8TAB3;Q8TAB3-2;Q8TAB3-3				1.01508e+06
Q8TAG5;Q8TAG5-2	Q8TAG5;Q8TAG5-2				1.96911e+07
Q8TAL6	Q8TAL6				63365.5
Q8TB96	Q8TB96				174288
Q8TBP5	Q8TBP5				1.02259e+07
Q8TCZ2	Q8TCZ2;Q8TCZ2-2;Q8TCZ2-3;Q8TCZ2-5;Q8TCZ2-6				5.05043e+07
Q8TDF5;Q8TDF5-1;Q8TDF5-2	Q8TDF5;Q8TDF5-1;Q8TDF5-2				213250
Q8TDQ0;Q8TDQ0-2	Q8TDQ0;Q8TDQ0-2				1.32695e+06
Q8TDW7;Q8TDW7-1;Q8TDW7-2	Q8TDW7;Q8TDW7-1;Q8TDW7-2				85251.2
Q8TE57;Q8TE57-2	Q8TE57;Q8TE57-2				505688
Q8TEA8	Q8TEA8				634449
Q8TER0;Q8TER0-5	Q8TER0;Q8TER0-3;Q8TER0-4;Q8TER0-5				3.7212e+06
Q8TEU8	Q8TEU8				1.1203e+07
Q8WUA8	Q8WUA8				171575
Q8WUJ3	Q8WUJ3;Q8WUJ3-2				1.57384e+06
Q8WVN6	Q8WVN6				2.54622e+06
Q8WVQ1;Q8WVQ1-3	Q8WVQ1;Q8WVQ1-2;Q8WVQ1-3				5.18338e+06
Q8WWX9	Q8WWX9				2.3705e+06
Q8WX77	Q8WX77				1.21486e+06
Q8WXD2	Q8WXD2;Q8WXD2-2				1.02253e+08
Q8WXD2-2	Q8WXD2-2				2.94403e+06
Q8WY21;Q8WY21-2;Q8WY21-3;Q8WY21-4	Q8WY21;Q8WY21-2;Q8WY21-3;Q8WY21-4				2.30622e+06
Q8WYK1	Q8WYK1				4.52188e+06
Q8WZ75;Q8WZ75-2;Q8WZ75-3	Q8WZ75;Q8WZ75-2;Q8WZ75-3				1.04591e+06
Q8WZA1	Q8WZA1;Q8WZA1-2				9.81826e+06
Q92484;Q92484-2	Q92484;Q92484-2				704134
Q92485	Q92485;Q92485-2				1.40338e+06
Q92520	Q92520				1.5612e+08
Q92542;Q92542-2	Q92542;Q92542-2				798880
Q92563	Q92563				1.56636e+07
Q92581;Q92581-1;Q92581-3	Q92581;Q92581-1;Q92581-3				44225
Q92597;Q92597-2;Q92597-3	Q92597;Q92597-2;Q92597-3				180299
Q92598;Q92598-2;Q92598-4	Q92598;Q92598-2;Q92598-3;Q92598-4				856558
Q92626	Q92626;Q92626-2				671951
Q92673	Q92673				2.90167e+06
Q92686	Q92686				32431.7
Q92692;Q92692-2	Q92692;Q92692-2				1.57175e+06
Q92729;Q92729-2;Q92729-3;Q92729-4	Q92729;Q92729-2;Q92729-3;Q92729-4				322059
Q92743	Q92743				2.03964e+06
Q92752	Q92752;Q92752-2				3.95125e+06
Q92765	Q92765				6.29729e+06
Q92820	Q92820				1.92528e+07
Q92823;Q92823-2;Q92823-5	Q92823;Q92823-2;Q92823-3;Q92823-4;Q92823-5;Q92823-6				6.15002e+07
Q92832;Q92832-2	Q92832;Q92832-2				552289
Q92854	Q92854;Q92854-2				760814
Q92859;Q92859-2;Q92859-3	Q92859;Q92859-2;Q92859-3;Q92859-4				2.53067e+07
Q92876	Q92876;Q92876-2				1.17351e+08
Q92896;Q92896-2;Q92896-3	Q92896;Q92896-2;Q92896-3				1.46773e+06
Q92911	Q92911				913924
Q92932;Q92932-3;Q92932-4	Q92932;Q92932-2;Q92932-3;Q92932-4				1.84564e+07
Q92935	Q92935				623740
Q92945;Q96AE4;Q96AE4-2	Q92945;Q96AE4;Q96AE4-2				1.03762e+06
Q92954;Q92954-2;Q92954-3;Q92954-4;Q92954-5;Q92954-6	Q92954;Q92954-2;Q92954-3;Q92954-4;Q92954-5;Q92954-6				1.37502e+06
Q93063;Q93063-3	Q93063;Q93063-2;Q93063-3				599661
Q93091	Q93091				2.05999e+06
Q969H8	Q969H8				1.87926e+06
Q969P0;Q969P0-3	Q969P0;Q969P0-3				1.91728e+07
Q969T9	Q969T9;Q969T9-2				5.14079e+06
Q969Z4	Q969Z4				641986
Q96AP7	Q96AP7				1.96583e+06
Q96AQ1;Q96AQ1-2;Q96LY2;Q96LY2-2	Q96LY2;Q96LY2-2;Q96AQ1;Q96AQ1-2				3.06911e+06
Q96AQ6;Q96AQ6-2	Q96AQ6;Q96AQ6-2				400951
Q96B86;Q96B86-3;Q96B86-4	Q96B86;Q96B86-3;Q96B86-4				6.64001e+06
Q96BY9	Q96BY9				198130
Q96BZ4	Q96BZ4				4.41697e+06
Q96C19;Q9BUP0;Q9BUP0-2	Q9BUP0;Q96C19;Q9BUP0-2				452494
Q96CG8;Q96CG8-3	Q96CG8;Q96CG8-3				207380
Q96CW9;Q96CW9-2	Q96CW9;Q96CW9-2				293658
Q96CX2	Q96CX2;Q68DU8				293988
Q96D05;Q96D05-2	Q96D05;Q96D05-2				1.49605e+06
Q96DD7	Q96DD7				132064
Q96DT5	Q96DT5				4.27252e+06
Q96DZ1;Q96DZ1-2;Q96DZ1-3	Q96DZ1;Q96DZ1-2;Q96DZ1-3				35884.2
Q96EG1	Q96EG1				853401
Q96EU7	Q96EU7				667539
Q96FE5;Q96FE5-2	Q96FE5;Q96FE5-2				4.40749e+06
Q96FE7-4	Q96FE7;Q96FE7-2;Q96FE7-4;Q96FE7-5				1.19201e+07
Q96FJ2	P63167;Q96FJ2				1.94032e+06
Q96GD0	Q6ZT62;Q96GD0;Q6ZT62-2				253404
Q96GW7	Q96GW7;Q96GW7-2				9.37457e+07
Q96HD1;Q96HD1-2	Q96HD1;Q96HD1-2				1.90988e+06
Q96HU1;Q96HU1-2	Q96HU1;Q96HU1-2				324071
Q96HY6;Q96HY6-2	Q96HY6;Q96HY6-2				103665
Q96ID5	Q96ID5				1.03138e+07
Q96IU4	Q96IU4				1.36028e+06
Q96IY4	Q96IY4;Q96IY4-2				7.0406e+06
Q96JA1;Q96JA1-2	Q96JA1;Q96JA1-2				422768
Q96JF0	Q96JF0;Q96JF0-2				6.88786e+06
Q96JP9;Q96JP9-2	Q96JP9;Q96JP9-2				72436.6
Q96JQ0	Q96JQ0				943790
Q96KG7	Q96KG7				377348
Q96KN2	Q96KN2				2.59389e+08
Q96KR4;Q96KR4-3	Q96KR4;Q96KR4-3				636437
Q96MC2	Q96MC2				2.13488e+06
Q96MK3	Q96MK3				221954
Q96MU8;Q96MU8-2;Q96MU8-3	Q96MU8;Q96MU8-2;Q96MU8-3				125546
Q96NU0;Q96NU0-2;Q9BZ76;Q9BZ76-2	Q96NU0;Q9BZ76;Q9BZ76-2;Q96NU0-2				237077
Q96NZ9-2;Q96NZ9-4	Q96NZ9;Q96NZ9-2;Q96NZ9-4				2.19725e+06
Q96NZ9-3	Q96NZ9;Q96NZ9-3				4.2815e+06
Q96P44;Q96P44-3	Q96P44;Q96P44-3				532474
Q96PD2;Q96PD2-2	Q96PD2;Q96PD2-2				714394
Q96PD5	Q96PD5;Q96PD5-2				3.30784e+06
Q96PQ0	Q96PQ0				6.13222e+06
Q96PX8	Q96PX8				8.43831e+06
Q96RW7;Q96RW7-2	Q96RW7;Q96RW7-2				463172
Q96S96	Q96S96				1.37893e+07
Q96SM3	Q96SM3				203129
Q96TC7	Q96TC7;Q96TC7-2				5.79077e+06
Q99435;Q99435-2;Q99435-3;Q99435-4	Q99435;Q99435-2;Q99435-3;Q99435-4				1.31829e+08
Q99497	Q99497				9.28229e+06
Q99519	Q99519				2.52128e+06
Q99523	Q99523;Q99523-2				3.47116e+06
Q99574	Q99574				1.03244e+07
Q99584	Q99584				598826
Q99650;Q99650-2	Q99650;Q99650-2				319102
Q99674	Q99674;Q99674-2				9.76829e+06
Q99715	Q99715;Q99715-2;Q99715-4				1.43316e+06
Q99784;Q99784-3;Q99784-5	Q99784;Q99784-3;Q99784-5				2.8158e+06
Q99941;Q99941-2	Q99941;Q99941-2				174746
Q99946	Q99946				871236
Q99969	Q99969				6.31386e+06
Q99972	Q99972				1.46831e+06
Q99983	Q99983				3.48108e+07
Q99985	Q99985				1.94393e+06
Q9BQ16;Q9BQ16-2	Q9BQ16;Q9BQ16-1;Q9BQ16-2;Q9BQ16-5;Q9BQ16-8;Q9BQ16-9				9.03967e+06
Q9BQS7;Q9BQS7-2;Q9BQS7-3	Q9BQS7;Q9BQS7-2;Q9BQS7-3;Q9BQS7-4				159711
Q9BQT9;Q9BQT9-2	Q9BQT9;Q9BQT9-2				2.31509e+07
Q9BRA2	Q9BRA2				1.26758e+06
Q9BRF8;Q9BRF8-2;Q9BRF8-3	Q9BRF8;Q9BRF8-2;Q9BRF8-3				226649
Q9BRK3;Q9BRK3-2;Q9BRK3-3	Q9BRK3;Q9BRK3-2;Q9BRK3-3				1.64195e+06
Q9BRK5	Q9BRK5;Q9BRK5-2;Q9BRK5-5				1.07999e+07
Q9BS26	Q9BS26				1.11059e+06
Q9BSG5;Q9BSG5-2;Q9BSG5-3	Q9BSG5;Q9BSG5-2;Q9BSG5-3				1.14743e+06
Q9BT88	Q9BT88				710703
Q9BTY2	Q9BTY2				3.3126e+06
Q9BU40-4;Q9BU40-5	Q9BU40;Q9BU40-3;Q9BU40-4;Q9BU40-5				2.58212e+06
Q9BUD6	Q9BUD6				1.17462e+06
Q9BUJ0	Q9BUJ0				1.97668e+06
Q9BUN1	Q9BUN1				1.69652e+06
Q9BVK6	Q9BVK6				129027
Q9BW30	Q9BW30				260658
Q9BWP8;Q9BWP8-10;Q9BWP8-2;Q9BWP8-3;Q9BWP8-4;Q9BWP8-5;Q9BWP8-6;Q9BWP8-7;Q9BWP8-8;Q9BWP8-9	Q9BWP8;Q9BWP8-10;Q9BWP8-2;Q9BWP8-3;Q9BWP8-4;Q9BWP8-5;Q9BWP8-6;Q9BWP8-7;Q9BWP8-8;Q9BWP8-9				228890
Q9BWQ8	Q9BWQ8				7.26059e+06
Q9BWS9;Q9BWS9-2;Q9BWS9-3	Q9BWS9;Q9BWS9-2;Q9BWS9-3				605388
Q9BWV1;Q9BWV1-3	Q9BWV1;Q9BWV1-3				86576.9
Q9BX67;Q9BX67-2	Q9BX67;Q9BX67-2				2.49329e+06
Q9BXJ0	Q9BXJ0				3.59814e+06
Q9BXJ1;Q9BXJ1-2	Q9BXJ1;Q9BXJ1-2				845703
Q9BXJ3	Q9BXJ3				2.42056e+06
Q9BXJ4;Q9BXJ4-2;Q9BXJ4-3	Q9BXJ4;Q9BXJ4-2;Q9BXJ4-3				3.54379e+06
Q9BXP8;Q9BXP8-2	Q9BXP8;Q9BXP8-2				568587
Q9BXX0	Q9BXX0				167639
Q9BY67-5	Q9BY67;Q9BY67-2;Q9BY67-3;Q9BY67-4;Q9BY67-5				4.62727e+07
Q9BY76;Q9BY76-2	Q9BY76;Q9BY76-2;Q9BY76-3				944293
Q9BYC5;Q9BYC5-3	Q9BYC5;Q9BYC5-3				409673
Q9BYH1;Q9BYH1-5;Q9BYH1-6;Q9BYH1-7	Q9BYH1;Q9BYH1-2;Q9BYH1-3;Q9BYH1-4;Q9BYH1-5;Q9BYH1-6;Q9BYH1-7				1.2885e+07
Q9BYJ0	Q9BYJ0				172811
Q9BZC7;Q9BZC7-2;Q9BZC7-3;Q9BZC7-4	Q9BZC7;Q9BZC7-2;Q9BZC7-3;Q9BZC7-4				6.53968e+06
Q9BZM5	Q5VY80;Q6H3X3;Q9BZM5;Q6H3X3-2;Q6H3X3-3				600800
Q9BZR6	Q9BZR6				8.14467e+06
Q9C0A0	Q9C0A0;Q96NU0;Q9BZ76;Q9BZ76-2;Q96NU0-2;Q9C0A0-2				1.46387e+07
Q9GZM5	Q9GZM5				1.65252e+07
Q9GZP0;Q9GZP0-2	Q9GZP0;Q9GZP0-2				522330
Q9GZP4;Q9GZP4-2	Q9GZP4;Q9GZP4-2				2.60885e+06
Q9GZT8;Q9GZT8-2	Q9GZT8;Q9GZT8-2;Q9GZT8-3				877481
Q9GZV7	Q9GZV7				1.1942e+06
Q9GZX9	Q9GZX9				5.36505e+06
Q9H008	Q9H008;Q9H008-2				727126
Q9H0E2	Q9H0E2				248352
Q9H0Q3;Q9H0Q3-2	Q9H0Q3;Q9H0Q3-2				2.98635e+06
Q9H0R4;Q9H0R4-2	Q9H0R4;Q9H0R4-2				1.01157e+06
Q9H0X4	Q9H0X4;Q9H0X4-2				129489
Q9H156;Q9H156-2	Q9H156;Q9H156-2				1.46763e+06
Q9H173	Q9H173				2.94641e+06
Q9H1B5;Q9H1B5-2	Q9H1B5;Q9H1B5-2				378318
Q9H1U4	Q9H1U4				1.73111e+06
Q9H1Z8	Q9H1Z8				2.23241e+07
Q9H251;Q9H251-2;Q9H251-3;Q9H251-4;Q9H251-8	Q9H251;Q9H251-2;Q9H251-3;Q9H251-4;Q9H251-8				260054
Q9H299	Q9H299				1.82174e+06
Q9H2A7	Q9H2A7				5.14298e+06
Q9H2E6;Q9H2E6-2	Q9H2E6;Q9H2E6-2				1.07231e+07
Q9H2X0;Q9H2X0-5	Q9H2X0;Q9H2X0-2;Q9H2X0-3;Q9H2X0-4;Q9H2X0-5				1.20573e+06
Q9H2X8	Q9H2X8				252922
Q9H2X9;Q9H2X9-2	Q9H2X9;Q9H2X9-2				492338
Q9H3G5	Q9H3G5				6.40149e+06
Q9H3S1;Q9H3S1-2	Q9H3S1;Q9H3S1-2				181097
Q9H3S3	Q9H3S3				237902
Q9H3T2;Q9H3T2-2;Q9H3T2-3	Q9H3T2;Q9H3T2-2;Q9H3T2-3				239463
Q9H3T3;Q9H3T3-3	Q9H3T3;Q9H3T3-3				1.31743e+06
Q9H461	Q9H461				137496
Q9H492;Q9H492-2	Q9GZQ8;Q9H492;A6NCE7;Q9H492-2				632727
Q9H4A9	Q9H4A9;Q9H4A9-2				496931
Q9H4D0	Q9H4D0				2.51412e+06
Q9H4F8;Q9H4F8-2	Q9H4F8;Q9H4F8-2				1.64443e+06
Q9H6B4	Q9H6B4				1.32619e+06
Q9H6X2;Q9H6X2-2;Q9H6X2-3;Q9H6X2-4;Q9H6X2-5;Q9H6X2-6	Q9H6X2;Q9H6X2-2;Q9H6X2-3;Q9H6X2-4;Q9H6X2-5;Q9H6X2-6				4.24865e+06
Q9H741	Q9H741				1.21925e+06
Q9H7Y0	Q9H7Y0;Q9H7Y0-2				1.03438e+06
Q9H8J5	Q9H8J5				5.86931e+06
Q9H8L6	Q9H8L6				3.80675e+06
Q9H8Y8;Q9H8Y8-2;Q9H8Y8-3	Q9H8Y8;Q9H8Y8-2;Q9H8Y8-3				224620
Q9H9S4	Q9H9S4				151248
Q9H9S5	Q9H9S5				313717
Q9HAR2;Q9HAR2-2;Q9HAR2-3;Q9HAR2-4	Q9HAR2;Q9HAR2-2;Q9HAR2-3;Q9HAR2-4				4.3267e+06
Q9HAT2	Q9HAT2;Q9HAT2-2				1.08834e+07
Q9HB40	Q9HB40;Q9HB40-2				315528
Q9HBR0	Q9HBR0				1.47442e+06
Q9HBT6	Q9HBT6				769494
Q9HBW1	Q9HBW1				936213
Q9HC38-2	Q9HC38;Q9HC38-2;Q9HC38-3				1.05543e+06
Q9HC56;Q9HC56-2	Q9HC56;Q9HC56-2				4.90557e+06
Q9HC57	Q9HC57				5.03522e+06
Q9HCB6	Q9HCB6				3.2265e+06
Q9HCK4;Q9HCK4-2;Q9HCK4-3	Q9HCK4;Q9HCK4-2;Q9HCK4-3				1.68918e+06
Q9HCL0;Q9HCL0-2	Q9HCL0;Q9HCL0-2				262691
Q9HCM2;Q9HCM2-2;Q9HCM2-3	Q9HCM2;Q9HCM2-2;Q9HCM2-3				119650
Q9HCU0	Q9HCU0				2.58008e+06
Q9HCU4	Q9HCU4				6.62388e+06
Q9HDB5;Q9HDB5-2;Q9HDB5-4	Q9HDB5;Q9Y4C0;Q9HDB5-2;Q9HDB5-4;Q9Y4C0-3				4.4988e+06
Q9HDC9;Q9HDC9-2	Q9HDC9;Q9HDC9-2				186157
Q9NP78;Q9NP78-2;Q9NP78-3;Q9NP78-5;Q9NP78-6;Q9NP78-7	Q9NP78;Q9NP78-2;Q9NP78-3;Q9NP78-5;Q9NP78-6;Q9NP78-7				411723
Q9NP80;Q9NP80-2;Q9NP80-3	Q9NP80;Q9NP80-2;Q9NP80-3				2.15009e+06
Q9NP84	Q9NP84				661778
Q9NPA0	Q9NPA0				121440
Q9NPC4	Q9NPC4				595697
Q9NPD7	Q9NPD7				3.53995e+06
Q9NPG4	Q9NPG4				1.14143e+06
Q9NPH0	Q9NPH0				21927.8
Q9NPH3;Q9NPH3-2;Q9NPH3-5	Q9NPH3;Q9NPH3-2;Q9NPH3-3;Q9NPH3-5				844605
Q9NPR2;Q9NPR2-2	Q9NPR2;Q9NPR2-2				4.78395e+06
Q9NPY3	Q9NPY3				759162
Q9NQ30	Q9NQ30				109910
Q9NQ36;Q9NQ36-2;Q9NQ36-3	Q9NQ36;Q9NQ36-2;Q9NQ36-3				492044
Q9NQ79;Q9NQ79-2;Q9NQ79-3	Q9NQ79;Q9NQ79-2;Q9NQ79-3				5.29772e+07
Q9NQS3;Q9NQS3-2;Q9NQS3-3	Q9NQS3;Q9NQS3-2;Q9NQS3-3				931423
Q9NQX5	Q9NQX5				3.03354e+06
Q9NQX7;Q9NQX7-2	Q9NQX7;Q9NQX7-2;Q9NQX7-3				2.11262e+06
Q9NR34	Q9NR34				3.4215e+06
Q9NRB3	Q9NRB3				464531
Q9NRN5	Q9NRN5;Q9NRN5-2				5.62712e+06
Q9NRR1	Q9NRR1				2.64908e+06
Q9NS00;Q9NS00-2	Q9NS00;Q9NS00-2				374089
Q9NS84	Q9NS84				70164.4
Q9NS85	Q9NS85;Q9NS85-2				1.95931e+06
Q9NS98	Q9NS98				6.96342e+06
Q9NSC7	Q9NSC7				723000
Q9NT22;Q9NT22-2	Q9NT22;Q9NT22-2				431975
Q9NT99	Q9NT99				1.59269e+07
Q9NTU7	Q9NTU7				3.24491e+06
Q9NUQ9	Q9NUQ9				719351
Q9NWD8	Q9NWD8				129693
Q9NX62	Q9NX62				1.35409e+07
Q9NXS2;Q9NXS2-3	Q9NXS2;Q9NXS2-3				195368
Q9NY15	Q9NY15				2.18417e+06
Q9NY33	Q9NY33;Q9NY33-2;Q9NY33-4				1.70113e+06
Q9NY47;Q9NY47-2	Q9NY47;Q9NY47-2;Q9NY47-3;Q9NY47-4;Q9NY47-5				1.75821e+06
Q9NY72	Q9NY72				2.02541e+06
Q9NY97;Q9NY97-2	Q9NY97;Q9NY97-2				2.89101e+06
Q9NYQ7;Q9NYQ7-2	Q9NYQ7;Q9NYQ7-2				459252
Q9NYQ8	Q9NYQ8				4.47421e+07
Q9NYX4	Q9NYX4				2.10918e+06
Q9NZ08;Q9NZ08-2	Q9NZ08;Q9NZ08-2				1.93247e+06
Q9NZ53	Q9NZ53				4.54041e+06
Q9NZ72;Q9NZ72-2	Q9NZ72;Q9NZ72-2				572508
Q9NZ94;Q9NZ94-2;Q9NZ94-3	Q9NZ94;Q9NZ94-2;Q9NZ94-3				1.30899e+06
Q9NZC2;Q9NZC2-2;Q9NZC2-3	Q9NZC2;Q9NZC2-2;Q9NZC2-3				1.58673e+06
Q9NZK5	Q9NZK5				2.45079e+06
Q9NZN1	Q9NZN1				1.3012e+06
Q9NZP8	Q9NZP8				7.73282e+06
Q9NZR2	Q9NZR2				1.10132e+06
Q9NZU0	Q9NZU0				217591
Q9NZU1	Q9NZU1				1.6514e+06
Q9P0K1;Q9P0K1-2;Q9P0K1-3;Q9P0K1-4;Q9P0K1-5	Q9P0K1;Q9P0K1-2;Q9P0K1-3;Q9P0K1-4;Q9P0K1-5				1.85207e+07
Q9P0K9	Q9P0K9				3.16434e+06
Q9P0L0;Q9P0L0-2	Q9P0L0;Q9P0L0-2				1.5141e+06
Q9P0S2	Q9P0S2				178971
Q9P121-4	Q9P121;Q9P121-3;Q9P121-2;Q9P121-4				7.82919e+07
Q9P232	Q9P232				2.22292e+07
Q9P2E7;Q9P2E7-2	Q9P2E7;Q9P2E7-2				2.43371e+06
Q9P2S2	P58401;Q9P2S2				1.6159e+07
Q9UBG0	Q9UBG0				2.59604e+06
Q9UBP4	Q9UBP4				2.70845e+08
Q9UBQ6	Q9UBQ6				1.66554e+07
Q9UBR2	Q9UBR2				1.3301e+07
Q9UBV2;Q9UBV2-2	Q9UBV2;Q9UBV2-2				476158
Q9UBX1	Q9UBX1				2.89436e+06
Q9UBX5	Q9UBX5				1.09069e+07
Q9UBX7;Q9UBX7-1;Q9UBX7-3;Q9UBX7-4	Q9UBX7;Q9UBX7-1;Q9UBX7-3;Q9UBX7-4				70226
Q9UBX8	Q9UBX8				55772.8
Q9UD71;Q9UD71-2	Q9UD71;Q9UD71-2				87983.9
Q9UEW3;Q9UEW3-2	Q9UEW3;Q9UEW3-2				1.50566e+06
Q9UF11;Q9UF11-2;Q9UF11-3;Q9UF11-4	Q9UF11;Q9UF11-2;Q9UF11-3;Q9UF11-4				851654
Q9UF33	Q9UF33				599729
Q9UFP1	Q9UFP1				557158
Q9UGM5;Q9UGM5-2	Q9UGM5;Q9UGM5-2				1.33481e+06
Q9UGV2;Q9UGV2-2;Q9UGV2-3	Q9UGV2;Q9UGV2-2;Q9UGV2-3				272268
Q9UHC6	Q9UHC6				1.48584e+07
Q9UHD9	Q9UHD9				331429
Q9UHF0;Q9UHF0-2;Q9UHF0-3	Q9UHF0;Q9UHF0-2;Q9UHF0-3				2.17572e+06
Q9UHG2	Q9NPY3;Q9UHG2				3.62739e+07
Q9UHG3;Q9UHG3-2	Q9UHG3;Q9UHG3-2				1.06301e+06
Q9UHI8	Q9UHI8				1.26321e+07
Q9UHL4	Q9UHL4				9.46474e+06
Q9UHY7	Q9UHY7;Q9UHY7-2				321790
Q9UI15	Q9UI15				169281
Q9UI40;Q9UI40-2	Q9UI40;Q9UI40-2				2.09131e+06
Q9UI42;Q9UI42-2	Q9UI42;Q9UI42-2				194747
Q9UIB8;Q9UIB8-2;Q9UIB8-3;Q9UIB8-4;Q9UIB8-5;Q9UIB8-6	Q9UIB8;Q9UIB8-2;Q9UIB8-3;Q9UIB8-4;Q9UIB8-5;Q9UIB8-6				1.73282e+06
Q9UIQ6;Q9UIQ6-2;Q9UIQ6-3	Q9UIQ6;Q9UIQ6-2;Q9UIQ6-3				348021
Q9UIW2	P51805;Q9UIW2				683539
Q9UJ14	Q9UJ14				799571
Q9UJ90	Q9UJ90				1.31722e+06
Q9UJ99	Q9UJ99				2.97626e+06
Q9UJA9	Q9UJA9				2.93784e+06
Q9UJH8	Q9UJH8				1.10992e+06
Q9UJJ9	Q9UJJ9				5.71911e+06
Q9UJQ1;Q9UJQ1-2	Q9UJQ1;Q9UJQ1-2				432722
Q9UK28	Q9UK28				682902
Q9UK55	Q9UK55				240834
Q9UKB5	Q9UKB5				977382
Q9UKJ1;Q9UKJ1-2;Q9UKJ1-3;Q9UKJ1-4	Q9UKJ1;Q9UKJ1-2;Q9UKJ1-3;Q9UKJ1-4				717440
Q9UKK9	Q9UKK9				609565
Q9UKM7	Q9UKM7				1.34633e+06
Q9UKQ2;Q9UKQ2-2	Q9UKQ2;Q9UKQ2-2				678947
Q9UKU6	Q9UKU6				1.19385e+06
Q9UKU9	Q8NI99;Q9UKU9;Q9UKU9-2				2.41986e+06
Q9UKY0	Q9UKY0				481069
Q9UKZ4;Q9UKZ4-2	Q9UKZ4;Q9UKZ4-2				455349
Q9ULB1-2;Q9ULB1-3	P58400;Q9ULB1-2;Q9ULB1-3				3.92349e+07
Q9ULB4	Q9ULB4				1.01086e+06
Q9ULB5	Q9ULB5				1.69498e+06
Q9ULF5	Q9ULF5				7.68307e+06
Q9ULH4	Q9ULH4				912251
Q9ULI3;Q9ULI3-2	Q9ULI3;Q9ULI3-2				3.42182e+06
Q9ULI4	Q9ULI4				3.23372e+06
Q9ULL4;Q9ULL4-2	Q9ULL4;Q9ULL4-2				1.02262e+06
Q9ULP0-3;Q9ULP0-6	Q9ULP0;Q9ULP0-2;Q9ULP0-3;Q9ULP0-4;Q9ULP0-5;Q9ULP0-6;Q9ULP0-7;Q9ULP0-8				1.80125e+06
Q9ULX7	Q9ULX7				769730
Q9ULZ3;Q9ULZ3-2;Q9ULZ3-3	Q9ULZ3;Q9ULZ3-2;Q9ULZ3-3				139935
Q9ULZ9	Q9ULZ9;Q9ULZ9-2				1.0081e+06
Q9UM21	Q9UM21;Q9UM21-2				371654
Q9UM22	Q9UM22;Q9UM22-3				6.13777e+06
Q9UM47	Q9UM47				1.51581e+06
Q9UMF0	Q9UMF0				9.00053e+06
Q9UMX0;Q9UMX0-2	Q9UMX0;Q9UMX0-2;Q9UMX0-4				181951
Q9UMX5	Q9UMX5				3.63429e+06
Q9UN36-2;Q9UN36-6	Q9UN36;Q9UN36-2;Q9UN36-3;Q9UN36-5;Q9UN36-6				2.17117e+06
Q9UN67;Q9Y5E1	Q9UN67;Q9Y5E1				210281
Q9UN70	Q9UN70;Q9UN70-2				3.00861e+06
Q9UN72;Q9UN72-2;Q9UN75;Q9UN75-2;Q9Y5H6;Q9Y5H6-2;Q9Y5H7;Q9Y5H7-2;Q9Y5H7-3;Q9Y5H8;Q9Y5H8-2;Q9Y5I0;Q9Y5I0-2;Q9Y5I1;Q9Y5I1-2	Q9UN72;Q9Y5H8;Q9UN75;Q9Y5H6;Q9Y5H7;Q9Y5I0;Q9Y5I1;Q9UN72-2;Q9UN75-2;Q9Y5H6-2;Q9Y5H7-2;Q9Y5H7-3;Q9Y5H8-2;Q9Y5I0-2;Q9Y5I1-2				470369
Q9UNN8	Q9UNN8				8.34626e+06
Q9UNW1	Q9UNW1;Q9UNW1-4				1.92769e+06
Q9UP79	Q9UP79				1.02918e+06
Q9UPU3	Q9UPU3				7.24341e+06
Q9UQ52	Q9UQ52				5.81736e+06
Q9UQM7	Q9UQM7;Q9UQM7-2				3.31307e+06
Q9Y240	Q9Y240				2.78984e+06
Q9Y274	Q9Y274;Q9Y274-2				2.97035e+06
Q9Y279;Q9Y279-2	Q9Y279;Q9Y279-2				2.47837e+06
Q9Y281;Q9Y281-3	Q9Y281;Q9Y281-3				345525
Q9Y287	Q9Y287;Q9Y287-2				8.66913e+06
Q9Y2E5	Q9Y2E5;Q9Y2E5-2				1.34926e+06
Q9Y2G1;Q9Y2G1-2	Q9Y2G1;Q9Y2G1-2				842280
Q9Y2I2;Q9Y2I2-1;Q9Y2I2-2;Q9Y2I2-4;Q9Y2I2-5;Q9Y2I2-6	Q9Y2I2;Q9Y2I2-1;Q9Y2I2-2;Q9Y2I2-4;Q9Y2I2-5;Q9Y2I2-6				2.27243e+06
Q9Y2J0;Q9Y2J0-2	Q9Y2J0;Q9Y2J0-2				820000
Q9Y2T3;Q9Y2T3-3	Q9Y2T3;Q9Y2T3-2;Q9Y2T3-3				6.39646e+06
Q9Y2Z0;Q9Y2Z0-2	Q9Y2Z0;Q9Y2Z0-2				351972
Q9Y334;Q9Y334-2	Q9Y334;Q9Y334-2				603641
Q9Y3C5	Q9Y3C5				496270
Q9Y4C0-4	Q9HDB5-3;Q9HDB5-4;Q9Y4C0-4				2.87038e+07
Q9Y4D7	Q9Y4D7				1.38268e+07
Q9Y4L1	Q9Y4L1				6.6851e+06
Q9Y5F6	Q9Y5F7;O60330;Q9UN70;Q9UN71;Q9Y5F6;Q9Y5F8;Q9Y5F9;Q9Y5G0;Q9Y5G1;Q9Y5G2;Q9Y5G3;Q9Y5G4;Q9Y5G5;Q9Y5G6;Q9Y5G7;Q9Y5G8;Q9Y5G9;Q9Y5H0;Q9Y5H1;Q9Y5H2;Q9Y5H3;Q9Y5H4;Q9Y5H2-3				2.18335e+06
Q9Y5F7	Q9Y5F7;Q9Y5F7-2				188064
Q9Y5G4	Q9Y5G4;Q9Y5H3;Q9Y5G4-2;Q9Y5H3-2				111943
Q9Y5G9	Q9Y5G6;Q9Y5G9;Q9Y5H0;Q9Y5H1;Q9Y5G6-2;Q9Y5G9-2;Q9Y5H0-2;Q9Y5H1-2				472411
Q9Y5I4;Q9Y5I4-2	Q9Y5I4;Q9Y5I4-2				5.56491e+06
Q9Y5L2	Q9Y5L2				1.18574e+06
Q9Y5Y7	Q9Y5Y7				1.10917e+07
Q9Y617	Q9Y617;Q9Y617-2				2.42019e+06
Q9Y625	Q9Y625				883474
Q9Y639-3;Q9Y639-5	Q9Y639;Q9Y639-1;Q9Y639-3;Q9Y639-4;Q9Y639-5				1.71184e+06
Q9Y646	Q9Y646				2.04462e+07
Q9Y653;Q9Y653-2;Q9Y653-3	Q9Y653;Q9Y653-2;Q9Y653-3;Q9Y653-4;Q9Y653-5				701171
Q9Y696	Q9Y696				348194
Q9Y6C2	Q9Y6C2;Q9Y6C2-2				246858
Q9Y6N6	Q9Y6N6				728258
Q9Y6N7;Q9Y6N7-2;Q9Y6N7-4	Q9Y6N7;Q9Y6N7-2;Q9Y6N7-3;Q9Y6N7-4;Q9Y6N7-5;Q9Y6N7-6				6.34414e+07
Q9Y6N8	Q9Y6N8				1.41804e+06
Q9Y6R7	Q9Y6R7				2.31326e+07
Q9Y6X5	Q9Y6X5				599802
Q9Y6Y8;Q9Y6Y8-2	Q9Y6Y8;Q9Y6Y8-2				1.58104e+07
