Protein.Group	Protein.Ids	Protein.Names	Genes	First.Protein.Description	/fs/pool/pool-mann-projects/Johannes/Jakob_AD_CSF_data/All_without_random_20/All_Raw/20180618_QX0_JaBa_SA_LC12_5_CSF1_1_8-1xD1xS1fM1_sampleB10R1.mzML
A0A075B6H7;A0A0C4DH55;P01624	P01624;A0A075B6H7;A0A0C4DH55				1.17829e+08
A0A075B6H9	A0A075B6H9				1.81071e+07
A0A075B6I0	A0A075B6I0				1.37932e+07
A0A075B6I1	A0A075B6I1				4.03239e+06
A0A075B6I9	A0A075B6I9				4.59637e+07
A0A075B6J1;A0A0A0MRZ9	A0A075B6J1;A0A0A0MRZ9				1.06663e+06
A0A075B6J9	A0A075B6J9				615274
A0A075B6K4	A0A075B6K0;A0A075B6K4				2.62034e+06
A0A075B6K5	A0A075B6K5				1.21467e+06
A0A075B6P5;P01615	P01615;A0A075B6P5				1.78175e+07
A0A075B6R2	A0A075B6R2				9.90333e+06
A0A075B6R9;A0A0C4DH68	A0A075B6R9;A0A0C4DH68				1.63612e+07
A0A075B6S2	A0A075B6S2;A2NJV5				9.97343e+07
A0A087WSX0	A0A087WSX0;A0A0G2JS06				1.14706e+06
A0A087WSY6	A0A087WSY6				1.14222e+08
A0A0A0MRZ8;P04433	P04433;A0A0A0MRZ8				5.98719e+07
A0A0A0MS15	A0A0A0MS15				2.54088e+06
A0A0A0MT36;A0A0C4DH26	A0A0A0MT36;A0A0C4DH26				467570
A0A0A0MT89	A0A0A0MT89				5.47508e+06
A0A0B4J1U7	A0A0B4J1U7				1.09955e+07
A0A0B4J1V0	A0A0B4J1V0				2.28179e+06
A0A0B4J1V2	A0A0B4J1V2				1.42312e+06
A0A0B4J1V6	A0A0B4J1V6				533198
A0A0B4J1X5	P01764;P01768;P01772;P01767;A0A0B4J1X5;A0A0C4DH42;P0DP02;P0DP03				4.13203e+07
A0A0B4J1Y8	A0A0B4J1Y8				899105
A0A0B4J1Y9	A0A0B4J1Y9				8.92792e+07
A0A0C4DH24	A0A0C4DH24				1.55591e+06
A0A0C4DH25	A0A0C4DH25				4.69336e+07
A0A0C4DH33	A0A0C4DH33				435634
A0A0C4DH34	A0A0C4DH34				8.35962e+06
A0A0C4DH35	A0A0C4DH35				900086
A0A0C4DH36	A0A0C4DH36				2.52633e+06
A0A0C4DH38	A0A0C4DH38				1.52676e+07
A0A0C4DH43	A0A0C4DH43				1.07374e+07
A0A0C4DH67	A0A0C4DH67				8.00068e+06
A0A0C4DH72	P01599;A0A0C4DH72				1.18643e+07
A0A0J9YX35	A0A0J9YX35				3.41064e+06
A0A0J9YXX1	A0A0J9YXX1				2.16277e+07
A0M8Q6	P0CG04;P0DOY2;P0DOY3;A0M8Q6;P0CF74;B9A064;P0DOX8				1.54757e+08
A1L4H1	A1L4H1;A1L4H1-2				2.40121e+06
A2RU67	A2RU67				292292
A5D6W6	A5D6W6				1.61023e+07
A6BM72;A6BM72-2;A6BM72-4	A6BM72;A6BM72-2;A6BM72-4				1.09891e+06
A6NCE7;Q9GZQ8	Q9GZQ8;A6NCE7				444424
A6NGN9	A6NGN9				7.78386e+06
A6NHG4;P30046;P30046-2	P30046;A6NHG4;P30046-2				2.3629e+06
A6NKN8	A6NKN8				111656
A6NL88	A6NL88				1.60823e+06
A6NLU5	A6NLU5				3.27026e+07
A6NML5	A6NML5				4.59052e+06
A6NMY6;P07355;P07355-2	A6NMY6;P07355;P07355-2				145460
A8MTW9	A8MTW9				2.13124e+06
B4DS77;B4DS77-2;B4DS77-3	B4DS77;B4DS77-2;B4DS77-3				367503
B9A064;P0DOX8	B9A064;P0DOX8				2.74468e+08
C9JVW0	C9JVW0				1.68046e+07
I3L3R5	I3L3R5				981632
O00115;O00115-2	O00115;O00115-2				3.03245e+06
O00142;O00142-2;O00142-3;O00142-4;O00142-5;O00142-6	O00142;O00142-2;O00142-3;O00142-4;O00142-5;O00142-6				4.15898e+07
O00187;O00187-2	O00187;O00187-2				1.04906e+06
O00244	O00244				336549
O00264	O00264;O15173;O15173-2				1.92428e+06
O00292;O00292-2	O00292;O00292-2				542815
O00299	O00299				1.1576e+06
O00339;O00339-2	O00339;O00339-2;O00339-3				1.25499e+06
O00391	O00391;O00391-2				1.89198e+07
O00451	O00451;O00451-2;O00451-3				1.5467e+07
O00461	O00461				2.94188e+07
O00462	O00462				4.9712e+06
O00468-6	O00468-6;O00468-7				1.34835e+07
O00469;O00469-2;O00469-3	O00469;O00469-2;O00469-3				68732.6
O00499;O00499-10;O00499-11;O00499-2;O00499-3;O00499-4;O00499-5;O00499-6;O00499-7;O00499-8;O00499-9	O00499;O00499-10;O00499-11;O00499-2;O00499-3;O00499-4;O00499-5;O00499-6;O00499-7;O00499-8;O00499-9				819079
O00533	O00533;O00533-2				1.03885e+08
O00533-2	O00533-2				1.08345e+07
O00560;O00560-2;O00560-3	O00560;O00560-2;O00560-3				660996
O00567	O00567				237071
O00584	O00584				7.63566e+06
O00754;O00754-2	O00754;O00754-2				1.18497e+06
O14498	O14498				4.69432e+07
O14514	O14514				1.36928e+06
O14522	O14522;O14522-1				2.35719e+06
O14594	O14594				2.90521e+07
O14668;O14668-2	O14668;O14668-2				1.04999e+06
O14672	O14672				3.01662e+06
O14737;O14737-2	O14737;O14737-2				111916
O14773	O14773				6.24769e+06
O14786;O14786-2;O14786-3	O14786;O14786-2;O14786-3				6.6653e+06
O14791-2	O14791;O14791-2;O14791-3				1.13885e+07
O14793	O14793				1.5489e+06
O14810	O14810;Q6PUV4				947750
O14917;O14917-2	O14917;O14917-2				2.72972e+06
O14960	O14960				358857
O15031	O15031				5.88518e+06
O15041;O15041-2	O15041;O15041-2				519191
O15197;O15197-3	O15197;O15197-3				3.04473e+06
O15204;O15204-2	O15204;O15204-2				402571
O15230	O15230				3.28445e+06
O15240	O15240				1.4195e+08
O15335	O15335				2.31906e+06
O15354	O15354				2.56639e+07
O15394	O15394;O15394-2				1.61517e+07
O15400;O15400-2	O15400;O15400-2				885045
O15466;O15466-2	O15466;O15466-2				943665
O15498;O15498-2	O15498;O15498-2				262429
O15540;O15540-2	O15540;O15540-2				1.69624e+06
O43155	O43155				361322
O43157	O43157;O43157-2;O43157-3				1.62477e+06
O43173	O43173				2.5791e+06
O43240	O43240				790404
O43278;O43278-2	O43278;O43278-2				6.60489e+06
O43286	O43286				2.86901e+06
O43291	O43291				3.68676e+06
O43300	O43300				6.12051e+06
O43405;O43405-2	O43405;O43405-2				8.59812e+06
O43493;O43493-3;O43493-5;O43493-7	O43493;O43493-3;O43493-5;O43493-7				3.20628e+07
O43504	O43504				324780
O43505	O43505				4.96232e+08
O43508	O43508				776318
O43529	O43529				5.22445e+06
O43556;O43556-3;O43556-4	O43556;O43556-3;O43556-4				5.35254e+06
O43567	O43567				6.26039e+06
O43581-2;O43581-3;O43581-5	O43581-2;O43581-3;O43581-5				1.06967e+06
O43707	O43707;O43707-2;O43707-3				170614
O43827	O43827				4.73099e+06
O43852;O43852-2;O43852-3;O43852-4;O43852-5;O43852-9	O43852;O43852-10;O43852-11;O43852-12;O43852-13;O43852-14;O43852-2;O43852-3;O43852-4;O43852-5;O43852-6;O43852-7;O43852-8;O43852-9				1.48077e+06
O43866	O43866				2.41351e+06
O43897;O43897-2	O43897;O43897-2				1.03177e+06
O43909	O43909				432697
O43916	O43916				3.08856e+07
O60241;O60241-2;O60241-3;O60241-4	O60241;O60241-2;O60241-3;O60241-4				1.05243e+07
O60242	O60242				1.35759e+06
O60243	O60243				822164
O60245;O60245-2	O60245;O60245-2				3.26812e+06
O60279	O60279				9.04319e+06
O60291;O60291-2;O60291-3;O60291-4	O60291;O60291-2;O60291-3;O60291-4				1.59453e+06
O60361	P22392;O60361;P22392-2				254014
O60449;O60449-2;O60449-3	O60449;O60449-2;O60449-3				482659
O60462;O60462-2;O60462-3;O60462-4;O60462-5	O60462;O60462-2;O60462-3;O60462-4;O60462-5;O60462-6				4.83071e+06
O60476	O60476				1.79774e+06
O60477	O60477;Q76B58;O60477-3;Q76B58-2				420585
O60512;O60512-2	O60512;O60512-2				686972
O60565	O60565				636123
O60568	O60568				1.85166e+06
O60613	O60613				424183
O60814;P06899;P23527;P33778;P57053;P58876;P62807;Q16778;Q5QNW6;Q5QNW6-2;Q8N257;Q93079;Q96A08;Q99877;Q99879;Q99880	O60814;P06899;P23527;P33778;P57053;P58876;P62807;Q16778;Q5QNW6;Q8N257;Q93079;Q96A08;Q99877;Q99879;Q99880;Q5QNW6-2				3.47826e+06
O60883	O60883				1.08353e+07
O60888-3	O60888;O60888-2;O60888-3				8.17845e+06
O60939	O60939				1.19879e+06
O75063	O75063				2.28252e+06
O75071	O75071				6.32033e+06
O75077;O75077-2;O75077-3	O75077;O75077-2;O75077-3				1.02499e+07
O75078	O75078;O75078-2				4.51906e+06
O75083	O75083;O75083-3				2.81121e+06
O75084;Q14332	O75084;Q14332				503954
O75096	O75096				309687
O75144;O75144-2	O75144;O75144-2;O75144-3				1.13981e+07
O75173;O75173-2	O75173;O75173-2				3.71135e+06
O75223	O75223				424105
O75326	O75326;O75326-2				2.04618e+07
O75339	O75339				279879
O75347	O75347;O75347-2				1.40306e+06
O75354;O75354-2;O75354-3	O75354;O75354-2;O75354-3				677225
O75368	O75368				2.80711e+06
O75487;O75487-2	O75487;O75487-2				983055
O75493	O75493				5.03914e+06
O75503	O75503				2.99642e+06
O75509	O75509				1.29251e+07
O75629	O75629				1.3521e+06
O75636;O75636-2	O75636;O75636-2				709482
O75711	O75711				1.01827e+07
O75752	O75752				2.26184e+06
O75781;O75781-2	O75781;O75781-2				3.233e+06
O75787;O75787-2	O75787;O75787-2				5.34464e+06
O75828	O75828				1.01495e+06
O75874	O75874				876746
O75882;O75882-2;O75882-3	O75882;O75882-2;O75882-3				8.97669e+06
O75976	O75976				1.13521e+06
O76031	O76031				1.38766e+06
O76061	O76061				1.83361e+06
O76070	O76070				469767
O94760	O94760;O94760-2				4.31403e+06
O94766	O94766				639005
O94769	O94769;O94769-2				7.74217e+06
O94772;O94772-2	O94772;O94772-2				1.34517e+08
O94779;O94779-2	O94779;O94779-2;O94779-4				784337
O94856-11	O94856;O94856-10;O94856-11;O94856-12;O94856-13;O94856-3;O94856-4;O94856-5;O94856-6;O94856-7;O94856-8;O94856-9				2.14568e+07
O94898	O94898				591152
O94910;O94910-2	O94910;O94910-2				7.28471e+06
O94919	O94919				2.19394e+07
O94933	O94933				1.83784e+06
O94985	O94985				2.13176e+06
O94985-2	O94985;O94985-2				2.81092e+08
O94991	O94991;O94991-2				3.37082e+06
O95084;O95084-2	O95084;O95084-2				894558
O95157	O95157				965631
O95158	O95158				1.94875e+07
O95159	O95159				454176
O95185;O95185-2	O95185;O95185-2				2.35629e+06
O95196;O95196-2	O95196;O95196-2				7.8235e+06
O95206;O95206-2	O95206;O95206-2				3.88591e+06
O95297;O95297-2;O95297-3	O95297;O95297-2;O95297-3;O95297-4				597513
O95336	O95336				534836
O95390	O95390				2.12061e+06
O95428;O95428-5;O95428-6	O95428;O95428-3;O95428-4;O95428-5;O95428-6				4.72765e+06
O95445	O95445;O95445-2				3.07022e+07
O95450;O95450-2	O95450;O95450-2				2.00668e+06
O95467	O95467				2.43549e+06
O95477	O95477				2.45288e+06
O95490;O95490-2;O95490-3;O95490-4;O95490-5;O95490-6;O95490-7	O95490;O95490-2;O95490-3;O95490-4;O95490-5;O95490-6;O95490-7				616210
O95497	O95497				1.37511e+06
O95502	O95502				1.01076e+08
O95633;O95633-2	O95633;O95633-2				1.1279e+06
O95841	O95841				1.51972e+06
O95865	O95865				950052
O95881	O95881				399579
O95897	O95897				668674
O95967	O95967				6.63952e+06
O95970;O95970-3	O95970;O95970-3				564903
O95980	O95980				3.52264e+06
P00338;P00338-3	P00338;P00338-3;P00338-4				7.66074e+06
P00352	P00352				434535
P00390;P00390-2;P00390-3	P00390;P00390-2;P00390-3;P00390-4;P00390-5				2.27019e+06
P00441	P00441				1.30366e+08
P00450	P00450				1.22574e+08
P00488	P00488				1.57567e+06
P00492	P00492				2.16425e+06
P00505	P00505;P00505-2				3.90748e+06
P00533;P00533-3;P00533-4	P00533;P00533-3;P00533-4				1.46588e+06
P00558;P00558-2	P00558;P00558-2				3.21282e+06
P00568	P00568				260866
P00734	P00734				4.27451e+07
P00736	P00736				7.62295e+07
P00738	P00738;P00738-2				3.24538e+08
P00739	P00739;P00739-2				2.41101e+06
P00740;P00740-2	P00740;P00740-2				1.66101e+06
P00742	P00742				7.66631e+06
P00746	P00746				2.39439e+07
P00747	P00747				9.22765e+07
P00748	P00748				4.4662e+07
P00751	P00751;P00751-2				1.18332e+08
P00915	P00915				472871
P01008	P01008				6.01412e+08
P01009	P01009;P01009-2;P01009-3				1.99667e+09
P01011	P01011				6.06966e+08
P01019	P01019				3.27607e+08
P01023	P01023				2.38362e+08
P01024	P01024				5.63866e+08
P01031	P01031				2.07829e+07
P01033	P01033				2.87727e+07
P01034	P01034				3.80207e+09
P01036;P01037	P01036;P01037				708992
P01042	P01042;P01042-2;P01042-3				3.85808e+08
P01042-2;P01042-3	P01042-2;P01042-3				7.77477e+07
P01127;P01127-2	P01127;P01127-2				3.6984e+07
P01130;P01130-2;P01130-3;P01130-4;P01130-5;P01130-6	P01130;P01130-2;P01130-3;P01130-4;P01130-5;P01130-6				389346
P01210	P01210				6.52098e+07
P01213	P01213				1.80448e+06
P01236	P01236				156669
P01258;P01258-2;P06881	P01258;P06881;P10092;P01258-2				463630
P01282;P01282-2	P01282;P01282-2				1.59855e+06
P01303	P01303				5.84547e+06
P01344;P01344-2;P01344-3	P01344;P01344-2;P01344-3				5.44508e+07
P01591	P01591				1.1322e+07
P01593;P01594	P01593;P01594				2.55095e+07
P01599	P01599				1.71185e+06
P01619	P01619				1.17672e+08
P01700	P01700				2.22603e+07
P01701	P01701				2.09523e+07
P01705	P01705				779505
P01709	P01709				2.74691e+06
P01714	P01714				8.07935e+06
P01717	P01717				2.58656e+07
P01721	P01721				786003
P01768;P0DP03	P01768;P01772;P0DP02;P0DP03				1.42771e+07
P01780	P01780				1.53247e+07
P01817	P01817				3.67564e+06
P01833	P01833				1.30961e+06
P01834	P01834				1.15178e+08
P01859;P01859-1	P01859;P01859-1				3.13407e+08
P01860;P01860-1	P01860;P01860-1				3.24519e+07
P01861;P01861-1	P01861;P01861-1				8.73854e+07
P01871;P01871-1	P01871;P0DOX6;P01871-1				2.83566e+07
P01876;P01876-1	P01876;P01876-1				4.14629e+08
P01889	P01889;P13747				6.41238e+06
P01903	P01903;P01906				688523
P01911	P01911				1.42315e+06
P02144	P02144				270464
P02452	P02452				1.44817e+07
P02461	P02461;P02461-2				2.21909e+06
P02462	P02462				2.06642e+06
P02533;P08727;P08779;P13646;P13646-3;P19012;P19012-2;P35900;Q04695;Q8N1A0;Q8N1A0-2	P02533;P08727;P08779;P13646;P19012;P35900;Q04695;Q8N1A0;P13646-3;Q8N1A0-2;P19012-2				225219
P02647	P02647				1.77809e+09
P02649	P02649				4.74973e+09
P02652	P02652				4.9044e+08
P02654	P02654				3.31925e+07
P02655	P02655				5.67632e+06
P02656	P02656				9.1484e+06
P02671;P02671-2	P02671;P02671-2				1.03156e+08
P02675	P02675				2.03048e+08
P02679;P02679-2	P02679;P02679-2				6.16132e+07
P02686;P02686-3;P02686-4;P02686-5;P02686-6	P02686;P02686-3;P02686-4;P02686-5;P02686-6				138045
P02741	P02741;P02741-2				2.05292e+06
P02743	P02743				3.76428e+06
P02745	P02745				6.71609e+07
P02746	P02746				1.30241e+08
P02747	P02747				7.0566e+07
P02748	P02748				2.69393e+07
P02749	P02749				7.23383e+07
P02750	P02750				6.74357e+07
P02751;P02751-1	P02751;P02751-1;P02751-10;P02751-11;P02751-12;P02751-13;P02751-14;P02751-16;P02751-17;P02751-2;P02751-3;P02751-4;P02751-5;P02751-6;P02751-7;P02751-8;P02751-9				2.62558e+08
P02753	P02753				3.40817e+07
P02760	P02760				4.69955e+07
P02763	P02763				1.8337e+09
P02765	P02765				2.55454e+08
P02766	P02766				1.57798e+09
P02768	P02768				8.36377e+09
P02774;P02774-3	P02774;P02774-2;P02774-3				7.30947e+08
P02786	P02786				1.19295e+06
P02787	P02787				3.5394e+09
P02788;P02788-2	P02788;P02788-2				2.6278e+06
P02790	P02790				1.29777e+09
P02792	P02792				2.13144e+06
P02794	P02794				5.35308e+06
P03950	P03950				2.3101e+06
P03951	P03951;P03951-2				2.7342e+06
P03952	P03952				1.0106e+07
P04003	P04003				1.30219e+06
P04004	P04004				8.36673e+07
P04040	P04040				597691
P04062;P04062-2;P04062-4;P04062-5	P04062;P04062-2;P04062-4;P04062-5				1.75186e+06
P04066	P04066				2.98534e+06
P04070;P04070-2	P04070;P04070-2				5.34608e+06
P04075	P04075;P09972;P04075-2				2.55556e+07
P04080	P04080				4.35471e+06
P04085;P04085-2	P04085;P04085-2				3.19282e+06
P04114	P04114				4.15575e+06
P04156	P04156				2.88199e+08
P04179	P04179;P04179-2;P04179-3;P04179-4				1.03084e+07
P04180	P04180				9.35233e+06
P04196	P04196				7.62765e+07
P04211	P04211				1.8682e+06
P04216	P04216				1.05598e+08
P04217	P04217;P04217-2				3.99758e+08
P04217-2	P04217-2				1.35497e+06
P04233-2;P04233-5	P04233-2;P04233-5				2.2408e+06
P04264	P04259;P04264				1.7399e+07
P04271	P04271				862908
P04275	P04275				1.97197e+06
P04278;P04278-5	P04278;P04278-2;P04278-3;P04278-4;P04278-5				3.41864e+06
P04350;P07437;P68371	P04350;P07437;P68371				307140
P04406	P04406;P04406-2				1.16518e+07
P04424;P04424-2;P04424-3	P04424;P04424-2;P04424-3				43763.8
P04430	P04430				1.85634e+06
P04439;P04439-2	P04439;P04439-2				760713
P04792	P04792				1.16603e+06
P04908;P0C0S8;P20671;Q16777;Q6FI13;Q7L7L0;Q93077;Q96KK5;Q99878;Q9BTM1	P04908;P0C0S8;P20671;Q16777;Q6FI13;Q7L7L0;Q93077;Q96KK5;Q99878;Q9BTM1				904213
P05023;P05023-2;P05023-4	P05023;P05023-2;P05023-4				820095
P05026;P05026-2	P05026;P05026-2				808734
P05060	P05060				3.79429e+08
P05067;P05067-11;P05067-8	P05067;P05067-4;P05067-10;P05067-11;P05067-3;P05067-5;P05067-6;P05067-7;P05067-8;P05067-9				7.97826e+07
P05090	P05090				2.38671e+09
P05107	P05107				234054
P05109	P05109				213098
P05121	P05121				315282
P05154	P05154				7.71136e+06
P05155;P05155-3	P05155;P05155-2;P05155-3				4.02558e+08
P05156	P05156				2.66354e+07
P05160	P05160				893920
P05362	P05362				798677
P05408;P05408-2	P05408;P05408-2				1.83722e+08
P05413	P05413				3.70214e+06
P05451	P05451;P48304				211998
P05452	P05452				7.79696e+07
P05543	P05543				2.70187e+07
P05546	P05546				6.1145e+07
P05556;P05556-2;P05556-3;P05556-4;P05556-5	P05556;P05556-2;P05556-5;P05556-3;P05556-4				1.0525e+06
P05937	P05937;P05937-2				4.66047e+06
P05997	P05997				728451
P06276	P06276				3.30091e+06
P06307	P06307				1.45722e+07
P06310	P06310				1.04362e+07
P06312	P06312				2.21473e+08
P06331	P01824;P01825;P06331;A0A0C4DH41;P0DP06;P0DP08				4.77111e+07
P06396	P06396;P06396-2;P06396-3;P06396-4				4.16699e+08
P06396-2	P06396-2				4.72851e+06
P06681	P06681;P06681-2;P06681-3				1.43184e+07
P06703	P06703				3.84271e+06
P06727	P06727				1.41417e+08
P06733	P06733;P06733-2				2.94545e+06
P06744;P06744-2	P06744;P06744-2				3.0316e+06
P06865	P06865				9.79955e+06
P07093-2;P07093-3	P07093;P07093-2;P07093-3				5.63128e+06
P07108;P07108-2;P07108-3;P07108-4;P07108-5	P07108;P07108-2;P07108-3;P07108-4;P07108-5;P07108-6				1.15361e+07
P07148	P07148				51917.3
P07195	P00338;P07195;P07864;Q6ZMR3;P00338-3;P00338-2;P00338-4;P00338-5				3.3741e+07
P07196	P07196				420786
P07225	P07225				3.76862e+07
P07237	P07237				1.47202e+06
P07311	P07311				1.26747e+06
P07333	P07333;P07333-2				3.65469e+07
P07339	P07339				9.05126e+07
P07357	P07357				2.00171e+07
P07358	P07358				1.79577e+07
P07360	P07360				1.35583e+07
P07492	P07492				1.02046e+06
P07492-2	P07492;P07492-2;P07492-3				584822
P07585	P07585;P07585-4				1.29866e+07
P07602;P07602-2;P07602-3	P07602;P07602-2;P07602-3				1.03008e+08
P07686	P07686				9.27872e+06
P07711	P07711;P07711-3				1.21854e+07
P07737	P07737				4.52944e+06
P07858	P07858				3.2513e+07
P07900;P07900-2	P07900;P07900-2				1.58582e+06
P07942	P07942				5.22625e+06
P07951-3	P07951;P07951-2;P07951-3				248724
P07996	P07996;P07996-2				3.07163e+06
P07998	P07998				1.82106e+07
P08123	P08123				8.50741e+06
P08133;P08133-2	P08133;P08133-2				289480
P08174;P08174-2;P08174-3;P08174-4;P08174-5;P08174-6;P08174-7	P08174;P08174-2;P08174-3;P08174-4;P08174-5;P08174-6;P08174-7				4.17305e+06
P08185	P08185				4.30198e+07
P08195;P08195-2;P08195-3;P08195-4;P08195-5	P08195;P08195-4;P08195-2;P08195-3;P08195-5				6.3207e+06
P08236;P08236-2;P08236-3	P08236;P08236-2;P08236-3				200044
P08238	P07900;P08238;P07900-2				2.06342e+06
P08253	P08253;P08253-2;P08253-3				2.16698e+07
P08254	P08254;P09238				841210
P08294	P08294				1.56095e+08
P08493-2	P08493;P08493-2				1.28816e+07
P08571	P08571				5.84108e+07
P08572	P08572				2.57165e+06
P08575;P08575-10;P08575-4;P08575-5;P08575-6;P08575-7;P08575-8;P08575-9	P08575;P08575-10;P08575-4;P08575-5;P08575-6;P08575-7;P08575-8;P08575-9				589564
P08581;P08581-2	P08581;P08581-2				1.02023e+06
P08582	P08582				728889
P08603	P08603				1.05183e+08
P08637	O75015;P08637				5.33728e+06
P08670	P08670;P17661				1.86364e+06
P08697	P08697;P08697-2				1.57793e+08
P08758	P08758				3.47997e+06
P08949;P08949-2	P08949;P08949-2				195444
P09104	P09104;P09104-2				6.82303e+06
P09172	P09172				170150
P09211	P09211				6.33813e+06
P09382	P09382				1.41348e+07
P09417	P09417;P09417-2				2.12532e+07
P09486	P09486				3.92127e+07
P09493-6;P09493-7;P09493-8	P09493;P09493-10;P09493-5;P09493-2;P09493-3;P09493-4;P09493-6;P09493-7;P09493-8;P09493-9				1.23356e+06
P09603	P09603;P09603-2;P09603-3				2.99644e+07
P09619	P09619;P09619-2				2.66344e+06
P09622	P09622;P09622-2				729862
P09668	P09668				1.50623e+07
P09871	P09871				1.08375e+08
P09936	P09936				941618
P09958	P09958				759872
P09960;P09960-2;P09960-3;P09960-4	P09960;P09960-2;P09960-3;P09960-4				273305
P09972	P09972				2.07436e+07
P0C0L4;P0C0L4-2	P0C0L4;P0C0L4-2				4.06965e+07
P0C0L5	P0C0L4;P0C0L5;P0C0L4-2				3.08463e+08
P0C6S8	P0C6S8				1.22437e+06
P0CG47;P0CG48	P0CG47;P0CG48;P62979;P62987				2.72001e+08
P0DMQ5	P0DMQ5				1.58975e+07
P0DMV8;P0DMV8-2;P0DMV9	P0DMV8;P0DMV9;P0DMV8-2				5.1959e+06
P0DOX2	P01876;P01877;P01876-1;P01877-1;P0DOX2				2.68241e+08
P0DOX3	P0DOX3				7.31364e+06
P0DOX5	P01857;P01859;P0DOX5;P01857-1;P01859-1				1.84205e+09
P0DOX7	P01834;P0DOX7				3.18588e+08
P0DOY3	P0DOY2;P0DOY3				3.00228e+08
P0DP23;P0DP24;P0DP25	P0DP23;P0DP24;P0DP25;P27482				6.42481e+06
P0DP58	P0DP58				1.29768e+08
P0DTE1	P0DTE1				1.36938e+06
P0DTE7;P0DTE8;P0DUB6	P04746;P0DTE7;P0DTE8;P0DUB6;P19961;P19961-2;P04746-2				1.17303e+06
P10124	P10124				2.12908e+06
P10153	P10153				2.00156e+06
P10253	P10253				1.49386e+06
P10321;P10321-2	P10321;P10321-2				446088
P10451-3	P10451-3				2.16667e+07
P10451-5	P10451;P10451-4;P10451-5				7.57433e+08
P10451;P10451-4	P10451;P10451-4				1.69384e+06
P10586;P10586-2	P10586;P10586-2				9.75673e+06
P10599	P10599;P10599-2				7.4063e+06
P10619;P10619-2	P10619;P10619-2				373615
P10636-2;P10636-6	P10636-6;P10636-2				621224
P10636-4;P10636-7	P10636-4;P10636-7				623189
P10643	P10643				6.50003e+07
P10644;P10644-2	P10644;P10644-2				333575
P10645	P10645				7.89659e+08
P10721;P10721-2	P10721;P10721-2				7.25231e+06
P10745	P10745				707155
P10768	P10768				1.34302e+06
P10809	P10809				872409
P10909-6	P10909;P10909-4;P10909-6;P10909-2;P10909-3;P10909-5				1.92965e+09
P11021	P11021				8.46635e+06
P11047	P11047				3.4284e+06
P11117	P11117				439671
P11142	P11142				6.89046e+06
P11215;P11215-2	P11215;P11215-2				364255
P11226	P11226				553470
P11279	P11279;P11279-2				8.56755e+06
P11362-16	P11362;P11362-10;P11362-11;P11362-16;P11362-2;P11362-20;P11362-3;P11362-4;P11362-8;P11362-9				1.26792e+06
P11362-21;P11362-7	P11362;P11362-10;P11362-11;P11362-12;P11362-13;P11362-14;P11362-16;P11362-18;P11362-19;P11362-2;P11362-20;P11362-21;P11362-3;P11362-4;P11362-5;P11362-6;P11362-7;P11362-8;P11362-9				1.57947e+07
P11597	P11597;P11597-2				552596
P11684	P11684				901496
P11717	P11717				2.03405e+06
P12107;P12107-2;P12107-3;P12107-4	P12107;P12107-2;P12107-3;P12107-4				356314
P12109	P12109				5.04388e+07
P12110	P12110;P12110-2;P12110-3				2.22239e+06
P12111	P12111;P12111-2;P12111-4				1.11044e+07
P12111-4	P12111-4				757576
P12259	P12259				7.56815e+06
P12272;P12272-2;P12272-3	P12272;P12272-2;P12272-3				1.43687e+06
P12277	P12277				1.63113e+06
P12314;Q92637;Q92637-3	P12314;Q92637;Q92637-3				1.71272e+06
P12318;P12318-2	P12318;P31994;P31995;P12318-2;P31994-2;P31994-3;P31994-4;P31994-5;P31995-2;P31995-3;P31995-4				8.0439e+06
P12532;P12532-2;P17540	P12532;P17540;P12532-2				147221
P12821;P12821-2	P12821;P12821-3;P12821-2;P12821-4				6.62734e+06
P12830;P12830-2	P12830;P12830-2				701176
P12955;P12955-2	P12955;P12955-2				2.14379e+06
P13284	P13284				746738
P13385;P51864	P13385;P51864				537569
P13473;P13473-2;P13473-3	P13473;P13473-2;P13473-3				2.23927e+08
P13489	P13489				311347
P13497;P13497-2;P13497-3;P13497-4;P13497-5;P13497-6	P13497;P13497-2;P13497-3;P13497-4;P13497-5;P13497-6				1.75768e+06
P13521	P13521				1.29701e+08
P13591	P13591;P13591-1;P13591-3;P13591-4;P13591-5;P13591-6				1.93981e+08
P13591-3	P13591-1;P13591-3;P13591-4				2.28304e+07
P13598	P13598				583351
P13611;P13611-5	P13611;P13611-2;P13611-3;P13611-4;P13611-5				1.21839e+07
P13637;P13637-2;P13637-3	P13637;P13637-2;P13637-3				2.73788e+06
P13639	P13639				300685
P13645	P13645				4.77236e+06
P13647	P13647				687438
P13667	P13667				793420
P13671	P13671				8.42963e+06
P13693	P13693				114419
P13747	P13747				1.46281e+06
P13796	P13796				4.05779e+06
P13797;P13797-2;P13797-3	P13797;P13797-2;P13797-3				701470
P13987;P13987-2	P13987;P13987-2				8.55036e+07
P14136	P14136				2.26775e+06
P14138;P14138-2	P14138;P14138-2				1.41634e+06
P14151;P14151-2	P14151;P14151-2				3.54384e+06
P14174	P14174				5.28509e+06
P14207	P14207				1.51624e+06
P14209;P14209-3	P14209;P14209-3				740962
P14314-2	P14314;P14314-2				5.17484e+06
P14324;P14324-2	P14324;P14324-2				290656
P14384	P14384				1.51753e+06
P14415	P14415				1.40207e+06
P14543	P14543;P14543-2				1.09754e+07
P14550	P14550				4.15232e+06
P14618-2	P14618;P14618-2;P14618-3				2.48331e+07
P14618;P14618-3	P14618;P14618-3				427827
P14621	P14621				3.61921e+06
P14625	P14625;Q58FF3				2.92595e+06
P14778	P14778				89984.3
P15086	P15085;P15086				1.16736e+06
P15090	P15090				1.35043e+06
P15121	C9JRZ8;P15121;C9JRZ8-2				1.14503e+06
P15144	P15144				1.35994e+06
P15151;P15151-2;P15151-3;P15151-4	P15151;P15151-2;P15151-3;P15151-4				5.09408e+06
P15169	P15169				7.91456e+06
P15289;P15289-2	P15289;P15289-2				1.03931e+06
P15291;P15291-2	P15291;P15291-2				2.22446e+06
P15311	P15311				3.67813e+06
P15502;P15502-1;P15502-10;P15502-12;P15502-13;P15502-2;P15502-4;P15502-5;P15502-6;P15502-7;P15502-9	P15502;P15502-1;P15502-10;P15502-12;P15502-13;P15502-2;P15502-4;P15502-5;P15502-6;P15502-7;P15502-9				602286
P15509;P15509-2;P15509-3;P15509-5;P15509-7	P15509;P15509-3;P15509-2;P15509-5;P15509-7;P15509-8				1.64471e+06
P15529;P15529-10;P15529-11;P15529-12;P15529-13;P15529-14;P15529-15;P15529-2;P15529-3;P15529-4;P15529-5;P15529-6;P15529-7;P15529-8;P15529-9	P15529;P15529-3;P15529-10;P15529-11;P15529-12;P15529-13;P15529-14;P15529-15;P15529-16;P15529-2;P15529-4;P15529-5;P15529-6;P15529-7;P15529-8;P15529-9				502614
P15531;P15531-2	P15531;P22392;O60361;P22392-2;P15531-2				2.70722e+06
P15586;P15586-2	P15586;P15586-2				1.47399e+06
P15814	P15814				2.23874e+06
P15848;P15848-2	P15848;P15848-2				100157
P16035	P16035				1.79128e+07
P16070;P16070-10;P16070-11;P16070-12;P16070-13;P16070-14;P16070-15;P16070-16;P16070-17;P16070-18;P16070-3;P16070-4;P16070-5;P16070-6;P16070-7;P16070-8;P16070-9	P16070;P16070-10;P16070-11;P16070-12;P16070-13;P16070-14;P16070-15;P16070-16;P16070-17;P16070-18;P16070-3;P16070-4;P16070-5;P16070-6;P16070-7;P16070-8;P16070-9				1.25345e+08
P16083	P16083				1.01556e+06
P16112;P16112-2	P16112;P16112-2;P16112-3				2.83827e+06
P16152	P16152				1.82298e+06
P16234;P16234-2;P16234-3	P16234;P16234-2;P16234-3				666749
P16519;P16519-2;P16519-3	P16519;P16519-2;P16519-3				5.709e+06
P16870;P16870-2	P16870;P16870-2				8.89247e+07
P16930;P16930-2	P16930;P16930-2				381850
P16949	P16949;P16949-2				3.07144e+06
P17050	P17050				361767
P17174	P17174;P17174-2				1.54468e+07
P17302	P17302				398494
P17405;P17405-4	P17405;P17405-4				568652
P17600;P17600-2	P17600;P17600-2				348589
P17677;P17677-2	P17677;P17677-2				5.5058e+06
P17813;P17813-2	P17813;P17813-2				277970
P17900	P17900				5.12738e+07
P17931	P17931				2.67573e+06
P17936;P17936-2	P17936;P17936-2				3.61025e+06
P18065	P18065				4.93047e+07
P18075	P18075				116311
P18206;P18206-2	P18206;P18206-2				1.86579e+06
P18428	P18428				2.22664e+06
P18669	P15259;P18669				5.58683e+06
P18850	P18850				581769
P19021;P19021-5;P19021-6	P19021;P19021-3;P19021-4;P19021-2;P19021-5;P19021-6				4.57326e+07
P19022	P19022;P19022-2				1.81279e+08
P19256;P19256-2;P19256-3	P19256;P19256-2;P19256-3				647807
P19320	P19320;P19320-2;P19320-3				5.3866e+06
P19367;P19367-2;P19367-3;P19367-4	P19367;P52789;P19367-2;P19367-3;P19367-4				879763
P19652	P19652				2.02541e+08
P19823	P19823				2.99083e+07
P19827	P19827;P19827-2				1.88139e+07
P19835	P19835				616047
P20036	P20036				170678
P20062	P20062				4.89945e+06
P20138;P20138-2;P20138-3	P20138;P20138-2;P20138-3				751883
P20340;P20340-2;Q9NRW1	P20340;Q9NRW1;P20340-2;P20340-3				193711
P20366;P20366-2	P20366;P20366-2;P20366-3;P20366-4				4.735e+06
P20382	P20382				658907
P20472	P20472				1.03609e+07
P20618	P20618				6.39028e+06
P20742	P20742;P20742-2				4.20275e+06
P20774	P20774				6.53066e+07
P20827	P20827;P20827-2				6.37618e+06
P20908;P20908-2	P20908;P20908-2				1.05866e+06
P20916;P20916-2;P20916-3	P20916;P20916-2;P20916-3				3.67217e+06
P20933	P20933				7.99188e+06
P21266	P21266				239360
P21333;P21333-2	P21333;P21333-2				3.6002e+06
P21453	P21453				519177
P21579	P21579				3.34324e+06
P21583;P21583-2;P21583-3	P21583;P21583-2;P21583-3				624324
P21802;P21802-16;P21802-2;P21802-5;P21802-6;P21802-8	P21802;P21802-3;P21802-14;P21802-15;P21802-16;P21802-17;P21802-18;P21802-19;P21802-2;P21802-23;P21802-5;P21802-6;P21802-8				5.37488e+06
P21810	P21810				1.05119e+06
P21860;P21860-4	P21860;P21860-4				530369
P21926	P21926				1.15672e+06
P22004	P22004				482487
P22061;P22061-2	P22061;P22061-2				5.28604e+06
P22105;P22105-1;P22105-4	P22105;P22105-1;P22105-4				7.75767e+06
P22303	P22303;P22303-2;P22303-3;P22303-4				1.65723e+06
P22304	P22304;P22304-2;P22304-3				1.41477e+07
P22352	P22352				1.96113e+07
P22607;P22607-2;P22607-3;P22607-4	P22455;P22607;P22455-2;P22607-2;P22607-3;P22607-4				2.16896e+07
P22676	P22676				600934
P22692;P22692-2	P22692;P22692-2				6.26187e+07
P22748	P22748				9.13974e+06
P22792	P22792				4.09712e+06
P22891;P22891-2	P22891;P22891-2				909497
P22897	P22897				4.29151e+06
P23083	P23083;A0A0C4DH31				2.14605e+06
P23142	P23142				8.99597e+07
P23142-4	P23142-4				1.90534e+08
P23284	P23284				1.86171e+07
P23435	P23435				4.24266e+07
P23468	P23468;P23468-2;P23468-3;P23468-4;P23468-5;P23468-6;P23468-7				8.12996e+06
P23468-7	P23468-4;P23468-5;P23468-6;P23468-7				1.01849e+06
P23470;P23470-2	P23470;P23470-2				1.1062e+07
P23471;P23471-2	P23471;P23471-2;P23471-3				3.33046e+07
P23515	P23515				8.66105e+07
P23526;P23526-2	P23526;P23526-2				233130
P23528	P23528				1.92609e+06
P23560;P23560-2;P23560-3;P23560-4;P23560-5	P23560;P23560-2;P23560-3;P23560-4;P23560-5				1.96596e+06
P23582	P23582				3.10626e+07
P24043	P24043				1.71073e+07
P24387	P24387				166869
P24592	P24592				1.28062e+08
P24593	P24593				9.21967e+06
P24666;P24666-2;P24666-3;P24666-4	P24666;P24666-2;P24666-3;P24666-4				584297
P24821;P24821-4	P24821;P24821-2;P24821-3;P24821-4;P24821-5;P24821-6				1.04369e+06
P25189;P25189-2	P25189;P25189-2				908565
P25311	P25311				9.99407e+07
P25686;P25686-2	P25686;P25686-2				251608
P25713	P25713				1.15806e+07
P25774	P25774;P25774-2				2.48875e+06
P26038	P26038				6.67198e+06
P26447	P26447				3.38379e+06
P26572	P26572				2.41681e+06
P26927	P26927;Q2TV78;Q2TV78-2				2.35828e+06
P26992	P26992				2.39807e+07
P27169	P27169				1.49638e+07
P27348	P27348				274706
P27658	P27658				1.15035e+06
P27797	P27797				2.16655e+07
P27824;P27824-2	P27824;P27824-2;P27824-3				1.63885e+06
P28074;P28074-2	P28074;P28074-2				177338
P28161;P28161-2	P28161;P28161-2				863018
P28300	P28300				1.49416e+07
P28799;P28799-2	P28799;P28799-2				1.72817e+06
P28827;P28827-2	P28827;P28827-2				565074
P29120;P29120-2	P29120;P29120-2				7.3974e+06
P29218;P29218-3	P29218;P29218-3;P29218-2				1.85535e+06
P29323;P29323-2;P29323-3	P29323;P29323-3;P29323-2				2.1435e+06
P29401;P29401-2	P29401;P29401-2				1.67532e+06
P29622	P29622				2.62817e+07
P29762	P29762				596748
P29966	P29966				7.51783e+06
P30041	P30041				2.59337e+06
P30044;P30044-2	P30044;P30044-2;P30044-3				473431
P30047;P30047-2	P30047;P30047-2				74091.3
P30048;P30048-2	P30048;P30048-2				899620
P30086	P30086				2.08497e+07
P30101	P30101				2.66839e+06
P30530;P30530-2	P30530;P30530-2				1.31504e+07
P30740	P30740				770155
P31146	P31146				788342
P31150	P31150				5.42039e+06
P31153	P31153;P31153-2				320691
P31321	P31321				248666
P31431;P31431-2	P31431;P31431-2				120754
P31946;P31946-2	P31946;P31946-2				2.6237e+06
P31948;P31948-2;P31948-3	P31948;P31948-2;P31948-3				125466
P32004;P32004-2;P32004-3	P32004;P32004-2;P32004-3				5.42215e+06
P32119	P32119				7.06961e+06
P33151	P33151;P33151-2				2.58851e+06
P33908	P33908				2.79684e+07
P34059	P34059				3.29895e+06
P34096	P34096				4.74014e+06
P34741	P34741				722998
P34932	P34932				76633.5
P34949;P34949-2	P34949;P34949-2				9.49787e+07
P35030;P35030-2;P35030-3;P35030-4;P35030-5	P35030;P35030-2;P35030-3;P35030-4;P35030-5				1.87328e+06
P35052	P35052				5.88887e+06
P35080	P35080				734812
P35237	P35237				1.52032e+06
P35318	P35318				5.62445e+06
P35442	P35442				1.2044e+06
P35443	P35443				3.57834e+06
P35527	P35527				2.49689e+06
P35542	P35542				4.29918e+07
P35555	P35555				3.3784e+06
P35590	P35590				913131
P35613;P35613-2	P35613;P35613-2;P35613-3;P35613-4				1.61681e+06
P35858;P35858-2	P35858;P35858-2				3.6548e+08
P35908	P35908				414140
P35968;P35968-2;P35968-3	P35968;P35968-2;P35968-3				913613
P36222	P36222				1.45772e+08
P36871	P36871;P36871-2				1.73376e+06
P36888;P36888-2	P36888;P36888-2				300931
P36955	P36955				3.87107e+08
P36957	P36957;P36957-2				2.1026e+07
P36980	P36980				2.04927e+07
P37173;P37173-2	P37173;P37173-2				916164
P37802;P37802-2	P37802;P37802-2				551660
P37837;P37837-2	P37837;P37837-2				3.29527e+06
P38571;P38571-2	P38571;P38571-2				608426
P39059	P39059				3.58442e+06
P39060;P39060-1;P39060-2	P39060;P39060-1;P39060-2				2.29265e+07
P39748;P39748-2	P39748;P39748-2				549066
P40121;P40121-2	P40121;P40121-2				1.57712e+06
P40189	P40189;P40189-3				1.46981e+07
P40925;P40925-3	P40925;P40925-2;P40925-3				1.06476e+07
P40926	P40926;P40926-2				950058
P41217;P41217-2;P41217-3	P41217;P41217-2;P41217-3				2.47764e+06
P41222	P41222				4.79228e+09
P41271;P41271-2	P41271;P41271-2				6.73838e+07
P42262;P42262-2;P42262-3	P42262;P42262-2;P42262-3				1.4152e+06
P42658;P42658-2	P42658;P42658-2				4.55347e+06
P42785	P42785;P42785-2				8.41854e+06
P42857;P42857-2	P42857;P42857-2				1.93595e+06
P43004;P43004-2;P43004-3	P43004;P43004-2;P43004-3				175472
P43121	P43121;P43121-2				1.42838e+07
P43146	P43146				4.55917e+06
P43234	P43234				1.54496e+06
P43251;P43251-2;P43251-3;P43251-4	P43251;P43251-2;P43251-3;P43251-4				2.80892e+07
P43652	P43652				6.25351e+07
P45877	P45877				1.35653e+07
P46459	P46459;P46459-2				2.32101e+06
P47972	P47972				8.49152e+06
P48058;P48058-2	P48058;P48058-2				7.49116e+06
P48061;P48061-2;P48061-3;P48061-4;P48061-5;P48061-6	P48061;P48061-2;P48061-3;P48061-4;P48061-5;P48061-6				961563
P48066;P48066-2	P48066;P48066-2				332239
P48147	P48147				1.21909e+06
P48163	P48163;P48163-2				642212
P48539	P48539				1.39222e+06
P48551;P48551-2;P48551-3	P48551;P48551-2;P48551-3				1.5821e+06
P48637	P48637;P48637-2				3.60213e+06
P48723	P48723				2.2065e+06
P48740-2;P48740-4	P48740-2;P48740-4				2.45773e+06
P48740-3	P48740;P48740-2;P48740-3;P48740-4				3.23711e+06
P48745	P48745				1.5154e+06
P49184	P49184				704528
P49221	P49221				5.44679e+06
P49257	P49257				3.45936e+06
P49418;P49418-2	P49418;P49418-2				1.30204e+06
P49641	P49641;P49641-1;P49641-2				1.05017e+07
P49747;P49747-2	P49747;P49747-2				2.67811e+06
P49767	P49767				349665
P49908	P49908				1.82323e+07
P50238	P50238				3.86215e+06
P50281	P50281				763740
P50395;P50395-2	P50395;P50395-2				2.04189e+06
P50895	P50895				1.82789e+06
P50897	P50897;P50897-2				816705
P50993	P05023;P13637;P20648;P50993;P05023-2;P05023-3;P05023-4;P13637-2;P13637-3				2.09512e+06
P51512;P51512-2	P51512;P51512-2				1.31264e+06
P51674;P51674-2;P51674-3	P51674;P51674-2;P51674-3				801591
P51693	P51693;P51693-2				5.73442e+08
P51693-2	P51693-2				3.81149e+06
P51805	P51805				202206
P51812	P51812;Q15418;Q15418-2;Q15418-3;Q15418-4				717333
P51884	P51884				5.44121e+07
P51888	P51888				4.52137e+06
P52565;P52565-2	P52565;P52565-2				1.14567e+06
P52566	P52566				764750
P52758	P52758				1.87942e+06
P52797	P52797				1.84018e+06
P52799	P52799				4.41407e+06
P52803	P52803				5.71867e+06
P52848	P52848				1.34471e+06
P52888	P52888				49655.3
P52943;P52943-2	P52943;P52943-2				189169
P53004	P53004				276183
P53041	P53041				1.16137e+06
P53634	P53634				3.94408e+07
P54108;P54108-2;P54108-3	P54108;P54108-2;P54108-3				882391
P54253	P54253				6.02283e+07
P54289-2;P54289-3	P54289;P54289-2;P54289-3;P54289-4;P54289-5				3.31449e+07
P54652	P54652				667065
P54727	P54725;P54727;P54725-2;P54725-3				1.80711e+06
P54764	P54764;P54764-2				3.24662e+07
P54802	P54802				4.98112e+06
P54803	P54803;P54803-3;P54803-4;P54803-5				1.08392e+06
P55011;P55011-3	P55011;P55011-3				234241
P55056	P55056				216658
P55058	P55058;P55058-2;P55058-3;P55058-4				2.18762e+08
P55083;P55083-2	P55083;P55083-2				3.85983e+07
P55087;P55087-2	P55087;P55087-2				964736
P55103	P55103				310960
P55145	P55145				344416
P55268	P55268				2.39104e+06
P55283	P55283;P55283-2				8.99607e+06
P55285;P55285-2	P55285;P55285-2				1.16577e+07
P55286	P55286				3.04288e+06
P55287;P55287-2	P55287;P55287-2				3.16526e+07
P55289;P55289-2	P55289;P55289-2				388594
P55290;P55290-4	P55290;P55290-2;P55290-3;P55290-4;P55290-5				6.08028e+07
P55291	P55291				7.87927e+06
P55774	P55774				604223
P55786	P55786;P55786-2				2.20095e+06
P55854;P55854-2;P61956;P61956-2;Q6EEV6	P55854;P61956;Q6EEV6;P55854-2;P61956-2				589948
P55899	P55899				688223
P55957;P55957-2;P55957-4	P55957;P55957-2;P55957-4				21312.5
P56159;P56159-2	P56159;P56159-2				5.0831e+06
P56199	P56199				3.39168e+06
P56705;P56705-2	P56705;P56705-2				1.11835e+06
P56817;P56817-2	P56817;P56817-2;P56817-3;P56817-4;P56817-5;P56817-6				1.94119e+06
P57087;P57087-3	P57087;P57087-2;P57087-3				1.30044e+06
P58215	P58215;P58215-2;P58215-3				328850
P58400	P58400;P58400-1				2.53568e+06
P58401	P58401				281124
P58417	O95156;P58417				3.9214e+06
P59190;P59190-2	P51153;P59190;P61006;P61026;P62820;Q92930;Q9H0U4;Q92928;P61006-2;P62820-2;P62820-3;P59190-2				791154
P60174;P60174-3	P60174;P60174-3;P60174-4				1.50614e+07
P60520	O95166;P60520;Q9H0R8;Q9H0R8-2				1.82086e+07
P60709;P63261	P60709;P63261				2.09025e+07
P60842;Q14240;Q14240-2	P60842;Q14240;Q14240-2				552789
P60983	P60983				1.89938e+06
P61018;P61018-2	P20338;P61018;P61018-2				731728
P61077;P61077-2;P61077-3;P62837;P62837-2	P61077;P62837;P62837-2;P61077-2;P61077-3				341173
P61088	P61088				914955
P61106	P61106				391649
P61158;Q9P1U1;Q9P1U1-2	P61158;Q9P1U1;Q9C0K3;Q9P1U1-2;Q9P1U1-3				192194
P61204;P61204-2;P84077;P84085	P18085;P61204;P84077;P84085;P61204-2				353142
P61266;P61266-2	P61266;P61266-2				600068
P61278	P61278				1.84087e+07
P61604	P61604				1.2781e+06
P61626	P61626				1.52332e+07
P61769	P61769				1.25788e+09
P61812;P61812-2	P61812;P61812-2				172077
P61916	P61916;P61916-2				7.22031e+07
P61970	P61970				3.18594e+06
P61981	P61981				1.41603e+07
P62258	P62258;P62258-2				3.86898e+06
P62328	P62328;P63313				2.18515e+07
P62736;P63267	P62736;P63267;P68032;P68133				2.03863e+06
P62805	P62805				2.87728e+06
P62873;P62873-2;P62879	P62873;P62879;Q9HAV0;P62873-2;P62879-2				454866
P62913;P62913-2	P62913;P62913-2				1.60355e+07
P62937	P62937				8.07885e+06
P62942	P62942				2.0864e+06
P62993	P62993;P62993-2				1.75519e+06
P63010;P63010-2;P63010-3	P63010;P63010-2;P63010-3				4.3854e+06
P63104	P63104;P63104-2				8.33109e+06
P63208	P63208;P63208-2				2.09605e+06
P63241;P63241-2	P63241;Q9GZV4;Q6IS14;P63241-2				550077
P63302	P63302				580923
P67936	P06753;P07951;P09493;P09493-10;P67936;P07951-2;P09493-5;P06753-2;P06753-3;P09493-2;P09493-3;P09493-4;P09493-6;P09493-7;P09493-8;P09493-9;P06753-4;P06753-5;P06753-6;P07951-3;P67936-2				1.16473e+06
P68036	P68036;A0A1B0GUS4;P68036-2;P68036-3				1.87487e+06
P68104;Q05639;Q5VTE0	P68104;Q05639;Q5VTE0				608384
P68363;Q71U36;Q71U36-2;Q9BQE3	P0DPH7;P0DPH8;P68363;P68366;Q6PEY2;Q71U36;Q9BQE3;P0DPH7-2;P68363-2;P68366-2;Q71U36-2				1.35261e+06
P68402	P68402				104356
P68871	P02042;P68871				1.37061e+07
P69849;Q15155;Q5JPE7;Q5JPE7-2	P69849;Q15155;Q5JPE7;Q5JPE7-2;Q5JPE7-3				999986
P69905	P69905				8.14209e+06
P78310;P78310-2;P78310-4;P78310-5;P78310-6;P78310-7	P78310;P78310-2;P78310-4;P78310-5;P78310-6;P78310-7				657535
P78324;P78324-2	P78324;Q9P1W8;Q5TFQ8;P78324-2;P78324-4;Q9P1W8-2;Q9P1W8-3;Q9P1W8-4				1.18792e+08
P78417	P78417;P78417-3				1.44426e+06
P78504	P78504;P78504-2				862037
P78509	P78509;P78509-2;P78509-3				1.65326e+07
P78536;P78536-2	P78536;P78536-2				540699
P78539;P78539-2;P78539-3;P78539-5	P78539;P78539-2;P78539-3;P78539-4;P78539-5				1.20703e+06
P79483;Q30154	P79483;Q30154				5.73573e+06
P80108	P80108				3.66108e+06
P80188;P80188-2	P80188;P80188-2				506615
P80303;P80303-2	P80303;P80303-2				2.06117e+06
P80723	P80723;P80723-2				7.27e+06
P80748	P80748				2.79756e+07
P81605;P81605-2	P81605;P81605-2				1.26432e+06
P84157-2	P84157;P84157-2;P84157-3				838886
P98095;P98095-2	P98095;P98095-2				3.11626e+06
P98153;P98153-2;P98153-3	P98153;P98153-2;P98153-3				1.7897e+06
P98155;P98155-2	P98155;P98155-2				976352
P98160	P98160				7.08078e+07
P98172	P98172				4.14376e+06
P98173;P98173-2;P98173-3	P98173;P98173-2;P98173-3				1.27776e+06
P99999	P99999				3.26604e+06
Q00169	Q00169				356906
Q00973	Q00973;Q00973-2				1.3733e+06
Q01459	Q01459				1.47836e+07
Q01469	Q01469;A8MUU1				3.6707e+06
Q01995	Q01995				9.36981e+06
Q02246	Q02246				2.54006e+07
Q02487;Q02487-2	Q02487;Q02487-2				7.41058e+06
Q02790	Q02790				1.35113e+06
Q02809;Q02809-2	Q02809;Q02809-2				2.22245e+06
Q02818	Q02818				2.36084e+07
Q02952;Q02952-2;Q02952-3	Q02952;Q02952-2;Q02952-3				121867
Q02985;Q02985-2	Q02985;Q92496;Q02985-2;Q92496-2;Q92496-3				6.37628e+06
Q03167;Q03167-2	Q03167;Q03167-2				6.46153e+06
Q03591	Q03591				287909
Q04721	Q04721				3.95512e+06
Q04756	Q04756				1.67136e+06
Q04760;Q04760-2	Q04760;Q04760-2				3.41116e+06
Q04917	Q04917				474857
Q05193;Q05193-2;Q05193-3;Q05193-5	Q05193;Q05193-2;Q05193-3;Q05193-5				652241
Q05707;Q05707-2	Q05707;Q05707-2;Q05707-3				1.26004e+06
Q05996;Q05996-2	Q05996;Q05996-2				9.73336e+06
Q06033;Q06033-2	Q06033;Q06033-2				1.7929e+06
Q06418	Q06418				3.81884e+06
Q06481	Q06481;Q06481-3;Q06481-6				8.39314e+07
Q06828	Q06828				1.95811e+07
Q06830	Q06830				5.80794e+06
Q07092;Q07092-2	Q07092;Q07092-2				1.09341e+06
Q07699;Q07699-2	Q07699;Q07699-2				1.62693e+06
Q07954	Q07954				4.49942e+06
Q08174-2	Q08174;Q08174-2				9.06006e+06
Q08209;Q08209-2;Q08209-3	Q08209;Q08209-2;Q08209-3;Q08209-4				495436
Q08345;Q08345-5	Q08345;Q08345-2;Q08345-4;Q08345-5;Q08345-6				5.54255e+06
Q08380	Q08380				9.52238e+07
Q08431;Q08431-4	Q08431;Q08431-3;Q08431-4				3.32539e+06
Q08554;Q08554-2	Q08554;Q08554-2				1.55911e+06
Q08629	Q08629				9.7911e+06
Q08ET2	O15389;Q08ET2				6.67108e+06
Q09327	Q09327				952777
Q09328	Q09328				1.00183e+06
Q09666	Q09666				606060
Q0P6D2	Q0P6D2				4.17047e+06
Q10469	Q10469				2.65883e+06
Q10471	Q10471				6.10399e+06
Q10472	Q10472				784721
Q10567;Q10567-2;Q10567-3	Q10567;Q10567-3;Q10567-2				1.30696e+06
Q10588	Q10588;Q10588-2				3.30839e+06
Q12765;Q12765-2	Q12765;Q12765-2;Q12765-3				214381
Q12794;Q12794-2;Q12794-7	Q12794;Q12794-2;Q12794-4;Q12794-7				338863
Q12797;Q12797-10	Q12797;Q12797-10				1.03055e+06
Q12805;Q12805-2;Q12805-3;Q12805-4;Q12805-5	Q12805;Q12805-2;Q12805-3;Q12805-4;Q12805-5				5.52486e+07
Q12841;Q12841-2	Q12841;Q12841-2				7.31629e+06
Q12860	Q12860;Q12860-2				5.02749e+07
Q12866	Q12866				2.33329e+06
Q12907	Q12907				8.56402e+07
Q12913;Q12913-2;Q12913-3	Q12913;Q12913-2;Q12913-3				2.22666e+06
Q13093	Q13093				254061
Q13162	Q13162				71592.8
Q13201;Q13201-2	Q13201;Q13201-2				493707
Q13214;Q13214-2	Q13214;Q13214-2				1.69446e+06
Q13217	Q13217				1.0508e+06
Q13228;Q13228-4	Q13228;Q13228-2;Q13228-3;Q13228-4				1.0586e+07
Q13231;Q13231-3	Q13231;Q13231-2;Q13231-3;Q13231-4				2.30305e+06
Q13232	Q13232				390758
Q13275-2	Q13275;Q13275-2				435192
Q13308;Q13308-2;Q13308-3;Q13308-4;Q13308-5;Q13308-6	Q13308;Q13308-2;Q13308-3;Q13308-4;Q13308-5;Q13308-6				750948
Q13332-2;Q13332-6	Q13332;Q13332-2;Q13332-3;Q13332-4;Q13332-5;Q13332-6;Q13332-7				1.19319e+07
Q13332-5	Q13332-5;Q13332-7				4.73517e+06
Q13404;Q13404-1;Q13404-2;Q13404-7	Q13404;Q13404-1;Q13404-2;Q13404-6;Q13404-7				1.182e+06
Q13421-2;Q13421-3;Q13421-4	Q13421;Q13421-2;Q13421-3;Q13421-4				1.34005e+06
Q13433	Q13433				715463
Q13443;Q13443-2	Q13443;Q13443-2				1.66506e+06
Q13444;Q13444-10;Q13444-12;Q13444-2;Q13444-3;Q13444-4;Q13444-5;Q13444-6;Q13444-7;Q13444-8;Q13444-9	Q13444;Q13444-2;Q13444-10;Q13444-11;Q13444-12;Q13444-3;Q13444-4;Q13444-5;Q13444-6;Q13444-7;Q13444-8;Q13444-9				3.11119e+06
Q13449	Q13449				2.0817e+08
Q13501;Q13501-2	Q13501;Q13501-2				718694
Q13508;Q13508-2;Q13508-3	Q13508;Q13508-2;Q13508-3				8.49793e+06
Q13510;Q13510-2	Q13510;Q13510-2;Q13510-3				3.94141e+06
Q13519;Q13519-2	Q13519;Q13519-2				1.03219e+06
Q13554;Q13554-2;Q13554-4;Q13554-5;Q13554-8	Q13554;Q13554-3;Q13554-2;Q13554-4;Q13554-5;Q13554-6;Q13554-7;Q13554-8				2.40598e+06
Q13555;Q13555-10;Q13555-11;Q13555-2;Q13555-3;Q13555-4;Q13555-5;Q13555-6;Q13555-7;Q13555-8;Q13555-9	Q13555;Q13555-5;Q13555-10;Q13555-11;Q13555-2;Q13555-3;Q13555-4;Q13555-6;Q13555-7;Q13555-8;Q13555-9				1.24168e+06
Q13557;Q13557-10;Q13557-11;Q13557-12;Q13557-3;Q13557-4;Q13557-5;Q13557-6;Q13557-8;Q13557-9	Q13557;Q13557-8;Q13557-10;Q13557-11;Q13557-12;Q13557-3;Q13557-4;Q13557-5;Q13557-6;Q13557-9				1.79949e+06
Q13634;Q13634-2	Q13634;Q13634-2				3.25387e+06
Q13641	Q13641				2.30188e+06
Q13683;Q13683-10;Q13683-13;Q13683-3;Q13683-7;Q13683-9	Q13683;Q13683-10;Q13683-13;Q13683-3;Q13683-7;Q13683-9				4.17013e+06
Q13740;Q13740-2	Q13740;Q13740-2;Q13740-3				1.48372e+07
Q13790	Q13790				3.31427e+06
Q13822-3	Q13822;Q13822-3				3.26292e+08
Q13867	Q13867				759895
Q14019	Q14019				8.22163e+06
Q14112;Q14112-2	Q14112;Q14112-2				8.06586e+06
Q14114;Q14114-2;Q14114-3;Q14114-4	Q14114;Q14114-3;Q14114-2;Q14114-4				1.2514e+06
Q14118	Q14118				8.5346e+07
Q14126	Q14126				4.24179e+06
Q14165	Q14165				3.85736e+06
Q14213	Q14213				615148
Q14242;Q14242-2	Q14242;Q14242-2				4.16685e+06
Q14257;Q14257-2	Q14257;Q14257-2				1.20839e+06
Q14314	Q14314				3.81406e+06
Q14315;Q14315-2	Q14315;Q14315-2				1.50388e+06
Q14393;Q14393-1;Q14393-3;Q14393-4;Q14393-5	Q14393;Q14393-1;Q14393-3;Q14393-4;Q14393-5				6.35765e+06
Q14515	Q14515;Q14515-2				4.27754e+08
Q14517	Q14517				245868
Q14520;Q14520-2	Q14520;Q14520-2				3.6914e+06
Q14563	Q14563				733501
Q14574;Q14574-2	Q14574;Q14574-2				1.43498e+06
Q14596;Q14596-2	Q14596;Q14596-2				397568
Q14624	Q14624				5.11961e+07
Q14696	Q14696				990703
Q14697;Q14697-2	Q14697;Q14697-2				1.62692e+06
Q14766	Q14766;Q14766-4				1.70285e+06
Q14767	Q14767				4.2752e+06
Q14847;Q14847-2;Q14847-3	Q14847;Q14847-2;Q14847-3				327084
Q14894	Q14894				1.23341e+06
Q14956;Q14956-2	Q14956;Q14956-2				1.29427e+06
Q14982;Q14982-2;Q14982-3;Q14982-4	Q14982;Q14982-2;Q14982-3;Q14982-4				3.01875e+07
Q14C87	Q14C87;Q14C87-2				6.77407e+06
Q14CZ8	Q14CZ8				2.32954e+06
Q14DG7	Q14DG7;Q14DG7-2				1.96252e+06
Q15063-3	Q15063-3;Q15063-4;Q15063-7				629321
Q15084;Q15084-2;Q15084-3;Q15084-4;Q15084-5	Q15084;Q15084-2;Q15084-3;Q15084-4;Q15084-5				1.09945e+06
Q15113	Q15113				5.35444e+07
Q15121;Q15121-2	Q15121;Q15121-2				337317
Q15165;Q15165-1;Q15165-3	Q15165;Q15165-1;Q15165-3				285914
Q15166	Q15166				7.2258e+06
Q15223;Q15223-2;Q15223-3	Q15223;Q15223-2;Q15223-3				3.18862e+06
Q15256;Q15256-5	Q15256;Q15256-5				1.71366e+06
Q15257;Q15257-2;Q15257-3	Q15257;Q15257-2;Q15257-3				483359
Q15262;Q15262-2;Q15262-3;Q15262-4	Q15262;Q15262-2;Q15262-3;Q15262-4				1.5938e+06
Q15293;Q15293-2	Q15293;Q15293-2				6.07964e+06
Q15375;Q15375-2;Q15375-4	Q15375;Q15375-2;Q15375-4				2.18392e+06
Q15459;Q15459-2	Q15459;Q15459-2				1.75373e+06
Q15465	Q15465				850030
Q15493	Q15493				311296
Q15582	Q15582				4.2742e+07
Q15768	Q15768				1.33168e+06
Q15782;Q15782-6	Q15782;Q15782-6				4.18193e+06
Q15818	Q15818				5.76546e+07
Q15819	Q15819				3.82703e+06
Q15828	Q15828				1.22282e+06
Q15846	Q15846				568393
Q15847	Q15847				886332
Q15848	Q15848				1.85618e+06
Q15904	Q15904				7.25246e+07
Q16143	Q16143				985425
Q16270	Q16270;Q16270-2				2.2457e+08
Q16288;Q16288-2;Q16288-3;Q16288-4;Q16288-5	Q16288;Q16288-2;Q16288-3;Q16288-4;Q16288-5				3.9194e+06
Q16363;Q16363-2	Q16363;Q16363-2				1.12328e+06
Q16394	Q16394				328923
Q16531	Q16531				1.7827e+06
Q16555;Q16555-2	Q16555;Q16555-2				551729
Q16568	Q16568				2.90442e+06
Q16581	Q16581				1.2876e+06
Q16610;Q16610-4	Q16610;Q16610-2;Q16610-3;Q16610-4				2.5538e+07
Q16620;Q16620-2;Q16620-3;Q16620-4;Q16620-5;Q16620-6	Q16620;Q16620-2;Q16620-3;Q16620-4;Q16620-5;Q16620-6;Q16620-7				8.81498e+06
Q16623;Q16623-2;Q16623-3	Q16623;Q16623-2;Q16623-3				335949
Q16627;Q16627-2	Q16627;Q16627-2				5.06009e+06
Q16651	Q16651;Q16651-2				1.02421e+06
Q16653;Q16653-10;Q16653-11;Q16653-13;Q16653-2;Q16653-3;Q16653-5;Q16653-6;Q16653-7;Q16653-8;Q16653-9	Q16653;Q16653-10;Q16653-11;Q16653-13;Q16653-2;Q16653-3;Q16653-5;Q16653-6;Q16653-7;Q16653-8;Q16653-9				5.638e+06
Q16658	Q16658				2.13382e+06
Q16674	Q16674				2.6509e+06
Q16706	Q16706				4.18028e+06
Q16769	Q16769				2.15193e+07
Q16775;Q16775-2	Q16775;Q16775-2				977627
Q16799	Q16799;Q16799-2				835045
Q16849;Q16849-3	Q16849;Q16849-3;Q16849-2				9.49119e+07
Q16853;Q16853-2	Q16853;Q16853-2				3.84747e+06
Q16881;Q16881-2;Q16881-3;Q16881-4;Q16881-5;Q16881-6;Q16881-7	Q16881;Q16881-4;Q16881-5;Q16881-2;Q16881-3;Q16881-6;Q16881-7				478709
Q17RC7	Q17RC7				6.76666e+07
Q24JP5;Q24JP5-2	Q24JP5;Q24JP5-2;Q24JP5-3				1.39228e+07
Q2TAL6	Q2TAL6				1.3431e+06
Q2TBF2;Q2TBF2-2	Q2TBF2;Q2TBF2-2				835402
Q2UY09	Q2UY09				368347
Q495W5	Q495W5;Q495W5-2				1.41557e+06
Q496H8	Q496H8				150029
Q4G0I0	Q4G0I0				632049
Q4G148;Q4G148-2	Q4G148;Q4G148-2				527028
Q4KWH8;Q4KWH8-3;Q4KWH8-4	Q4KWH8;Q4KWH8-3;Q4KWH8-4				5.19161e+06
Q4LDE5	Q4LDE5				254622
Q504Y0;Q504Y0-4;Q504Y0-5	Q504Y0;Q504Y0-4;Q504Y0-5				277838
Q53EL9;Q53EL9-3	Q53EL9;Q53EL9-2;Q53EL9-3				1.71879e+07
Q53RD9;Q53RD9-2;Q53RD9-3;Q53RD9-4	Q53RD9;Q53RD9-2;Q53RD9-3;Q53RD9-4				6.30762e+06
Q562R1	Q562R1				2.11166e+07
Q58EX2;Q58EX2-2;Q58EX2-3;Q58EX2-4	Q58EX2;Q58EX2-2;Q58EX2-3;Q58EX2-4				120209
Q59EK9;Q59EK9-2;Q59EK9-3;Q59EK9-4	Q59EK9;Q59EK9-3;Q59EK9-2;Q59EK9-4				4.12589e+06
Q5BIV9	Q5BIV9				1.25669e+06
Q5BLP8;Q5BLP8-2;Q5BLP8-3	Q5BLP8;Q5BLP8-2;Q5BLP8-3				1.27292e+07
Q5FWE3;Q5FWE3-3	Q5FWE3;Q5FWE3-3				1.19321e+07
Q5IJ48;Q5IJ48-2;Q5IJ48-3	Q5IJ48;Q5IJ48-2;Q5IJ48-3				1.19846e+06
Q5JRA6;Q5JRA6-2	Q5JRA6;Q5JRA6-2;Q5JRA6-3				984907
Q5JS37;Q5JS37-2	Q5JS37;Q5JS37-2				913501
Q5JTV8;Q5JTV8-3	Q5JTV8;Q5JTV8-3				874582
Q5JZY3;Q5JZY3-2;Q5JZY3-3	Q5JZY3;Q5JZY3-2;Q5JZY3-3				5.51233e+06
Q5KU26	Q5KU26				1.71733e+07
Q5R3F8	Q5R3F8				950432
Q5SGD2;Q5SGD2-2;Q5SGD2-3	Q5SGD2;Q5SGD2-2;Q5SGD2-3				322192
Q5SZI1	Q5SZI1				621586
Q5SZK8;Q5SZK8-2	Q5SZK8;Q5SZK8-2				495921
Q5T013;Q5T013-2;Q5T013-3;Q5T013-4	Q5T013;Q5T013-2;Q5T013-3;Q5T013-4				2.38317e+08
Q5T848	Q5T848				7.47296e+06
Q5VSG8	Q5VSG8				2.6559e+06
Q5VU43;Q5VU43-3;Q5VU43-4	Q5VU43;Q5VU43-3;Q5VU43-4				2.8706e+06
Q5VU97	Q5VU97				3.44405e+06
Q5VUB5	Q5VUB5				729869
Q5VV43;Q5VV43-2;Q5VV43-4	Q5VV43;Q5VV43-2;Q5VV43-4				3.01525e+06
Q5VV63	Q5VV63				2.06247e+06
Q5VWW1;Q5VWW1-2;Q5VWW1-3	Q5VWW1;Q5VWW1-2;Q5VWW1-3				1.30087e+06
Q5VY80;Q6H3X3;Q6H3X3-2;Q9BZM5	Q5VY80;Q6H3X3;Q9BZM5;Q6H3X3-2;Q6H3X3-3				1.15795e+06
Q641Q3	Q641Q3;Q641Q3-2				2.20393e+06
Q658N2	Q658N2				1.8114e+06
Q68BL7;Q68BL7-2;Q68BL7-3	Q68BL7;Q68BL7-2;Q68BL7-3				4.31415e+06
Q68D85	Q68D85				702346
Q6E0U4;Q6E0U4-16;Q6E0U4-2;Q6E0U4-3;Q6E0U4-4;Q6E0U4-5;Q6E0U4-6;Q6E0U4-7	Q6E0U4;Q6E0U4-16;Q6E0U4-2;Q6E0U4-3;Q6E0U4-4;Q6E0U4-5;Q6E0U4-6;Q6E0U4-7				867948
Q6EMK4	Q6EMK4				1.08484e+07
Q6FHJ7	Q6FHJ7				1.93795e+06
Q6GTX8;Q6GTX8-2;Q6GTX8-3;Q6GTX8-4;Q6ISS4;Q6ISS4-2	Q6GTX8;Q6ISS4;Q6GTX8-2;Q6GTX8-3;Q6GTX8-4;Q6ISS4-2				3.36489e+06
Q6IBS0	Q12792;Q6IBS0;Q12792-3;Q12792-4				563584
Q6IEE7	Q6IEE7				582799
Q6IS24	Q6IS24				1.21179e+06
Q6JBY9;Q6JBY9-2	Q6JBY9;Q6JBY9-2				234812
Q6MZW2	Q6MZW2;Q6MZW2-2;Q6MZW2-3				1.24952e+07
Q6NUI6;Q6NUI6-2	Q6NUI6;Q6NUI6-2				148618
Q6NW40	Q6NW40				2.09446e+07
Q6P4E1;Q6P4E1-5	Q6P4E1;Q6P4E1-2;Q6P4E1-5				7.00199e+06
Q6P9A2	Q6P9A2				1.50314e+06
Q6PCB0	Q6PCB0				304788
Q6PK18	Q6PK18				621376
Q6PUV4	Q6PUV4				522632
Q6RVD6	Q6RVD6				916220
Q6UVK1	Q6UVK1				4.49608e+06
Q6UVY6;Q6UVY6-2	Q6UVY6;Q6UVY6-2				711669
Q6UW01	Q6UW01				1.4702e+07
Q6UW78	Q6UW78				427126
Q6UWH4;Q6UWH4-2	Q6UWH4;Q6UWH4-2				7.1506e+06
Q6UWR7	Q6UWR7				7.02995e+06
Q6UWY0	Q6UWY0				100747
Q6UWY5	Q6UWY5				480467
Q6UX15;Q6UX15-2	Q6UX15;Q6UX15-2				3.76661e+06
Q6UX71	Q6UX71;Q6UX71-2				3.47237e+07
Q6UX72	Q6UX72				1.62663e+06
Q6UX73;Q6UX73-2	Q6UX73;Q6UX73-2				2.79001e+07
Q6UXB8	Q6UXB8;Q6UXB8-2				9.99031e+06
Q6UXD5-3;Q6UXD5-5;Q6UXD5-6	Q6UXD5;Q6UXD5-2;Q6UXD5-3;Q6UXD5-4;Q6UXD5-5;Q6UXD5-6				3.41193e+07
Q6UXF1;Q6UXF1-2	Q6UXF1;Q6UXF1-2				408285
Q6UXH9;Q6UXH9-2	Q6UXH9;Q6UXH9-2				641865
Q6UXI9;Q6UXI9-3;Q6UXI9-4;Q6UXI9-5;Q6UXI9-6	Q6UXI9;Q6UXI9-2;Q6UXI9-3;Q6UXI9-4;Q6UXI9-5;Q6UXI9-6				2.2417e+06
Q6UXK2	Q6UXK2				1.45429e+06
Q6UXK5	Q6UXK5				1.05941e+06
Q6UXZ4;Q6UXZ4-2	Q6UXZ4;Q6UXZ4-2				833124
Q6UY14;Q6UY14-2;Q6UY14-3	Q6UY14;Q6UY14-3;Q6UY14-2				268804
Q6YHK3	Q6YHK3;Q6YHK3-2;Q6YHK3-4				3.05444e+06
Q6ZMI3	Q6ZMI3;Q6ZMI3-2				3.70477e+06
Q6ZMP0;Q6ZMP0-2	Q6ZMP0;Q6ZMP0-2				1.05941e+06
Q6ZN30;Q6ZN30-2	Q6ZN30;Q6ZN30-2				292804
Q6ZN44;Q6ZN44-2	Q6ZN44;Q6ZN44-2				152109
Q6ZRI8;Q6ZRI8-2;Q6ZRI8-3;Q6ZRI8-4;Q6ZRI8-5	Q6ZRI8;Q6ZRI8-2;Q6ZRI8-3;Q6ZRI8-4;Q6ZRI8-5				335677
Q6ZRP7	Q6ZRP7				2.61378e+06
Q6ZSJ9;Q6ZSJ9-2;Q6ZSJ9-3	Q6ZSJ9;Q6ZSJ9-2;Q6ZSJ9-3				3.2822e+07
Q6ZVL6	Q6ZVL6;Q6ZVL6-2				8.95639e+06
Q70JA7	Q70JA7				55173.3
Q76KP1	Q76KP1				561104
Q7KYR7;Q7KYR7-1;Q7KYR7-4;Q7KYR7-6;Q8WVV5;Q8WVV5-2;Q8WVV5-3	Q7KYR7;Q8WVV5;Q7KYR7-4;Q7KYR7-1;Q7KYR7-5;Q7KYR7-6;Q8WVV5-2;Q8WVV5-3				755767
Q7L014	Q7L014				1.84839e+07
Q7L0X0	Q7L0X0				555678
Q7L985	Q7L985				3.7213e+06
Q7LFX5	Q7LFX5				2.22906e+06
Q7LGC8	Q7LGC8				745642
Q7Z304	Q7Z304				724610
Q7Z3B1	Q7Z3B1;Q7Z3B1-2				1.01146e+08
Q7Z3D4	Q7Z3D4				1.68942e+06
Q7Z553;Q7Z553-3	Q7Z553;Q7Z553-2;Q7Z553-3				1.68605e+06
Q7Z5L0	Q7Z5L0				1.31269e+06
Q7Z5L7;Q7Z5L7-2;Q7Z5L7-3	Q7Z5L7;Q7Z5L7-2;Q7Z5L7-3				991052
Q7Z5N4;Q7Z5N4-3	Q7Z5N4;Q7Z5N4-3				466814
Q7Z7G0;Q7Z7G0-2;Q7Z7G0-3;Q7Z7G0-4	Q7Z7G0;Q7Z7G0-2;Q7Z7G0-3;Q7Z7G0-4				999182
Q7Z7H5;Q7Z7H5-3	Q7Z7H5;Q7Z7H5-2;Q7Z7H5-3				1.14088e+06
Q7Z7M0	Q7Z7M0;Q7Z7M0-2				4.24991e+07
Q7Z7M8	Q7Z7M8				425178
Q7Z7M9	Q7Z7M9				634538
Q86SF2	Q86SF2				6.1029e+06
Q86SJ2	Q86SJ2				502746
Q86SR1	Q86SR1;Q86SR1-2;Q86SR1-3				2.83646e+06
Q86TY3;Q86TY3-2	Q86TY3;Q86TY3-2				1.17878e+07
Q86UD1	Q86UD1				6.56073e+06
Q86UE6	Q86UE6				164640
Q86UN2	Q86UN2				2.94283e+06
Q86UN3	Q86UN3				8.42167e+06
Q86UP0;Q86UP0-2	Q86UP0;Q86UP0-2				4.13843e+06
Q86UW8	Q86UW8				1.15129e+06
Q86UX2	Q86UX2;Q86UX2-2;Q86UX2-3				2.24792e+07
Q86V85	Q86V85				714027
Q86VB7;Q86VB7-2;Q86VB7-3;Q86VB7-4	Q86VB7;Q86VB7-2;Q86VB7-3;Q86VB7-4				1.2234e+07
Q86VP6;Q86VP6-2	Q86VP6;Q86VP6-2				90680.4
Q86VV8;Q86VV8-2;Q86VV8-3;Q86VV8-4	Q86VV8;Q86VV8-2;Q86VV8-4;Q86VV8-3				1.68326e+06
Q86VZ4	Q86VZ4				2.43167e+06
Q86X29;Q86X29-4;Q86X29-5;Q86X29-6	Q86X29;Q86X29-2;Q86X29-3;Q86X29-4;Q86X29-5;Q86X29-6				3.98423e+06
Q86XR7-2;Q9Y3B3;Q9Y3B3-2	Q9Y3B3;Q86XR7-2;Q9Y3B3-2				1.23634e+06
Q86Y38	Q86Y38				9.33431e+06
Q86Y82	Q86Y82				936191
Q86YD3;Q86YD3-2;Q86YD3-4;Q86YD3-5	Q86YD3;Q86YD3-2;Q86YD3-4;Q86YD3-5				4.86273e+06
Q86YT9;Q86YT9-2;Q86YT9-3;Q86YT9-4	Q86YT9;Q86YT9-2;Q86YT9-3;Q86YT9-4				938066
Q86YZ3	Q86YZ3				166014
Q8IUC8	Q8IUC8;Q8IUC8-3;Q8IUC8-2				7.88271e+06
Q8IUK5;Q8IUK5-2;Q8IUK5-3	Q8IUK5;Q8IUK5-2;Q8IUK5-3;Q8IUK5-4				8.51044e+06
Q8IUK8	Q8IUK8				1.47365e+07
Q8IUX7	Q8IUX7;Q8IUX7-2				5.33148e+06
Q8IV08	Q8IV08				8.95666e+06
Q8IW52	Q8IW52				6.50733e+06
Q8IWT1	Q8IWT1;Q8IWT1-2				2.88355e+06
Q8IWU5;Q8IWU5-2	Q8IWU5;Q8IWU5-2				3.69261e+07
Q8IWU6	Q8IWU6				353831
Q8IWV2	Q8IWV2				4.51832e+06
Q8IWY4	Q8IWY4				1.75243e+06
Q8IXL6	Q8IXL6;Q8IXL6-2				4.02364e+06
Q8IYJ0;Q8IYJ0-2	Q8IYJ0;Q8IYJ0-2				4.46268e+07
Q8IYS5-2;Q8IYS5-3;Q8IYS5-6	Q8IYS5;Q8IYS5-2;Q8IYS5-3;Q8IYS5-4;Q8IYS5-5;Q8IYS5-6;Q8IYS5-7				1.37144e+07
Q8IZA0;Q8IZA0-2	Q8IZA0;Q8IZA0-2				1.48943e+06
Q8IZF2;Q8IZF2-2;Q8IZF2-3	Q8IZF2;Q8IZF2-2;Q8IZF2-3				303065
Q8IZJ1;Q8IZJ1-2	Q8IZJ1;Q8IZJ1-2				1.80177e+06
Q8IZJ3;Q8IZJ3-2	Q8IZJ3;Q8IZJ3-2				727882
Q8IZP7	Q8IZP7				7.21325e+06
Q8IZS8	Q8IZS8;Q8IZS8-2;Q8IZS8-3				2.26837e+06
Q8N111	Q8N111				968455
Q8N114;Q8N114-2	Q8N114;Q8N114-2				3.65265e+07
Q8N126;Q8N126-2	Q8N126;Q8N126-2				4.54483e+07
Q8N128;Q8N128-2	Q8N128;Q8N128-2				158686
Q8N149;Q8N149-2;Q8N149-3;Q8N149-4	Q8N149;Q8N149-2;Q8N149-3;Q8N149-4				421083
Q8N2Q7;Q8N2Q7-2	Q8N2Q7;Q8N2Q7-2				1.7144e+06
Q8N2S1;Q8N2S1-2;Q8N2S1-3	Q8N2S1;Q8N2S1-2;Q8N2S1-3				7.66106e+06
Q8N3G9;Q8N3G9-2	Q8N3G9;Q8N3G9-2;Q8N3G9-3				437166
Q8N3J2	Q8N3J2				7.22266e+06
Q8N3J6;Q8N3J6-2;Q8N3J6-3;Q8N3J6-4;Q8N3J6-5	Q8N3J6;Q8N3J6-2;Q8N3J6-3;Q8N3J6-4;Q8N3J6-5				1.24503e+07
Q8N3T1	Q8N3T1				396908
Q8N3T6	Q8N3T6				1.90042e+06
Q8N428	Q8N428;Q8N428-2				3.78276e+06
Q8N436	Q8N436				704014
Q8N474	Q8N474				188441
Q8N475;Q8N475-2	Q8N475;Q8N475-2;Q8N475-3				1.12222e+07
Q8N608;Q8N608-2;Q8N608-3;Q8N608-4	Q8N608;Q8N608-2;Q8N608-3;Q8N608-4				676327
Q8N6C5;Q8N6C5-2;Q8N6C5-4	Q8N6C5;Q8N6C5-2;Q8N6C5-4				2.01228e+06
Q8N729	Q8N729				362899
Q8N8Z6;Q8N8Z6-2	Q8N8Z6;Q8N8Z6-2				833078
Q8N967	Q8N967				1.29404e+06
Q8N9I0	Q8N9I0				796186
Q8NBI6	Q8NBI6				4.2486e+06
Q8NBJ4;Q8NBJ4-2	Q8NBJ4;Q8NBJ4-2				2.11906e+07
Q8NBJ7	Q8NBJ7;Q8NBJ7-2;Q8NBJ7-3				736150
Q8NBL3	Q8NBL3;Q8NBL3-2				844783
Q8NBP7	Q8NBP7				1.79461e+06
Q8NBS9;Q8NBS9-2	Q8NBS9;Q8NBS9-2				1.22657e+06
Q8NC42	Q8NC42				574892
Q8NCC3	Q8NCC3;Q8NCC3-2				1.80893e+06
Q8NCL4	Q8NCL4				3.53014e+06
Q8NCW5	Q8NCW5;Q8NCW5-2				4.31043e+06
Q8NEP3;Q8NEP3-2;Q8NEP3-3	Q8NEP3;Q8NEP3-2;Q8NEP3-3				2.82059e+09
Q8NES3;Q8NES3-3	Q8NES3;Q8NES3-3				3.7621e+06
Q8NEY1;Q8NEY1-2;Q8NEY1-3;Q8NEY1-4;Q8NEY1-6;Q8NEY1-7	Q8NEY1;Q8NEY1-2;Q8NEY1-3;Q8NEY1-4;Q8NEY1-6;Q8NEY1-7				3.7791e+07
Q8NFL0	Q8NFL0				275484
Q8NFP4;Q8NFP4-2	Q8NFP4;Q8NFP4-2				1.91661e+06
Q8NFT8	Q8NFT8				8.45279e+06
Q8NFY4;Q8NFY4-2;Q8NFY4-3;Q8NFY4-4;Q8NFY4-5;Q8NFY4-6;Q8NFY4-8	Q8NFY4;Q8NFY4-2;Q8NFY4-3;Q8NFY4-4;Q8NFY4-5;Q8NFY4-6;Q8NFY4-8				3.42744e+06
Q8NFZ4	Q8NFZ4				3.45338e+06
Q8NFZ8	Q8NFZ8				6.67071e+07
Q8NHG7	Q8NHG7				1.1061e+06
Q8NHJ6;Q8NHJ6-2;Q8NHJ6-3	Q8NHJ6;Q8NHJ6-2;Q8NHJ6-3				345786
Q8NHP8;Q8NHP8-2	Q8NHP8;Q8NHP8-2				1.08149e+06
Q8NHQ9	Q8NHQ9				1.91703e+08
Q8TAB3;Q8TAB3-2;Q8TAB3-3	Q8TAB3;Q8TAB3-2;Q8TAB3-3				1.17528e+06
Q8TAG5;Q8TAG5-2	Q8TAG5;Q8TAG5-2				3.44539e+07
Q8TBP5	Q8TBP5				1.56649e+07
Q8TCZ2	Q8TCZ2;Q8TCZ2-2;Q8TCZ2-3;Q8TCZ2-5;Q8TCZ2-6				3.34081e+07
Q8TDF5;Q8TDF5-1;Q8TDF5-2	Q8TDF5;Q8TDF5-1;Q8TDF5-2				368372
Q8TDQ0;Q8TDQ0-2	Q8TDQ0;Q8TDQ0-2				1.59836e+06
Q8TDQ7;Q8TDQ7-2;Q8TDQ7-3;Q8TDQ7-4;Q8TDQ7-5	Q8TDQ7;Q8TDQ7-2;Q8TDQ7-3;Q8TDQ7-4;Q8TDQ7-5				246184
Q8TE57;Q8TE57-2	Q8TE57;Q8TE57-2				1.40976e+06
Q8TER0;Q8TER0-5	Q8TER0;Q8TER0-3;Q8TER0-4;Q8TER0-5				6.28326e+06
Q8TEU8	Q8TEU8				2.76067e+07
Q8WUA8	Q8WUA8				339465
Q8WUJ3	Q8WUJ3;Q8WUJ3-2				1.86842e+06
Q8WVN6	Q8WVN6				2.63507e+06
Q8WVQ1;Q8WVQ1-3	Q8WVQ1;Q8WVQ1-2;Q8WVQ1-3				7.07859e+06
Q8WWX9	Q8WWX9				3.56307e+06
Q8WX77	Q8WX77				856180
Q8WXD2	Q8WXD2				1.68132e+08
Q8WXD2-2	Q8WXD2-2				4.80884e+06
Q8WY21;Q8WY21-2;Q8WY21-3;Q8WY21-4	Q8WY21;Q8WY21-2;Q8WY21-3;Q8WY21-4				2.49944e+06
Q8WYK1	Q8WYK1				1.99687e+06
Q8WZ75;Q8WZ75-2;Q8WZ75-3	Q8WZ75;Q8WZ75-2;Q8WZ75-3				1.43134e+06
Q8WZA1	Q8WZA1;Q8WZA1-2				1.19074e+07
Q92484;Q92484-2	Q92484;Q92484-2				951637
Q92485	Q92485				1.93064e+06
Q92520	Q92520				2.51852e+08
Q92542;Q92542-2	Q92542;Q92542-2				1.83418e+06
Q92563	Q92563				2.02944e+07
Q92597;Q92597-2;Q92597-3	Q92597;Q92597-2;Q92597-3				258709
Q92598;Q92598-2;Q92598-3;Q92598-4	Q92598;Q92598-2;Q92598-3;Q92598-4				82164.5
Q92626	Q92626;Q92626-2				187472
Q92673	Q92673				6.97227e+06
Q92692;Q92692-2	Q92692;Q92692-2				1.4347e+06
Q92729;Q92729-2;Q92729-3;Q92729-4	Q92729;Q92729-2;Q92729-3;Q92729-4				209456
Q92743	Q92743				4.84161e+06
Q92752;Q92752-2	Q92752;Q92752-2				3.56358e+06
Q92765	Q92765				9.62422e+06
Q92820	Q92820				8.61349e+06
Q92823;Q92823-2;Q92823-5	Q92823;Q92823-2;Q92823-3;Q92823-4;Q92823-5;Q92823-6				1.82929e+08
Q92832;Q92832-2	Q92832;Q92832-2				1.08624e+06
Q92854	Q92854;Q92854-2				1.72953e+06
Q92859;Q92859-2;Q92859-3	Q92859;Q92859-2;Q92859-3;Q92859-4				2.63519e+07
Q92876	Q92876;Q92876-2				1.3243e+08
Q92890;Q92890-1;Q92890-3	Q92890;Q92890-1;Q92890-3				618506
Q92896;Q92896-2;Q92896-3	Q92896;Q92896-2;Q92896-3				589452
Q92911	Q92911				1.46759e+06
Q92932-2	Q92932;Q92932-2;Q92932-3;Q92932-4				1.96271e+07
Q92935	Q92935				273611
Q92945;Q96AE4;Q96AE4-2	Q92945;Q96AE4;Q96AE4-2				2.86329e+06
Q92954;Q92954-2;Q92954-3;Q92954-4;Q92954-5;Q92954-6	Q92954;Q92954-2;Q92954-3;Q92954-4;Q92954-5;Q92954-6				2.97407e+06
Q93063;Q93063-2;Q93063-3	Q93063;Q93063-2;Q93063-3				664127
Q93091	Q93091				3.23545e+06
Q969H8	Q969H8				3.38821e+06
Q969P0;Q969P0-3	Q969P0;Q969P0-3				4.40541e+07
Q969T9	Q969T9;Q969T9-2				7.30033e+06
Q969Z4	Q969Z4				1.25649e+06
Q96AP7	Q96AP7				3.42963e+06
Q96AQ1;Q96AQ1-2;Q96LY2;Q96LY2-2	Q96LY2;Q96LY2-2;Q96AQ1;Q96AQ1-2				3.76116e+06
Q96AQ6;Q96AQ6-2	Q96AQ6;Q96AQ6-2				514909
Q96B86;Q96B86-3;Q96B86-4	Q96B86;Q96B86-3;Q96B86-4				1.24579e+07
Q96BY9	Q96BY9				305636
Q96BZ4	Q96BZ4				4.53378e+06
Q96CW9;Q96CW9-2	Q96CW9;Q96CW9-2				480148
Q96CX2	Q96CX2;Q68DU8				1.89065e+06
Q96D05;Q96D05-2	Q96D05;Q96D05-2				650400
Q96DD7	Q96DD7				338108
Q96DT5	Q96DT5				5.43926e+06
Q96DZ1;Q96DZ1-2;Q96DZ1-3	Q96DZ1;Q96DZ1-2;Q96DZ1-3				47099
Q96EE4	Q96EE4				3.42204e+06
Q96EG1	Q96EG1				436683
Q96EU7	Q96EU7				638955
Q96FE5;Q96FE5-2	Q96FE5;Q96FE5-2				4.20227e+06
Q96FE7-4	Q96FE7;Q96FE7-2;Q96FE7-4;Q96FE7-5				5.28502e+07
Q96FJ2	P63167;Q96FJ2				3.09892e+06
Q96GD0	Q6ZT62;Q96GD0;Q6ZT62-2				225413
Q96GW7	Q96GW7;Q96GW7-2				1.61519e+08
Q96HD1;Q96HD1-2	Q96HD1;Q96HD1-2				1.87175e+06
Q96HF1	Q96HF1				509165
Q96HU1;Q96HU1-2	Q96HU1;Q96HU1-2				886524
Q96HY6;Q96HY6-2	Q96HY6;Q96HY6-2				357638
Q96ID5	Q96ID5				8.71673e+06
Q96IU4	Q96IU4				772022
Q96IY4	Q96IY4				9.48091e+06
Q96JA1;Q96JA1-2	Q96JA1;Q96JA1-2				187851
Q96JF0	Q96JF0;Q96JF0-2				7.69478e+06
Q96JQ0	Q96JQ0				1.19101e+06
Q96KN2	Q96KN2				2.8076e+08
Q96KR4;Q96KR4-3	Q96KR4;Q96KR4-3				901690
Q96MK3	Q96MK3				530268
Q96MU8;Q96MU8-2;Q96MU8-3	Q96MU8;Q96MU8-2;Q96MU8-3				697423
Q96NU0;Q96NU0-2;Q9BZ76;Q9BZ76-2	Q96NU0;Q9BZ76;Q9BZ76-2;Q96NU0-2				142353
Q96NZ9	Q96NZ9;Q96NZ9-2;Q96NZ9-4				4.54263e+06
Q96P44;Q96P44-3	Q96P44;Q96P44-3				1.37143e+06
Q96PD2;Q96PD2-2	Q96PD2;Q96PD2-2				859047
Q96PD5	Q96PD5;Q96PD5-2				1.88494e+07
Q96PQ0	Q96PQ0				2.87771e+07
Q96PX8	Q96PX8				1.33241e+07
Q96RW7;Q96RW7-2	Q96RW7;Q96RW7-2				293005
Q96S96	Q96S96				5.45976e+07
Q96SM3	Q96SM3				437815
Q96TC7;Q96TC7-2	Q96TC7;Q96TC7-2				659618
Q99435;Q99435-2;Q99435-3;Q99435-4	Q99435;Q99435-2;Q99435-3;Q99435-4				9.92417e+07
Q99497	Q99497				1.40998e+07
Q99519	Q99519				1.81297e+06
Q99523	Q99523;Q99523-2				4.01036e+06
Q99538	Q99538;Q99538-2;Q99538-3				1.29013e+06
Q99574	Q99574				8.31792e+06
Q99584	Q99584				711921
Q99590;Q99590-2	Q99590;Q99590-2				3.04698e+06
Q99650;Q99650-2	Q99650;Q99650-2				809137
Q99674	Q99674;Q99674-2				1.10551e+07
Q99715	Q99715;Q99715-2;Q99715-4				937348
Q99784	Q99784;Q99784-3;Q99784-5				6.45586e+06
Q99941;Q99941-2	Q99941;Q99941-2				796463
Q99946	Q99946				1.38229e+06
Q99969	Q99969				1.52213e+07
Q99972	Q99972				1.25756e+06
Q99983	Q99983				1.08925e+07
Q99985	Q99985				577217
Q9BQ16	Q9BQ16;Q9BQ16-1;Q9BQ16-4;Q9BQ16-5;Q9BQ16-6;Q9BQ16-7;Q9BQ16-8				9.57789e+06
Q9BQS7;Q9BQS7-2;Q9BQS7-3	Q9BQS7;Q9BQS7-2;Q9BQS7-3;Q9BQS7-4				244859
Q9BQT9;Q9BQT9-2	Q9BQT9;Q9BQT9-2				3.10824e+07
Q9BRA2	Q9BRA2				3.67747e+06
Q9BRF8;Q9BRF8-2;Q9BRF8-3	Q9BRF8;Q9BRF8-2;Q9BRF8-3				410328
Q9BRK3;Q9BRK3-2;Q9BRK3-3	Q9BRK3;Q9BRK3-2;Q9BRK3-3				1.69948e+06
Q9BRK5	Q9BRK5;Q9BRK5-2;Q9BRK5-5				1.19696e+07
Q9BS26	Q9BS26				599884
Q9BSG5;Q9BSG5-2;Q9BSG5-3	Q9BSG5;Q9BSG5-2;Q9BSG5-3				707224
Q9BTY2	Q9BTY2;Q9BTY2-2				5.30649e+06
Q9BU40-4;Q9BU40-5	Q9BU40;Q9BU40-3;Q9BU40-4;Q9BU40-5				5.6465e+06
Q9BUD6	Q9BUD6				1.21461e+06
Q9BUJ0	Q9BUJ0				1.7971e+06
Q9BUN1	Q9BUN1				1.69465e+06
Q9BUP0;Q9BUP0-2	Q9BUP0;Q96C19;Q9BUP0-2				593865
Q9BW30	Q9BW30				279985
Q9BWP8;Q9BWP8-10;Q9BWP8-2;Q9BWP8-3;Q9BWP8-4;Q9BWP8-5;Q9BWP8-6;Q9BWP8-7;Q9BWP8-8;Q9BWP8-9	Q9BWP8;Q9BWP8-10;Q9BWP8-2;Q9BWP8-3;Q9BWP8-4;Q9BWP8-5;Q9BWP8-6;Q9BWP8-7;Q9BWP8-8;Q9BWP8-9				400747
Q9BWQ8	Q9BWQ8				9.58424e+06
Q9BWS9;Q9BWS9-3	Q9BWS9;Q9BWS9-3				920643
Q9BX67;Q9BX67-2	Q9BX67;Q9BX67-2				2.58222e+06
Q9BXJ0	Q9BXJ0				5.23788e+06
Q9BXJ1;Q9BXJ1-2	Q9BXJ1;Q9BXJ1-2				831118
Q9BXJ3	Q9BXJ3				3.69199e+06
Q9BXJ4;Q9BXJ4-2;Q9BXJ4-3	Q9BXJ4;Q9BXJ4-2;Q9BXJ4-3				5.93904e+06
Q9BXP8	Q9BXP8				3.03038e+06
Q9BXX0	Q9BXX0				209912
Q9BY67-5	Q9BY67;Q9BY67-2;Q9BY67-3;Q9BY67-4;Q9BY67-5				5.07761e+07
Q9BY76;Q9BY76-2;Q9BY76-3	Q9BY76;Q9BY76-2;Q9BY76-3				94231.5
Q9BYH1;Q9BYH1-5;Q9BYH1-6;Q9BYH1-7	Q9BYH1;Q9BYH1-2;Q9BYH1-3;Q9BYH1-4;Q9BYH1-5;Q9BYH1-6;Q9BYH1-7				2.75975e+07
Q9BYJ0	Q9BYJ0				474951
Q9BZC7;Q9BZC7-2;Q9BZC7-3;Q9BZC7-4	Q9BZC7;Q9BZC7-2;Q9BZC7-3;Q9BZC7-4				6.60945e+06
Q9BZR6	Q9BZR6				7.57133e+06
Q9C0A0	Q9C0A0;Q96NU0;Q9BZ76;Q9BZ76-2;Q96NU0-2;Q9C0A0-2				1.61301e+07
Q9GZM5	Q9GZM5				1.52529e+07
Q9GZP0;Q9GZP0-2	Q9GZP0;Q9GZP0-2				777501
Q9GZP4;Q9GZP4-2	Q9GZP4;Q9GZP4-2				4.98378e+06
Q9GZT8;Q9GZT8-2;Q9GZT8-3	Q9GZT8;Q9GZT8-2;Q9GZT8-3				481286
Q9GZV7	Q9GZV7				2.3809e+06
Q9GZX9	Q9GZX9				2.42116e+06
Q9H008;Q9H008-2	Q9H008;Q9H008-2				2.89581e+06
Q9H019;Q9H019-2;Q9H019-3	Q9H019;Q9H019-2;Q9H019-3				2.08706e+06
Q9H0Q3;Q9H0Q3-2	Q9H0Q3;Q9H0Q3-2				2.2731e+06
Q9H0R4;Q9H0R4-2	Q9H0R4;Q9H0R4-2				1.46199e+06
Q9H0X4	Q9H0X4;Q9H0X4-2				175117
Q9H173	Q9H173				1.45927e+06
Q9H1B5;Q9H1B5-2	Q9H1B5;Q9H1B5-2				441696
Q9H1U4	Q9H1U4				5.07157e+06
Q9H1Z8	Q9H1Z8				3.72331e+07
Q9H246	Q9H246				66277.3
Q9H251;Q9H251-2;Q9H251-3;Q9H251-4;Q9H251-8	Q9H251;Q9H251-2;Q9H251-3;Q9H251-4;Q9H251-8				341235
Q9H299	Q9H299				3.37714e+06
Q9H2A7	Q9H2A7				8.15908e+06
Q9H2A9	Q9H2A9				963222
Q9H2E6;Q9H2E6-2	Q9H2E6;Q9H2E6-2				2.45494e+06
Q9H2X0;Q9H2X0-5	Q9H2X0;Q9H2X0-2;Q9H2X0-3;Q9H2X0-4;Q9H2X0-5				2.21599e+06
Q9H2X8	Q9H2X8				306988
Q9H3G5	Q9H3G5				4.21294e+06
Q9H3S1;Q9H3S1-2	Q9H3S1;Q9H3S1-2				188190
Q9H3T3;Q9H3T3-3	Q9H3T3;Q9H3T3-3				1.02584e+06
Q9H461	Q9H461				123968
Q9H4A4	Q9H4A4				152395
Q9H4D0	Q9H4D0				4.0194e+06
Q9H4F8;Q9H4F8-2	Q9H4F8;Q9H4F8-2				3.63945e+06
Q9H5K3	Q9H5K3				23136.2
Q9H6B4	Q9H6B4				2.11183e+06
Q9H6X2;Q9H6X2-2;Q9H6X2-3;Q9H6X2-4;Q9H6X2-5;Q9H6X2-6	Q9H6X2;Q9H6X2-2;Q9H6X2-3;Q9H6X2-4;Q9H6X2-5;Q9H6X2-6				4.97883e+06
Q9H741	Q9H741				428785
Q9H7Y0	Q9H7Y0;Q9H7Y0-2				1.99006e+06
Q9H8J5	Q9H8J5				5.71036e+06
Q9H8L6	Q9H8L6				4.41277e+06
Q9H8Y8;Q9H8Y8-2;Q9H8Y8-3	Q9H8Y8;Q9H8Y8-2;Q9H8Y8-3				293923
Q9H9S5	Q9H9S5				538476
Q9HAR2;Q9HAR2-2;Q9HAR2-3;Q9HAR2-4	Q9HAR2;Q9HAR2-2;Q9HAR2-3;Q9HAR2-4				4.63124e+06
Q9HAT2	Q9HAT2;Q9HAT2-2				9.2353e+06
Q9HBL6	Q9HBL6				135252
Q9HBR0	Q9HBR0				1.52758e+06
Q9HBT6	Q9HBT6				735859
Q9HBW1	Q9HBW1				933259
Q9HC38-2	Q9HC38;Q9HC38-2;Q9HC38-3				1.71447e+06
Q9HC56;Q9HC56-2	Q9HC56;Q9HC56-2				5.32167e+06
Q9HC57	Q9HC57				1.0543e+07
Q9HCB6	Q9HCB6				3.16697e+06
Q9HCK4;Q9HCK4-2;Q9HCK4-3	Q9HCK4;Q9HCK4-2;Q9HCK4-3				3.38387e+06
Q9HCL0;Q9HCL0-2	Q9HCL0;Q9HCL0-2				660851
Q9HCU0	Q9HCU0				4.25936e+06
Q9HCU4	Q9HCU4				1.29917e+07
Q9HD45	Q9HD45				531621
Q9HDB5;Q9HDB5-2;Q9HDB5-4	Q9HDB5;Q9Y4C0;Q9HDB5-2;Q9HDB5-4;Q9Y4C0-3				4.68699e+06
Q9HDC9;Q9HDC9-2	Q9HDC9;Q9HDC9-2				2.31904e+06
Q9NP58;Q9NP58-4	Q9NP58;Q9NP58-4				7.12716e+06
Q9NP80;Q9NP80-2;Q9NP80-3	Q9NP80;Q9NP80-2;Q9NP80-3				4.59554e+06
Q9NP84	Q9NP84				1.52887e+06
Q9NPC4	Q9NPC4				172953
Q9NPD7	Q9NPD7				5.01234e+06
Q9NPG4	Q9NPG4				1.41209e+06
Q9NPH3;Q9NPH3-2;Q9NPH3-5	Q9NPH3;Q9NPH3-2;Q9NPH3-3;Q9NPH3-5				2.49434e+06
Q9NPR2;Q9NPR2-2	Q9NPR2;Q9NPR2-2				8.14357e+06
Q9NQ30	Q9NQ30				374603
Q9NQ36;Q9NQ36-2;Q9NQ36-3	Q9NQ36;Q9NQ36-2;Q9NQ36-3				622681
Q9NQ79;Q9NQ79-2;Q9NQ79-3	Q9NQ79;Q9NQ79-2;Q9NQ79-3				1.01704e+08
Q9NQS3;Q9NQS3-2;Q9NQS3-3	Q9NQS3;Q9NQS3-2;Q9NQS3-3				1.31427e+06
Q9NQX5	Q9NQX5				2.55765e+06
Q9NR34	Q9NR34				6.06474e+06
Q9NRB3	Q9NRB3				467918
Q9NRN5	Q9NRN5;Q9NRN5-2				9.08987e+06
Q9NRR1	Q9NRR1				9.41736e+06
Q9NS00;Q9NS00-2	Q9NS00;Q9NS00-2				436002
Q9NS84	Q9NS84				543343
Q9NS85	Q9NS85;Q9NS85-2				2.75994e+06
Q9NS98	Q9NS98				9.09049e+06
Q9NSC7	Q9NSC7				2.16272e+06
Q9NT22;Q9NT22-2	Q9NT22;Q9NT22-2				487665
Q9NT99	Q9NT99				1.36142e+07
Q9NTU7	Q9NTU7				3.97848e+06
Q9NU53	Q9NU53				1.36435e+07
Q9NUQ9	Q9NUQ9				1.668e+06
Q9NWD8	Q9NWD8				1.24812e+06
Q9NX62	Q9NX62				1.82223e+07
Q9NXS2;Q9NXS2-3	Q9NXS2;Q9NXS2-3				1.02936e+06
Q9NY15	Q9NY15;Q9NY15-2				899726
Q9NY33	Q9NY33;Q9NY33-2;Q9NY33-4				789658
Q9NY47;Q9NY47-2;Q9NY47-3;Q9NY47-4;Q9NY47-5	Q9NY47;Q9NY47-2;Q9NY47-3;Q9NY47-4;Q9NY47-5				1.80571e+06
Q9NY72	Q9NY72				3.53646e+06
Q9NY97;Q9NY97-2	Q9NY97;Q9NY97-2				4.74236e+06
Q9NYQ8	Q9NYQ8				1.08599e+07
Q9NYX4	Q9NYX4				1.86689e+06
Q9NZ08;Q9NZ08-2	Q9NZ08;Q9NZ08-2				2.50113e+06
Q9NZ53	Q9NZ53				7.40087e+06
Q9NZ72;Q9NZ72-2	Q9NZ72;Q9NZ72-2				459364
Q9NZ94;Q9NZ94-2;Q9NZ94-3	Q9NZ94;Q9NZ94-2;Q9NZ94-3				526877
Q9NZC2;Q9NZC2-2;Q9NZC2-3	Q9NZC2;Q9NZC2-2;Q9NZC2-3				4.3206e+06
Q9NZD2	Q9NZD2				95407.7
Q9NZK5	Q9NZK5				1.48873e+06
Q9NZN1	Q9NZN1				1.45524e+06
Q9NZN4;Q9NZN4-2	Q9NZN4;Q9NZN4-2				157431
Q9NZP8	Q9NZP8				6.46779e+06
Q9NZR2	Q9NZR2				1.29224e+06
Q9NZU1	Q9NZU1				2.34061e+06
Q9P0K1;Q9P0K1-2;Q9P0K1-3;Q9P0K1-4;Q9P0K1-5	Q9P0K1;Q9P0K1-2;Q9P0K1-3;Q9P0K1-4;Q9P0K1-5				2.08692e+07
Q9P0K9	Q9P0K9				4.17681e+06
Q9P0L0;Q9P0L0-2	Q9P0L0;Q9P0L0-2				2.15472e+06
Q9P0S2	Q9P0S2				292624
Q9P121-4	Q9P121;Q9P121-3;Q9P121-2;Q9P121-4				1.11775e+08
Q9P232	Q9P232				1.84825e+06
Q9P2E7;Q9P2E7-2	Q9P2E7;Q9P2E7-2				3.41495e+06
Q9P2S2	P58401;Q9P2S2				2.48933e+07
Q9UBG0	Q9UBG0				1.50488e+06
Q9UBP4	Q9UBP4				3.83933e+08
Q9UBQ6	Q9UBQ6				8.30743e+06
Q9UBR2	Q9UBR2				1.91831e+07
Q9UBX1	Q9UBX1				8.35173e+06
Q9UBX5	Q9UBX5				1.68412e+07
Q9UBX8	Q9UBX8				127576
Q9UD71;Q9UD71-2	Q9UD71;Q9UD71-2				214823
Q9UEW3;Q9UEW3-2	Q9UEW3;Q9UEW3-2				922446
Q9UF11;Q9UF11-2;Q9UF11-3;Q9UF11-4	Q9UF11;Q9UF11-2;Q9UF11-3;Q9UF11-4				3.03548e+06
Q9UF33	Q9UF33				669363
Q9UFP1	Q9UFP1				541755
Q9UGM5;Q9UGM5-2	Q9UGM5;Q9UGM5-2				3.37525e+06
Q9UGV2;Q9UGV2-2;Q9UGV2-3	Q9UGV2;Q9UGV2-2;Q9UGV2-3				318927
Q9UHC6	Q9UHC6				7.23998e+06
Q9UHD9	Q9UHD9				490530
Q9UHF0;Q9UHF0-2;Q9UHF0-3	Q9UHF0;Q9UHF0-2;Q9UHF0-3				3.69267e+06
Q9UHG2	Q9NPY3;Q9UHG2				1.60928e+08
Q9UHG3;Q9UHG3-2	Q9UHG3;Q9UHG3-2				1.89722e+06
Q9UHI8	Q9UHI8				1.84258e+06
Q9UHL4	Q9UHL4				1.12349e+07
Q9UHY7	Q9UHY7				206642
Q9UI15	Q9UI15				269364
Q9UI40;Q9UI40-2	Q9UI40;Q9UI40-2				2.75318e+06
Q9UI42;Q9UI42-2	Q9UI42;Q9UI42-2				119949
Q9UIB8;Q9UIB8-2;Q9UIB8-3;Q9UIB8-4;Q9UIB8-5;Q9UIB8-6	Q9UIB8;Q9UIB8-2;Q9UIB8-3;Q9UIB8-4;Q9UIB8-5;Q9UIB8-6				1.12102e+06
Q9UIQ6;Q9UIQ6-2;Q9UIQ6-3	Q9UIQ6;Q9UIQ6-2;Q9UIQ6-3				378683
Q9UIW2	P51805;Q9UIW2				666073
Q9UJ14	Q9UJ14				1.26769e+06
Q9UJ90	Q9UJ90				2.07275e+06
Q9UJ99	Q9UJ99				7.93546e+06
Q9UJA9	Q9UJA9				2.13827e+06
Q9UJH8	Q9UJH8				1.00503e+06
Q9UJJ9	Q9UJJ9				8.08005e+06
Q9UK55	Q9UK55				756519
Q9UK76;Q9UK76-3	Q9UK76;Q9UK76-2;Q9UK76-3				444771
Q9UKB5	Q9UKB5				1.56969e+06
Q9UKJ1-3	Q9UKJ1;Q9UKJ1-2;Q9UKJ1-3;Q9UKJ1-4				1.25981e+06
Q9UKK9	Q9UKK9				455709
Q9UKM7	Q9UKM7				1.6326e+06
Q9UKQ2;Q9UKQ2-2	Q9UKQ2;Q9UKQ2-2				1.18102e+06
Q9UKU6	Q9UKU6				923693
Q9UKU9	Q9UKU9;Q9UKU9-2				3.72022e+06
Q9UKY0	Q9UKY0				764214
Q9UKZ4;Q9UKZ4-2	Q9UKZ4;Q9UKZ4-2				494626
Q9ULB1-2;Q9ULB1-3	P58400;Q9ULB1-2;Q9ULB1-3				6.95199e+07
Q9ULB4	Q9ULB4				1.47096e+06
Q9ULB5	Q9ULB5				1.24424e+06
Q9ULF5	Q9ULF5				8.97268e+06
Q9ULH4	Q9ULH4				679762
Q9ULI3;Q9ULI3-2	Q9ULI3;Q9ULI3-2				9.82661e+06
Q9ULI4	Q9ULI4				2.67955e+06
Q9ULL4;Q9ULL4-2	Q9ULL4;Q9ULL4-2				2.00783e+06
Q9ULP0-3;Q9ULP0-6	Q9ULP0;Q9ULP0-2;Q9ULP0-3;Q9ULP0-4;Q9ULP0-5;Q9ULP0-6;Q9ULP0-7;Q9ULP0-8				2.152e+06
Q9ULX7	Q9ULX7				4.6762e+06
Q9ULZ3;Q9ULZ3-2;Q9ULZ3-3	Q9ULZ3;Q9ULZ3-2;Q9ULZ3-3				552850
Q9ULZ9	Q9ULZ9;Q9ULZ9-2				1.51785e+06
Q9UM21;Q9UM21-2	Q9UM21;Q9UM21-2				490208
Q9UM22	Q9UM22;Q9UM22-3				6.03354e+06
Q9UM47	Q9UM47				1.9315e+06
Q9UMF0	Q9UMF0				4.42699e+06
Q9UMX0;Q9UMX0-2;Q9UMX0-4	Q9UMX0;Q9UMX0-2;Q9UMX0-4				483817
Q9UMX5	Q9UMX5				6.86071e+06
Q9UN36;Q9UN36-3	Q9UN36;Q9UN36-2;Q9UN36-3;Q9UN36-5;Q9UN36-6				5.50428e+06
Q9UN67;Q9Y5E1	Q9UN67;Q9Y5E1				393961
Q9UN70;Q9UN70-2	Q9UN70;Q9UN70-2				3.53217e+06
Q9UNN8	Q9UNN8				7.58707e+06
Q9UNW1	Q9UNW1;Q9UNW1-4				3.923e+06
Q9UP79	Q9UP79				1.07782e+06
Q9UPU3	Q9UPU3				6.62472e+06
Q9UQ52	Q9UQ52				2.53292e+06
Q9UQM7	Q9UQM7;Q9UQM7-2				4.20737e+06
Q9Y227;Q9Y227-2	Q9Y227;Q9Y227-2				181897
Q9Y240	Q9Y240				2.93348e+06
Q9Y274	Q9Y274;Q9Y274-2				2.73872e+06
Q9Y279;Q9Y279-2	Q9Y279;Q9Y279-2				4.79233e+06
Q9Y287	Q9Y287;Q9Y287-2				8.83939e+06
Q9Y2E5	Q9Y2E5;Q9Y2E5-2				1.53795e+06
Q9Y2G1;Q9Y2G1-2	Q9Y2G1;Q9Y2G1-2				1.26369e+06
Q9Y2I2;Q9Y2I2-1;Q9Y2I2-2;Q9Y2I2-4;Q9Y2I2-5;Q9Y2I2-6	Q9Y2I2;Q9Y2I2-1;Q9Y2I2-2;Q9Y2I2-4;Q9Y2I2-5;Q9Y2I2-6				3.65249e+06
Q9Y2T3;Q9Y2T3-3	Q9Y2T3;Q9Y2T3-2;Q9Y2T3-3				1.47155e+07
Q9Y2Z0;Q9Y2Z0-2	Q9Y2Z0;Q9Y2Z0-2				365680
Q9Y334;Q9Y334-2	Q9Y334;Q9Y334-2				1.3887e+06
Q9Y3C5	Q9Y3C5				366197
Q9Y3D6	Q9Y3D6				167094
Q9Y4C0-4	Q9HDB5-3;Q9HDB5-4;Q9Y4C0-4				4.71997e+07
Q9Y4D7	Q9Y4D7				6.05771e+07
Q9Y4L1	Q9Y4L1				3.27215e+06
Q9Y5F6-2	Q9Y5F6;Q9Y5F6-2				9.7544e+06
Q9Y5F7;Q9Y5F7-2	Q9Y5F7;Q9Y5F7-2				369145
Q9Y5G4;Q9Y5G4-2	Q9Y5G4;Q9Y5H3;Q9Y5G4-2;Q9Y5H3-2				818443
Q9Y5I4;Q9Y5I4-2	Q9Y5I4;Q9Y5I4-2				6.31141e+06
Q9Y5L2	Q9Y5L2				2.9973e+06
Q9Y5W5	Q9Y5W5				233358
Q9Y5Y7	Q9Y5Y7				3.11522e+07
Q9Y617	Q9Y617;Q9Y617-2				2.81925e+06
Q9Y625	Q9Y625				454112
Q9Y639;Q9Y639-1;Q9Y639-3;Q9Y639-4;Q9Y639-5	Q9Y639;Q9Y639-1;Q9Y639-3;Q9Y639-4;Q9Y639-5				2.22884e+06
Q9Y646	Q9Y646				1.08512e+07
Q9Y653;Q9Y653-2;Q9Y653-3	Q9Y653;Q9Y653-2;Q9Y653-3;Q9Y653-4;Q9Y653-5				1.27132e+06
Q9Y696	Q9Y696				2.81101e+06
Q9Y6N6	Q9Y6N6				975059
Q9Y6N7;Q9Y6N7-2;Q9Y6N7-4	Q9Y6N7;Q9Y6N7-2;Q9Y6N7-3;Q9Y6N7-4;Q9Y6N7-5;Q9Y6N7-6				9.86528e+06
Q9Y6N8	Q9Y6N8				1.59134e+06
Q9Y6R7	Q9Y6R7				1.36147e+07
Q9Y6X5	Q9Y6X5				1.96357e+06
Q9Y6Y8;Q9Y6Y8-2	Q9Y6Y8;Q9Y6Y8-2				1.8018e+07
Q9Y6Y9	Q9Y6Y9				200087
