Protein.Group	Protein.Ids	Protein.Names	Genes	First.Protein.Description	/fs/pool/pool-mann-projects/Johannes/Jakob_AD_CSF_data/All_without_random_20/All_Raw/20180618_QX0_JaBa_SA_LC12_5_CSF1_1_8-1xD1xS1fM1_sampleA12.mzML
A0A075B6H7;A0A0C4DH55;P01624	P01624;A0A075B6H7;A0A0C4DH55				2.57206e+07
A0A075B6H9	A0A075B6H9				2.8379e+06
A0A075B6I0	A0A075B6I0				2.60995e+07
A0A075B6I1	A0A075B6I1				3.36028e+06
A0A075B6I9	A0A075B6I9				2.22116e+07
A0A075B6J1;A0A0A0MRZ9	A0A075B6J1;A0A0A0MRZ9				204096
A0A075B6K4	A0A075B6K0;A0A075B6K4				294404
A0A075B6K5	A0A075B6K5				805594
A0A075B6P5;P01615	P01615;A0A075B6P5				4.03099e+07
A0A075B6R2	A0A075B6R2				2.78937e+06
A0A075B6R9;A0A0C4DH68	A0A075B6R9;A0A0C4DH68				9.30892e+06
A0A075B6S2	A0A075B6S2;A2NJV5				4.82344e+07
A0A075B6S5	A0A075B6S5;A0A0C4DH67;A0A0C4DH69				1.02538e+07
A0A087WSX0	A0A087WSX0				647461
A0A087WSY6	A0A087WSY6				3.13993e+07
A0A0A0MRZ8;P04433	P04433;A0A0A0MRZ8				5.76486e+07
A0A0A0MS15	A0A0A0MS15				5.60697e+06
A0A0A0MT89	A0A0A0MT89				1.9999e+06
A0A0B4J1U7	A0A0B4J1U7				1.08535e+07
A0A0B4J1V0	A0A0B4J1V0				739258
A0A0B4J1V2	A0A0B4J1V2				1.12803e+06
A0A0B4J1X5	P01764;P01768;P01772;P01767;A0A0B4J1X5;A0A0C4DH42;P0DP02;P0DP03				2.36672e+07
A0A0B4J1Y8	A0A0B4J1Y8				4.58933e+06
A0A0B4J1Y9	A0A0B4J1Y9				3.88937e+07
A0A0B4J2D9;P0DP09	A0A0B4J2D9;P0DP09				9.72012e+06
A0A0C4DH24	A0A0C4DH24				942737
A0A0C4DH25	A0A0C4DH25				1.95518e+07
A0A0C4DH33	A0A0C4DH33				555450
A0A0C4DH34	A0A0C4DH34				2.3e+06
A0A0C4DH35	A0A0C4DH35				370980
A0A0C4DH36	A0A0C4DH36				1.55747e+06
A0A0C4DH38	A0A0C4DH38				5.53521e+06
A0A0C4DH43	A0A0C4DH43				4.88951e+06
A0A0C4DH67	A0A0C4DH67				356063
A0A0C4DH72	P01599;A0A0C4DH72				2.39343e+06
A0A0G2JS06	A0A0G2JS06				884928
A0A0J9YX35	A0A0J9YX35				2.06958e+06
A0A0J9YXX1	A0A0J9YXX1				2.78584e+06
A0M8Q6	P0CG04;P0DOY2;P0DOY3;A0M8Q6;P0CF74;B9A064;P0DOX8				1.13148e+08
A1L4H1	A1L4H1				1.60961e+06
A2RU67	A2RU67				214499
A5D6W6	A5D6W6				5.52491e+06
A6BM72;A6BM72-2;A6BM72-4	A6BM72;A6BM72-2;A6BM72-4				692858
A6NCE7;Q9GZQ8	Q9GZQ8;A6NCE7				234472
A6NGN9	A6NGN9				3.19519e+06
A6NL88	A6NL88				1.32603e+06
A6NLU5	A6NLU5				2.14762e+07
A6NML5	A6NML5				1.0733e+06
A8MTW9	A8MTW9				1.734e+06
B4DS77;B4DS77-2;B4DS77-3	B4DS77;B4DS77-2;B4DS77-3				34958.4
B9A064;P0DOX8	B9A064;P0DOX8				4.27952e+07
C9JVW0	C9JVW0				4.38023e+06
I3L3R5	I3L3R5				413563
O00115;O00115-2	O00115;O00115-2				1.72063e+06
O00142;O00142-2;O00142-3;O00142-4;O00142-5;O00142-6	O00142;O00142-2;O00142-3;O00142-4;O00142-5;O00142-6				1.22375e+07
O00187;O00187-2	O00187;O00187-2				692118
O00244	O00244				4.80878e+07
O00264	O00264;O00264-2				1.47194e+06
O00299	O00299				332988
O00339;O00339-2	O00339;O00339-2;O00339-3				755229
O00391	O00391;O00391-2				7.36566e+06
O00451	O00451;O00451-2;O00451-3				6.84444e+06
O00461	O00461				4.22242e+06
O00462	O00462				2.971e+06
O00468-6	O00468-6;O00468-7				8.3059e+06
O00499;O00499-10;O00499-11;O00499-2;O00499-3;O00499-4;O00499-5;O00499-6;O00499-7;O00499-8;O00499-9	O00499;O00499-10;O00499-11;O00499-2;O00499-3;O00499-4;O00499-5;O00499-6;O00499-7;O00499-8;O00499-9				256488
O00533	O00533				4.8613e+06
O00533-2	O00533;O00533-2				5.66776e+07
O00567	O00567				136451
O00584	O00584				4.24426e+06
O00754;O00754-2	O00754;O00754-2				864384
O14498	O14498				1.12684e+07
O14514	O14514				1.15258e+06
O14522	O14522;O14522-1				1.05319e+06
O14525;O14525-2;O14525-3	O14525;O14525-2;O14525-3				361940
O14594	O14594				1.68507e+07
O14668;O14668-2	O14668;O14668-2				453784
O14672	O14672				1.89984e+06
O14745	O14745				61355.9
O14773	O14773				3.68131e+06
O14786;O14786-2;O14786-3	O14786;O14786-2;O14786-3				4.18796e+06
O14791-2	O14791;O14791-2;O14791-3				3.69621e+06
O14793	O14793				821302
O14810	O14810;Q6PUV4				785147
O14917;O14917-2	O14917;O14917-2				2.00973e+06
O15031	O15031				3.18454e+06
O15041;O15041-2	O15041;O15041-2				210320
O15197;O15197-3	O15197;O15197-3				2.68573e+06
O15204;O15204-2	O15204;O15204-2				573285
O15230	O15230				894919
O15232;O15232-2	O15232;O15232-2				813861
O15240	O15240				6.95168e+07
O15335	O15335				1.08768e+06
O15354	O15354				8.12467e+06
O15389;Q08ET2	O15389;Q08ET2				1.67954e+06
O15394	O15394;O15394-2				1.30423e+07
O15400;O15400-2	O15400;O15400-2				537956
O15466;O15466-2	O15466;O15466-2				553708
O15540;O15540-2	O15540;O15540-2				1.81632e+06
O43155	O43155				276056
O43157	O43157;O43157-2;O43157-3				4.7064e+06
O43173	O43173				1.22284e+06
O43240	O43240				365038
O43278;O43278-2	O43278;O43278-2				788745
O43286	O43286				1.22506e+06
O43291	O43291				2.45588e+06
O43300	O43300				961239
O43323	O43323				125173
O43405;O43405-2	O43405;O43405-2				4.29101e+06
O43493;O43493-3;O43493-5;O43493-7	O43493;O43493-3;O43493-5;O43493-7				1.26365e+07
O43504	O43504				397028
O43505	O43505				2.23707e+08
O43508	O43508				425043
O43508-2;O75888;O75888-2;O75888-4;O75888-5	O75888;O43508-2;O75888-2;O75888-4;O75888-5				180493
O43529	O43529				3.72966e+06
O43556;O43556-3;O43556-4	O43556;O43556-3;O43556-4				5.22042e+06
O43567	O43567				2.47762e+06
O43581-2;O43581-3;O43581-5	O43581-2;O43581-3;O43581-5				278278
O43736;O43736-2	O43736;O43736-2				258880
O43827	O43827				2.09014e+06
O43852;O43852-2;O43852-3;O43852-4;O43852-5;O43852-9	O43852;O43852-15;O43852-2;O43852-3;O43852-4;O43852-5;O43852-9				710790
O43854;O43854-2	O43854;O43854-2				66215.4
O43866	O43866				1.56024e+06
O43897;O43897-2	O43897;O43897-2				237556
O43909	O43909				176490
O43916	O43916				468136
O60241;O60241-2;O60241-3;O60241-4	O60241;O60241-2;O60241-3;O60241-4				6.27195e+06
O60242	O60242				974146
O60243	O60243				565893
O60245;O60245-2	O60245;O60245-2				1.76631e+06
O60279	O60279				7.30241e+06
O60291;O60291-2;O60291-3;O60291-4	O60291;O60291-2;O60291-3;O60291-4				1.00413e+06
O60330;O60330-2	O60330;Q9Y5G5;Q9Y5G8;Q9Y5G9;O60330-2;Q9Y5G5-2;Q9Y5G8-2;Q9Y5G9-2				433846
O60449;O60449-2;O60449-3	O60449;O60449-2;O60449-3				403287
O60462;O60462-2;O60462-3;O60462-4;O60462-5	O60462;O60462-2;O60462-3;O60462-4;O60462-5;O60462-6				1.64427e+06
O60476	O60476				955438
O60477	O60477;Q76B58;O60477-3;Q76B58-2				311076
O60512	O60512				519082
O60565	O60565				235145
O60568	O60568				2.70107e+06
O60613	O60613				260848
O60883	O60883				5.18382e+07
O60888-3	O60888-3				1.36187e+06
O60939	O60939				1.22195e+06
O75019;O75019-2	O75019;O75019-2				227458
O75063	O75063				1.12617e+06
O75071	O75071				5.23693e+06
O75077;O75077-2;O75077-3	O75077;O75077-2;O75077-3				4.94824e+06
O75078	O75078;O75078-2				2.54357e+06
O75083	O75083;O75083-3				659921
O75084;Q14332	O75084;Q14332				300279
O75096	O75096				195491
O75144;O75144-2	O75144;O75144-2;O75144-3				4.57736e+06
O75173;O75173-2	O75173;O75173-2				3.46205e+06
O75223	O75223;O75223-3				1.18281e+06
O75326	O75326;O75326-2				1.31073e+07
O75339	O75339				151339
O75347	O75347;O75347-2				733105
O75354;O75354-2;O75354-3	O75354;O75354-2;O75354-3				395949
O75368	O75368				2.07191e+06
O75487	O75487;O75487-2				279052
O75493	O75493				4.19072e+06
O75503	O75503				1.19506e+06
O75509	O75509				8.27676e+06
O75629	O75629				8.4268e+06
O75636;O75636-2	O75636;O75636-2				326580
O75711	O75711				4.16661e+06
O75752	O75752				3.01255e+06
O75781;O75781-2	O75781;O75781-2				1.75812e+06
O75787;O75787-2	O75787;O75787-2				3.72903e+06
O75828	O75828				819663
O75874	O75874				1.1414e+06
O75882;O75882-2;O75882-3	O75882;O75882-2;O75882-3				4.93905e+06
O75973	O75973				255916
O75976	O75976				692972
O76061	O76061				784661
O76070	O76070				539830
O94760	O94760;O94760-2				3.27671e+06
O94766	O94766				323933
O94769	O94769;O94769-2				2.72669e+06
O94772;O94772-2	O94772;O94772-2				1.5901e+07
O94779;O94779-2	O94779;O94779-2;O94779-4				419464
O94856-11	O94856;O94856-10;O94856-11;O94856-12;O94856-13;O94856-3;O94856-4;O94856-5;O94856-6;O94856-7;O94856-8;O94856-9				1.30637e+07
O94898	O94898				379711
O94910	O94910;O94910-2				4.14485e+06
O94919	O94919				1.3592e+07
O94933	O94933				787087
O94985	O94985				493243
O94985-2	O94985;O94985-2				7.52418e+07
O94991	O94991;O94991-2				1.50247e+06
O95084;O95084-2	O95084;O95084-2				463681
O95157	O95157				377137
O95158	O95158				9.0941e+06
O95159	O95159				332318
O95164	O95164				261007
O95185;O95185-2	O95185;O95185-2				1.2878e+06
O95196;O95196-2	O95196;O95196-2				2.79415e+06
O95206;O95206-2	O95206;O95206-2				5.29984e+06
O95297;O95297-2;O95297-3	O95297;O95297-2;O95297-3;O95297-4				403276
O95336	O95336				157912
O95390	O95390				883233
O95428;O95428-5;O95428-6	O95428;O95428-3;O95428-4;O95428-5;O95428-6				1.43665e+06
O95445	O95445;O95445-2				5.48387e+06
O95450;O95450-2	O95450;O95450-2				986797
O95467	O95467				1.3427e+06
O95479;O95479-2	O95479;O95479-2				238190
O95490;O95490-2;O95490-3;O95490-4;O95490-5;O95490-6;O95490-7	O95490;O95490-2;O95490-3;O95490-4;O95490-5;O95490-6;O95490-7				328773
O95497	O95497				196394
O95502	O95502				5.40248e+07
O95747	O95747				37931.7
O95782;O95782-2	O95782;O95782-2				140277
O95841	O95841				661074
O95865	O95865				438315
O95897	O95897				497425
O95967	O95967				4.6761e+06
O95970;O95970-3	O95970;O95970-3				113497
O95980	O95980				2.10809e+06
P00338;P00338-3	P00338;P00338-3;P00338-4				3.34114e+06
P00352	P00352				322872
P00390;P00390-2;P00390-3	P00390;P00390-2;P00390-3;P00390-4;P00390-5				1.31636e+06
P00441	P00441				1.45806e+08
P00450	P00450				6.18967e+07
P00488	P00488				506591
P00492	P00492				1.27553e+06
P00505	P00505;P00505-2				1.79403e+06
P00533;P00533-3;P00533-4	P00533;P00533-2;P00533-3;P00533-4				767286
P00558	P00558;P00558-2				1.08685e+06
P00568	P00568				144071
P00734	P00734				2.05702e+07
P00736	P00736				3.91236e+07
P00738	P00738;P00738-2				1.98685e+08
P00739;P00739-2	P00739;P00739-2				1.30808e+06
P00740;P00740-2	P00740;P00740-2				804433
P00742	P00742				5.52477e+06
P00746	P00746				5.30265e+06
P00747	P00747				3.89627e+07
P00748	P00748				2.93132e+07
P00751	P00751;P00751-2				5.0573e+07
P00915	P00915				1.51089e+06
P00918	P00918				833191
P01008	P01008				1.94469e+08
P01009	P01009;P01009-2;P01009-3				5.7412e+08
P01011	P01011				3.23377e+08
P01019	P01019				1.64628e+08
P01023	P01023				1.60408e+08
P01024	P01024				2.28177e+08
P01031	P01031				6.55578e+06
P01033	P01033				2.18258e+07
P01034	P01034				5.30042e+08
P01040	P01040				592077
P01042	P01042;P01042-2;P01042-3				7.09974e+07
P01042-2;P01042-3	P01042-2;P01042-3				2.68704e+07
P01127;P01127-2	P01127;P01127-2				2.38457e+07
P01130;P01130-2;P01130-3;P01130-4;P01130-5;P01130-6	P01130;P01130-2;P01130-3;P01130-4;P01130-5;P01130-6				201833
P01210	P01210				3.60591e+07
P01213	P01213				1.89937e+06
P01236	P01236				86006.1
P01258;P01258-2;P06881	P01258;P06881;P10092;P01258-2				224156
P01282;P01282-2	P01282;P01282-2				720349
P01303	P01303				2.48031e+06
P01344;P01344-2;P01344-3	P01344;P01344-2;P01344-3				1.55356e+07
P01591	P01591				5.91099e+06
P01593;P01594	P01593;P01594				8.5435e+06
P01602	P01602				1.84149e+06
P01619	P01619				7.70575e+07
P01700	P01700				1.12216e+07
P01701	P01701				2.96425e+07
P01705	P01705				254766
P01709	P01709				1.94443e+06
P01714	P01714				1.63232e+06
P01717	P01717;P01718				8.75548e+06
P01721	P01721				1.30206e+06
P01768;P0DP03	P01768;P01772;P0DP02;P0DP03				5.68705e+06
P01780	P01780				1.71736e+07
P01817	P01817				1.19435e+06
P01833	P01833				897116
P01834	P01834				9.9216e+07
P01859;P01859-1	P01859;P01859-1				1.44561e+08
P01860;P01860-1	P01860;P01860-1				4.86144e+06
P01861;P01861-1	P01861;P01861-1				1.32244e+07
P01871;P01871-1	P01871;P0DOX6;P01871-1				4.30208e+07
P01876;P01876-1	P01876;P01876-1				9.83401e+07
P01889	P01889;P04439;P04439-2				2.75264e+06
P01903	P01903;P01906				614394
P01911	P01911				649380
P02042	P02042				558466
P02144	P02144				186839
P02452	P02452				1.16125e+07
P02461	P02461;P02461-2				1.35194e+06
P02462	P02462				1.34239e+06
P02533	P02533				1.08682e+06
P02538	O95678;P02538;P48668				2.29082e+06
P02647	P02647				5.52843e+08
P02649	P02649				1.97488e+09
P02652	P02652				1.78174e+08
P02654	P02654				1.57466e+07
P02655	P02655				1.17692e+06
P02656	P02656				3.34644e+06
P02671	P02671;P02671-2				6.16089e+07
P02675	P02675				3.86058e+07
P02679;P02679-2	P02679;P02679-2				5.42048e+07
P02686;P02686-3;P02686-4;P02686-5;P02686-6	P02686;P02686-3;P02686-4;P02686-5;P02686-6				27796.3
P02741	P02741;P02741-2				669037
P02743	P02743				2.44798e+06
P02745	P02745				2.40464e+07
P02746	P02746				4.3323e+07
P02747	P02747				4.37931e+07
P02748	P02748				1.67057e+07
P02749	P02749				2.42552e+07
P02750	P02750				6.08582e+07
P02751;P02751-1	P02751;P02751-1;P02751-10;P02751-11;P02751-12;P02751-13;P02751-14;P02751-16;P02751-17;P02751-2;P02751-3;P02751-4;P02751-5;P02751-6;P02751-7;P02751-8;P02751-9				7.98862e+07
P02753	P02753				4.96252e+07
P02760	P02760				1.96638e+07
P02763	P02763				8.16896e+08
P02765	P02765				9.55886e+07
P02766	P02766				1.55916e+09
P02768	P02768				2.54577e+09
P02774;P02774-3	P02774;P02774-2;P02774-3				3.33426e+08
P02786	P02786				414856
P02787	P02787				1.11484e+09
P02788;P02788-2	P02788;P02788-2				3.36891e+06
P02790	P02790				5.87288e+08
P02792	P02792				1.76328e+06
P02794	P02794				2.83644e+06
P03950	P03950				921881
P03951	P03951;P03951-2				1.17932e+06
P03952	P03952				4.23511e+06
P04003	P04003				443694
P04004	P04004				3.6292e+07
P04040	P04040				506477
P04062;P04062-2;P04062-4;P04062-5	P04062;P04062-2;P04062-4;P04062-5				1.19271e+06
P04066	P04066				3.00741e+06
P04070;P04070-2	P04070;P04070-2				2.23235e+06
P04075	P04075;P09972;P04075-2				1.88158e+07
P04080	P04080				1.92497e+06
P04083	P04083				32326.5
P04085;P04085-2	P04085;P04085-2				2.77281e+06
P04114	P04114				2.1386e+06
P04156	P04156				1.70899e+08
P04179	P04179;P04179-2;P04179-3;P04179-4				6.68243e+06
P04180	P04180				4.73873e+06
P04196	P04196				2.4651e+07
P04216	P04216				1.18591e+08
P04217	P04217;P04217-2				1.49548e+08
P04217-2	P04217-2				588037
P04233-2;P04233-5	P04233;P04233-2;P04233-4;P04233-5				1.2553e+06
P04259	P04259;P48668				599667
P04264	P04259;P04264				1.07488e+08
P04271	P04271				558273
P04275	P04275				1.18997e+06
P04278	P04278;P04278-2;P04278-3;P04278-4;P04278-5				2.69101e+06
P04350;P07437;P68371	P04350;P07437;P68371				79162.7
P04406	P04406;P04406-2				3.53672e+06
P04430	P04430				1.89098e+06
P04439;P04439-2	P04439;P04439-2				2.82365e+06
P04629;P04629-2;P04629-3;P04629-4	P04629;P04629-2;P04629-3;P04629-4				123167
P04792	P04792				480389
P04908;P0C0S5;P0C0S8;P16104;P20671;Q16777;Q6FI13;Q71UI9;Q71UI9-2;Q71UI9-5;Q7L7L0;Q8IUE6;Q93077;Q96KK5;Q96QV6;Q99878;Q9BTM1;Q9BTM1-2	P04908;P0C0S5;P0C0S8;P16104;P20671;Q16777;Q6FI13;Q71UI9;Q7L7L0;Q8IUE6;Q93077;Q96KK5;Q96QV6;Q99878;Q9BTM1;Q71UI9-2;Q71UI9-5;Q9BTM1-2				87335.6
P05023;P05023-2;P05023-4	P05023;P05023-2;P05023-4				303670
P05026;P05026-2	P05026;P05026-2				486825
P05060	P05060				1.79844e+08
P05067;P05067-11;P05067-8	P05067;P05067-4;P05067-10;P05067-11;P05067-3;P05067-5;P05067-6;P05067-7;P05067-8;P05067-9				4.74158e+07
P05089;P05089-2;P05089-3	P05089;P05089-2;P05089-3				173022
P05090	P05090				7.07499e+08
P05107	P05107				419762
P05109	P05109				355406
P05121	P05121				112320
P05154	P05154				4.67714e+06
P05155;P05155-3	P05155;P05155-2;P05155-3				1.80996e+08
P05156	P05156				1.07361e+07
P05160	P05160				651615
P05362	P05362				604134
P05408;P05408-2	P05408;P05408-2				7.90727e+07
P05413	P05413				2.62717e+06
P05451	P05451;P48304				139096
P05452	P05452				5.61266e+07
P05543	P05543				1.62736e+07
P05546	P05546				3.11391e+07
P05556;P05556-2;P05556-3;P05556-4;P05556-5	P05556;P05556-2;P05556-5;P05556-3;P05556-4				497357
P05937	P05937;P05937-2				1.95077e+06
P05997	P05997				456049
P06276	P06276				2.31814e+06
P06280	P06280				151995
P06307	P06307				1.07718e+07
P06312	P06312				8.49747e+07
P06331	P01824;P01825;P06331;A0A0C4DH41;P0DP06;P0DP08				1.48021e+07
P06396	P06396;P06396-2;P06396-3;P06396-4				1.68826e+08
P06396-2	P06396-2				1.45183e+06
P06681	P06681;P06681-2;P06681-3				5.34397e+06
P06702	P06702				545388
P06703	P06703				792499
P06727	P06727				3.37577e+07
P06733	P06733;P06733-2				2.51023e+06
P06744;P06744-2	P06744;P06744-2				2.02934e+06
P06865	P06865				6.51177e+06
P07093-2;P07093-3	P07093;P07093-2;P07093-3				2.50627e+06
P07108;P07108-2;P07108-3;P07108-4;P07108-5	P07108;P07108-2;P07108-3;P07108-4;P07108-5;P07108-6				5.99318e+06
P07195	P00338;P07195;P07864;Q6ZMR3;P00338-3;P00338-2;P00338-4;P00338-5				1.47883e+07
P07196	P07196				165988
P07225	P07225				1.97387e+07
P07237	P07237				883624
P07311	P07311				869435
P07333	P07333;P07333-2				2.64623e+07
P07339	P07339				3.38687e+07
P07355;P07355-2	A6NMY6;P07355;P07355-2				348709
P07357	P07357				1.20308e+07
P07358	P07358				1.20623e+07
P07360	P07360				4.29613e+06
P07451	P07451				113513
P07492	P07492;P07492-2;P07492-3				328008
P07585	P07585;P07585-4				1.23177e+07
P07602;P07602-2;P07602-3	P07602;P07602-2;P07602-3				4.91606e+07
P07686	P07686				5.95995e+06
P07711	P07711;P07711-3				7.54237e+06
P07737	P07737				1.85507e+06
P07858	P07858				3.14934e+07
P07900;P07900-2	P07900;P07900-2				613664
P07942	P07942				1.5783e+06
P07996	P07996;P07996-2				871711
P07998	P07998				2.18347e+07
P08123	P08123				5.29556e+06
P08133;P08133-2	P08133;P08133-2				154969
P08174;P08174-2;P08174-3;P08174-4;P08174-5;P08174-6;P08174-7	P08174;P08174-2;P08174-3;P08174-4;P08174-5;P08174-6;P08174-7				1.46103e+06
P08185	P08185				2.15042e+07
P08195;P08195-2;P08195-3;P08195-4;P08195-5	P08195;P08195-4;P08195-2;P08195-3;P08195-5				4.89852e+06
P08236;P08236-3	P08236;P08236-2;P08236-3				193261
P08238	P07900;P08238;P07900-2				271418
P08253	P08253;P08253-2;P08253-3				5.92455e+06
P08254	P08254;P09238				299754
P08294	P08294				5.58611e+07
P08493-2	P08493;P08493-2				1.31858e+07
P08571	P08571				3.91095e+07
P08572	P08572				1.315e+06
P08581;P08581-2	P08581;P08581-2				437886
P08582	P08582				902955
P08603	P08603				4.21387e+07
P08637	P08637				2.92973e+06
P08670	P08670;P17661				1.07318e+06
P08697	P08697;P08697-2				6.96777e+07
P08758	P08758				1.08136e+06
P08779	P08779				5.3671e+06
P09104	P09104;P09104-2				4.40079e+06
P09211	P09211				3.44606e+06
P09382	P09382				7.66047e+06
P09417;P09417-2	P09417;P09417-2				5.69491e+06
P09455	P09455;P09455-2;P09455-3				196446
P09486	P09486				2.47802e+07
P09493-6;P09493-7;P09493-8	P09493;P09493-10;P09493-5;P09493-2;P09493-3;P09493-4;P09493-6;P09493-7;P09493-8;P09493-9				264427
P09603	P09603				2.5758e+07
P09619	P09619;P09619-2				1.58152e+06
P09622	P09622;P09622-2				963542
P09668	P09668				1.14456e+07
P09871	P09871				4.83783e+07
P09936	P09936				746095
P09958	P09958				216989
P09960;P09960-2;P09960-3;P09960-4	P09960;P09960-2;P09960-3;P09960-4				194191
P09972	P09972				1.15251e+07
P0C0L4;P0C0L4-2	P0C0L4;P0C0L4-2				4.00701e+07
P0C0L5	P0C0L4;P0C0L5;P0C0L4-2				2.58298e+08
P0C6S8	P0C6S8				707812
P0CG47;P0CG48;P62979;P62987	P0CG47;P0CG48;P62979;P62987				8.05346e+07
P0DJI8	P0DJI8				2.5301e+06
P0DMQ5	P0DMQ5				6.84666e+06
P0DMV8;P0DMV8-2;P0DMV9	P0DMV8;P0DMV9;P0DMV8-2				1.04097e+06
P0DOX2	P01876;P01877;P01876-1;P01877-1;P0DOX2				8.70706e+07
P0DOX3	P0DOX3				4.92497e+06
P0DOX5	P01857;P01859;P0DOX5;P01857-1;P01859-1				5.12057e+08
P0DOX7	P01834;P0DOX7				1.6383e+08
P0DOY3	P0DOY2;P0DOY3				1.05683e+08
P0DP23;P0DP24;P0DP25	P0DP23;P0DP24;P0DP25;P27482				2.44767e+06
P0DP58	P0DP58				2.20778e+07
P0DTE1	P0DTE1				919317
P0DTE7;P0DTE8;P0DUB6	P04746;P0DTE7;P0DTE8;P0DUB6;P19961;P19961-2;P04746-2				656926
P10124	P10124				1.06017e+06
P10153	P10153				906754
P10253	P10253				1.26936e+06
P10321;P10321-2	P10321;P10321-2				376725
P10451-3	P10451-3				1.80706e+07
P10451-5	P10451;P10451-4;P10451-5				2.93731e+08
P10451;P10451-4	P10451;P10451-4				2.9184e+06
P10586;P10586-2	P10586;P23468;P10586-2;P23468-3;P23468-4;P23468-5;P23468-6;P23468-7				6.23527e+06
P10599	P10599;P10599-2				4.89984e+06
P10619;P10619-2	P10619;P10619-2				156171
P10636-2;P10636-6	P10636-6;P10636-2				391710
P10636-4;P10636-7	P10636-4;P10636-7				492537
P10643	P10643				2.43305e+07
P10644;P10644-2	P10644;P10644-2				399379
P10645	P10645				4.87247e+08
P10646	P10646				173317
P10721;P10721-2	P10721;P10721-2				2.77289e+06
P10745	P10745				319514
P10768	P10768				602464
P10909-6	P10909;P10909-4;P10909-6;P10909-2;P10909-3;P10909-5				1.82816e+09
P11021	P11021				1.34966e+07
P11047	P11047				1.38464e+06
P11117	P11117				851976
P11142	P11142				6.41778e+06
P11215;P11215-2	P11215;P11215-2				265018
P11226	P11226				396624
P11279	P11279;P11279-2				5.56948e+06
P11362-16	P11362;P11362-10;P11362-11;P11362-16;P11362-2;P11362-20;P11362-3;P11362-4;P11362-8;P11362-9				153333
P11362-21;P11362-7	P11362;P11362-10;P11362-11;P11362-12;P11362-13;P11362-14;P11362-16;P11362-18;P11362-19;P11362-2;P11362-20;P11362-21;P11362-3;P11362-4;P11362-5;P11362-6;P11362-7;P11362-8;P11362-9				5.46646e+06
P11597;P11597-2	P11597;P11597-2				374711
P11717	P11717				2.21985e+06
P12107;P12107-2;P12107-3;P12107-4	P12107;P12107-2;P12107-3;P12107-4				199555
P12109	P12109				2.2314e+07
P12110	P12110;P12110-2;P12110-3				1.18348e+06
P12111	P12111;P12111-2;P12111-4				4.28299e+06
P12111-4	P12111-4				322630
P12259	P12259				2.861e+06
P12272;P12272-2;P12272-3	P12272;P12272-2;P12272-3				1.02274e+06
P12273	P12273				821462
P12277	P12277				489882
P12318;P12318-2	P12318;P31994;P31995;P12318-2;P31994-2;P31994-3;P31994-4;P31994-5;P31995-2;P31995-3;P31995-4				5.72151e+06
P12532;P12532-2	P12532;P12532-2				83237.7
P12821;P12821-2	P12821;P12821-3;P12821-2;P12821-4				1.02059e+06
P12830;P12830-2	P12830;P12830-2				706319
P12955;P12955-2	P12955;P12955-2				865175
P13284	P13284				556830
P13385;P51864	P13385;P51864				201622
P13473;P13473-2;P13473-3	P13473;P13473-2;P13473-3				7.37791e+07
P13497;P13497-2;P13497-3;P13497-4;P13497-5;P13497-6	P13497;P13497-2;P13497-3;P13497-4;P13497-5;P13497-6				907560
P13521	P13521				6.67133e+07
P13591	P13591;P13591-1;P13591-3;P13591-4;P13591-5;P13591-6				7.18329e+07
P13591-3	P13591-1;P13591-3;P13591-4				2.21153e+07
P13598	P13598				1.36752e+06
P13611;P13611-5	P13611;P13611-2;P13611-3;P13611-4;P13611-5				9.50615e+06
P13637;P13637-2;P13637-3	P13637;P13637-2;P13637-3				1.25817e+06
P13639	P13639				177287
P13645	P13645				7.1046e+07
P13646;P13646-3	P13646;P19012;P13646-2;P13646-3				192292
P13647	P13647				3.85441e+06
P13667	P13667				387482
P13671	P13671				8.39619e+06
P13693	P13693				60378.5
P13747	P13747				788913
P13796	P13796;P13796-2				1.97459e+06
P13797;P13797-2;P13797-3	P13797;P13797-2;P13797-3				179433
P13987;P13987-2	P13987;P13987-2				2.13882e+07
P14136	P14136				869716
P14138;P14138-2;P14138-3	P14138;P14138-2;P14138-3				838120
P14151;P14151-2	P14151;P14151-2				1.47472e+06
P14174	P14174				5.89451e+06
P14207	P14207				988707
P14209;P14209-3	P14209;P14209-3				404109
P14314-2	P14314;P14314-2				2.71141e+06
P14324;P14324-2	P14324;P14324-2				161220
P14384	P14384				592225
P14415	P14415				1.0616e+06
P14543	P14543;P14543-2				3.29912e+06
P14618-2	P14618;P14618-2;P14618-3				2.11692e+07
P14618;P14618-3	P14618;P14618-3				154495
P14621	P14621				1.52863e+06
P14625	P14625;Q58FF3				2.03924e+06
P14923	P14923				298770
P15086	P15085;P15086				1.19214e+06
P15090	P15090				446489
P15121	P15121				312749
P15144	P15144				799087
P15151;P15151-2;P15151-3;P15151-4	P15151;P15151-2;P15151-3;P15151-4				2.58687e+06
P15169	P15169				502144
P15289;P15289-2	P15289;P15289-2				511280
P15291;P15291-2	P15291;P15291-2				1.22295e+06
P15502-1;P15502-2;P15502-4;P15502-5	P15502-1;P15502-2;P15502-4;P15502-5				238362
P15509;P15509-2;P15509-3;P15509-5;P15509-7	P15509;P15509-3;P15509-2;P15509-5;P15509-7;P15509-8				838470
P15529;P15529-10;P15529-11;P15529-12;P15529-13;P15529-14;P15529-15;P15529-2;P15529-3;P15529-4;P15529-5;P15529-6;P15529-7;P15529-8;P15529-9	P15529;P15529-3;P15529-10;P15529-11;P15529-12;P15529-13;P15529-14;P15529-15;P15529-16;P15529-2;P15529-4;P15529-5;P15529-6;P15529-7;P15529-8;P15529-9				845398
P15531;P15531-2	P15531;P22392;O60361;P22392-2;P15531-2				2.03e+06
P15586;P15586-2	P15586;P15586-2				926716
P15848;P15848-2	P15848;P15848-2				61649.6
P15924	P15924;P15924-2;P15924-3				1.13311e+06
P16035	P16035				6.85315e+06
P16070;P16070-10;P16070-11;P16070-12;P16070-13;P16070-14;P16070-15;P16070-16;P16070-17;P16070-18;P16070-3;P16070-4;P16070-5;P16070-6;P16070-7;P16070-8;P16070-9	P16070;P16070-10;P16070-11;P16070-12;P16070-13;P16070-14;P16070-15;P16070-16;P16070-17;P16070-18;P16070-3;P16070-4;P16070-5;P16070-6;P16070-7;P16070-8;P16070-9				4.36784e+07
P16083	P16083				1.76091e+06
P16112;P16112-2	P16112;P16112-2;P16112-3				1.04117e+06
P16152	P16152				1.59262e+06
P16234;P16234-3	P16234;P16234-2;P16234-3				624208
P16278;P16278-3	P16278;P16278-2;P16278-3				127341
P16519;P16519-2;P16519-3	P16519;P16519-2;P16519-3				5.1184e+06
P16870;P16870-2	P16870;P16870-2				3.67267e+07
P16930;P16930-2	P16930;P16930-2				171227
P16949;P16949-2	P16949;P16949-2				2.27478e+06
P17050	P17050				131726
P17066	P17066;P48741				1.46297e+06
P17174	P17174;P17174-2				1.8251e+07
P17302	P17302				215417
P17405;P17405-4	P17405;P17405-4				540496
P17600;P17600-2	P17600;P17600-2				410852
P17677;P17677-2	P17677;P17677-2				2.20461e+06
P17813;P17813-2	P17813;P17813-2				104383
P17900	P17900				2.89779e+07
P17931	P17931				1.28094e+06
P17936;P17936-2	P17936;P17936-2				2.86803e+06
P18065	P18065				4.29273e+07
P18206;P18206-2	P18206;P18206-2				934633
P18428	P18428				853330
P18669	P15259;P18669				1.98296e+06
P19021;P19021-5;P19021-6	P19021;P19021-3;P19021-4;P19021-2;P19021-5;P19021-6				2.78836e+07
P19022	P19022;P19022-2				4.82023e+07
P19256;P19256-2;P19256-3	P19256;P19256-2;P19256-3				216690
P19320	P19320;P19320-2;P19320-3				2.76869e+06
P19367;P19367-2;P19367-3;P19367-4	P19367;P52789;P19367-2;P19367-3;P19367-4				639325
P19652	P19652				5.28735e+07
P19823	P19823				1.5098e+07
P19827	P19827;P19827-2				8.15414e+06
P19835;P19835-2	P19835;P19835-2				81122.4
P20062	P20062				3.50732e+06
P20138;P20138-2	P20138;P20138-2				1.33342e+06
P20340;P20340-2;Q9NRW1	P20340;Q9NRW1;P20340-2;P20340-3				167942
P20366;P20366-2;P20366-3;P20366-4	P20366;P20366-2;P20366-3;P20366-4				4.01915e+06
P20382	P20382				196410
P20472	P20472				4.30802e+06
P20618	P20618				535529
P20742	P20742;P20742-2				184610
P20774	P20774				3.45042e+07
P20827	P20827;P20827-2				2.52638e+06
P20908;P20908-2	P20908;P20908-2				237740
P20916;P20916-2;P20916-3	P20916;P20916-2;P20916-3				2.56982e+06
P20930	P20930				353102
P20933	P20933				1.72644e+07
P21291	P21291				164444
P21333;P21333-2	P21333;P21333-2				1.03414e+06
P21399	P21399				47662
P21453	P21453				409879
P21554	P21554				469264
P21579	P21579				1.45031e+06
P21583;P21583-2;P21583-3	P21583;P21583-2;P21583-3				354535
P21589;P21589-2	P21589;P21589-2				185359
P21802;P21802-16;P21802-2;P21802-5;P21802-6;P21802-8	P21802;P21802-3;P21802-14;P21802-15;P21802-16;P21802-17;P21802-18;P21802-19;P21802-2;P21802-23;P21802-5;P21802-6;P21802-8				2.37005e+07
P21810	P21810				450893
P21860;P21860-4	P21860;P21860-4				426134
P21926	P21926				573686
P22004	P22004				199543
P22061;P22061-2	P22061;P22061-2				5.40921e+06
P22105;P22105-1;P22105-4	P22105;P22105-1;P22105-4				3.45024e+06
P22303;P22303-2;P22303-4	P22303;P22303-2;P22303-3;P22303-4				3.2753e+06
P22304	P22304				9.88355e+06
P22352	P22352				4.43365e+06
P22607;P22607-2;P22607-3;P22607-4	P22455;P22607;P22455-2;P22607-2;P22607-3;P22607-4				9.19652e+06
P22676	P22676				292926
P22692;P22692-2	P22692;P22692-2				3.92139e+07
P22748	P22748				7.72786e+06
P22792	P22792				3.61314e+06
P22794;P22794-2	P22794;P22794-2				637751
P22891;P22891-2	P22891;P22891-2				380861
P22897	P22897				1.64606e+06
P23083	P23083;A0A0C4DH31				1.90251e+06
P23142	P23142				6.71098e+07
P23142-4	P23142-4				7.13572e+07
P23284	P23284				9.67691e+06
P23297	P23297				8.82689e+06
P23381;P23381-2	P23381;P23381-2				424782
P23435	P23435				1.54552e+07
P23468-2	P10586;P23468;P10586-2;P23468-2;P23468-3;P23468-4;P23468-5;P23468-6;P23468-7				6.91291e+06
P23468-7	P23468-4;P23468-5;P23468-6;P23468-7				542190
P23470;P23470-2	P23470;P23470-2				6.12156e+06
P23471;P23471-2	P23471;P23471-2;P23471-3				1.56676e+07
P23515	P23515				8.22145e+07
P23528	P23528;P60981;Q9Y281;P60981-2;Q9Y281-3				973483
P23560;P23560-2;P23560-3;P23560-4;P23560-5	P23560;P23560-2;P23560-3;P23560-4;P23560-5				1.12193e+06
P23582	P23582				1.56378e+07
P24043	P24043				2.8823e+06
P24347	P24347				5.82175e+06
P24387	P24387				86951.1
P24592	P24592				7.42396e+07
P24593	P24593				3.20907e+06
P24666;P24666-2;P24666-3;P24666-4	P24666;P24666-2;P24666-3;P24666-4				471291
P24821;P24821-4	P24821;P24821-2;P24821-3;P24821-4;P24821-5;P24821-6				226750
P25189;P25189-2	P25189;P25189-2				286777
P25311	P25311				4.37336e+07
P25713	P25713				6.96889e+06
P25774	P25774;P25774-2				3.14258e+06
P25788;P25788-2	P25788;P25788-2				114135
P25789	P25789;P25789-2				495596
P26038	P26038				3.40008e+06
P26447	P26447				428502
P26572	P26572				1.45512e+06
P26641;P26641-2	P26641;P26641-2				39733
P26927	P26927;Q2TV78;Q2TV78-2				856718
P26992	P26992				1.28958e+07
P27169	P27169				1.15139e+07
P27348	P27348				91460.6
P27658	P27658				156633
P27797	P27797				1.07498e+07
P27824;P27824-2	P27824;P27824-2;P27824-3				2.54531e+06
P28066	P28066				157967
P28074	P28074;P28074-2				207730
P28161;P28161-2	P28161;P28161-2				245796
P28300	P28300				674709
P28482	P28482				221876
P28799	P28799;P28799-2				994889
P28827;P28827-2	P28827;P28827-2				632008
P29120;P29120-2	P29120;P29120-2				6.16473e+06
P29218;P29218-3	P29218;P29218-3;P29218-2				1.92636e+06
P29279;P29279-2	P29279;P29279-2				354460
P29323;P29323-2;P29323-3	P29323;P29323-3;P29323-2				4.08517e+06
P29401;P29401-2	P29401;P29401-2				617402
P29508;P29508-2	P29508;P29508-2				114893
P29622	P29622				6.53435e+06
P29762	P29762				3.48571e+06
P29966	P29966				1.81647e+06
P30041	P30041				797340
P30043	P30043				5.2973e+06
P30044;P30044-2	P30044;P30044-2;P30044-3				76248.5
P30046	P30046;A6NHG4;P30046-2				1.46968e+06
P30048;P30048-2	P30048;P30048-2				658760
P30086	P30086				1.72334e+07
P30101	P30101				1.94633e+06
P30530;P30530-2	P30530;P30530-2				6.29879e+06
P30531	P30531				99253.3
P30533	P30533				124045
P30711	P30711				112131
P30740	P30740				513356
P31146	P31146				390060
P31150	P31150				3.23998e+06
P31151	P31151;Q86SG5				262429
P31153	P31153				153695
P31321	P31321				215145
P31431;P31431-2	P31431;P31431-2				76371.8
P31937	P31937				71247.2
P31944	P31944				370952
P31946;P31946-2	P31946;P31946-2				925938
P31948;P31948-2;P31948-3	P31948;P31948-2;P31948-3				40708.9
P32004;P32004-2;P32004-3	P32004;P32004-2;P32004-3				3.56443e+06
P32119	P32119				4.01892e+06
P32971	P32971				187173
P33151	P33151;P33151-2				2.2422e+06
P33908	P33908				1.1206e+07
P34059	P34059				2.49913e+06
P34096	P34096				4.59859e+06
P34741	P34741				302444
P34949;P34949-2	P34949;P34949-2				258946
P35030;P35030-2;P35030-3;P35030-4;P35030-5	P35030;P35030-2;P35030-3;P35030-4;P35030-5				1.05693e+06
P35052	P35052				4.53298e+06
P35080	P35080				380748
P35237	P35237				1.43704e+06
P35318	P35318				1.67387e+06
P35442	P35442				1.16921e+06
P35443	P35443				1.40528e+06
P35527	P35527				4.4969e+07
P35542	P35542				1.63235e+07
P35555	P35555				1.29732e+06
P35590	P35590				488550
P35613;P35613-2;P35613-3;P35613-4	P35613;P35613-2;P35613-3;P35613-4				413831
P35858;P35858-2	P35858;P35858-2				3.55996e+06
P35908	P35908				1.83879e+07
P35968;P35968-2;P35968-3	P35968;P35968-2;P35968-3				417226
P36222	P36222				5.70322e+07
P36871	P36871;P36871-2				1.02019e+06
P36955	P36955				1.41883e+08
P36957	P36957;P36957-2				8.20802e+06
P36980	P36980				5.5553e+06
P37173;P37173-2	P37173;P37173-2				890699
P37235;P61601;P84074	P37235;P61601;P84074				281463
P37802;P37802-2	P37802;P37802-2				207069
P37837;P37837-2	P37837;P37837-2				2.16829e+06
P38571;P38571-2	P38571;P38571-2				1.38759e+06
P39059	P39059				2.07664e+06
P39060;P39060-1;P39060-2	P39060;P39060-1;P39060-2				2.23437e+07
P40121;P40121-2	P40121;P40121-2				676102
P40189	P40189;P40189-3				7.67585e+06
P40925;P40925-3	P40925;P40925-2;P40925-3				1.53695e+07
P40926	P40926;P40926-2				738171
P41217;P41217-2;P41217-3	P41217;P41217-2;P41217-3				2.85198e+06
P41222	P41222				4.25025e+09
P41271;P41271-2	P41271;P41271-2				1.08871e+08
P42262;P42262-2;P42262-3	P42262;P42262-2;P42262-3				779599
P42658;P42658-2	P42658;P42658-2				3.13941e+06
P42785	P42785;P42785-2				8.10607e+07
P42857;P42857-2	P42857;P42857-2				832167
P43004;P43004-2;P43004-3	P43004;P43004-2;P43004-3				266015
P43121	P43121;P43121-2				8.59519e+06
P43146	P43146				2.35467e+06
P43234	P43234				1.39018e+06
P43251;P43251-2;P43251-3;P43251-4	P43251;P43251-2;P43251-3;P43251-4				1.59625e+07
P43652	P43652				2.73179e+07
P45877	P45877				5.23227e+06
P46459	P46459				1.46035e+06
P47972	P47972				5.6808e+06
P48058;P48058-2	P48058;P48058-2				5.59826e+06
P48061;P48061-2;P48061-3;P48061-4;P48061-5;P48061-6	P48061;P48061-2;P48061-3;P48061-4;P48061-5;P48061-6				482065
P48066;P48066-2	P48066;P48066-2				120716
P48147	P48147				552970
P48163	P48163				237405
P48539	P48539				644418
P48551;P48551-2;P48551-3	P48551;P48551-2;P48551-3				1.07405e+06
P48637	P48637;P48637-2				1.63297e+06
P48723	P48723				971574
P48740-2;P48740-4	P48740-2;P48740-4				1.09892e+06
P48740-3	P48740;P48740-2;P48740-3;P48740-4				2.38182e+06
P48745	P48745				1.09815e+06
P49184	P49184				534100
P49257	P49257				3.36631e+06
P49418;P49418-2	P49418;P49418-2				608477
P49641	P49641;P49641-1;P49641-2				7.29332e+06
P49720	P49720				46499.8
P49747;P49747-2	P49747;P49747-2				802732
P49908	P49908				6.2072e+06
P50281	P50281				1.67511e+06
P50395;P50395-2	P50395;P50395-2				1.46716e+06
P50502	P50502;Q8NFI4				515627
P50750-2	P50750-2				1.4231e+06
P50895	P50895				928839
P50897	P50897;P50897-2				529664
P50993	P05023;P13637;P20648;P50993;P05023-2;P05023-3;P05023-4;P13637-2;P13637-3				1.06801e+06
P51512;P51512-2	P51512;P51512-2				689320
P51688	P51688				89861.5
P51693	P51693;P51693-2				2.56341e+08
P51693-2	P51693-2				3.57465e+06
P51805	P51805				94120.7
P51884	P51884				2.42229e+07
P51888	P51888				3.19368e+06
P52565;P52565-2	P52565;P52565-2				103536
P52566	P52566				281977
P52758	P52758				1.12255e+06
P52797	P52797				2.4587e+06
P52799	P52799				2.04484e+06
P52803	P52803				2.51897e+06
P52848	P52848				383961
P52888	P52888				28594.9
P53004	P53004				182223
P53041	P53041				362888
P53634	P53634				2.12221e+06
P54108;P54108-2;P54108-3	P54108;P54108-2;P54108-3				952804
P54253	P54253				1.90471e+08
P54289-2;P54289-3	P54289;P54289-2;P54289-3;P54289-4;P54289-5				2.30329e+07
P54652	P54652				179681
P54727	P54725;P54727;P54725-2;P54725-3				732429
P54764	P54764;P54764-2				1.95373e+07
P54802	P54802				2.38272e+06
P54803	P54803;P54803-3;P54803-4;P54803-5				335115
P55011;P55011-3	P55011;P55011-3				163669
P55058	P55058;P55058-2;P55058-3;P55058-4				8.00952e+07
P55083;P55083-2	P55083;P55083-2				3.18214e+06
P55087;P55087-2	P55087;P55087-2				945563
P55103	P55103				165211
P55145	P55145				162918
P55268	P55268				1.59091e+06
P55283	P55283;P55283-2				4.77712e+06
P55285;P55285-2	P55285;P55285-2				4.46489e+06
P55286	P55286				1.05196e+06
P55287;P55287-2	P55287;P55287-2				1.13009e+07
P55289;P55289-2	P55289;P55289-2				337348
P55290;P55290-4	P55290;P55290-2;P55290-3;P55290-4;P55290-5				3.80871e+07
P55291	P55291				2.81357e+06
P55786	P55786;A6NEC2;P55786-2				2.87929e+06
P55899	P55899				190298
P55957;P55957-2;P55957-4	P55957;P55957-2;P55957-4				336613
P56159;P56159-2	P56159;P56159-2				2.46437e+06
P56817;P56817-2	P56817;P56817-2;P56817-3;P56817-4;P56817-5;P56817-6				824634
P57087;P57087-3	P57087;P57087-2;P57087-3				974685
P58215	P58215;P58215-2;P58215-3				174263
P58400	P58400;P58400-1				674619
P58401	P58401				1.63126e+06
P58417	O95156;P58417				4.22784e+06
P59282;Q9BW30	P59282;Q9BW30				16545.6
P60174;P60174-3	P60174;P60174-3;P60174-4				8.5122e+06
P60520	O95166;P60520;Q9H0R8;Q9H0R8-2				484739
P60660;P60660-2	P60660;P60660-2				215673
P60709;P63261	P60709;P63261				1.55424e+07
P60900;P60900-2	P60900;P60900-2				45967.1
P60983	P60983				1.39292e+06
P61018;P61018-2	P20338;P61018;P61018-2				705761
P61077;P61077-2;P61077-3;P62837;P62837-2	P61077;P62837;P62837-2;P61077-2;P61077-3				316630
P61088	P61088				1.12895e+06
P61106	P61106				680228
P61158;Q9P1U1;Q9P1U1-2	P61158;Q9P1U1;Q9C0K3;Q9P1U1-2;Q9P1U1-3				150210
P61204;P84077;P84085	P18085;P61204;P84077;P84085;P61204-2				403393
P61278	P61278				1.24066e+07
P61604	P61604				358389
P61626	P61626				2.50719e+07
P61769	P61769				7.39103e+08
P61812;P61812-2	P61812;P61812-2				36701.6
P61916	P61916;P61916-2				4.32722e+07
P61970	P61970				1.15087e+06
P61981	P61981				8.01782e+06
P62258	P62258;P62258-2				1.85679e+06
P62328	P62328;P63313				2.15834e+07
P62736;P63267	P62736;P63267;P68032;P68133				1.70508e+06
P62873;P62873-2;P62879	P62873;P62879;Q9HAV0;P62873-2;P62879-2				376160
P62937	P62937				4.47092e+06
P62942	P62942				1.0742e+06
P62993	P62993;P62993-2				1.02838e+06
P63010;P63010-2;P63010-3	P63010;P63010-2;Q10567;Q10567-3;P63010-3;Q10567-2;Q10567-4				1.31639e+06
P63104	P63104;P63104-2				3.49448e+06
P63208	P63208;P63208-2				1.50168e+06
P63241;P63241-2	P63241;Q9GZV4;Q6IS14;P63241-2				152235
P63302	P63302				280135
P67936	P06753;P07951;P09493;P09493-10;P67936;P07951-2;P09493-5;P06753-2;P06753-3;P09493-2;P09493-3;P09493-4;P09493-6;P09493-7;P09493-8;P09493-9;P06753-4;P06753-5;P06753-6;P07951-3;P67936-2				394436
P68036	P68036;A0A1B0GUS4;P68036-2;P68036-3				837447
P68104;Q05639;Q5VTE0	P68104;Q05639;Q5VTE0				206933
P68363;Q71U36;Q71U36-2;Q9BQE3	P0DPH7;P0DPH8;P68363;P68366;Q6PEY2;Q71U36;Q9BQE3;Q9NY65;P0DPH7-2;P68363-2;P68366-2;Q71U36-2;Q9NY65-2				278320
P68871	P02042;P68871				2.15769e+07
P69849;Q15155;Q5JPE7;Q5JPE7-2	P69849;Q15155;Q5JPE7;Q5JPE7-2;Q5JPE7-3				328555
P69905	P69905				2.00988e+07
P78324;P78324-2	P78324;Q9P1W8;Q5TFQ8;P78324-2;P78324-4;Q9P1W8-2;Q9P1W8-3;Q9P1W8-4				2.96304e+07
P78333	P78333				534880
P78417	P78417;P78417-3				1.11446e+06
P78504	P78504;P78504-2				345830
P78509;P78509-2	P78509;P78509-2;P78509-3				9.46205e+06
P78536;P78536-2	P78536;P78536-2				357773
P78539;P78539-2;P78539-3;P78539-5	P78539;P78539-2;P78539-3;P78539-4;P78539-5				692587
P79483;Q30154	P79483;Q30154				495418
P80108	P80108				1.2089e+06
P80188;P80188-2	P80188;P80188-2				391048
P80303;P80303-2	P80303;P80303-2				783629
P80723	P80723;P80723-2				8.11137e+06
P80748	P80748				1.57397e+07
P81605	P81605				4.11872e+06
P84157-2	P84157;P84157-2;P84157-3				377263
P98095;P98095-2	P98095;P98095-2				1.57083e+06
P98153;P98153-2;P98153-3	P98153;P98153-2;P98153-3				1.16968e+06
P98155;P98155-2	P98155;P98155-2				303828
P98160	P98160				5.30093e+07
P98164	P98164				71585.6
P98172	P98172				2.27767e+06
P98173;P98173-2;P98173-3	P98173;P98173-2;P98173-3				693151
P99999	P99999				1.98e+06
Q00169	Q00169				118405
Q00973	Q00973;Q00973-2				841048
Q01082	Q01082				175580
Q01459	Q01459				6.32511e+06
Q01469	Q01469				3.08492e+06
Q01995	Q01995				3.65285e+06
Q02246	Q02246				1.24834e+07
Q02413	Q02413;Q02413-2				1.07113e+06
Q02487;Q02487-2	Q02487;Q02487-2				4.06464e+06
Q02747	Q02747				71737.6
Q02790	Q02790				392231
Q02809;Q02809-2	Q02809;Q02809-2				1.46836e+06
Q02818	Q02818				9.7677e+06
Q02952;Q02952-2;Q02952-3	Q02952;Q02952-2;Q02952-3				34660.2
Q02985;Q02985-2	Q02985;Q92496;Q02985-2;Q92496-2;Q92496-3				1.65947e+06
Q03167;Q03167-2	Q03167;Q03167-2				3.24822e+06
Q04695	P02533;Q04695				1.36606e+06
Q04721	Q04721				2.41893e+06
Q04756	Q04756				828629
Q04760;Q04760-2	Q04760;Q04760-2				1.09744e+06
Q05193;Q05193-2;Q05193-3;Q05193-5	Q05193;Q05193-2;Q05193-3;Q05193-5				232714
Q05707;Q05707-2	Q05707;Q05707-2;Q05707-3				1.00345e+06
Q05996;Q05996-2	Q05996;Q05996-2				1.26438e+06
Q06033;Q06033-2	Q06033;Q06033-2				1.86508e+06
Q06418	Q06418				2.37603e+06
Q06481	Q06481;Q06481-3;Q06481-6				4.00319e+07
Q06828	Q06828				6.71907e+06
Q06830	Q06830				3.90051e+06
Q07092;Q07092-2	Q07092;Q07092-2				698381
Q07699;Q07699-2	Q07699;Q07699-2				1.63737e+06
Q07954	Q07954				5.36348e+06
Q08174-2	Q08174;Q08174-2				5.58656e+06
Q08209;Q08209-2;Q08209-3;Q08209-5	Q08209;Q08209-2;Q08209-3;Q08209-5				98848.2
Q08345;Q08345-5	Q08345;Q08345-2;Q08345-4;Q08345-5;Q08345-6				4.38352e+06
Q08380	Q08380				4.14839e+07
Q08397	Q08397				195394
Q08431;Q08431-4	Q08431;Q08431-3;Q08431-4				2.15068e+06
Q08554;Q08554-2	Q08554;Q08554-2				579956
Q08629	Q08629				6.68569e+06
Q09327	Q09327				478723
Q09328	Q09328				653046
Q09666	Q09666				14271.7
Q0P6D2	Q0P6D2				1.434e+06
Q10469	Q10469				1.2272e+06
Q10471	Q10471				3.57454e+06
Q10472	Q10472				1.07964e+06
Q10567;Q10567-2;Q10567-3	Q10567;Q10567-3;Q10567-2				268404
Q10588	Q10588;Q10588-2				1.70711e+06
Q11201	Q11201				126520
Q12765;Q12765-2	Q12765;Q12765-2;Q12765-3				152396
Q12794;Q12794-2;Q12794-7	Q12794;Q12794-2;Q12794-4;Q12794-7				169878
Q12797;Q12797-10	Q12797;Q12797-10				419342
Q12805;Q12805-2;Q12805-3;Q12805-4;Q12805-5	Q12805;Q12805-2;Q12805-3;Q12805-4;Q12805-5				3.51426e+07
Q12841;Q12841-2	Q12841;Q12841-2				5.80772e+06
Q12860	Q12860;Q12860-2				2.99834e+07
Q12866	Q12866				1.03521e+06
Q12907	Q12907				2.58481e+07
Q12913;Q12913-2;Q12913-3	Q12913;Q12913-2;Q12913-3				6.66554e+06
Q13093	Q13093				156241
Q13214;Q13214-2	Q13214;Q13214-2				2.01205e+06
Q13217	Q13217				611175
Q13228;Q13228-4	Q13228;Q13228-2;Q13228-3;Q13228-4				9.42683e+06
Q13231;Q13231-2;Q13231-3	Q13231;Q13231-2;Q13231-3;Q13231-4				755677
Q13232	Q13232				125198
Q13275-2	Q13275;Q13275-2				554621
Q13308;Q13308-2;Q13308-3;Q13308-4;Q13308-5;Q13308-6	Q13308;Q13308-2;Q13308-3;Q13308-4;Q13308-5;Q13308-6				293023
Q13332-7	Q13332-5;Q13332-7				2.11389e+06
Q13332;Q13332-3;Q13332-4	Q13332;Q13332-2;Q13332-3;Q13332-4;Q13332-5;Q13332-6;Q13332-7				7.94387e+06
Q13404;Q13404-1;Q13404-2;Q13404-6;Q13404-7	Q13404;Q13404-1;Q13404-2;Q13404-6;Q13404-7				845915
Q13421-2;Q13421-3;Q13421-4	Q13421;Q13421-2;Q13421-3;Q13421-4				1.48076e+06
Q13433	Q13433				373247
Q13443;Q13443-2	Q13443;Q13443-2				1.29935e+06
Q13444;Q13444-10;Q13444-12;Q13444-2;Q13444-3;Q13444-4;Q13444-5;Q13444-6;Q13444-7;Q13444-8;Q13444-9	Q13444;Q13444-2;Q13444-10;Q13444-11;Q13444-12;Q13444-3;Q13444-4;Q13444-5;Q13444-6;Q13444-7;Q13444-8;Q13444-9				396199
Q13449	Q13449				1.26354e+08
Q13501;Q13501-2	Q13501;Q13501-2				343173
Q13508;Q13508-2;Q13508-3	Q13508;Q13508-2;Q13508-3				4.54407e+06
Q13510;Q13510-2	Q13510;Q13510-2;Q13510-3				2.05404e+06
Q13519;Q13519-2	Q13519;Q13519-2				858023
Q13554;Q13554-2;Q13554-3;Q13554-4;Q13554-5;Q13554-7;Q13554-8	Q13554;Q13554-3;Q13554-2;Q13554-4;Q13554-5;Q13554-6;Q13554-7;Q13554-8				923324
Q13555;Q13555-10;Q13555-11;Q13555-2;Q13555-3;Q13555-4;Q13555-5;Q13555-6;Q13555-7;Q13555-8;Q13555-9	Q13555;Q13555-5;Q13555-10;Q13555-11;Q13555-2;Q13555-3;Q13555-4;Q13555-6;Q13555-7;Q13555-8;Q13555-9				751547
Q13557;Q13557-10;Q13557-11;Q13557-12;Q13557-3;Q13557-4;Q13557-5;Q13557-6;Q13557-8;Q13557-9	Q13557;Q13557-8;Q13557-10;Q13557-11;Q13557-12;Q13557-3;Q13557-4;Q13557-5;Q13557-6;Q13557-9				693046
Q13591	Q13591				120437
Q13634;Q13634-2	Q13634;Q13634-2				2.3963e+06
Q13641	Q13641				2.05047e+06
Q13683;Q13683-10;Q13683-13;Q13683-3;Q13683-7;Q13683-9	Q13683;Q13683-10;Q13683-13;Q13683-3;Q13683-7;Q13683-9				1.36966e+06
Q13740;Q13740-2	Q13740;Q13740-2;Q13740-3				1.18053e+07
Q13790	Q13790				1.942e+06
Q13822-3	Q13822;Q13822-3				1.27229e+08
Q13867	Q13867				770076
Q13873	Q13873				211723
Q14019	Q14019				3.56863e+06
Q14112;Q14112-2	Q14112;Q14112-2				6.83591e+06
Q14114;Q14114-2;Q14114-3;Q14114-4	Q14114;Q14114-3;Q14114-2;Q14114-4				511751
Q14118	Q14118				3.29661e+07
Q14126	Q14126				1.44678e+06
Q14165	Q14165				2.33751e+06
Q14213	Q14213				142037
Q14242;Q14242-2	Q14242;Q14242-2				1.30453e+06
Q14257;Q14257-2	Q14257;Q14257-2				767561
Q14314	Q14314				2.55966e+06
Q14315;Q14315-2	Q14315;Q14315-2				548175
Q14393;Q14393-1;Q14393-3;Q14393-4;Q14393-5	Q14393;Q14393-1;Q14393-3;Q14393-4;Q14393-5				2.36085e+06
Q14515	Q14515;Q14515-2				1.25391e+08
Q14517	Q14517				187508
Q14520;Q14520-2	Q14520;Q14520-2				3.42709e+06
Q14563	Q14563				364839
Q14574;Q14574-2	Q14574;Q14574-2				1.05704e+06
Q14596;Q14596-2	Q14596;Q14596-2				159551
Q14624	Q14624				2.69989e+07
Q14696	Q14696				897040
Q14697;Q14697-2	Q14697;Q14697-2				1.71299e+06
Q14766;Q14766-4	Q14766;Q14766-4				847222
Q14767	Q14767				1.44959e+06
Q14894	Q14894				841784
Q14956;Q14956-2	Q14956;Q14956-2				469754
Q14982;Q14982-2;Q14982-3;Q14982-4	Q14982;Q14982-2;Q14982-3;Q14982-4				1.90506e+07
Q14C87	Q14C87;Q14C87-2				4.25479e+06
Q14CN4;Q14CN4-2;Q14CN4-3	Q14CN4;Q14CN4-2;Q14CN4-3				722581
Q14CZ8	Q14CZ8				1.55282e+06
Q14DG7	Q14DG7;Q14DG7-2				1.33423e+06
Q15063;Q15063-3;Q15063-5	Q15063;Q15063-2;Q15063-3;Q15063-4;Q15063-5;Q15063-6;Q15063-7				246900
Q15084;Q15084-2;Q15084-3;Q15084-4;Q15084-5	Q15084;Q15084-2;Q15084-3;Q15084-4;Q15084-5				1.30179e+06
Q15113	Q15113				2.87773e+07
Q15121;Q15121-2	Q15121;Q15121-2				233630
Q15149;Q15149-2;Q15149-3;Q15149-4;Q15149-5;Q15149-6;Q15149-7;Q15149-8;Q15149-9	Q15149;Q15149-2;Q15149-3;Q15149-4;Q15149-5;Q15149-6;Q15149-7;Q15149-8;Q15149-9				306159
Q15165;Q15165-1;Q15165-3	Q15165;Q15165-1;Q15165-3				52773.6
Q15166	Q15166				3.56221e+06
Q15223;Q15223-2;Q15223-3	Q15223;Q15223-2;Q15223-3				1.49921e+06
Q15256;Q15256-5	Q15256;Q15256-5				890092
Q15257;Q15257-2;Q15257-3	Q15257;Q15257-2;Q15257-3				251699
Q15262;Q15262-2;Q15262-3;Q15262-4	Q15262;Q15262-2;Q15262-3;Q15262-4				711910
Q15293;Q15293-2	Q15293;Q15293-2				3.01769e+06
Q15303;Q15303-2;Q15303-3;Q15303-4	Q15303;Q15303-2;Q15303-3;Q15303-4				866541
Q15375;Q15375-2;Q15375-4	Q15375;Q15375-2;Q15375-4				1.28547e+06
Q15459;Q15459-2	Q15459;Q15459-2				588621
Q15465	Q15465				433571
Q15493	Q15493				171205
Q15582	Q15582				1.48204e+07
Q15768	Q15768				1.28394e+06
Q15782;Q15782-5;Q15782-6	Q15782;Q15782-5;Q15782-6				1.19175e+06
Q15818	Q15818				3.37911e+07
Q15819	Q15819				918383
Q15828	Q15828				497115
Q15846	Q15846				142008
Q15847	Q15847				422896
Q15848	Q15848				495193
Q15904	Q15904				2.83465e+07
Q16143	Q16143				575892
Q16270	Q16270;Q16270-2				5.5171e+07
Q16288;Q16288-2;Q16288-3;Q16288-4;Q16288-5	Q16288;Q16288-2;Q16288-3;Q16288-4;Q16288-5				2.04178e+06
Q16363;Q16363-2	Q16363;Q16363-2				786021
Q16394	Q16394				314702
Q16531	Q16531				1.00314e+06
Q16555;Q16555-2	Q16555;Q16555-2				440812
Q16568	Q16568				883198
Q16581	Q16581				1.61783e+06
Q16610;Q16610-4	Q16610;Q16610-2;Q16610-3;Q16610-4				1.46911e+07
Q16620;Q16620-2;Q16620-3;Q16620-4;Q16620-5;Q16620-6	Q16620;Q16620-2;Q16620-3;Q16620-4;Q16620-5;Q16620-6;Q16620-7				7.08382e+06
Q16623;Q16623-2;Q16623-3	Q16623;Q16623-2;Q16623-3				142953
Q16627;Q16627-2	Q16627;Q16627-2				1.38792e+06
Q16651	Q16651;Q16651-2				450569
Q16653;Q16653-10;Q16653-11;Q16653-13;Q16653-2;Q16653-3;Q16653-5;Q16653-6;Q16653-7;Q16653-8;Q16653-9	Q16653;Q16653-10;Q16653-11;Q16653-13;Q16653-2;Q16653-3;Q16653-5;Q16653-6;Q16653-7;Q16653-8;Q16653-9				3.87719e+06
Q16658	Q16658				550356
Q16674	Q16674				1.55608e+06
Q16706	Q16706				3.70835e+06
Q16769	Q16769				9.14198e+06
Q16775;Q16775-2	Q16775;Q16775-2				737834
Q16799	Q16799;Q16799-2				742257
Q16849	Q16849;Q16849-3;Q16849-2				1.04621e+07
Q16853;Q16853-2	Q16853;Q16853-2				454086
Q16881;Q16881-2;Q16881-3;Q16881-4;Q16881-5;Q16881-6;Q16881-7	Q16881;Q16881-4;Q16881-5;Q16881-2;Q16881-3;Q16881-6;Q16881-7				246739
Q17RC7	Q17RC7				2.07479e+07
Q24JP5;Q24JP5-2	Q24JP5;Q24JP5-2;Q24JP5-3				9.25574e+06
Q2TAL6	Q2TAL6				435786
Q2TBF2;Q2TBF2-2	Q2TBF2;Q2TBF2-2				375444
Q2UY09	Q2UY09;Q2UY09-2;Q2UY09-3				254587
Q495W5;Q495W5-2	Q495W5;Q495W5-2				896370
Q496H8	Q496H8				56759.1
Q4G0I0	Q4G0I0				320502
Q4G0P3	Q4G0P3;Q4G0P3-10;Q4G0P3-5;Q4G0P3-6;Q4G0P3-8				3.18925e+07
Q4G148;Q4G148-2	Q4G148;Q4G148-2				243921
Q4KWH8;Q4KWH8-3;Q4KWH8-4	Q4KWH8;Q4KWH8-3;Q4KWH8-4				2.04665e+06
Q504Y0;Q504Y0-4;Q504Y0-5	Q504Y0;Q504Y0-4;Q504Y0-5				116523
Q53EL9;Q53EL9-3	Q53EL9;Q53EL9-2;Q53EL9-3				6.77004e+06
Q53H76;Q53H76-2;Q53H76-3	Q53H76;Q53H76-2;Q53H76-3				235614
Q53RD9;Q53RD9-2;Q53RD9-3;Q53RD9-4	Q53RD9;Q53RD9-2;Q53RD9-3;Q53RD9-4				2.08898e+06
Q53RT3;Q53RT3-2	Q53RT3;Q53RT3-2				117994
Q562R1	Q562R1				1.04862e+07
Q58EX2;Q58EX2-2;Q58EX2-3;Q58EX2-4	Q58EX2;Q58EX2-2;Q58EX2-3;Q58EX2-4				97138.8
Q59EK9;Q59EK9-2;Q59EK9-3;Q59EK9-4	Q59EK9;Q59EK9-3;Q59EK9-2;Q59EK9-4				1.71148e+06
Q5BIV9	Q5BIV9				1.46833e+06
Q5BLP8;Q5BLP8-2;Q5BLP8-3	Q5BLP8;Q5BLP8-2;Q5BLP8-3				6.28192e+06
Q5D862	Q5D862				480072
Q5FWE3;Q5FWE3-3	Q5FWE3;Q5FWE3-3				5.671e+06
Q5IJ48;Q5IJ48-2;Q5IJ48-3	Q5IJ48;Q5IJ48-2;Q5IJ48-3				373327
Q5JRA6;Q5JRA6-2	Q5JRA6;Q5JRA6-2;Q5JRA6-3				478625
Q5JS37;Q5JS37-2	Q5JS37;Q5JS37-2				499680
Q5JTV8;Q5JTV8-3	Q5JTV8;Q5JTV8-3				172313
Q5JZY3;Q5JZY3-2;Q5JZY3-3	Q5JZY3;Q5JZY3-2;Q5JZY3-3				2.4117e+07
Q5KU26	Q5KU26				3.91565e+06
Q5R3F8	Q5R3F8				539530
Q5SGD2;Q5SGD2-2;Q5SGD2-3	Q5SGD2;Q5SGD2-2;Q5SGD2-3				299600
Q5SRI9	Q5SRI9				1.22363e+06
Q5SZK8;Q5SZK8-2	Q5SZK8;Q5SZK8-2				365627
Q5T013;Q5T013-2;Q5T013-3;Q5T013-4	Q5T013;Q5T013-2;Q5T013-3;Q5T013-4				5.27132e+07
Q5T5C0;Q5T5C0-2	Q5T5C0;Q5T5C0-2				987463
Q5T848	Q5T848				3.05687e+06
Q5VSG8	Q5VSG8				2.27606e+06
Q5VU43;Q5VU43-3;Q5VU43-4	Q5VU43;Q5VU43-3;Q5VU43-4				1.39207e+07
Q5VU97	Q5VU97				2.61053e+06
Q5VUB5	Q5VUB5				289824
Q5VV43;Q5VV43-2;Q5VV43-4	Q5VV43;Q5VV43-2;Q5VV43-4				1.97465e+06
Q5VV63	Q5VV63				597854
Q5VWW1;Q5VWW1-2;Q5VWW1-3	Q5VWW1;Q5VWW1-2;Q5VWW1-3				677658
Q63HQ2;Q63HQ2-2	Q63HQ2;Q63HQ2-2				155273
Q641Q3;Q641Q3-2	Q641Q3;Q641Q3-2				505640
Q658N2	Q658N2				8.42602e+06
Q68BL7;Q68BL7-2;Q68BL7-3	Q68BL7;Q68BL7-2;Q68BL7-3				2.02377e+06
Q68D85	Q68D85				624733
Q6E0U4;Q6E0U4-16;Q6E0U4-2;Q6E0U4-3;Q6E0U4-4;Q6E0U4-5;Q6E0U4-6;Q6E0U4-7	Q6E0U4;Q6E0U4-16;Q6E0U4-2;Q6E0U4-3;Q6E0U4-4;Q6E0U4-5;Q6E0U4-6;Q6E0U4-7				1.42652e+06
Q6EMK4	Q6EMK4				5.76411e+06
Q6FHJ7	Q6FHJ7				1.28991e+06
Q6IBS0	Q6IBS0				145171
Q6IEE7	Q6IEE7				592088
Q6IS24	Q6IS24				375172
Q6ISS4;Q6ISS4-2	Q6GTX8;Q6ISS4;Q6GTX8-2;Q6GTX8-3;Q6GTX8-4;Q6ISS4-2				2.04847e+06
Q6JBY9;Q6JBY9-2	Q6JBY9;Q6JBY9-2				25521.5
Q6MZW2	Q6MZW2;Q6MZW2-2;Q6MZW2-3				1.45155e+07
Q6NUJ2	Q6NUJ2				276865
Q6NW40	Q6NW40				1.15732e+07
Q6P179;Q6P179-2;Q6P179-4	Q6P179;Q6P179-2;Q6P179-3;Q6P179-4				203048
Q6P4E1;Q6P4E1-5	Q6P4E1;Q6P4E1-2;Q6P4E1-5				3.62945e+06
Q6P9A2	Q6P9A2				676540
Q6PCB0	Q6PCB0				818149
Q6PK18	Q6PK18				93865.8
Q6RVD6	Q6RVD6				345015
Q6UVK1	Q6UVK1				2.18525e+06
Q6UVY6;Q6UVY6-2	Q6UVY6;Q6UVY6-2				396271
Q6UW01	Q6UW01				4.56886e+06
Q6UWH4;Q6UWH4-2	Q6UWH4;Q6UWH4-2				2.84717e+06
Q6UWP8	Q6UWP8;Q6UWP8-2				281552
Q6UWR7	Q6UWR7				962951
Q6UWY5	Q6UWY5				512717
Q6UX15;Q6UX15-2	Q6UX15;Q6UX15-2				1.34962e+06
Q6UX71	Q6UX71;Q6UX71-2				1.69484e+07
Q6UX72	Q6UX72				825215
Q6UX73;Q6UX73-2	Q6UX73;Q6UX73-2				4.93224e+08
Q6UXB8	Q6UXB8;Q6UXB8-2				3.62772e+06
Q6UXD5-3;Q6UXD5-5;Q6UXD5-6	Q6UXD5;Q6UXD5-2;Q6UXD5-3;Q6UXD5-4;Q6UXD5-5;Q6UXD5-6				1.39609e+07
Q6UXF1;Q6UXF1-2	Q6UXF1;Q6UXF1-2				133981
Q6UXH9;Q6UXH9-2	Q6UXH9;Q6UXH9-2;Q6UXH9-3				460110
Q6UXI7;Q6UXI7-2;Q6UXI7-4;Q6UXI7-5	Q6UXI7;Q6UXI7-2;Q6UXI7-3;Q6UXI7-4;Q6UXI7-5				1.78903e+06
Q6UXI9;Q6UXI9-3;Q6UXI9-4;Q6UXI9-5;Q6UXI9-6	Q6UXI9;Q6UXI9-2;Q6UXI9-3;Q6UXI9-4;Q6UXI9-5;Q6UXI9-6				446983
Q6UXK2	Q6UXK2				736994
Q6UXK5	Q6UXK5				603697
Q6UXZ4;Q6UXZ4-2	Q6UXZ4;Q6UXZ4-2				1.36673e+06
Q6UY14;Q6UY14-2;Q6UY14-3	Q6UY14;Q6UY14-3;Q6UY14-2				106937
Q6YHK3	Q6YHK3;Q6YHK3-2;Q6YHK3-4				1.1518e+06
Q6ZMI3	Q6ZMI3;Q6ZMI3-2				4.30495e+06
Q6ZMP0;Q6ZMP0-2	Q6ZMP0;Q6ZMP0-2;Q6ZMP0-3;Q6ZMP0-4				899070
Q6ZN30;Q6ZN30-2	Q6ZN30;Q6ZN30-2				568097
Q6ZRP7	Q6ZRP7				1.03917e+06
Q6ZSJ9;Q6ZSJ9-2;Q6ZSJ9-3	Q6ZSJ9;Q6ZSJ9-2;Q6ZSJ9-3				1.55898e+07
Q6ZVL6	Q6ZVL6;Q6ZVL6-2				1.58782e+06
Q76KP1	Q76KP1				500248
Q7KYR7;Q7KYR7-1;Q7KYR7-4;Q7KYR7-6;Q8WVV5;Q8WVV5-2;Q8WVV5-3	Q7KYR7;Q8WVV5;Q7KYR7-4;Q7KYR7-1;Q7KYR7-5;Q7KYR7-6;Q8WVV5-2;Q8WVV5-3				422978
Q7L0X0	Q7L0X0				640614
Q7L266;Q7L266-2	Q7L266;Q7L266-2				180291
Q7L985	Q7L985				1.9379e+06
Q7LFX5	Q7LFX5				2.06788e+06
Q7LGC8	Q7LGC8				309593
Q7Z304	Q7Z304				247015
Q7Z3B1	Q7Z3B1;Q7Z3B1-2				2.04877e+07
Q7Z3D4	Q7Z3D4				173267
Q7Z408;Q7Z408-4	Q7Z408;Q7Z408-4				148230
Q7Z553;Q7Z553-3	Q7Z553;Q7Z553-2;Q7Z553-3				1.00469e+06
Q7Z5A7;Q7Z5A7-2	Q7Z5A7;Q7Z5A7-2;Q7Z5A7-3				6.86944e+06
Q7Z5L0	Q7Z5L0				1.0044e+06
Q7Z5L3	Q7Z5L3				813277
Q7Z5L7;Q7Z5L7-2;Q7Z5L7-3	Q7Z5L7;Q7Z5L7-2;Q7Z5L7-3				466698
Q7Z5N4;Q7Z5N4-3	Q7Z5N4;Q7Z5N4-3				216334
Q7Z794	Q7Z794				242007
Q7Z7G0;Q7Z7G0-2;Q7Z7G0-3;Q7Z7G0-4	Q7Z7G0;Q7Z7G0-2;Q7Z7G0-3;Q7Z7G0-4				556825
Q7Z7H5;Q7Z7H5-3	Q7Z7H5;Q7Z7H5-2;Q7Z7H5-3				485953
Q7Z7M0	Q7Z7M0;Q7Z7M0-2				1.86377e+07
Q7Z7M8	Q7Z7M8				422817
Q7Z7M9	Q7Z7M9				162897
Q86SF2	Q86SF2				3.12064e+06
Q86SJ2	Q86SJ2				178480
Q86SR1	Q86SR1;Q86SR1-2;Q86SR1-3				1.57462e+06
Q86TY3;Q86TY3-2	Q86TY3;Q86TY3-2				2.48672e+06
Q86UD1	Q86UD1				2.31656e+06
Q86UE6	Q86UE6				23908
Q86UN2	Q86UN2				1.8956e+06
Q86UN3	Q86UN3				9.50075e+06
Q86UP0;Q86UP0-2	Q86UP0;Q86UP0-2				2.54008e+06
Q86UW8	Q86UW8				733400
Q86UX2	Q86UX2;Q86UX2-2;Q86UX2-3				1.15568e+07
Q86V85	Q86V85				1.90464e+06
Q86VB7;Q86VB7-2;Q86VB7-3;Q86VB7-4	Q86VB7;Q86VB7-2;Q86VB7-3;Q86VB7-4				2.56185e+06
Q86VR8	Q86VR8				478166
Q86VV8;Q86VV8-3	Q86VV8;Q86VV8-2;Q86VV8-4;Q86VV8-3				907162
Q86VZ4	Q86VZ4				2.14356e+06
Q86X29;Q86X29-4;Q86X29-5;Q86X29-6	Q86X29;Q86X29-3;Q86X29-4;Q86X29-5;Q86X29-6				2.59202e+06
Q86XR7-2;Q9Y3B3;Q9Y3B3-2	Q9Y3B3;Q86XR7-2;Q9Y3B3-2				702095
Q86Y38	Q86Y38				1.43063e+06
Q86Y82	Q86Y82				538826
Q86YD3;Q86YD3-2;Q86YD3-4;Q86YD3-5	Q86YD3;Q86YD3-2;Q86YD3-4;Q86YD3-5				4.54871e+06
Q86YT9;Q86YT9-2;Q86YT9-3;Q86YT9-4	Q86YT9;Q86YT9-2;Q86YT9-3;Q86YT9-4				331831
Q86YZ3	Q86YZ3				8.2443e+06
Q8IUC8	Q8IUC8;Q8IUC8-3;Q8IUC8-2				4.09101e+06
Q8IUK5;Q8IUK5-2;Q8IUK5-3	Q8IUK5;Q8IUK5-2;Q8IUK5-3;Q8IUK5-4				3.66397e+06
Q8IUK8	Q8IUK8				7.2365e+06
Q8IUX7	Q8IUX7;Q8IUX7-2				3.89962e+06
Q8IV08	Q8IV08				6.06916e+06
Q8IW52	Q8IW52				4.60509e+06
Q8IWT1	Q8IWT1;Q8IWT1-2				1.24822e+06
Q8IWU5;Q8IWU5-2	Q8IWU5;Q8IWU5-2				1.74946e+07
Q8IWU6	Q8IWU6				107287
Q8IWV2	Q8IWV2				1.63596e+06
Q8IWY4	Q8IWY4				435792
Q8IXL6	Q8IXL6;Q8IXL6-2				1.76915e+06
Q8IYJ0;Q8IYJ0-2	Q8IYJ0;Q8IYJ0-2				2.01133e+07
Q8IYS5-2;Q8IYS5-3;Q8IYS5-6	Q8IYS5;Q8IYS5-2;Q8IYS5-3;Q8IYS5-4;Q8IYS5-5;Q8IYS5-6;Q8IYS5-7				5.04641e+06
Q8IZA0;Q8IZA0-2	Q8IZA0;Q8IZA0-2				3.26523e+06
Q8IZJ1;Q8IZJ1-2	Q8IZJ1;Q8IZJ1-2				444330
Q8IZJ3;Q8IZJ3-2	Q8IZJ3;Q8IZJ3-2				161490
Q8IZP7	Q8IZP7				3.99808e+06
Q8IZS8	Q8IZS8;Q8IZS8-2;Q8IZS8-3				1.64241e+06
Q8IZU9;Q8IZU9-2	Q8IZU9;Q8IZU9-2				115501
Q8N111	Q8N111				746328
Q8N114;Q8N114-2	Q8N114;Q8N114-2				2.3238e+07
Q8N126;Q8N126-2	Q8N126;Q8N126-2				2.15187e+07
Q8N128;Q8N128-2	Q8N128;Q8N128-2				72640
Q8N149;Q8N149-2;Q8N149-3;Q8N149-4	Q8N149;Q8N149-2;Q8N149-3;Q8N149-4				474485
Q8N2Q7;Q8N2Q7-2	Q8N2Q7;Q8N2Q7-2				1.46407e+06
Q8N2S1;Q8N2S1-2;Q8N2S1-3	Q8N2S1;Q8N2S1-2;Q8N2S1-3				4.55683e+06
Q8N3G9	Q8N3G9;Q8N3G9-2;Q8N3G9-3				419916
Q8N3J2	Q8N3J2				3.67754e+06
Q8N3J6;Q8N3J6-2;Q8N3J6-3;Q8N3J6-4;Q8N3J6-5	Q8N3J6;Q8N3J6-2;Q8N3J6-3;Q8N3J6-4;Q8N3J6-5				1.10718e+07
Q8N3T1	Q8N3T1				1.39142e+06
Q8N3T6	Q8N3T6				1.66397e+06
Q8N3Z0	Q8N3Z0				209910
Q8N428	Q8N428;Q8N428-2				1.62393e+06
Q8N436	Q8N436				323655
Q8N474	Q8N474				125182
Q8N475;Q8N475-2	Q8N475;Q8N475-2;Q8N475-3				1.68651e+06
Q8N608;Q8N608-2;Q8N608-3;Q8N608-4	Q8N608;Q8N608-2;Q8N608-3;Q8N608-4				868912
Q8N6C5;Q8N6C5-2;Q8N6C5-4	Q8N6C5;Q8N6C5-2;Q8N6C5-4				849912
Q8N8Z6;Q8N8Z6-2	Q8N8Z6;Q8N8Z6-2				343165
Q8N967	Q8N967				732025
Q8N9I0	Q8N9I0				313468
Q8NBI6	Q8NBI6				1.3224e+06
Q8NBJ4;Q8NBJ4-2	Q8NBJ4;Q8NBJ4-2				6.86088e+06
Q8NBJ7;Q8NBJ7-2	Q8NBJ7;Q8NBJ7-2;Q8NBJ7-3				121207
Q8NBP7	Q8NBP7				931140
Q8NBS9;Q8NBS9-2	Q8NBS9;Q8NBS9-2				483497
Q8NC42	Q8NC42				386805
Q8NC67;Q8NC67-3	Q8NC67;Q8NC67-3				217689
Q8NCC3	Q8NCC3;Q8NCC3-2				1.25399e+06
Q8NCH0	Q8NCH0				275609
Q8NCL4	Q8NCL4				2.86669e+06
Q8NCW5;Q8NCW5-2	Q8NCW5;Q8NCW5-2				2.15007e+06
Q8NCW6	Q8NCW6				107403
Q8NEP3;Q8NEP3-2;Q8NEP3-3	Q8NEP3;Q8NEP3-2;Q8NEP3-3				1.48749e+09
Q8NES3;Q8NES3-3	Q8NES3;Q8NES3-2;Q8NES3-3;Q8NES3-4				2.38107e+06
Q8NEY1;Q8NEY1-2;Q8NEY1-3;Q8NEY1-4;Q8NEY1-6;Q8NEY1-7	Q8NEY1;Q8NEY1-2;Q8NEY1-3;Q8NEY1-4;Q8NEY1-6;Q8NEY1-7				2.19221e+07
Q8NFF2;Q8NFF2-3	Q8NFF2;Q8NFF2-3				533436
Q8NFL0	Q8NFL0				168987
Q8NFP4;Q8NFP4-2	Q8NFP4;Q8NFP4-2				1.37385e+06
Q8NFT8	Q8NFT8				2.57164e+06
Q8NFY4;Q8NFY4-2;Q8NFY4-3;Q8NFY4-4;Q8NFY4-5;Q8NFY4-6;Q8NFY4-8	Q8NFY4;Q8NFY4-2;Q8NFY4-3;Q8NFY4-4;Q8NFY4-5;Q8NFY4-6;Q8NFY4-8				3.87918e+06
Q8NFZ4	Q8NFZ4				3.87336e+06
Q8NFZ8	Q8NFZ8				2.57909e+07
Q8NHG7	Q8NHG7				381603
Q8NHJ6;Q8NHJ6-2;Q8NHJ6-3	Q8NHJ6;Q8NHJ6-2;Q8NHJ6-3				669912
Q8NHP8	Q8NHP8;Q8NHP8-2				1.07802e+06
Q8NHQ9	Q8NHQ9				7.64551e+07
Q8TAB3;Q8TAB3-2;Q8TAB3-3	Q8TAB3;Q8TAB3-2;Q8TAB3-3				594367
Q8TAG5;Q8TAG5-2	Q8TAG5;Q8TAG5-2				3.12563e+07
Q8TAL6	Q8TAL6				55520.5
Q8TB96	Q8TB96				211841
Q8TBP5	Q8TBP5				5.63479e+06
Q8TCZ2	Q8TCZ2;Q8TCZ2-2;Q8TCZ2-3;Q8TCZ2-5;Q8TCZ2-6				1.81407e+07
Q8TDF5;Q8TDF5-1;Q8TDF5-2	Q8TDF5;Q8TDF5-1;Q8TDF5-2				525898
Q8TDQ0;Q8TDQ0-2	Q8TDQ0;Q8TDQ0-2				1.20968e+06
Q8TEA8	Q8TEA8				987746
Q8TER0;Q8TER0-5	Q8TER0;Q8TER0-3;Q8TER0-4;Q8TER0-5				3.18111e+06
Q8TEU8	Q8TEU8				7.20632e+06
Q8WUJ3	Q8WUJ3;Q8WUJ3-2				1.38622e+06
Q8WVN6	Q8WVN6				1.48349e+06
Q8WVQ1;Q8WVQ1-3	Q8WVQ1;Q8WVQ1-2;Q8WVQ1-3				3.5704e+06
Q8WWX9	Q8WWX9				1.58268e+06
Q8WX77	Q8WX77				624253
Q8WXD2	Q8WXD2				7.764e+07
Q8WXD2-2	Q8WXD2-2				1.20815e+06
Q8WY21;Q8WY21-2;Q8WY21-3;Q8WY21-4	Q8WY21;Q8WY21-2;Q8WY21-3;Q8WY21-4				1.78168e+06
Q8WYK1	Q8WYK1				909912
Q8WZ75;Q8WZ75-2;Q8WZ75-3	Q8WZ75;Q8WZ75-2;Q8WZ75-3				1.13973e+06
Q8WZA1	Q8WZA1;Q8WZA1-2				8.34469e+06
Q92484;Q92484-2	Q92484;Q92484-2				463693
Q92485	Q92485;Q92485-2				1.32026e+06
Q92520	Q92520				9.726e+07
Q92542;Q92542-2	Q92542;Q92542-2				977283
Q92563	Q92563				8.28217e+06
Q92597;Q92597-2;Q92597-3	Q92597;Q92597-2;Q92597-3				149133
Q92598;Q92598-2;Q92598-4	Q92598;Q92598-2;Q92598-3;Q92598-4				396272
Q92626	Q92626				131531
Q92673	Q92673				1.64273e+06
Q92692;Q92692-2	Q92692;Q92692-2				1.52897e+06
Q92729;Q92729-2;Q92729-3;Q92729-4	Q92729;Q92729-2;Q92729-3;Q92729-4				178923
Q92743	Q92743				1.47844e+06
Q92752	Q92752;Q92752-2				3.33124e+06
Q92765	Q92765				6.11541e+06
Q92820	Q92820				6.66745e+06
Q92823	Q92823;Q92823-2;Q92823-3;Q92823-4;Q92823-5;Q92823-6				6.05705e+07
Q92832;Q92832-2	Q92832;Q92832-2				436653
Q92854	Q92854;Q92854-2				1.03116e+06
Q92859;Q92859-2;Q92859-3	Q92859;Q92859-2;Q92859-3;Q92859-4				1.5854e+07
Q92876	Q92876;Q92876-2				1.05817e+08
Q92896;Q92896-2;Q92896-3	Q92896;Q92896-2;Q92896-3				860385
Q92911	Q92911				542537
Q92932-2	Q92932;Q92932-2;Q92932-3;Q92932-4				1.14044e+07
Q92935	Q92935				191545
Q92945;Q96AE4;Q96AE4-2	Q92945;Q96AE4;Q96AE4-2				789045
Q92954;Q92954-2;Q92954-3;Q92954-4;Q92954-5;Q92954-6	Q92954;Q92954-2;Q92954-3;Q92954-4;Q92954-5;Q92954-6				1.29846e+06
Q93063;Q93063-2;Q93063-3	Q93063;Q93063-2;Q93063-3				349322
Q93091	Q93091				1.40666e+06
Q969H8	Q969H8				887323
Q969P0;Q969P0-3	Q969P0;Q969P0-3				1.5985e+07
Q969T9	Q969T9;Q969T9-2				3.57696e+06
Q969Z4	Q969Z4				609674
Q96AP7	Q96AP7				1.85236e+06
Q96AQ1;Q96AQ1-2;Q96LY2;Q96LY2-2	Q96LY2;Q96LY2-2;Q96AQ1;Q96AQ1-2				1.74834e+06
Q96AQ6;Q96AQ6-2	Q96AQ6;Q96AQ6-2				343699
Q96B86;Q96B86-3;Q96B86-4	Q96B86;Q96B86-3;Q96B86-4				4.61269e+06
Q96BY9	Q96BY9				95240.3
Q96BZ4	Q96BZ4				5.80703e+06
Q96CG8;Q96CG8-3	Q96CG8;Q96CG8-2;Q96CG8-3				532211
Q96CW9;Q96CW9-2	Q96CW9;Q96CW9-2				225701
Q96CX2	Q96CX2;Q68DU8				456221
Q96D05;Q96D05-2	Q96D05;Q96D05-2				602079
Q96DD7	Q96DD7				90282.5
Q96EE4	Q96EE4				159649
Q96EG1	Q96EG1				340556
Q96EU7	Q96EU7				507228
Q96FE5;Q96FE5-2	Q96FE5;Q96FE5-2				3.05789e+06
Q96FE7-4	Q96FE7;Q96FE7-2;Q96FE7-4;Q96FE7-5				1.1294e+07
Q96FJ2	P63167;Q96FJ2				1.73007e+06
Q96GD0	Q6ZT62;Q96GD0;Q6ZT62-2				235914
Q96GW7	Q96GW7				7.66954e+07
Q96HD1;Q96HD1-2	Q96HD1;Q96HD1-2				1.21133e+06
Q96HF1	Q96HF1				84370.1
Q96HU1;Q96HU1-2	Q96HU1;Q96HU1-2				365649
Q96HY6;Q96HY6-2	Q96HY6;Q96HY6-2				121772
Q96ID5	Q96ID5				4.06228e+06
Q96IU4	Q96IU4				1.20058e+06
Q96IY4	Q96IY4				7.61937e+06
Q96J42;Q96J42-2	Q96J42;Q96J42-2				133250
Q96JA1;Q96JA1-2	Q96JA1;Q96JA1-2				471418
Q96JF0	Q96JF0;Q96JF0-2				4.01551e+06
Q96JQ0	Q96JQ0				448543
Q96KG7	Q96KG7				334710
Q96KN2	Q96KN2				3.91547e+08
Q96KR4;Q96KR4-3	Q96KR4;Q96KR4-3				477054
Q96MK3	Q96MK3				141668
Q96MU8;Q96MU8-2;Q96MU8-3	Q96MU8;Q96MU8-2;Q96MU8-3				210094
Q96NU0;Q96NU0-2;Q9BZ76;Q9BZ76-2	Q96NU0;Q9BZ76;Q9BZ76-2;Q96NU0-2				187269
Q96NZ9-2;Q96NZ9-4	Q96NZ9;Q96NZ9-2;Q96NZ9-4				574647
Q96NZ9-3	Q96NZ9;Q96NZ9-3				1.47492e+06
Q96P44;Q96P44-3	Q96P44;Q96P44-3				2.86034e+06
Q96PD2;Q96PD2-2	Q96PD2;Q96PD2-2				508823
Q96PD5	Q96PD5;Q96PD5-2				3.81397e+06
Q96PQ0	Q96PQ0				2.50183e+07
Q96PX8	Q96PX8				1.41204e+07
Q96RW7;Q96RW7-2	Q96RW7;Q96RW7-2				215448
Q96S96	Q96S96				2.37273e+07
Q96SM3	Q96SM3				392924
Q96TC7	Q96TC7;Q96TC7-2				4.4787e+06
Q99435;Q99435-2;Q99435-3;Q99435-4	Q99435;Q99435-2;Q99435-3;Q99435-4				5.49628e+07
Q99497	Q99497				5.92129e+06
Q99519	Q99519				1.35812e+06
Q99523	Q99523;Q99523-2				6.25509e+06
Q99574	Q99574				9.11033e+06
Q99584	Q99584				374296
Q99650;Q99650-2	Q99650;Q99650-2				384955
Q99674	Q99674;Q99674-3				7.48488e+06
Q99715	Q99715;Q99715-2;Q99715-4				431846
Q99784	Q99784;Q99784-3;Q99784-5				1.02542e+06
Q99941;Q99941-2	Q99941;Q99941-2				264468
Q99946	Q99946				674330
Q99969	Q99969				1.21783e+07
Q99972	Q99972				368865
Q99983	Q99983				9.00222e+06
Q99985	Q99985				1.62263e+06
Q9BQ16	Q9BQ16;Q9BQ16-1;Q9BQ16-4;Q9BQ16-5;Q9BQ16-6;Q9BQ16-7;Q9BQ16-8				8.37852e+06
Q9BQS7;Q9BQS7-2;Q9BQS7-3;Q9BQS7-4	Q9BQS7;Q9BQS7-2;Q9BQS7-3;Q9BQS7-4				72268.2
Q9BQT9;Q9BQT9-2	Q9BQT9;Q9BQT9-2				1.15717e+07
Q9BRA2	Q9BRA2				898982
Q9BRF8;Q9BRF8-2;Q9BRF8-3	Q9BRF8;Q9BRF8-2;Q9BRF8-3				230214
Q9BRK3;Q9BRK3-2;Q9BRK3-3	Q9BRK3;Q9BRK3-2;Q9BRK3-3;Q9BRK3-4				9.5026e+06
Q9BRK5	Q9BRK5;Q9BRK5-2;Q9BRK5-5				7.24456e+06
Q9BS26	Q9BS26				586063
Q9BSG5;Q9BSG5-2;Q9BSG5-3	Q9BSG5;Q9BSG5-2;Q9BSG5-3				1.32463e+06
Q9BT88	Q9BT88				454675
Q9BTY2	Q9BTY2				6.45999e+06
Q9BU40-4;Q9BU40-5	Q9BU40;Q9BU40-3;Q9BU40-4;Q9BU40-5				1.91634e+06
Q9BUD6	Q9BUD6				787430
Q9BUJ0	Q9BUJ0				1.00655e+06
Q9BUN1	Q9BUN1				2.33668e+06
Q9BUP0;Q9BUP0-2	Q9BUP0;Q96C19;Q9BUP0-2				573328
Q9BVH7	Q9BVH7				90124.8
Q9BWP8;Q9BWP8-10;Q9BWP8-2;Q9BWP8-3;Q9BWP8-4;Q9BWP8-5;Q9BWP8-6;Q9BWP8-7;Q9BWP8-8;Q9BWP8-9	Q9BWP8;Q9BWP8-10;Q9BWP8-2;Q9BWP8-3;Q9BWP8-4;Q9BWP8-5;Q9BWP8-6;Q9BWP8-7;Q9BWP8-8;Q9BWP8-9				231249
Q9BWQ8	Q9BWQ8				4.89497e+06
Q9BWS9;Q9BWS9-3	Q9BWS9;Q9BWS9-3				409052
Q9BX67;Q9BX67-2	Q9BX67;Q9BX67-2				4.28714e+06
Q9BXJ0	Q9BXJ0				1.39682e+06
Q9BXJ1;Q9BXJ1-2	Q9BXJ1;Q9BXJ1-2				733774
Q9BXJ3	Q9BXJ3				1.66398e+06
Q9BXJ4;Q9BXJ4-2;Q9BXJ4-3	Q9BXJ4;Q9BXJ4-2;Q9BXJ4-3				2.70098e+06
Q9BXP8	Q9BXP8;Q9BXP8-2				1.03029e+06
Q9BXX0	Q9BXX0				147592
Q9BY67-5	Q9BY67;Q9BY67-2;Q9BY67-3;Q9BY67-4;Q9BY67-5				2.56898e+07
Q9BY76;Q9BY76-2	Q9BY76;Q9BY76-2				138434
Q9BYH1;Q9BYH1-5;Q9BYH1-6;Q9BYH1-7	Q9BYH1;Q9BYH1-2;Q9BYH1-3;Q9BYH1-4;Q9BYH1-5;Q9BYH1-6;Q9BYH1-7				1.74563e+07
Q9BYJ0	Q9BYJ0				304922
Q9BZC7;Q9BZC7-2;Q9BZC7-3;Q9BZC7-4	Q9BZC7;Q9BZC7-2;Q9BZC7-3;Q9BZC7-4				6.67693e+06
Q9BZM5	Q5VY80;Q6H3X3;Q9BZM5;Q6H3X3-2;Q6H3X3-3				1.1745e+06
Q9BZR6	Q9BZR6				5.86281e+06
Q9C0A0	Q9C0A0;Q96NU0;Q9BZ76;Q9BZ76-2;Q96NU0-2;Q9C0A0-2				8.13871e+06
Q9GZM5	Q9GZM5				8.82541e+06
Q9GZM7;Q9GZM7-2;Q9GZM7-3	Q9GZM7;Q9GZM7-3;Q9GZM7-2				212024
Q9GZP0;Q9GZP0-2	Q9GZP0;Q9GZP0-2				223530
Q9GZP4;Q9GZP4-2	Q9GZP4;Q9GZP4-2				1.61529e+06
Q9GZT8;Q9GZT8-2	Q9GZT8;Q9GZT8-2;Q9GZT8-3				687099
Q9GZV7	Q9GZV7				847777
Q9GZX9	Q9GZX9				1.96713e+06
Q9H008	Q9H008;Q9H008-2				452324
Q9H019;Q9H019-2;Q9H019-3	Q9H019;Q9H019-2;Q9H019-3				798521
Q9H0E2;Q9H0E2-2	Q9H0E2;Q9H0E2-2				231353
Q9H0Q3;Q9H0Q3-2	Q9H0Q3;Q9H0Q3-2				776567
Q9H0R4;Q9H0R4-2	Q9H0R4;Q9H0R4-2				1.13372e+06
Q9H0W9;Q9H0W9-2;Q9H0W9-3	Q9H0W9;Q9H0W9-3;Q9H0W9-2;Q9H0W9-4				336986
Q9H0X4	Q9H0X4;Q9H0X4-2				152464
Q9H156;Q9H156-2	Q9H156;Q9H156-2				650830
Q9H173	Q9H173				803521
Q9H1B5;Q9H1B5-2	Q9H1B5;Q9H1B5-2				245172
Q9H1U4	Q9H1U4				2.02963e+06
Q9H1Z8	Q9H1Z8				2.84219e+07
Q9H251;Q9H251-2;Q9H251-3;Q9H251-4;Q9H251-8	Q9H251;Q9H251-2;Q9H251-3;Q9H251-4;Q9H251-8				153692
Q9H299	Q9H299				1.80385e+06
Q9H2A7	Q9H2A7				3.58723e+06
Q9H2E6;Q9H2E6-2	Q9H2E6;Q9H2E6-2				2.22949e+06
Q9H2G2	Q9H2G2;Q9H2G2-2				1.39975e+06
Q9H2X0;Q9H2X0-5	Q9H2X0;Q9H2X0-2;Q9H2X0-3;Q9H2X0-4;Q9H2X0-5				1.60458e+06
Q9H2X9;Q9H2X9-2	Q9H2X9;Q9H2X9-2				508518
Q9H3G5	Q9H3G5				3.68218e+06
Q9H3S1;Q9H3S1-2	Q9H3S1;Q9H3S1-2				183883
Q9H3S3	Q9H3S3				309733
Q9H3T2;Q9H3T2-2;Q9H3T2-3	Q9H3T2;Q9H3T2-2;Q9H3T2-3				190434
Q9H3T3;Q9H3T3-3	Q9H3T3;Q9H3T3-3				1.98903e+06
Q9H461	Q9H461				90259.4
Q9H492;Q9H492-2	Q9H492;Q9H492-2				55575.5
Q9H4A4	Q9H4A4				48616
Q9H4D0	Q9H4D0				2.51839e+06
Q9H4F8;Q9H4F8-2	Q9H4F8;Q9H4F8-2				1.20407e+06
Q9H6B4	Q9H6B4				968549
Q9H6X2;Q9H6X2-2;Q9H6X2-3;Q9H6X2-4;Q9H6X2-5;Q9H6X2-6	Q9H6X2;Q9H6X2-2;Q9H6X2-3;Q9H6X2-4;Q9H6X2-5;Q9H6X2-6				1.49124e+06
Q9H741	Q9H741				1.22262e+06
Q9H7Y0	Q9H7Y0;Q9H7Y0-2				1.19862e+06
Q9H8J5	Q9H8J5				3.83855e+06
Q9H8L6	Q9H8L6				3.2188e+06
Q9H9S5	Q9H9S5				578524
Q9HAR2;Q9HAR2-2;Q9HAR2-3;Q9HAR2-4	Q9HAR2;Q9HAR2-2;Q9HAR2-3;Q9HAR2-4				3.48242e+06
Q9HAT2	Q9HAT2;Q9HAT2-2				4.5712e+06
Q9HBR0	Q9HBR0				985233
Q9HBT6	Q9HBT6				604858
Q9HBW1	Q9HBW1				608739
Q9HC38-2	Q9HC38;Q9HC38-2;Q9HC38-3				351098
Q9HC56;Q9HC56-2	Q9HC56;Q9HC56-2				4.21064e+06
Q9HC57	Q9HC57				7.41207e+06
Q9HCB6	Q9HCB6				4.0585e+06
Q9HCK4;Q9HCK4-2;Q9HCK4-3	Q9HCK4;Q9HCK4-2;Q9HCK4-3				2.84164e+06
Q9HCL0;Q9HCL0-2	Q9HCL0;Q9HCL0-2				110078
Q9HCM2	Q9HCM2;Q9HCM2-2;Q9HCM2-3				243295
Q9HCU0	Q9HCU0				1.51818e+06
Q9HCU4	Q9HCU4				6.91274e+06
Q9HD45	Q9HD45				217692
Q9HDB5	Q9HDB5;Q9Y4C0;Q9HDB5-2;Q9HDB5-4;Q9Y4C0-3				3.72881e+06
Q9HDC9;Q9HDC9-2	Q9HDC9;Q9HDC9-2				1.31132e+06
Q9NP80;Q9NP80-2;Q9NP80-3	Q9NP80;Q9NP80-2;Q9NP80-3				1.90137e+06
Q9NP84	Q9NP84				728603
Q9NPA0	Q9NPA0				69851.2
Q9NPC4	Q9NPC4				255804
Q9NPD7	Q9NPD7				1.85561e+06
Q9NPG4	Q9NPG4				1.26603e+06
Q9NPH0	Q9NPH0;Q9NPH0-2				73388
Q9NPH3;Q9NPH3-2;Q9NPH3-5	Q9NPH3;Q9NPH3-2;Q9NPH3-3;Q9NPH3-5				959955
Q9NPR2;Q9NPR2-2	Q9NPR2;Q9NPR2-2				3.46967e+06
Q9NPY3	Q9NPY3				633642
Q9NQ30	Q9NQ30				128594
Q9NQ36;Q9NQ36-2;Q9NQ36-3	Q9NQ36;Q9NQ36-2;Q9NQ36-3				343804
Q9NQ79;Q9NQ79-2;Q9NQ79-3	Q9NQ79;Q9NQ79-2;Q9NQ79-3				5.50658e+07
Q9NQS3;Q9NQS3-2;Q9NQS3-3	Q9NQS3;Q9NQS3-2;Q9NQS3-3				965157
Q9NQX5	Q9NQX5				1.71002e+06
Q9NQX7	Q9NQX7;Q9NQX7-3				1.03216e+06
Q9NR34	Q9NR34				5.33363e+07
Q9NRB3	Q9NRB3				1.24033e+06
Q9NRN5	Q9NRN5;Q9NRN5-2				3.85589e+06
Q9NRR1	Q9NRR1				5.65522e+06
Q9NRV9	Q9NRV9				77879.1
Q9NS00;Q9NS00-2	Q9NS00;Q9NS00-2				276642
Q9NS84	Q9NS84				104026
Q9NS85	Q9NS85;Q9NS85-2				665705
Q9NS98	Q9NS98				7.84708e+06
Q9NSC7	Q9NSC7				1.03852e+06
Q9NT22;Q9NT22-2	Q9NT22;Q9NT22-2				454764
Q9NT99	Q9NT99				1.08544e+07
Q9NTU7	Q9NTU7				2.21386e+06
Q9NUQ9	Q9NUQ9				885271
Q9NX62	Q9NX62				1.17565e+07
Q9NXS2;Q9NXS2-3	Q9NXS2;Q9NXS2-3				472204
Q9NY15	Q9NY15;Q9NY15-2				319819
Q9NY33	Q9NY33;Q9NY33-2;Q9NY33-4				543135
Q9NY47;Q9NY47-2;Q9NY47-3;Q9NY47-4;Q9NY47-5	Q9NY47;Q9NY47-2;Q9NY47-3;Q9NY47-4;Q9NY47-5				1.58971e+06
Q9NY72	Q9NY72				1.45779e+06
Q9NY97;Q9NY97-2	Q9NY97;Q9NY97-2				2.09012e+06
Q9NYQ7;Q9NYQ7-2	Q9NYQ7;Q9NYQ7-2				259249
Q9NYQ8	Q9NYQ8				5.20012e+06
Q9NYX4	Q9NYX4				2.75083e+06
Q9NZ08;Q9NZ08-2	Q9NZ08;Q9NZ08-2				789352
Q9NZ53	Q9NZ53				4.91643e+06
Q9NZ72;Q9NZ72-2	Q9NZ72;Q9NZ72-2				327936
Q9NZ94;Q9NZ94-2;Q9NZ94-3	Q9NZ94;Q9NZ94-2;Q9NZ94-3				323683
Q9NZC2;Q9NZC2-2;Q9NZC2-3	Q9NZC2;Q9NZC2-2;Q9NZC2-3				4.04932e+06
Q9NZK5	Q9NZK5				4.05998e+06
Q9NZN1	Q9NZN1				1.20888e+06
Q9NZP8	Q9NZP8				5.35904e+06
Q9NZR2	Q9NZR2				2.14248e+06
Q9NZU0	Q9NZU0				63418.4
Q9NZU1	Q9NZU1				1.5191e+06
Q9P0K1;Q9P0K1-2;Q9P0K1-3;Q9P0K1-4;Q9P0K1-5	Q9P0K1;Q9P0K1-2;Q9P0K1-3;Q9P0K1-4;Q9P0K1-5				1.5257e+07
Q9P0K9	Q9P0K9				2.07772e+06
Q9P0L0;Q9P0L0-2	Q9P0L0;Q9P0L0-2				1.30816e+06
Q9P0S2	Q9P0S2				162246
Q9P121-4	Q9P121;Q9P121-3;Q9P121-2;Q9P121-4				3.31945e+07
Q9P232	Q9P232				2.0338e+06
Q9P2E7;Q9P2E7-2	Q9P2E7;Q9P2E7-2				1.67157e+06
Q9P2S2	P58401;Q9P2S2				8.2022e+06
Q9UBG0	Q9UBG0				959321
Q9UBP4	Q9UBP4				1.28716e+08
Q9UBQ6	Q9UBQ6				6.33994e+06
Q9UBR2	Q9UBR2				9.27435e+06
Q9UBV2;Q9UBV2-2	Q9UBV2;Q9UBV2-2				295370
Q9UBX1	Q9UBX1				3.22659e+06
Q9UBX5	Q9UBX5				7.83116e+06
Q9UBX8	Q9UBX8				41487.4
Q9UD71;Q9UD71-2	Q9UD71;Q9UD71-2				138640
Q9UEW3;Q9UEW3-2	Q9UEW3;Q9UEW3-2				214878
Q9UF11;Q9UF11-2;Q9UF11-3;Q9UF11-4	Q9UF11;Q9UF11-2;Q9UF11-3;Q9UF11-4				2.01175e+06
Q9UF33	Q9UF33				408273
Q9UFP1	Q9UFP1				301657
Q9UGM5;Q9UGM5-2	Q9UGM5;Q9UGM5-2				1.34414e+06
Q9UGV2;Q9UGV2-2;Q9UGV2-3	Q9UGV2;Q9UGV2-2;Q9UGV2-3				197336
Q9UHC6	Q9UHC6				8.04194e+06
Q9UHD9	Q9UHD9				238465
Q9UHF0;Q9UHF0-2;Q9UHF0-3	Q9UHF0;Q9UHF0-2;Q9UHF0-3				1.85424e+06
Q9UHG2	Q9NPY3;Q9UHG2				6.62835e+07
Q9UHG3;Q9UHG3-2	Q9UHG3;Q9UHG3-2				643571
Q9UHI8	Q9UHI8				4.88477e+06
Q9UHL4	Q9UHL4				4.21157e+06
Q9UHY7	Q9UHY7				224277
Q9UI15	Q9UI15				206041
Q9UI40;Q9UI40-2	Q9UI40;Q9UI40-2				5.9519e+06
Q9UI42;Q9UI42-2	Q9UI42;Q9UI42-2				112585
Q9UIB8;Q9UIB8-2;Q9UIB8-3;Q9UIB8-4;Q9UIB8-5;Q9UIB8-6	Q9UIB8;Q9UIB8-2;Q9UIB8-3;Q9UIB8-4;Q9UIB8-5;Q9UIB8-6				796670
Q9UIQ6;Q9UIQ6-2;Q9UIQ6-3	Q9UIQ6;Q9UIQ6-2;Q9UIQ6-3				171422
Q9UIW2	P51805;Q9UIW2				580860
Q9UJ14	Q9UJ14				1.07881e+06
Q9UJ99	Q9UJ99				2.82068e+06
Q9UJA9	Q9UJA9				1.73189e+06
Q9UJH8	Q9UJH8				690120
Q9UJJ9	Q9UJJ9				3.26914e+06
Q9UJQ1;Q9UJQ1-2	Q9UJQ1;Q9UJQ1-2				447628
Q9UK55	Q9UK55				3.9177e+06
Q9UK76;Q9UK76-2;Q9UK76-3	Q9UK76;Q9UK76-2;Q9UK76-3				110505
Q9UKB5	Q9UKB5				419952
Q9UKJ1-3	Q9UKJ1;Q9UKJ1-2;Q9UKJ1-3;Q9UKJ1-4				517028
Q9UKK9	Q9UKK9				132501
Q9UKM7	Q9UKM7				1.45294e+06
Q9UKQ2;Q9UKQ2-2	Q9UKQ2;Q9UKQ2-2				389153
Q9UKU6	Q9UKU6				793796
Q9UKU9	Q9UKU9;Q9UKU9-2				1.53496e+06
Q9UKY0	Q9UKY0				103004
Q9UKZ4;Q9UKZ4-2	Q9UKZ4;Q9UKZ4-2				363469
Q9ULB1-2;Q9ULB1-3	P58400;Q9ULB1-2;Q9ULB1-3				1.59302e+07
Q9ULB4	Q9ULB4				1.11764e+06
Q9ULB5	Q9ULB5				382948
Q9ULF5	Q9ULF5				5.95746e+06
Q9ULH4	Q9ULH4				411872
Q9ULI3;Q9ULI3-2	Q9ULI3;Q9ULI3-2				4.43621e+06
Q9ULL4;Q9ULL4-2	Q9ULL4;Q9ULL4-2				1.22682e+06
Q9ULP0-3;Q9ULP0-6	Q9ULP0;Q9ULP0-2;Q9ULP0-3;Q9ULP0-4;Q9ULP0-5;Q9ULP0-6;Q9ULP0-7;Q9ULP0-8				1.39472e+06
Q9ULX7	Q9ULX7				510797
Q9ULZ3;Q9ULZ3-2;Q9ULZ3-3	Q9ULZ3;Q9ULZ3-2;Q9ULZ3-3				182982
Q9ULZ9	Q9ULZ9;Q9ULZ9-2				1.1029e+06
Q9UM21;Q9UM21-2	Q9UM21;Q9UM21-2				207193
Q9UM22	Q9UM22;Q9UM22-3				1.94519e+06
Q9UM47	Q9UM47				1.11375e+06
Q9UMF0	Q9UMF0				4.69806e+06
Q9UMX0;Q9UMX0-2	Q9UMX0;Q9UMX0-2;Q9UMX0-4				229156
Q9UMX5	Q9UMX5				2.58644e+06
Q9UN36-2;Q9UN36-6	Q9UN36-2;Q9UN36-4;Q9UN36-5;Q9UN36-6				2.39473e+06
Q9UN70;Q9UN70-2	Q9UN70;Q9UN70-2				1.98562e+06
Q9UN75;Q9UN75-2;Q9Y5H6;Q9Y5H6-2;Q9Y5H7;Q9Y5H7-2;Q9Y5H7-3;Q9Y5H8;Q9Y5H8-2;Q9Y5I0;Q9Y5I0-2;Q9Y5I1;Q9Y5I1-2	Q9UN72;Q9Y5H8;Q9UN75;Q9Y5H6;Q9Y5H7;Q9Y5I0;Q9Y5I1;Q9UN72-2;Q9UN75-2;Q9Y5H6-2;Q9Y5H7-2;Q9Y5H7-3;Q9Y5H8-2;Q9Y5I0-2;Q9Y5I1-2				376159
Q9UNN8	Q9UNN8				3.11695e+06
Q9UNW1	Q9UNW1;Q9UNW1-4				2.22963e+06
Q9UP79	Q9UP79				929821
Q9UPU3	Q9UPU3				6.96082e+06
Q9UQ52	Q9UQ52				1.16867e+06
Q9UQM7	Q9UQM7;Q9UQM7-2				2.045e+06
Q9Y227;Q9Y227-2	Q9Y227;Q9Y227-2				174166
Q9Y240	Q9Y240				2.89731e+06
Q9Y274	Q9Y274;Q9Y274-2				898508
Q9Y279;Q9Y279-2	Q9Y279;Q9Y279-2				2.42704e+06
Q9Y281;Q9Y281-3	Q9Y281;Q9Y281-3				154694
Q9Y287	Q9Y287;Q9Y287-2				3.09205e+06
Q9Y2C2	Q9Y2C2				83921
Q9Y2E5	Q9Y2E5;Q9Y2E5-2				682158
Q9Y2G1;Q9Y2G1-2	Q9Y2G1;Q9Y2G1-2				659622
Q9Y2I2;Q9Y2I2-1;Q9Y2I2-2;Q9Y2I2-4;Q9Y2I2-5;Q9Y2I2-6	Q9Y2I2;Q9Y2I2-1;Q9Y2I2-2;Q9Y2I2-4;Q9Y2I2-5;Q9Y2I2-6				1.90762e+06
Q9Y2T3;Q9Y2T3-3	Q9Y2T3;Q9Y2T3-2;Q9Y2T3-3				6.22018e+06
Q9Y2Z0;Q9Y2Z0-2	Q9Y2Z0;Q9Y2Z0-2				289404
Q9Y334;Q9Y334-2	Q9Y334;Q9Y334-2				438682
Q9Y4C0-4	Q9HDB5-3;Q9HDB5-4;Q9Y4C0-4				2.12886e+07
Q9Y4D7	Q9Y4D7				2.39887e+07
Q9Y4L1	Q9Y4L1;Q9Y4L1-2				4.0107e+06
Q9Y5F6-2	Q9Y5F6;Q9Y5F6-2				2.36763e+06
Q9Y5F7;Q9Y5F7-2	Q9Y5F7;Q9Y5F7-2				118233
Q9Y5G4;Q9Y5G4-2	Q9Y5G4;Q9Y5H3;Q9Y5G4-2;Q9Y5H3-2				98189
Q9Y5I4;Q9Y5I4-2	Q9Y5I4;Q9Y5I4-2				1.14934e+07
Q9Y5L2	Q9Y5L2				1.11307e+06
Q9Y5R5;Q9Y5R5-3	Q9Y5R5;Q9Y5R5-3				202191
Q9Y5Y7	Q9Y5Y7				4.14975e+06
Q9Y617	Q9Y617;Q9Y617-2				1.55456e+06
Q9Y625	Q9Y625				162529
Q9Y639;Q9Y639-1;Q9Y639-3;Q9Y639-4;Q9Y639-5	Q9Y639;Q9Y639-1;Q9Y639-3;Q9Y639-4;Q9Y639-5				1.11555e+06
Q9Y646	Q9Y646				1.17319e+07
Q9Y653;Q9Y653-2;Q9Y653-3	Q9Y653;Q9Y653-2;Q9Y653-3;Q9Y653-4;Q9Y653-5				508388
Q9Y696	Q9Y696				714825
Q9Y6C2	Q9Y6C2;Q9Y6C2-2				362089
Q9Y6N6	Q9Y6N6				394946
Q9Y6N7;Q9Y6N7-2;Q9Y6N7-4	Q9Y6N7;Q9Y6N7-2;Q9Y6N7-3;Q9Y6N7-4;Q9Y6N7-5;Q9Y6N7-6				4.46309e+06
Q9Y6N8	Q9Y6N8				655850
Q9Y6R7	Q9Y6R7				8.09943e+06
Q9Y6X5	Q9Y6X5				915485
Q9Y6Y8;Q9Y6Y8-2	Q9Y6Y8;Q9Y6Y8-2				1.8991e+07
Q9Y6Y9	Q9Y6Y9				90582.9
