Protein.Group	Protein.Ids	Protein.Names	Genes	First.Protein.Description	/fs/pool/pool-mann-projects/Johannes/Jakob_AD_CSF_data/All_without_random_20/All_Raw/20180618_QX0_JaBa_SA_LC12_5_CSF1_1_8-1xD1xS1fM1_sampleB07.mzML
A0A075B6H7;A0A0C4DH55;P01624	P01624;A0A075B6H7;A0A0C4DH55				1.64285e+08
A0A075B6H9	A0A075B6H9				5.68134e+06
A0A075B6I0	A0A075B6I0				1.40085e+07
A0A075B6I9	A0A075B6I9				2.38273e+07
A0A075B6J1	A0A075B6J1				1.2066e+06
A0A075B6J9	A0A075B6J9				5.74702e+06
A0A075B6K0	A0A075B6K0				3.17414e+07
A0A075B6K4	A0A075B6K0;A0A075B6K4				4.03724e+06
A0A075B6K5	A0A075B6K5				3.16201e+06
A0A075B6P5;P01615	P01615;A0A075B6P5				2.23419e+07
A0A075B6R2	A0A075B6R2				3.03861e+06
A0A075B6R9;A0A0C4DH68	A0A075B6R9;A0A0C4DH68				1.83952e+07
A0A075B6S2	A0A075B6S2;A2NJV5				8.27213e+07
A0A075B6S5	A0A075B6S5				1.19867e+06
A0A087WSX0	A0A087WSX0;A0A0G2JS06				614994
A0A087WSY6	A0A087WSY6				4.04123e+07
A0A087WW87;P01614	P01614;A0A087WW87				321418
A0A0A0MRZ8;P04433	P04433;A0A0A0MRZ8				7.82614e+07
A0A0A0MS15	A0A0A0MS15				8.89528e+06
A0A0A0MT36;A0A0C4DH26	A0A0A0MT36;A0A0C4DH26				844845
A0A0A0MT89	A0A0A0MT89				3.06059e+06
A0A0B4J1U7	A0A0B4J1U7				1.08191e+07
A0A0B4J1V0	A0A0B4J1V0				5.32049e+07
A0A0B4J1V2	A0A0B4J1V2				7.84547e+06
A0A0B4J1X5	P01764;P01768;P01772;P01767;A0A0B4J1X5;A0A0C4DH42;P0DP02;P0DP03				2.89427e+07
A0A0B4J1Y8	A0A0B4J1Y8				1.6379e+06
A0A0C4DH24	A0A0C4DH24				2.5512e+06
A0A0C4DH25	A0A0C4DH25				1.51032e+07
A0A0C4DH31	A0A0C4DH31				1.31183e+06
A0A0C4DH33	A0A0C4DH33				1.25683e+06
A0A0C4DH34	A0A0C4DH34				3.77822e+06
A0A0C4DH36	A0A0C4DH36				1.9972e+06
A0A0C4DH38	A0A0C4DH38				6.20152e+06
A0A0C4DH43	A0A0C4DH43				2.70501e+07
A0A0C4DH67	A0A0C4DH67				2.20094e+07
A0A0C4DH72	P01599;A0A0C4DH72				8.18938e+06
A0A0J9YX35	A0A0J9YX35				3.64727e+06
A0A0J9YXX1	A0A0C4DH38;A0A0J9YXX1				3.85739e+07
A0M8Q6	P0CG04;P0DOY2;P0DOY3;A0M8Q6;P0CF74;B9A064;P0DOX8				1.97047e+08
A1L4H1	A1L4H1				9.21327e+06
A2RU67	A2RU67				432988
A5D6W6	A5D6W6				9.96401e+06
A6BM72;A6BM72-2;A6BM72-4	A6BM72;A6BM72-2;A6BM72-4				1.2519e+06
A6NCE7;Q9GZQ8	Q9GZQ8;A6NCE7				534981
A6NGN9	A6NGN9				5.8659e+06
A6NHG4;P30046;P30046-2	P30046;A6NHG4;P30046-2				1.92688e+06
A6NKN8	A6NKN8				71351.7
A6NL88	A6NL88				3.57446e+06
A6NLU5	A6NLU5				2.70048e+07
A6NML5	A6NML5				3.54422e+06
A6NMY6;P07355;P07355-2	A6NMY6;P07355;P07355-2				132329
A6NNZ2;P04350;P07437;P68371;Q13509;Q13509-2;Q13885;Q3ZCM7;Q9BUF5;Q9BVA1;Q9H4B7	A6NNZ2;P04350;P07437;P68371;Q13509;Q13885;Q3ZCM7;Q9BUF5;Q9BVA1;Q9H4B7;Q13509-2				127734
A8MTW9	A8MTW9				4.27895e+06
B1AJZ9;B1AJZ9-4	B1AJZ9;B1AJZ9-4				476964
B4DS77;B4DS77-2	B4DS77;B4DS77-2;B4DS77-3				361464
B9A064;P0DOX8	B9A064;P0DOX8				4.11313e+07
C9JVW0	C9JVW0				1.3878e+07
I3L3R5	I3L3R5				1.54672e+06
O00115;O00115-2	O00115;O00115-2				2.58964e+06
O00142;O00142-2;O00142-3;O00142-4;O00142-5;O00142-6	O00142;O00142-2;O00142-3;O00142-4;O00142-5;O00142-6				5.15982e+07
O00187;O00187-2	O00187;O00187-2				1.17028e+06
O00230	O00230				45722.4
O00244	O00244				805048
O00264	O00264;O00264-2				5.55672e+06
O00292;O00292-2	O00292;O75610;O00292-2				212304
O00299	O00299				1.16932e+06
O00339;O00339-2	O00339;O00339-2;O00339-3				1.23415e+06
O00391	O00391;O00391-2				1.81409e+07
O00451	O00451;O00451-2;O00451-3				1.76246e+07
O00461	O00461				4.88995e+06
O00462	O00462				5.10222e+06
O00468-6	O00468-6;O00468-7				2.91795e+07
O00499;O00499-10;O00499-11;O00499-2;O00499-3;O00499-4;O00499-5;O00499-6;O00499-7;O00499-8;O00499-9	O00499;O00499-10;O00499-11;O00499-2;O00499-3;O00499-4;O00499-5;O00499-6;O00499-7;O00499-8;O00499-9				1.12256e+06
O00533	O00533				1.05047e+07
O00533-2	O00533;O00533-2				2.00912e+08
O00560;O00560-2;O00560-3	O00560;O00560-2;O00560-3				400710
O00567	O00567				327351
O00584	O00584				6.43132e+06
O00587;O00587-2	O00587;O00587-2				48663.5
O00754;O00754-2	O00754;O00754-2				1.3073e+06
O14498	O14498				6.80743e+07
O14514	O14514				1.87643e+06
O14522	O14522;O14522-1				2.03082e+06
O14525;O14525-2;O14525-3	O14525;O14525-2;O14525-3				844939
O14594	O14594				5.10502e+07
O14657	O14657				95728.3
O14668;O14668-2	O14668;O14668-2				656008
O14672	O14672				4.30648e+06
O14737;O14737-2	O14737;O14737-2				140618
O14745	O14745;O14745-2				209404
O14773	O14773				1.21931e+07
O14786	O14786;O14786-2;O14786-3				6.13294e+06
O14791-2	O14791;O14791-2;O14791-3				1.04502e+07
O14793	O14793				3.50346e+06
O14810	O14810;Q6PUV4				1.31097e+06
O14917;O14917-2	O14917;O14917-2				4.54719e+06
O15031	O15031				1.08764e+07
O15041;O15041-2	O15041;O15041-2				299836
O15197	O15197;O15197-2				5.07052e+06
O15204;O15204-2	O15204;O15204-2				1.37803e+06
O15230	O15230				3.79884e+06
O15232;O15232-2	O15232;O15232-2				192198
O15240	O15240				2.32895e+08
O15335	O15335				4.95596e+06
O15354	O15354				2.20408e+07
O15394	O15394;O15394-2				3.25301e+07
O15400;O15400-2	O15400;O15400-2				1.87974e+06
O15466;O15466-2	O15466;O15466-2				1.10581e+06
O15498;O15498-2	O15498;O15498-2				373009
O15540;O15540-2	O15540;O15540-2				4.19901e+06
O43155	O43155				467235
O43157	O43157;O43157-2;O43157-3				4.70139e+06
O43173	O43173				8.23938e+06
O43240	O43240				767906
O43278;O43278-2	O43278;O43278-2				1.94677e+06
O43286	O43286				2.57691e+06
O43291	O43291				7.99978e+06
O43300	O43300				7.30328e+06
O43323	O43323				269591
O43405;O43405-2	O43405;O43405-2				3.82043e+06
O43491;O43491-4	O43491;O43491-2;O43491-3;O43491-4				161748
O43493;O43493-3;O43493-5;O43493-7	O43493;O43493-3;O43493-5;O43493-7				4.46354e+07
O43504	O43504				983489
O43505	O43505				8.0094e+08
O43508-2	O75888;O43508-2;O75888-2;O75888-4;O75888-5				1.28217e+06
O43529	O43529				9.65907e+06
O43556;O43556-3;O43556-4	O43556;O43556-3;O43556-4				1.08295e+07
O43567	O43567				5.36052e+06
O43581-2;O43581-3;O43581-5	O43581-2;O43581-3;O43581-5				841173
O43736;O43736-2	O43736;O43736-2				1.25623e+06
O43827	O43827				2.56332e+06
O43852;O43852-2;O43852-3;O43852-4;O43852-5;O43852-9	O43852;O43852-10;O43852-11;O43852-12;O43852-13;O43852-14;O43852-2;O43852-3;O43852-4;O43852-5;O43852-6;O43852-7;O43852-8;O43852-9				987443
O43854;O43854-2	O43854;O43854-2				210057
O43866	O43866				3.10909e+06
O43897;O43897-2	O43897;O43897-2				994942
O43909	O43909				369339
O43916	O43916				1.25431e+06
O60241;O60241-2;O60241-3;O60241-4	O60241;O60241-2;O60241-3;O60241-4				3.71859e+07
O60242	O60242				1.3108e+06
O60243	O60243				1.14532e+06
O60245;O60245-2	O60245;O60245-2				4.74745e+06
O60279	O60279				2.21681e+07
O60291;O60291-2;O60291-3;O60291-4	O60291;O60291-2;O60291-3;O60291-4				428344
O60330;O60330-2	O60330;Q9Y5G5;Q9Y5G8;Q9Y5G9;O60330-2;Q9Y5G5-2;Q9Y5G8-2;Q9Y5G9-2				971738
O60449;O60449-2;O60449-3	O60449;O60449-2;O60449-3				1.22838e+06
O60462;O60462-2;O60462-3;O60462-4;O60462-5	O60462;O60462-2;O60462-3;O60462-4;O60462-5;O60462-6				5.22168e+06
O60476	O60476				2.18456e+06
O60477	O60477;Q76B58;O60477-3;Q76B58-2				298341
O60512	O60512				1.08298e+06
O60565	O60565				654511
O60568	O60568				1.48165e+06
O60613	O60613				905125
O60741	O60741				338408
O60883	O60883				6.39832e+07
O60888-3	O60888;O60888-2;O60888-3				3.77938e+07
O60939	O60939				3.85722e+06
O75019;O75019-2	O75019;O75019-2				866676
O75063	O75063				2.08031e+06
O75071	O75071				1.36749e+07
O75077;O75077-2;O75077-3	O75077;O75077-2;O75077-3				1.47209e+07
O75078	O75078;O75078-2				4.63321e+06
O75083	O75083;O75083-3				599708
O75084;Q14332	O75084;Q14332				902004
O75096	O75096				1.88283e+06
O75144;O75144-2	O75144;O75144-2;O75144-3				2.25689e+07
O75173;O75173-2	O75173;O75173-2				6.77234e+06
O75223	O75223;O75223-3				3.7218e+06
O75326	O75326;O75326-2				1.67771e+07
O75339	O75339				126233
O75340;O75340-2	O75340;O75340-2				140586
O75347	O75347;O75347-2				1.67504e+06
O75354;O75354-2;O75354-3	O75354;O75354-2;O75354-3				837465
O75368	O75368				2.832e+06
O75467;Q6AW86	O75467;Q6AW86				5.05811e+06
O75487	O75487;O75487-2				297110
O75493	O75493				4.186e+06
O75503	O75503				1.99077e+06
O75509	O75509				2.50941e+07
O75629	O75629				4.79217e+06
O75636;O75636-2	O75636;O75636-2				388179
O75752	O75752				4.76249e+06
O75781;O75781-2	O75781;O75781-2				5.68894e+06
O75787;O75787-2	O75787;O75787-2				4.53397e+06
O75828	O75828				2.12349e+06
O75874	O75874				1.57019e+06
O75882-2;O75882-3	O75882;O75882-2;O75882-3				6.78675e+06
O75973	O75973				694100
O75976	O75976				1.88573e+06
O76031	O76031				1.66319e+06
O76061	O76061				2.78359e+06
O76070	O76070				1.01384e+06
O94760	O94760;O94760-2				1.2648e+07
O94766	O94766;O94766-2				2.36922e+06
O94769	O94769;O94769-2				4.65294e+06
O94772;O94772-2	O94772;O94772-2				7.97588e+07
O94779;O94779-2	O94779;O94779-2;O94779-4				1.56655e+06
O94813;O94813-2;O94813-3	O75093;O94813;O75093-2;O94813-2;O94813-3				626748
O94856-11	O94856;O94856-10;O94856-11;O94856-12;O94856-13;O94856-3;O94856-4;O94856-5;O94856-6;O94856-7;O94856-8;O94856-9				2.58305e+07
O94898	O94898				897916
O94910	O94910;O94910-2				9.17452e+06
O94919	O94919				3.93767e+07
O94933	O94933				2.15206e+06
O94985	O94985				2.04872e+06
O94985-2	O94985;O94985-2				2.37947e+08
O94991	O94991;O94991-2				4.44194e+06
O95084;O95084-2	O95084;O95084-2				1.04412e+06
O95157	O95157				1.92995e+06
O95158	O95158				1.32917e+07
O95159	O95159				1.09873e+06
O95185;O95185-2	O95185;O95185-2				2.23985e+06
O95196;O95196-2	O95196;O95196-2				8.57869e+06
O95206;O95206-2	O95206;O95206-2				9.55933e+06
O95292	O95292;Q9P0L0;O95292-2;Q9P0L0-2				5.50691e+06
O95297;O95297-2;O95297-3	O95297;O95297-2;O95297-3;O95297-4				1.46396e+06
O95336	O95336				502824
O95390	O95390				1.29617e+06
O95428;O95428-5;O95428-6	O95428;O95428-3;O95428-4;O95428-5;O95428-6				7.7211e+06
O95445	O95445;O95445-2				1.52664e+07
O95450;O95450-2	O95450;O95450-2				1.69423e+06
O95461;O95461-2	O95461;O95461-2				2.43937e+06
O95467	O95467				1.18497e+06
O95479;O95479-2	O95479;O95479-2				616587
O95490;O95490-2;O95490-3;O95490-4;O95490-5;O95490-6;O95490-7	O95490;O95490-2;O95490-3;O95490-4;O95490-5;O95490-6;O95490-7				1.21901e+06
O95497	O95497				864895
O95502	O95502				2.10384e+08
O95633;O95633-2	O95633;O95633-2				1.38888e+06
O95747	O95747				138320
O95803;O95803-3;Q9H3R1	O95803;Q9H3R1;O95803-3;Q9H3R1-2				822367
O95841	O95841				1.16701e+06
O95865	O95865				1.20529e+06
O95897	O95897				1.0568e+06
O95967	O95967				6.97561e+06
O95970;O95970-3	O95970;O95970-2;O95970-3				404586
O95980	O95980				2.35179e+06
O95998	O95998				1.20718e+06
P00338;P00338-3	P00338;P00338-3;P00338-4				8.33448e+06
P00352	P00352				385017
P00390;P00390-2;P00390-3	P00390;P00390-2;P00390-3;P00390-4;P00390-5				2.9377e+06
P00441	P00441				4.48511e+08
P00450	P00450				8.32118e+07
P00488	P00488				574568
P00492	P00492				3.96443e+06
P00505	P00505;P00505-2				2.65297e+07
P00533;P00533-3;P00533-4	P00533;P00533-2;P00533-3;P00533-4				1.50048e+06
P00558	P00558;P00558-2				6.03148e+06
P00568	P00568				681328
P00734	P00734				2.25779e+07
P00736	P00736				1.06444e+08
P00738	P00738;P00738-2				2.88823e+08
P00739	P00739;P00739-2				2.83045e+06
P00740;P00740-2	P00740;P00740-2				1.43061e+06
P00742	P00742				1.35959e+07
P00746	P00746				1.40841e+07
P00747	P00747				5.10144e+07
P00748	P00748				3.86959e+07
P00751	P00751;P00751-2				8.46014e+07
P01008	P01008				2.18325e+08
P01009	P01009;P01009-2;P01009-3				1.834e+09
P01011	P01011				5.84533e+08
P01019	P01019				4.42309e+08
P01023	P01023				3.92084e+08
P01024	P01024				4.652e+08
P01031	P01031				1.18755e+07
P01033	P01033				2.67977e+07
P01034	P01034				4.02057e+09
P01036;P01037	P01036;P01037				1.33026e+06
P01042	P01042;P01042-2;P01042-3				1.6513e+08
P01042-2;P01042-3	P01042-2;P01042-3				3.14959e+07
P01127;P01127-2	P01127;P01127-2				5.83086e+07
P01130;P01130-2;P01130-3;P01130-4;P01130-5;P01130-6	P01130;P01130-2;P01130-3;P01130-4;P01130-5;P01130-6				724430
P01210	P01210				8.18293e+07
P01213	P01213				3.41025e+06
P01236	P01236				194863
P01258;P01258-2;P06881	P01258;P06881;P10092;P01258-2				168936
P01282;P01282-2	P01282;P01282-2				2.42542e+06
P01303	P01303				1.00675e+07
P01344;P01344-2;P01344-3	P01344;P01344-2;P01344-3				2.91646e+07
P01591	P01591				9.64429e+06
P01593;P01594	P01593;P01594				1.62483e+07
P01599	P01599				1.14476e+06
P01602	P01602				1.2282e+06
P01619	P01619				1.59153e+08
P01700	P01700				1.99038e+07
P01701	P01701				1.14252e+07
P01705	P01705				471963
P01709	P01709				1.52924e+06
P01714	P01714				3.47517e+06
P01717;P01718	P01717;P01718				3.56866e+06
P01721	P01721				896082
P01743	P23083;P01743;A0A0C4DH29;A0A0C4DH31;A0A0C4DH33;A0A0J9YVY3;P0DP01				3.12132e+06
P01768;P0DP03	P01768;P01772;P0DP02;P0DP03				1.5904e+07
P01780	P01780				1.90197e+07
P01814	P01814				1.22494e+06
P01817	P01817				1.82901e+06
P01833	P01833				2.09796e+06
P01834	P01834				4.84965e+07
P01857;P01857-1;P0DOX5	P01857;P01859;P0DOX5;P01857-1;P01859-1				1.23309e+09
P01859;P01859-1	P01859;P01859-1				1.57401e+08
P01860;P01860-1	P01860;P01860-1				5.07812e+07
P01861;P01861-1	P01861;P01861-1				2.00414e+08
P01871;P01871-1	P01871;P0DOX6;P01871-1				6.93842e+07
P01876;P01876-1	P01876;P01876-1				1.52869e+08
P01889	P01889;P04439;P04439-2				4.05101e+06
P01903	P01903;P01906				1.202e+06
P01911;P04440	P01911;P04440				1.23593e+06
P02042;P68871	P02042;P68871				676132
P02144	P02144				234136
P02452	P02452				1.8443e+07
P02461	P02461;P02461-2				3.40431e+06
P02462	P02462				3.73338e+06
P02533;Q04695	P02533;P08727;P08779;P19012;Q04695;P19012-2				180077
P02538;P04259;P48668	P02538;P04259;P48668				8.46632e+06
P02647	P02647				1.02719e+09
P02649	P02649				3.96622e+09
P02652	P02652				2.45552e+08
P02654	P02654				2.2592e+07
P02655	P02655				2.26528e+06
P02656	P02656				3.89762e+06
P02671	P02671;P02671-2				7.03202e+07
P02675	P02675				6.08692e+07
P02679;P02679-2	P02679;P02679-2				4.97049e+07
P02686;P02686-3;P02686-4;P02686-5;P02686-6	P02686;P02686-3;P02686-4;P02686-5;P02686-6				222541
P02741	P02741;P02741-2				2.13119e+06
P02743	P02743				3.10298e+06
P02745	P02745				6.56456e+07
P02746	P02746				8.07798e+07
P02747	P02747				1.42133e+08
P02748	P02748				2.16805e+07
P02749	P02749				6.38464e+07
P02750	P02750				6.69494e+07
P02751;P02751-1	P02751;P02751-1;P02751-10;P02751-11;P02751-12;P02751-13;P02751-14;P02751-16;P02751-17;P02751-2;P02751-3;P02751-4;P02751-5;P02751-6;P02751-7;P02751-8;P02751-9				3.96807e+08
P02753	P02753				8.6096e+07
P02760	P02760				5.26542e+07
P02763	P02763				1.27857e+09
P02765	P02765				1.85798e+08
P02766	P02766				7.92194e+08
P02768	P02768				1.07067e+10
P02774;P02774-3	P02774;P02774-2;P02774-3				5.65943e+08
P02786	P02786				1.47248e+06
P02787	P02787				2.36931e+09
P02788;P02788-2	P02788;P02788-2				3.73031e+06
P02790	P02790				1.0605e+09
P02792	P02792				1.87014e+06
P02794	P02794				4.96958e+06
P03950	P03950				1.49239e+06
P03951	P03951				1.90025e+06
P03952	P03952				6.17179e+06
P04003	P04003				968045
P04004	P04004				8.68784e+07
P04040	P04040				683109
P04062;P04062-2;P04062-4;P04062-5	P04062;P04062-2;P04062-4;P04062-5				1.73042e+06
P04066	P04066				3.27436e+06
P04070;P04070-2	P04070;P04070-2				4.32969e+06
P04075	P04075;P09972;P04075-2				4.34745e+07
P04080	P04080				5.57102e+06
P04085;P04085-2	P04085;P04085-2				4.81313e+06
P04114	P04114				5.20172e+07
P04156	P04156				3.42463e+08
P04179	P04179;P04179-2;P04179-3;P04179-4				8.92886e+06
P04180	P04180				1.40488e+07
P04196	P04196				9.03108e+07
P04211	P04211				628890
P04216	P04216				4.82385e+08
P04217	P04217;P04217-2				2.90944e+08
P04217-2	P04217-2				1.27115e+06
P04264	P04259;P04264				1.01199e+07
P04271	P04271				1.42079e+06
P04275	P04275				4.44633e+06
P04278	P04278;P04278-2;P04278-3;P04278-4;P04278-5				7.24084e+06
P04406	P04406;P04406-2				8.63867e+06
P04424;P04424-2;P04424-3	P04424;P04424-2;P04424-3				67470.6
P04430	P04430				6.55011e+06
P04439;P04439-2	P04439;P04439-2				6.97655e+06
P04629;P04629-2;P04629-3;P04629-4	P04629;P04629-2;P04629-3;P04629-4				165380
P04746	P04746;P0DTE7;P0DTE8;P0DUB6;P19961;P19961-2;P04746-2				1.62058e+06
P04792	P04792				538989
P05023;P05023-2;P05023-4	P05023;P05023-2;P05023-4				1.26679e+06
P05026;P05026-2	P05026;P05026-2				1.16951e+06
P05060	P05060				2.85887e+08
P05067;P05067-11;P05067-8	P05067;P05067-4;P05067-10;P05067-11;P05067-3;P05067-5;P05067-6;P05067-7;P05067-8;P05067-9				9.57795e+07
P05090	P05090				1.29531e+09
P05107	P05107				1.6042e+06
P05121	P05121				433431
P05154	P05154				7.95277e+06
P05155;P05155-3	P05155;P05155-2;P05155-3				5.39803e+08
P05156	P05156				1.90792e+07
P05160	P05160				3.28887e+06
P05186;P05186-2;P05186-3	P05186;P05186-2;P05186-3				121760
P05362	P05362				2.33897e+06
P05408;P05408-2	P05408;P05408-2				1.84743e+08
P05413	P05413				6.53558e+06
P05451	P05451;P48304				270248
P05452	P05452				1.55969e+08
P05543	P05543				7.29485e+06
P05546	P05546				7.57681e+07
P05556;P05556-2;P05556-3;P05556-4;P05556-5	P05556;P05556-2;P05556-5;P05556-3;P05556-4				1.16945e+06
P05937	P05937;P05937-2				6.10494e+06
P05997	P05997				1.11716e+06
P06276	P06276				3.50318e+06
P06280	P06280				221225
P06307	P06307				2.34154e+07
P06310	P06310				3.5833e+07
P06312	P06312				2.87639e+07
P06331	P01824;P01825;P06331;A0A0C4DH41;P0DP06;P0DP08				3.69881e+07
P06396	P06396;P06396-2;P06396-3;P06396-4				4.62904e+08
P06396-2	P06396-2				2.5122e+06
P06681	P06681;P06681-2;P06681-3				3.081e+07
P06703	P06703				1.05966e+06
P06727	P06727				7.75581e+07
P06733	P06733;P06733-2				5.91037e+06
P06744;P06744-2	P06744;P06744-2				3.91728e+06
P06865	P06865				1.08613e+07
P07093-2;P07093-3	P07093;P07093-2;P07093-3				3.58017e+07
P07108;P07108-2;P07108-3;P07108-4;P07108-5	P07108;P07108-2;P07108-3;P07108-4;P07108-5;P07108-6				1.90743e+07
P07195	P00338;P07195;P07864;Q6ZMR3;P00338-3;P00338-2;P00338-4;P00338-5				6.06682e+07
P07196	P07196				173234
P07225	P07225				3.47074e+07
P07237	P07237				1.74596e+06
P07311	P07311				1.78303e+06
P07333	P07333;P07333-2				6.9837e+07
P07339	P07339				6.98586e+07
P07357	P07357				1.48642e+07
P07358	P07358				1.77941e+07
P07360	P07360				7.66311e+06
P07492-2	P07492;P07492-2;P07492-3				271646
P07585	P07585				6.69542e+06
P07602;P07602-2;P07602-3	P07602;P07602-2;P07602-3				6.27091e+07
P07686	P07686				8.81678e+06
P07711	P07711;P07711-3				9.07815e+06
P07737	P07737				3.07816e+06
P07858	P07858				1.81917e+07
P07900;P07900-2	P07900;P07900-2				3.27936e+06
P07942	P07942				4.06254e+06
P07996	P07996;P07996-2				2.27463e+06
P07998	P07998				4.58577e+07
P08123	P08123				1.14509e+07
P08133;P08133-2	P08133;P08133-2				112141
P08174;P08174-2;P08174-3;P08174-4;P08174-5;P08174-6;P08174-7	P08174;P08174-2;P08174-3;P08174-4;P08174-5;P08174-6;P08174-7				4.13908e+06
P08185	P08185				3.4764e+07
P08195;P08195-2;P08195-3;P08195-4;P08195-5	P08195;P08195-4;P08195-2;P08195-3;P08195-5				1.02362e+07
P08236;P08236-2;P08236-3	P08236;P08236-2;P08236-3				549812
P08238	P07900;P08238;P07900-2				650072
P08253	P08253;P08253-2;P08253-3				1.42726e+07
P08254	P08254;P09238				898352
P08294	P08294				1.17448e+08
P08493-2	P08493;P08493-2				1.36644e+07
P08571	P08571				1.46524e+08
P08572	P08572				2.02082e+06
P08581;P08581-2	P08581;P08581-2				1.11322e+06
P08582	P08582;P08582-2				1.57291e+06
P08603	P08603				1.09943e+08
P08637	P08637				7.17704e+06
P08670	P08670				2.15928e+06
P08697	P08697;P08697-2				1.01066e+08
P08758	P08758				1.89893e+06
P08949;P08949-2	P08949;P08949-2				229757
P09104	P09104;P09104-2				6.29461e+06
P09211	P09211				7.2472e+06
P09382	P09382				1.24494e+07
P09417	P09417;P09417-2				1.49907e+07
P09486	P09486				4.82671e+07
P09493;P09493-10;P09493-2;P09493-3;P09493-4;P09493-5;P09493-6;P09493-7;P09493-8;P09493-9	P06753;P07951;P09493;P09493-10;P67936;P07951-2;P09493-5;P06753-2;P06753-3;P09493-2;P09493-3;P09493-4;P09493-6;P09493-7;P09493-8;P09493-9;P06753-4;P06753-5;P06753-6;P07951-3;P67936-2				1.13544e+06
P09529	P09529				349322
P09603	P09603				6.11641e+07
P09619	P09619;P09619-2				5.73173e+06
P09622	P09622;P09622-2				2.91231e+06
P09668	P09668				8.07873e+06
P09871	P09871				1.42384e+08
P09936	P09936				2.08423e+06
P09958	P09958				748896
P09960;P09960-2;P09960-3;P09960-4	P09960;P09960-2;P09960-3;P09960-4				325613
P09972	P09972				5.23849e+07
P0C0L4;P0C0L4-2	P0C0L4;P0C0L4-2				6.86386e+07
P0C0L5	P0C0L4;P0C0L5;P0C0L4-2				2.53153e+08
P0C6S8	P0C6S8				1.24674e+06
P0CG47;P0CG48	P0CG47;P0CG48;P62979;P62987				4.1673e+08
P0DMQ5	P0DMQ5				1.17646e+07
P0DMV8;P0DMV8-2;P0DMV9	P0DMV8;P0DMV9;P0DMV8-2				6.17352e+06
P0DOX2	P01876;P01877;P01876-1;P01877-1;P0DOX2				1.97487e+08
P0DOX3	P0DOX3				6.26076e+06
P0DOX7	P01834;P0DOX7				3.88112e+08
P0DOY3	P0DOY2;P0DOY3				1.49295e+08
P0DP23;P0DP24;P0DP25	P0DP23;P0DP24;P0DP25;P27482				7.05906e+06
P0DP58	P0DP58				8.18768e+06
P0DTE1	P0DTE1				545646
P10124	P10124				1.97239e+06
P10153	P10153				2.76682e+06
P10253	P10253				1.68302e+06
P10321;P10321-2	P10321;P10321-2				3.06696e+06
P10451-3	P10451-3				3.58987e+07
P10451-5	P10451;P10451-4;P10451-5				3.48008e+08
P10451;P10451-4	P10451;P10451-4				6.53829e+06
P10586;P10586-2	P10586;P23468;P10586-2;P23468-3;P23468-4;P23468-5;P23468-6;P23468-7				1.21461e+07
P10599	P10599;P10599-2				1.665e+07
P10619;P10619-2	P10619;P10619-2				210838
P10636-2;P10636-6	P10636-6;P10636-2				2.07195e+06
P10636-4;P10636-7	P10636-4;P10636-7				1.39977e+06
P10643	P10643				6.11318e+07
P10644;P10644-2	P10644;P10644-2				1.55614e+06
P10645	P10645				1.39516e+09
P10721;P10721-2	P10721;P10721-2				5.75322e+06
P10745	P10745				2.3272e+06
P10768	P10768				2.32974e+06
P10909-6	P10909;P10909-4;P10909-6;P10909-2;P10909-3;P10909-5				1.59537e+09
P10915	P10915				92665
P11021	P11021				4.15084e+07
P11047	P11047				5.71744e+06
P11117	P11117				1.25885e+06
P11137;P11137-3	P11137;P11137-3				84667.7
P11142	P11142				1.01722e+07
P11215;P11215-2	P11215;P11215-2				673706
P11226	P11226				891556
P11279	P11279;P11279-2				8.84067e+06
P11362-16	P11362;P11362-10;P11362-11;P11362-16;P11362-2;P11362-20;P11362-3;P11362-4;P11362-8;P11362-9				716306
P11362-21;P11362-7	P11362;P11362-10;P11362-11;P11362-12;P11362-13;P11362-14;P11362-16;P11362-18;P11362-19;P11362-2;P11362-20;P11362-21;P11362-3;P11362-4;P11362-5;P11362-6;P11362-7;P11362-8;P11362-9				1.3259e+07
P11597	P11597;P11597-2				682059
P11717	P11717				3.6061e+06
P12107;P12107-2;P12107-3;P12107-4	P12107;P12107-2;P12107-3;P12107-4				440732
P12109	P12109				3.44763e+07
P12110	P12110;P12110-2;P12110-3				2.02764e+06
P12111	P12111;P12111-2;P12111-4				1.84441e+07
P12111-4	P12111-4				925179
P12259	P12259				4.90545e+06
P12272;P12272-2;P12272-3	P12272;P12272-2;P12272-3				1.32616e+06
P12277	P12277				1.4099e+06
P12318;P12318-2	P12318;P31994;P31995;P12318-2;P31994-2;P31994-3;P31994-4;P31994-5;P31995-2;P31995-3;P31995-4				6.53615e+06
P12532;P12532-2	P12532;P12532-2				648520
P12821;P12821-2	P12821;P12821-2				2.96975e+06
P12830;P12830-2	P12830;P12830-2				874740
P12955;P12955-2	P12955;P12955-2				1.46447e+06
P13473;P13473-2;P13473-3	P13473;P13473-2;P13473-3				2.96578e+08
P13489	P13489				710775
P13497;P13497-2;P13497-3;P13497-4;P13497-5;P13497-6	P13497;P13497-2;P13497-3;P13497-4;P13497-5;P13497-6				2.30843e+06
P13521	P13521				1.75249e+08
P13591	P13591;P13591-1;P13591-3;P13591-4;P13591-5;P13591-6				2.40831e+08
P13591-3	P13591-1;P13591-3;P13591-4				6.80818e+07
P13598	P13598				1.75865e+06
P13611;P13611-5	P13611;P13611-2;P13611-3;P13611-4;P13611-5				1.44675e+07
P13637;P13637-2;P13637-3	P13637;P13637-2;P13637-3				4.09604e+06
P13645	P13645				4.50686e+06
P13647	P02538;P13647;P48668				279487
P13667	P13667				871807
P13671	P13671				1.07642e+07
P13693	P13693				195274
P13747	P13747				1.26867e+06
P13796	P13796;P13796-2				6.86775e+06
P13797;P13797-2;P13797-3	P13797;P13797-2;P13797-3				656437
P13987;P13987-2	P13987;P13987-2				4.27047e+07
P14136	P14136				6.21487e+06
P14138;P14138-2	P14138;P14138-2				1.62309e+06
P14151;P14151-2	P14151;P14151-2				5.27585e+06
P14174	P14174				2.78506e+07
P14207	P14207				4.69972e+06
P14209;P14209-3	P14209;P14209-3				918456
P14314-2	P14314;P14314-2				7.85379e+06
P14324;P14324-2	P14324;P14324-2				657768
P14384	P14384				974691
P14415	P14415				2.40894e+06
P14543	P14543;P14543-2				8.77999e+06
P14550	P14550				584508
P14618-2	P14618;P14618-2;P14618-3				3.79699e+07
P14618;P14618-3	P14618;P14618-3				238295
P14621	P14621				3.58897e+06
P14625	P14625;Q58FF3				1.11755e+07
P14778	P14778				37895
P15086	P15085;P15086				5.08208e+06
P15090	P15090				776115
P15121	P15121				1.10211e+06
P15144	P15144				1.26766e+06
P15151;P15151-2;P15151-3;P15151-4	P15151;P15151-2;P15151-3;P15151-4				7.20414e+06
P15169	P15169				2.05268e+06
P15259	P15259				202639
P15289;P15289-2	P15289;P15289-2				1.01719e+06
P15291;P15291-2	P15291;P15291-2				3.12921e+06
P15311	P15311				1.30439e+06
P15502-1;P15502-2;P15502-4;P15502-5	P15502-1;P15502-2;P15502-4;P15502-5				804223
P15509;P15509-2;P15509-3;P15509-5;P15509-7	P15509;P15509-3;P15509-2;P15509-5;P15509-7;P15509-8				2.45335e+06
P15531;P15531-2	P15531;P22392;O60361;P22392-2;P15531-2				3.12738e+06
P15586;P15586-2	P15586;P15586-2				2.51182e+06
P15848;P15848-2	P15848;P15848-2				91170.5
P16035	P16035				1.0921e+07
P16070;P16070-10;P16070-11;P16070-12;P16070-13;P16070-14;P16070-15;P16070-16;P16070-17;P16070-18;P16070-3;P16070-4;P16070-5;P16070-6;P16070-7;P16070-8;P16070-9	P16070;P16070-10;P16070-11;P16070-12;P16070-13;P16070-14;P16070-15;P16070-16;P16070-17;P16070-18;P16070-3;P16070-4;P16070-5;P16070-6;P16070-7;P16070-8;P16070-9				1.3628e+08
P16083	P16083				2.77184e+06
P16112;P16112-2	P16112;P16112-2;P16112-3				2.52667e+06
P16152	P16152				2.57672e+06
P16234;P16234-3	P16234;P16234-2;P16234-3				1.21548e+06
P16519;P16519-2;P16519-3	P16519;P16519-2;P16519-3				3.25323e+06
P16870;P16870-2	P16870;P16870-2				7.20769e+07
P16930;P16930-2	P16930;P16930-2				383017
P16949;P16949-2	P16949;P16949-2				8.03076e+06
P17050	P17050				244761
P17174	P17174;P17174-2				7.044e+07
P17302	P17302				142060
P17405;P17405-4	P17405;P17405-4				2.41554e+06
P17600;P17600-2	P17600;P17600-2				528202
P17677;P17677-2	P17677;P17677-2				1.18218e+07
P17813;P17813-2	P17813;P17813-2				175204
P17900	P17900				1.44781e+08
P17931	P17931				1.91614e+06
P17936;P17936-2	P17936;P17936-2				5.64953e+06
P18065	P18065				4.87311e+07
P18075	P18075				104725
P18206;P18206-2	P18206;P18206-2				2.01283e+06
P18428	P18428				3.50157e+06
P18509	P18509				1.51889e+06
P18669	P18669;Q8N0Y7				1.22375e+07
P18850	P18850				411530
P19021;P19021-5;P19021-6	P19021;P19021-3;P19021-4;P19021-2;P19021-5;P19021-6				7.95317e+07
P19022	P19022;P19022-2				1.15869e+08
P19256;P19256-2;P19256-3	P19256;P19256-2;P19256-3				533940
P19320	P19320;P19320-2;P19320-3				7.25277e+06
P19367;P19367-2;P19367-3;P19367-4	P19367;P52789;P19367-2;P19367-3;P19367-4				1.47593e+06
P19652	P19652				1.02298e+08
P19823	P19823				2.19652e+07
P19827	P19827;P19827-2				1.54183e+07
P19835	P19835				741091
P20062	P20062				7.34756e+06
P20138;P20138-2;P20138-3	P20138;P20138-2;P20138-3				2.71855e+06
P20340;P20340-2;Q9NRW1	P20340;Q9NRW1;P20340-2;P20340-4;Q9NRW1-2				194704
P20366;P20366-2	P20366;P20366-2;P20366-3;P20366-4				1.1446e+07
P20382	P20382				606003
P20396	P20396				123918
P20472	P20472				1.21292e+07
P20618	P20618				6.2924e+06
P20742	P20742;P20742-2				397928
P20774	P20774				7.20092e+07
P20827	P20827;P20827-2				8.60102e+06
P20908;P20908-2	P20908;P20908-2				657999
P20916;P20916-2;P20916-3	P20916;P20916-2;P20916-3				5.79988e+06
P20933	P20933				1.38055e+07
P21266	P21266				624040
P21333;P21333-2	P21333;P21333-2				2.34216e+06
P21453	P21453				496237
P21554	P21554				1.91788e+06
P21579	P21579				2.75497e+06
P21583;P21583-2;P21583-3	P21583;P21583-2;P21583-3				1.29893e+06
P21589;P21589-2	P21589;P21589-2				198815
P21802;P21802-16;P21802-2;P21802-5;P21802-6;P21802-8	P21802;P21802-3;P21802-14;P21802-15;P21802-16;P21802-17;P21802-18;P21802-19;P21802-2;P21802-23;P21802-5;P21802-6;P21802-8				6.58615e+06
P21810	P21810				1.24265e+06
P21860;P21860-4	P21860;P21860-4				763627
P21926	P21926				649754
P22004	P22004				337592
P22061;P22061-2	P22061;P22061-2				9.5448e+06
P22105;P22105-1;P22105-4	P22105;P22105-1;P22105-4				7.79263e+06
P22223;P22223-2	P22223;P22223-2				229640
P22303	P22303;P22303-2;P22303-3;P22303-4				1.3123e+06
P22304	P22304				1.5483e+07
P22352	P22352				2.83796e+07
P22607;P22607-2;P22607-3;P22607-4	P22455;P22607;P22455-2;P22607-2;P22607-3;P22607-4				2.19007e+07
P22676	P22676				781025
P22692;P22692-2	P22692;P22692-2				6.82517e+07
P22748	P22748				8.17279e+06
P22792	P22792				3.39107e+06
P22794;P22794-2	P22794;P22794-2				3.31352e+06
P22891;P22891-2	P22891;P22891-2				1.51196e+06
P22897	P22897				4.88817e+06
P23142	P23142				1.43122e+08
P23142-4	P23142-4				1.72469e+08
P23284	P23284				1.65475e+07
P23297	P23297				9.27866e+06
P23435	P23435				1.58552e+07
P23467;P23467-2;P23467-3;P23467-4	P23467;P23467-2;P23467-3;P23467-4				146435
P23468-2	P10586;P23468;P10586-2;P23468-2;P23468-3;P23468-4;P23468-5;P23468-6;P23468-7				1.59276e+07
P23468-7	P23468-4;P23468-5;P23468-6;P23468-7				1.99077e+06
P23470;P23470-2	P23470;P23470-2				1.73604e+07
P23471;P23471-2	P23471;P23471-2;P23471-3				3.2624e+07
P23515	P23515				1.41267e+08
P23526;P23526-2	P23526;P23526-2				259782
P23528	P23528;Q9Y281;Q9Y281-3				1.95371e+06
P23560;P23560-2;P23560-3;P23560-4;P23560-5	P23560;P23560-2;P23560-3;P23560-4;P23560-5				2.46543e+06
P23582	P23582				3.13324e+07
P23588;P23588-2	P23588;P23588-2				79523.8
P24043	P24043				1.25462e+07
P24347	P24347				1.65298e+07
P24387	P24387				298888
P24592	P24592				1.13299e+08
P24593	P24593				8.08718e+06
P24666;P24666-2;P24666-3;P24666-4	P24666;P24666-2;P24666-3;P24666-4				2.28538e+06
P24821;P24821-4	P24821;P24821-2;P24821-3;P24821-4;P24821-5;P24821-6				769086
P25189;P25189-2	P25189;P25189-2				123786
P25311	P25311				7.57632e+07
P25686;P25686-2	P25686;P25686-2				491933
P25713	P25713				1.22422e+07
P25774	P25774;P25774-2				5.55586e+06
P25788;P25788-2	P25788;P25788-2				267294
P26038	P26038				5.70355e+06
P26447	P26447				620396
P26572	P26572				3.9857e+06
P26641;P26641-2	P26641;P26641-2				829539
P26927	P26927;Q2TV78;Q2TV78-2				3.04529e+06
P26992	P26992				2.1836e+07
P27169	P27169				4.64018e+06
P27348	P27348				185889
P27658	P27658				451088
P27694	P27694				2.45514e+06
P27797	P27797				3.33048e+07
P27824;P27824-2	P27824;P27824-2;P27824-3				4.82708e+06
P28074	P28074;P28074-2				625308
P28161;P28161-2	P28161;P28161-2				280367
P28300	P28300				1.31467e+06
P28799;P28799-2	P28799;P28799-2				2.31122e+06
P28827;P28827-2	P28827;P28827-2				1.3749e+06
P29120;P29120-2	P29120;P29120-2				1.36158e+07
P29218;P29218-3	P29218;P29218-3;P29218-2				4.19827e+06
P29279;P29279-2	P29279;P29279-2				996554
P29323;P29323-2;P29323-3	P29323;P29323-3;P29323-2				8.63663e+06
P29401;P29401-2	P29401;P29401-2				1.33428e+06
P29622	P29622				1.25651e+07
P29762	P29762				605386
P29966	P29966				4.07475e+06
P30041	P30041				1.65503e+06
P30043	P30043				400950
P30044;P30044-2	P30044;P30044-2;P30044-3				318936
P30048;P30048-2	P30048;P30048-2				1.63452e+06
P30086	P30086				5.04278e+07
P30101	P30101				4.38917e+06
P30530;P30530-2	P30530;P30530-2				1.27807e+07
P30533	P30533				511773
P30711	P30711				465934
P30740	P30740				1.23825e+06
P30990	P30990				368100
P31146	P31146				901635
P31150	P31150				2.77376e+07
P31153	P31153;P31153-2				446551
P31321	P31321				907340
P31946;P31946-2	P31946;P31946-2				1.81347e+06
P32004;P32004-2;P32004-3	P32004;P32004-2;P32004-3				1.35542e+07
P32119	P32119				6.66795e+06
P32971	P32971				460026
P33151	P33151;P33151-2				3.18141e+06
P33908	P33908				2.75801e+07
P34059	P34059				4.27396e+06
P34096	P34096				5.26768e+06
P34741	P34741				823476
P34932	P34932				290710
P34949	P34949;P34949-2				5.37688e+07
P35030;P35030-2;P35030-3;P35030-4;P35030-5	P35030;P35030-2;P35030-3;P35030-4;P35030-5				1.17209e+06
P35052	P35052				1.0681e+07
P35080	P35080				1.01333e+06
P35237	P35237				2.33118e+06
P35318	P35318				4.62617e+06
P35442	P35442				1.49427e+06
P35443	P35443				5.36897e+06
P35527	P35527				2.09266e+06
P35542	P35542				1.76994e+07
P35555	P35555				3.72261e+06
P35590	P35590				1.58395e+06
P35613;P35613-2;P35613-3;P35613-4	P35613;P35613-2;P35613-3;P35613-4				4.29913e+06
P35749;P35749-2;P35749-3;P35749-4	P35749;P35749-2;P35749-3;P35749-4				81437.7
P35858;P35858-2	P35858;P35858-2				5.88287e+06
P35908	P35908				1.2109e+06
P35968;P35968-2;P35968-3	P35968;P35968-2;P35968-3				748556
P36222	P36222				2.26446e+08
P36269;P36269-2;P36269-3	P36269;P36269-2;P36269-3				172057
P36871	P36871;P36871-2				1.85621e+06
P36955	P36955				3.39377e+08
P36957	P36957;P36957-2				4.10589e+07
P36980;P36980-2;Q03591	P36980;Q03591;P36980-2				5.00128e+06
P37173;P37173-2	P37173;P37173-2				3.16203e+06
P37235;P61601;P84074	P37235;P61601;P84074				1.5363e+06
P37802;P37802-2	P37802;P37802-2				618274
P37837;P37837-2	P37837;P37837-2				7.7402e+06
P38571;P38571-2	P38571;P38571-2				1.96807e+06
P39059	P39059				1.11305e+07
P39060;P39060-1;P39060-2	P39060;P39060-1;P39060-2				3.37523e+07
P39748;P39748-2	P39748;P39748-2				999012
P40121;P40121-2	P40121;P40121-2				1.90743e+06
P40189	P40189;P40189-3				2.10122e+07
P40925;P40925-3	P40925;P40925-3				4.36889e+07
P40926	P40926;P40926-2				3.73833e+06
P41217;P41217-2;P41217-3	P41217;P41217-2;P41217-3				7.54196e+06
P41222	P41222				7.83577e+09
P41271;P41271-2	P41271;P41271-2				1.98628e+08
P42262;P42262-2;P42262-3	P42262;P42262-2;P42262-3				2.15979e+06
P42658;P42658-2	P42658;P42658-2				8.4032e+06
P42785	P42785;P42785-2				4.0277e+06
P42857;P42857-2	P42857;P42857-2				1.85613e+06
P43004;P43004-2;P43004-3	P43004;P43004-2;P43004-3				557604
P43121	P43121;P43121-2				1.6841e+07
P43146	P43146				8.90662e+06
P43234	P43234				2.5851e+06
P43251;P43251-2;P43251-3;P43251-4	P43251;P43251-2;P43251-3;P43251-4				4.47554e+07
P43652	P43652				9.48024e+07
P45877	P45877				1.69616e+07
P46459	P46459				2.78391e+06
P46926;P46926-2	P46926;P46926-2				340953
P47972	P47972				1.37779e+07
P48058;P48058-2	P48058;P48058-2				1.61918e+07
P48061;P48061-2;P48061-3;P48061-4;P48061-5;P48061-6	P48061;P48061-2;P48061-3;P48061-4;P48061-5;P48061-6				956532
P48066;P48066-2	P48066;P48066-2				403094
P48147	P48147				1.19485e+06
P48163	P48163				788134
P48539	P48539				1.77612e+06
P48551;P48551-2;P48551-3	P48551;P48551-2;P48551-3				1.31822e+06
P48637	P48637;P48637-2				6.85015e+06
P48723	P48723				1.65104e+06
P48740-2;P48740-4	P48740-2;P48740-4				2.60455e+06
P48740-3	P48740;P48740-2;P48740-3;P48740-4				4.92692e+06
P48745	P48745				3.82999e+06
P49184	P49184				1.40514e+06
P49221	P49221				7.17771e+06
P49257	P49257				4.93476e+06
P49418;P49418-2	P49418;P49418-2				2.80285e+06
P49588;P49588-2	P49588;P49588-2				143136
P49641	P49641;P49641-1;P49641-2				1.72297e+07
P49720	P49720				112963
P49747;P49747-2	P49747;P49747-2				2.20294e+06
P49767	P49767				183580
P49908	P49908				1.21793e+07
P50281	P50281				3.14776e+06
P50395;P50395-2	P50395;P50395-2				2.9102e+06
P50502	P50502;Q8IZP2				1.34815e+06
P50895	P50895				2.29241e+06
P50897	P50897;P50897-2				1.01246e+06
P50993	P05023;P13637;P20648;P50993;P05023-2;P05023-3;P05023-4;P13637-2;P13637-3				5.03964e+06
P51512;P51512-2	P51512;P51512-2				1.49024e+06
P51674;P51674-2;P51674-3	P51674;P51674-2;P51674-3				278705
P51693	P51693;P51693-2				9.65402e+08
P51693-2	P51693-2				1.4624e+07
P51805	P51805				208449
P51812	P51812;Q15418;Q15418-2;Q15418-3;Q15418-4				1.59761e+06
P51884	P51884				3.50049e+07
P51888	P51888				6.21579e+06
P52565;P52565-2	P52565;P52565-2				144330
P52566	P52566				520417
P52758	P52758				2.73724e+06
P52797	P52797				1.63682e+06
P52799	P52799				7.37363e+06
P52803	P52803				4.51574e+06
P52823;P52823-2	P52823;P52823-2				123986
P52848	P52848				866426
P52888	P52888				99261.4
P53004	P53004				302663
P53041	P53041				1.61298e+06
P53634	P53634				2.73377e+06
P54108;P54108-2;P54108-3	P54108;P54108-2;P54108-3				2.71447e+07
P54253	P54253				4.6823e+08
P54289-2;P54289-3	P54289;P54289-2;P54289-3;P54289-4;P54289-5				6.24413e+07
P54652	P54652				1.81471e+06
P54727	P54725;P54727;P54725-2;P54725-3				3.12526e+06
P54764	P54764;P54764-2				3.65284e+07
P54802	P54802				4.19701e+06
P54803	P54803;P54803-3;P54803-4;P54803-5				1.35976e+06
P55011;P55011-3	P55011;P55011-3				661165
P55056	P55056				75167.7
P55058	P55058;P55058-2;P55058-3;P55058-4				2.56984e+08
P55083;P55083-2	P55083;P55083-2				1.70178e+07
P55087;P55087-2	P55087;P55087-2				2.45021e+06
P55103	P55103				375897
P55145	P55145				3.84382e+06
P55268	P55268				1.27803e+07
P55283	P55283;P55283-2				1.68184e+07
P55285;P55285-2	P55285;P55285-2				1.04778e+07
P55286	P55286				7.11018e+06
P55287;P55287-2	P55287;P55287-2				1.16435e+07
P55289;P55289-2	P55289;P55289-2				987051
P55290;P55290-4	P55290;P55290-2;P55290-3;P55290-4;P55290-5				1.46834e+08
P55291	P55291				4.22239e+06
P55786	P55786;P55786-2				6.64854e+06
P55854;P55854-2;P61956;P61956-2;Q6EEV6	P55854;P61956;Q6EEV6;P55854-2;P61956-2				772415
P55899	P55899				689271
P55957;P55957-2	P55957;P55957-2				813428
P56159;P56159-2	P56159;P56159-2				2.30033e+06
P56199	P56199				3.11602e+06
P56817;P56817-2	P56817;P56817-2;P56817-3;P56817-4;P56817-5;P56817-6				2.45667e+06
P57087;P57087-3	P57087;P57087-2;P57087-3				2.68781e+06
P58215	P58215;P58215-2;P58215-3				402295
P58400	P58400;P58400-1				2.59948e+06
P58401	P58401				3.67556e+06
P58417	O95156;P58417				1.19216e+07
P60174;P60174-3	P60174;P60174-3;P60174-4				2.08809e+07
P60520	O95166;P60520;Q9H0R8;Q9H0R8-2				2.04009e+06
P60660;P60660-2	P60660;P60660-2				469439
P60709;P63261	P60709;P63261				3.55625e+07
P60900	P60900;P60900-2				846710
P60983	P60983				3.52458e+06
P61018;P61018-2	O95716;P20336;P20337;P20338;P61006;P61018;P61026;P61106;P62820;Q15286;Q15771;Q6IQ22;Q86YS6;Q92930;Q96AX2;Q96DA2;Q96E17;Q9H0U4;Q92928;P61006-2;Q15286-2;Q86YS6-2;P61018-2;Q15771-2;Q96AX2-2;Q96AX2-3;Q96AX2-4				1.45919e+06
P61077;P61077-2;P61077-3;P62837;P62837-2	P61077;P62837;P62837-2;P61077-2;P61077-3				703248
P61088	P61088				1.71579e+06
P61158;Q9P1U1;Q9P1U1-2	P61158;Q9P1U1;Q9C0K3;Q9P1U1-2;Q9P1U1-3				77405.9
P61204;P61204-2;P84077;P84085	P18085;P61204;P84077;P84085;P61204-2				399084
P61266;P61266-2	P61266;P61266-2				1.41779e+06
P61278	P61278				2.68764e+07
P61604	P61604				1.70341e+06
P61626	P61626				3.50066e+07
P61769	P61769				7.67365e+08
P61812;P61812-2	P61812;P61812-2				285076
P61916	P61916;P61916-2				8.65846e+07
P61970	P61970				9.40365e+06
P61981	P61981				2.69903e+06
P62258	P62258;P62258-2				4.34486e+06
P62328	P62328;P63313				2.47945e+07
P62736;P63267	P62736;P63267;P68032;P68133				2.98178e+06
P62760	P62760				133676
P62913;P62913-2	P62913;P62913-2				1.48198e+07
P62937	P62937				1.03404e+07
P62942	P62942				2.85688e+06
P62993	P62993;P62993-2				2.84147e+06
P63010;P63010-2;P63010-3	P63010;P63010-2;Q10567;Q10567-3;P63010-3;Q10567-2;Q10567-4				1.01641e+07
P63104	P63104;P63104-2				1.17323e+07
P63208	P63208;P63208-2				4.3e+06
P63241;P63241-2	P63241;Q9GZV4;Q6IS14;P63241-2				418327
P63302	P63302				862052
P67936	P67936				558938
P68036	P68036;A0A1B0GUS4;P68036-2;P68036-3				2.06538e+06
P68104;Q05639;Q5VTE0	P68104;Q05639;Q5VTE0				548284
P68363;Q71U36;Q71U36-2;Q9BQE3	P0DPH7;P0DPH8;P68363;P68366;Q6PEY2;Q71U36;Q9BQE3;P0DPH7-2;P68366-2;Q71U36-2				439276
P69849;Q15155;Q5JPE7;Q5JPE7-2	P69849;Q15155;Q5JPE7;Q5JPE7-2;Q5JPE7-3				826415
P69905	P69905				480743
P78310;P78310-2;P78310-4;P78310-5;P78310-6;P78310-7	P78310;P78310-2;P78310-4;P78310-5;P78310-6;P78310-7				1.27021e+06
P78324;P78324-2	P78324;Q9P1W8;Q5TFQ8;P78324-2;P78324-4;Q9P1W8-2;Q9P1W8-3;Q9P1W8-4				1.02079e+08
P78330	P78330				373484
P78417	P78417;P78417-3				3.04662e+06
P78504	P78504;P78504-2				500774
P78509;P78509-2	P78509;P78509-2;P78509-3				1.04619e+07
P78536;P78536-2	P78536;P78536-2				485121
P78539;P78539-2;P78539-3;P78539-5	P78539;P78539-2;P78539-3;P78539-4;P78539-5				624294
P79483;Q30154	P79483;Q30154				1.62501e+06
P80108	P80108				5.03719e+06
P80188;P80188-2	P80188;P80188-2				675892
P80303;P80303-2	P80303;P80303-2				1.74312e+06
P80404	P80404				518757
P80723	P80723;P80723-2				1.17104e+07
P80748	P80748				2.16634e+07
P81605;P81605-2	P81605;P81605-2				472518
P82987;P82987-2	P82987;P82987-2				274461
P84157-2	P84157;P84157-2;P84157-3				1.35711e+06
P98095;P98095-2	P98095;P98095-2				3.25663e+06
P98153;P98153-2;P98153-3	P98153;P98153-2;P98153-3				3.00785e+06
P98155;P98155-2	P98155;P98155-2				1.45297e+06
P98160	P98160				7.27489e+07
P98172	P98172				4.11238e+06
P98173;P98173-2;P98173-3	P98173;P98173-2;P98173-3				1.59972e+06
P99999	P99999				6.35798e+06
Q00169	Q00169				345194
Q00973	Q00973;Q00973-2;Q00973-3				1.96092e+06
Q01082	Q01082				686170
Q01151	Q01151				938617
Q01459	Q01459				7.52186e+06
Q01469	Q01469;A8MUU1				4.91004e+06
Q01973;Q01973-3;Q01974	Q01973;Q01974;Q01973-3				387013
Q01995	Q01995				3.88063e+06
Q02246	Q02246				2.27713e+07
Q02487;Q02487-2	Q02487;Q02487-2				1.04022e+07
Q02747	Q02747				655360
Q02790	Q02790				1.48994e+06
Q02809;Q02809-2	Q02809;Q02809-2				2.48287e+06
Q02818	Q02818				2.54331e+07
Q02952;Q02952-2;Q02952-3	Q02952;Q02952-2;Q02952-3				199921
Q02985;Q02985-2	Q02985;Q02985-2				3.77277e+06
Q03167;Q03167-2	Q03167;Q03167-2				4.77991e+06
Q04721	Q04721				3.82024e+06
Q04756	Q04756				1.66254e+06
Q04760;Q04760-2	Q04760;Q04760-2				2.87526e+06
Q04917	Q04917				147862
Q05193;Q05193-2;Q05193-3;Q05193-5	Q05193;Q05193-2;Q05193-3;Q05193-5				915928
Q05707;Q05707-2	Q05707;Q05707-2;Q05707-3				1.08558e+06
Q05996;Q05996-2	Q05996;Q05996-2				3.61069e+06
Q06033;Q06033-2	Q06033;Q06033-2				3.97275e+06
Q06418	Q06418				4.02312e+06
Q06481	Q06481;Q06481-3;Q06481-6				9.0207e+07
Q06828	Q06828				1.31341e+07
Q06830	Q06830				6.12195e+06
Q07092;Q07092-2	Q07092;Q07092-2				1.25688e+06
Q07699;Q07699-2	Q07699;Q07699-2				3.27074e+06
Q07954	Q07954				6.75978e+06
Q08174-2	Q08174;Q08174-2				1.07658e+07
Q08209;Q08209-2;Q08209-3	P16298;Q08209;Q08209-2;P16298-2;P16298-3;P16298-4;Q08209-3;Q08209-5				984614
Q08345;Q08345-5	Q08345;Q08345-2;Q08345-4;Q08345-5;Q08345-6				8.5659e+06
Q08380	Q08380				7.2733e+07
Q08431;Q08431-2;Q08431-4	Q08431;Q08431-2;Q08431-3;Q08431-4				5.17701e+06
Q08554;Q08554-2	Q08554;Q08554-2				2.02248e+06
Q08629	Q08629				1.02147e+07
Q08ET2	O15389;Q08ET2				9.49493e+06
Q09327	Q09327				1.40483e+06
Q09328	Q09328				1.26345e+06
Q09666	Q09666				109773
Q0P6D2	Q0P6D2				3.31316e+06
Q10469	Q10469				2.5313e+06
Q10471	Q10471				9.74869e+06
Q10472	Q10472				4.08423e+06
Q10567;Q10567-2;Q10567-3	Q10567;Q10567-3;Q10567-2;Q10567-4				1.16409e+06
Q10588	Q10588;Q10588-2				3.1545e+06
Q11201	Q11201				353214
Q12765;Q12765-2	Q12765;Q12765-2;Q12765-3				379335
Q12794;Q12794-2;Q12794-7	Q12794;Q12794-2;Q12794-4;Q12794-7				2.72106e+06
Q12797;Q12797-10	Q12797;Q12797-10				960245
Q12805;Q12805-2;Q12805-3;Q12805-4;Q12805-5	Q12805;Q12805-2;Q12805-3;Q12805-4;Q12805-5				7.91909e+07
Q12841;Q12841-2	Q12841;Q12841-2				1.33337e+07
Q12860	Q12860;Q12860-2				1.27974e+08
Q12866	Q12866				2.30348e+06
Q12884	Q12884				211296
Q12907	Q12907				9.94666e+07
Q12913;Q12913-3	Q12913;Q12913-2;Q12913-3				3.50154e+06
Q13093	Q13093				585038
Q13145	Q13145				939681
Q13214;Q13214-2	Q13214;Q13214-2				1.53636e+06
Q13217	Q13217				1.95655e+06
Q13228;Q13228-4	Q13228;Q13228-2;Q13228-3;Q13228-4				2.54751e+07
Q13231;Q13231-3	Q13231;Q13231-2;Q13231-3;Q13231-4				7.68985e+06
Q13232	Q13232				497151
Q13275-2	Q13275;Q13275-2				881968
Q13308;Q13308-2;Q13308-3;Q13308-4;Q13308-5;Q13308-6	Q13308;Q13308-2;Q13308-3;Q13308-4;Q13308-5;Q13308-6				616534
Q13332-7	Q13332-5;Q13332-7				6.35436e+06
Q13332;Q13332-3;Q13332-4	Q13332;Q13332-2;Q13332-3;Q13332-4;Q13332-5;Q13332-6;Q13332-7				2.47486e+07
Q13404;Q13404-1;Q13404-2;Q13404-6;Q13404-7	Q13404;Q13404-1;Q13404-2;Q13404-6;Q13404-7				2.24084e+06
Q13421-2;Q13421-3;Q13421-4	Q13421;Q13421-2;Q13421-3;Q13421-4				4.14136e+06
Q13433	Q13433				962035
Q13443;Q13443-2	Q13443;Q13443-2				1.29442e+06
Q13444;Q13444-10;Q13444-12;Q13444-2;Q13444-3;Q13444-4;Q13444-5;Q13444-6;Q13444-7;Q13444-8;Q13444-9	Q13444;Q13444-2;Q13444-10;Q13444-11;Q13444-12;Q13444-3;Q13444-4;Q13444-5;Q13444-6;Q13444-7;Q13444-8;Q13444-9				1.54903e+06
Q13449	Q13449				2.30542e+08
Q13501;Q13501-2	Q13501;Q13501-2				757508
Q13508;Q13508-2;Q13508-3	Q13508;Q13508-2;Q13508-3				1.70827e+07
Q13510;Q13510-2	Q13510;Q13510-2;Q13510-3				8.55472e+06
Q13519;Q13519-2	Q13519;Q13519-2				2.44034e+06
Q13554;Q13554-2;Q13554-4;Q13554-5;Q13554-8	Q13554;Q13554-3;Q13554-2;Q13554-4;Q13554-5;Q13554-6;Q13554-7;Q13554-8				2.84277e+06
Q13555;Q13555-10;Q13555-11;Q13555-2;Q13555-3;Q13555-4;Q13555-5;Q13555-6;Q13555-7;Q13555-8;Q13555-9	Q13555;Q13555-5;Q13555-10;Q13555-11;Q13555-2;Q13555-3;Q13555-4;Q13555-6;Q13555-7;Q13555-8;Q13555-9				2.68931e+06
Q13557;Q13557-10;Q13557-11;Q13557-12;Q13557-3;Q13557-4;Q13557-5;Q13557-6;Q13557-8;Q13557-9	Q13557;Q13557-8;Q13557-10;Q13557-11;Q13557-12;Q13557-3;Q13557-4;Q13557-5;Q13557-6;Q13557-9				2.75767e+06
Q13591	Q13591				209730
Q13634;Q13634-2	Q13634;Q13634-2				8.22925e+06
Q13641	Q13641				4.79149e+06
Q13683;Q13683-10;Q13683-13;Q13683-3;Q13683-7;Q13683-9	Q13683;Q13683-10;Q13683-13;Q13683-3;Q13683-7;Q13683-9				3.73522e+06
Q13740;Q13740-2	Q13740;Q13740-2;Q13740-3				3.01614e+07
Q13822-3	Q13822;Q13822-3				1.76225e+08
Q13867	Q13867				1.45455e+06
Q13873	Q13873				678568
Q14019	Q14019				8.64062e+06
Q14112;Q14112-2	Q14112;Q14112-2				1.1297e+07
Q14114;Q14114-2;Q14114-3;Q14114-4	Q14114;Q14114-3;Q14114-2;Q14114-4				1.64045e+06
Q14118	Q14118				7.11194e+07
Q14126	Q14126				4.07614e+06
Q14165	Q14165				4.72325e+06
Q14213	Q14213				286440
Q14242;Q14242-2	Q14242;Q14242-2				3.99392e+06
Q14257;Q14257-2	Q14257;Q14257-2				2.17828e+06
Q14314	Q14314				4.5366e+06
Q14315;Q14315-2	Q14315;Q14315-2				2.63328e+06
Q14393;Q14393-1;Q14393-3;Q14393-4;Q14393-5	Q14393;Q14393-1;Q14393-3;Q14393-4;Q14393-5				7.35686e+06
Q14515	Q14515;Q14515-2				2.49017e+08
Q14517	Q14517				1.5193e+06
Q14520;Q14520-2	Q14520;Q14520-2				3.42959e+06
Q14563	Q14563				1.16976e+06
Q14574;Q14574-2	Q14574;Q14574-2				1.77035e+06
Q14596;Q14596-2	Q14596;Q14596-2				524236
Q14624	Q14624				4.81803e+07
Q14696	Q14696				2.09976e+06
Q14697;Q14697-2	Q14697;Q14697-2				3.42433e+06
Q14766	Q14766;Q14766-4				1.72564e+06
Q14767	Q14767				4.40064e+06
Q14847;Q14847-2;Q14847-3	Q14847;Q14847-2;Q14847-3				752550
Q14894	Q14894				2.13229e+06
Q14956;Q14956-2	Q14956;Q14956-2				1.63136e+06
Q14982;Q14982-2;Q14982-3;Q14982-4	Q14982;Q14982-2;Q14982-3;Q14982-4				3.11062e+07
Q14C87	Q14C87;Q14C87-2				1.04255e+07
Q14CZ8	Q14CZ8				4.46907e+06
Q14DG7	Q14DG7;Q14DG7-3				3.34158e+06
Q15063-2;Q15063-4	Q15063;Q15063-2;Q15063-3;Q15063-4;Q15063-5;Q15063-6;Q15063-7				1.25142e+06
Q15084;Q15084-2;Q15084-3;Q15084-4;Q15084-5	Q15084;Q15084-2;Q15084-3;Q15084-4;Q15084-5				645951
Q15113	Q15113				8.37414e+07
Q15121;Q15121-2	Q15121;Q15121-2				2.36555e+06
Q15149;Q15149-2;Q15149-3;Q15149-4;Q15149-5;Q15149-6;Q15149-7;Q15149-8;Q15149-9	Q15149;Q15149-2;Q15149-3;Q15149-4;Q15149-5;Q15149-6;Q15149-7;Q15149-8;Q15149-9				451886
Q15165;Q15165-1;Q15165-3	Q15165;Q15165-1;Q15165-3				225828
Q15166	Q15166				3.2257e+06
Q15223;Q15223-2;Q15223-3	Q15223;Q15223-2;Q15223-3				4.40652e+06
Q15256;Q15256-5	Q15256;Q15256-5				2.10885e+06
Q15257;Q15257-2;Q15257-3	Q15257;Q15257-2;Q15257-3				725481
Q15262;Q15262-2;Q15262-3;Q15262-4	Q15262;Q15262-2;Q15262-3;Q15262-4				1.52666e+06
Q15293;Q15293-2	Q15293;Q15293-2				7.17725e+06
Q15303;Q15303-2;Q15303-3;Q15303-4	Q15303;Q15303-2;Q15303-3;Q15303-4				2.42289e+06
Q15375;Q15375-2;Q15375-4	Q15375;Q15375-2;Q15375-4				2.64456e+06
Q15435;Q15435-2	Q15435;Q15435-2;Q15435-3;Q15435-4;Q15435-5				156970
Q15459;Q15459-2	Q15459;Q15459-2				692008
Q15493	Q15493				1.38025e+06
Q15582	Q15582				3.21269e+07
Q15768	Q15768				4.88108e+06
Q15782;Q15782-6	Q15782;Q15782-6				3.57218e+06
Q15818	Q15818				1.57916e+08
Q15819	Q15819				2.35292e+06
Q15828	Q15828				1.8432e+06
Q15843	Q15843				531694
Q15846	Q15846				720612
Q15847	Q15847				948224
Q15848	Q15848				1.69396e+06
Q15904	Q15904				7.82997e+07
Q16143	Q16143				1.72326e+06
Q16270	Q16270;Q16270-2				7.4856e+07
Q16288;Q16288-2;Q16288-3;Q16288-4;Q16288-5	Q16288;Q16288-2;Q16288-3;Q16288-4;Q16288-5				4.97576e+06
Q16363;Q16363-2	Q16363;Q16363-2				986102
Q16394	Q16394				759176
Q16531	Q16531				3.29014e+06
Q16549	Q16549				455884
Q16555;Q16555-2	Q16555;Q16555-2				1.04597e+06
Q16568	Q16568				3.00048e+06
Q16581	Q16581				3.76805e+06
Q16610;Q16610-4	Q16610;Q16610-2;Q16610-4				3.14953e+07
Q16620;Q16620-2;Q16620-3;Q16620-4;Q16620-5;Q16620-6	Q16620;Q16620-2;Q16620-3;Q16620-4;Q16620-5;Q16620-6;Q16620-7				1.58678e+07
Q16623;Q16623-2;Q16623-3	Q16623;Q16623-2;Q16623-3				450029
Q16627;Q16627-2	Q16627;Q16627-2				2.84216e+06
Q16651	Q16651;Q16651-2				709698
Q16653;Q16653-10;Q16653-11;Q16653-13;Q16653-2;Q16653-3;Q16653-5;Q16653-6;Q16653-7;Q16653-8;Q16653-9	Q16653;Q16653-10;Q16653-11;Q16653-13;Q16653-2;Q16653-3;Q16653-5;Q16653-6;Q16653-7;Q16653-8;Q16653-9				6.21764e+06
Q16658	Q16658				1.5158e+06
Q16674	Q16674				2.71237e+06
Q16706	Q16706				4.90308e+06
Q16769	Q16769				2.19957e+07
Q16775;Q16775-2	Q16775;Q16775-2				1.50381e+06
Q16799	Q16799;Q16799-2				2.18707e+06
Q16849	Q16849;Q16849-3;Q16849-2				2.32759e+07
Q16853;Q16853-2	Q16853;Q16853-2				919300
Q16880	Q16880				7.30725e+06
Q16881;Q16881-2;Q16881-3;Q16881-4;Q16881-5;Q16881-6;Q16881-7	Q16881;Q16881-4;Q16881-5;Q16881-2;Q16881-3;Q16881-6;Q16881-7				800802
Q17RC7	Q17RC7				3.44e+07
Q24JP5;Q24JP5-2	Q24JP5;Q24JP5-2;Q24JP5-3				2.80333e+07
Q2TAL6	Q2TAL6				1.48599e+06
Q2TBF2;Q2TBF2-2	Q2TBF2;Q2TBF2-2				558849
Q2UY09	Q2UY09;Q2UY09-2;Q2UY09-3				299418
Q495W5;Q495W5-2	Q495W5;Q495W5-2				2.58174e+06
Q496H8	Q496H8				114342
Q4G0I0	Q4G0I0				1.07592e+06
Q4G148;Q4G148-2	Q4G148;Q4G148-2				403914
Q4KWH8;Q4KWH8-3;Q4KWH8-4	Q4KWH8;Q4KWH8-3;Q4KWH8-4				5.22289e+06
Q504Y0;Q504Y0-4;Q504Y0-5	Q504Y0;Q504Y0-4;Q504Y0-5				177796
Q53EL9;Q53EL9-3	Q53EL9;Q53EL9-2;Q53EL9-3				1.8608e+07
Q53H76;Q53H76-2;Q53H76-3	Q53H76;Q53H76-2;Q53H76-3				440619
Q53RD9;Q53RD9-2;Q53RD9-3;Q53RD9-4	Q53RD9;Q53RD9-2;Q53RD9-3;Q53RD9-4				9.62199e+06
Q53RT3;Q53RT3-2	Q53RT3;Q53RT3-2				427199
Q562R1	Q562R1				2.11506e+07
Q58EX2;Q58EX2-2;Q58EX2-3;Q58EX2-4	Q58EX2;Q58EX2-2;Q58EX2-3;Q58EX2-4				169802
Q59EK9;Q59EK9-2;Q59EK9-3;Q59EK9-4	Q59EK9;Q59EK9-3;Q59EK9-2;Q59EK9-4				7.32501e+06
Q5BIV9	Q5BIV9				2.42135e+06
Q5BLP8;Q5BLP8-2;Q5BLP8-3	Q5BLP8;Q5BLP8-2;Q5BLP8-3				2.2225e+07
Q5FWE3;Q5FWE3-3	Q5FWE3;Q5FWE3-3				1.98971e+07
Q5IJ48;Q5IJ48-2;Q5IJ48-3	Q5IJ48;Q5IJ48-2;Q5IJ48-3				469709
Q5JRA6;Q5JRA6-2	Q5JRA6;Q5JRA6-2				972261
Q5JS37;Q5JS37-2	Q5JS37;Q5JS37-2				1.50718e+06
Q5JTV8;Q5JTV8-3	Q5JTV8;Q5JTV8-3				500442
Q5JZY3;Q5JZY3-2;Q5JZY3-3	Q5JZY3;Q5JZY3-2;Q5JZY3-3				5.62357e+06
Q5KU26	Q5KU26				1.52006e+07
Q5R3F8	Q5R3F8				1.04871e+06
Q5SGD2;Q5SGD2-2;Q5SGD2-3	Q5SGD2;Q5SGD2-2;Q5SGD2-3				1.21021e+06
Q5SRI9	Q5SRI9				1.98711e+06
Q5SZK8	Q5SZK8;Q5SZK8-2				1.6484e+06
Q5T013;Q5T013-2;Q5T013-3;Q5T013-4	Q5T013;Q5T013-2;Q5T013-3;Q5T013-4				1.06096e+08
Q5T848	Q5T848				6.36953e+06
Q5VSG8	Q5VSG8				5.36242e+06
Q5VU43;Q5VU43-3;Q5VU43-4	Q5VU43;Q5VU43-3;Q5VU43-4				2.81209e+06
Q5VU97	Q5VU97				3.87596e+06
Q5VUB5	Q5VUB5				956010
Q5VV43;Q5VV43-2;Q5VV43-4	Q5VV43;Q5VV43-2;Q5VV43-4				2.57121e+06
Q5VV63	Q5VV63				1.36195e+06
Q5VWW1;Q5VWW1-2;Q5VWW1-3	Q5VWW1;Q5VWW1-2;Q5VWW1-3				2.80069e+06
Q5ZPR3;Q5ZPR3-3;Q5ZPR3-4	Q5ZPR3;Q5ZPR3-3;Q5ZPR3-4				738361
Q63HQ2;Q63HQ2-2	Q63HQ2;Q63HQ2-2				409293
Q641Q3;Q641Q3-2	Q641Q3;Q641Q3-2				3.50032e+06
Q658N2	Q658N2				7.37959e+06
Q68BL7;Q68BL7-2;Q68BL7-3	Q68BL7;Q68BL7-2;Q68BL7-3				3.97611e+06
Q68D85	Q68D85				1.60285e+06
Q6E0U4;Q6E0U4-16;Q6E0U4-2;Q6E0U4-3;Q6E0U4-4;Q6E0U4-5;Q6E0U4-6;Q6E0U4-7	Q6E0U4;Q6E0U4-16;Q6E0U4-2;Q6E0U4-3;Q6E0U4-4;Q6E0U4-5;Q6E0U4-6;Q6E0U4-7				1.70625e+06
Q6EMK4	Q6EMK4				1.55942e+07
Q6FHJ7	Q6FHJ7				2.12911e+06
Q6IBS0	Q12792;Q6IBS0;Q12792-3;Q12792-4				770669
Q6IEE7	Q6IEE7				1.29598e+06
Q6IS24	Q6IS24				3.58789e+06
Q6ISS4;Q6ISS4-2	Q6GTX8;Q6ISS4;Q6GTX8-2;Q6GTX8-3;Q6GTX8-4;Q6ISS4-2				5.50796e+06
Q6JBY9;Q6JBY9-2	Q6JBY9;Q6JBY9-2				153227
Q6MZW2	Q6MZW2;Q6MZW2-2;Q6MZW2-3				2.47731e+07
Q6NUJ2	Q6NUJ2				402222
Q6NW40	Q6NW40				3.67071e+07
Q6P179;Q6P179-2;Q6P179-4	Q6P179;Q6P179-2;Q6P179-3;Q6P179-4				354671
Q6P4E1;Q6P4E1-5	Q6P4E1;Q6P4E1-2;Q6P4E1-5				8.42359e+06
Q6P9A2	Q6P9A2				1.61873e+06
Q6PCB0	Q6PCB0				665782
Q6RVD6	Q6RVD6				1.44253e+06
Q6UVK1	Q6UVK1				4.73522e+06
Q6UVY6;Q6UVY6-2	Q6UVY6;Q6UVY6-2				1.69546e+06
Q6UW01	Q6UW01				6.38383e+06
Q6UW78	Q6UW78				295665
Q6UWH4;Q6UWH4-2	Q6UWH4;Q6UWH4-2;Q6UWH4-3				6.70255e+06
Q6UWN8	Q6UWN8				22776.9
Q6UWR7	Q6UWR7				1.84576e+06
Q6UWY5	Q6UWY5				628287
Q6UX15;Q6UX15-2	Q6UX15;Q6UX15-2				2.63359e+06
Q6UX71	Q6UX71;Q6UX71-2				3.60827e+07
Q6UX72	Q6UX72				1.07381e+06
Q6UX73;Q6UX73-2	Q6UX73;Q6UX73-2				3.98179e+07
Q6UXB8	Q6UXB8;Q6UXB8-2				1.53953e+07
Q6UXD5-3;Q6UXD5-5;Q6UXD5-6	Q6UXD5;Q6UXD5-2;Q6UXD5-3;Q6UXD5-4;Q6UXD5-5;Q6UXD5-6				5.42338e+07
Q6UXF1;Q6UXF1-2	Q6UXF1;Q6UXF1-2				506659
Q6UXH9;Q6UXH9-2	Q6UXH9;Q6UXH9-2;Q6UXH9-3				1.16404e+06
Q6UXI9;Q6UXI9-3;Q6UXI9-4;Q6UXI9-5;Q6UXI9-6	Q6UXI9;Q6UXI9-2;Q6UXI9-3;Q6UXI9-4;Q6UXI9-5;Q6UXI9-6				1.32626e+06
Q6UXK2	Q6UXK2				2.71331e+06
Q6UXK5	Q6UXK5				1.63835e+06
Q6UXZ4;Q6UXZ4-2	Q6UXZ4;Q6UXZ4-2				1.9602e+06
Q6UY14;Q6UY14-2;Q6UY14-3	Q6UY14;Q6UY14-3;Q6UY14-2				216246
Q6YHK3	Q6YHK3;Q6YHK3-2;Q6YHK3-4				5.35501e+06
Q6ZMI3	Q6ZMI3;Q6ZMI3-2				6.04649e+06
Q6ZMP0;Q6ZMP0-2	Q6ZMP0;Q6ZMP0-2;Q6ZMP0-3;Q6ZMP0-4				977200
Q6ZN30;Q6ZN30-2	Q6ZN30;Q6ZN30-2				2.71311e+06
Q6ZN44;Q6ZN44-2	Q6ZN44;Q6ZN44-2				495835
Q6ZRP7	Q6ZRP7				2.88425e+06
Q6ZSJ9;Q6ZSJ9-2;Q6ZSJ9-3	Q6ZSJ9;Q6ZSJ9-2;Q6ZSJ9-3				1.93285e+07
Q6ZVL6	Q6ZVL6				431304
Q6ZVL6-2	Q6ZVL6;Q6ZVL6-2				7.14364e+06
Q70JA7	Q70JA7				87239.3
Q71H61	Q71H61				350672
Q76KP1	Q76KP1				1.31706e+06
Q7KYR7;Q7KYR7-1;Q7KYR7-4;Q7KYR7-6;Q8WVV5;Q8WVV5-2;Q8WVV5-3	Q7KYR7;Q8WVV5;Q7KYR7-4;Q7KYR7-1;Q7KYR7-5;Q7KYR7-6;Q8WVV5-2;Q8WVV5-3				1.18018e+06
Q7L014	Q7L014				2.55574e+07
Q7L0X0	Q7L0X0				2.04756e+06
Q7L266;Q7L266-2	Q7L266;Q7L266-2				580364
Q7L985	Q7L985				6.30367e+06
Q7LFX5	Q7LFX5;Q7LFX5-2				3.59788e+06
Q7LGC8	Q7LGC8				658574
Q7Z304	Q7Z304				416255
Q7Z3B1	Q7Z3B1;Q7Z3B1-2				7.5714e+07
Q7Z3D4	Q7Z3D4				145141
Q7Z553;Q7Z553-3	Q7Z553;Q7Z553-2;Q7Z553-3				2.64675e+06
Q7Z5A7;Q7Z5A7-2	Q7Z5A7;Q7Z5A7-2;Q7Z5A7-3				5.25492e+06
Q7Z5L0	Q7Z5L0				1.19553e+06
Q7Z5L3	Q7Z5L3				5.88618e+06
Q7Z5L7;Q7Z5L7-2;Q7Z5L7-3	Q7Z5L7;Q7Z5L7-2;Q7Z5L7-3;Q7Z5L7-4				772541
Q7Z5N4;Q7Z5N4-3	Q7Z5N4;Q7Z5N4-3				411811
Q7Z6L0;Q7Z6L0-2;Q7Z6L0-3	Q7Z6L0;Q7Z6L0-2;Q7Z6L0-3				102459
Q7Z7G0;Q7Z7G0-3;Q7Z7G0-4	Q7Z7G0;Q7Z7G0-2;Q7Z7G0-3;Q7Z7G0-4				1.57043e+06
Q7Z7H5;Q7Z7H5-3	Q7Z7H5;Q7Z7H5-2;Q7Z7H5-3				2.51459e+06
Q7Z7M0	Q7Z7M0;Q7Z7M0-2				5.4782e+07
Q7Z7M8	Q7Z7M8				283973
Q7Z7M9	Q7Z7M9				1.11144e+06
Q86SF2	Q86SF2				7.51676e+06
Q86SJ2	Q86SJ2				527448
Q86SR1	Q86SR1;Q86SR1-2;Q86SR1-3				2.81717e+06
Q86TY3;Q86TY3-2	Q86TY3;Q86TY3-2				5.10263e+06
Q86UD1	Q86UD1				5.59787e+06
Q86UE6	Q86UE6				95614.8
Q86UN2	Q86UN2				3.92179e+06
Q86UN3	Q86UN3				1.50538e+07
Q86UP0;Q86UP0-2	Q86UP0;Q86UP0-2				4.82522e+06
Q86UW8	Q86UW8				2.70087e+06
Q86UX2	Q86UX2;Q86UX2-2;Q86UX2-3				1.44592e+07
Q86V85	Q86V85				1.02447e+06
Q86VB7;Q86VB7-2;Q86VB7-3;Q86VB7-4	Q86VB7;Q86VB7-2;Q86VB7-3;Q86VB7-4				8.5262e+06
Q86VR8	Q86VR8				908107
Q86VV8;Q86VV8-3	Q86VV8;Q86VV8-2;Q86VV8-4;Q86VV8-3				3.03736e+06
Q86VZ4	Q86VZ4				5.27282e+06
Q86X29;Q86X29-4;Q86X29-5;Q86X29-6	Q86X29;Q86X29-2;Q86X29-3;Q86X29-4;Q86X29-5;Q86X29-6				6.196e+06
Q86XR7-2;Q9Y3B3;Q9Y3B3-2	Q9Y3B3;Q86XR7-2;Q9Y3B3-2				2.04863e+06
Q86Y38	Q86Y38				3.89294e+06
Q86Y82	Q86Y82				1.58715e+06
Q86YD3;Q86YD3-2;Q86YD3-4;Q86YD3-5	Q86YD3;Q86YD3-2;Q86YD3-3;Q86YD3-4;Q86YD3-5				7.28844e+06
Q86YT9;Q86YT9-2;Q86YT9-3;Q86YT9-4	Q86YT9;Q86YT9-2;Q86YT9-3;Q86YT9-4				920954
Q86YZ3	Q86YZ3				197490
Q8IUC8	Q8IUC8;Q8IUC8-3;Q8IUC8-2				8.53e+06
Q8IUK5;Q8IUK5-2;Q8IUK5-3	Q8IUK5;Q8IUK5-2;Q8IUK5-3;Q8IUK5-4				1.00741e+07
Q8IUK8	Q8IUK8				1.62594e+07
Q8IUX7	Q8IUX7;Q8IUX7-2				7.43317e+06
Q8IV08	Q8IV08				1.29137e+07
Q8IW52	Q8IW52				1.02292e+07
Q8IWT1	Q8IWT1;Q8IWT1-2				3.41043e+06
Q8IWU5;Q8IWU5-2	Q8IWU5;Q8IWU5-2				3.79331e+07
Q8IWU6	Q8IWU6				313804
Q8IWV2	Q8IWV2				5.15062e+06
Q8IWY4	Q8IWY4				639139
Q8IXL6	Q8IXL6;Q8IXL6-2				4.15826e+06
Q8IYJ0;Q8IYJ0-2	Q8IYJ0;Q8IYJ0-2				3.52699e+07
Q8IYS5-2;Q8IYS5-3;Q8IYS5-6	Q8IYS5;Q8IYS5-2;Q8IYS5-3;Q8IYS5-4;Q8IYS5-5;Q8IYS5-6;Q8IYS5-7				1.18967e+07
Q8IZ52	Q8IZ52				430235
Q8IZA0;Q8IZA0-2	Q8IZA0;Q8IZA0-2				5.31724e+06
Q8IZF2;Q8IZF2-2;Q8IZF2-3	Q8IZF2;Q8IZF2-2;Q8IZF2-3				315925
Q8IZJ1;Q8IZJ1-2	Q8IZJ1;Q8IZJ1-2				1.14601e+06
Q8IZJ3;Q8IZJ3-2	Q8IZJ3;Q8IZJ3-2				176106
Q8IZP7	Q8IZP7				1.01566e+07
Q8IZS8	Q8IZS8;Q8IZS8-2;Q8IZS8-3				5.59121e+06
Q8IZU9;Q8IZU9-2	Q8IZU9;Q8IZU9-2				134832
Q8N111	Q8N111				1.84312e+06
Q8N114;Q8N114-2	Q8N114;Q8N114-2				5.21511e+07
Q8N126;Q8N126-2	Q8N126;Q8N126-2				5.69484e+07
Q8N128;Q8N128-2	Q8N128;Q8N128-2				345929
Q8N129	Q8N129				367922
Q8N149;Q8N149-2;Q8N149-3;Q8N149-4	Q8N149;Q8N149-2;Q8N149-3;Q8N149-4				1.08898e+06
Q8N2Q7;Q8N2Q7-2	Q8N2Q7;Q8N2Q7-2				3.74505e+06
Q8N2S1;Q8N2S1-2;Q8N2S1-3	Q8N2S1;Q8N2S1-2;Q8N2S1-3				8.48424e+06
Q8N3G9	Q8N3G9;Q8N3G9-2;Q8N3G9-3				483629
Q8N3J6;Q8N3J6-2;Q8N3J6-3;Q8N3J6-4;Q8N3J6-5	Q8N3J6;Q8N3J6-2;Q8N3J6-3;Q8N3J6-4;Q8N3J6-5				1.97856e+07
Q8N3T1	Q8N3T1				1.13346e+06
Q8N3T6	Q8N3T6				3.55649e+06
Q8N428	Q8N428;Q8N428-2				4.21692e+06
Q8N436	Q8N436				305160
Q8N474	Q8N474				494575
Q8N475;Q8N475-2	Q8N475;Q8N475-2;Q8N475-3				3.43784e+06
Q8N608;Q8N608-2;Q8N608-3;Q8N608-4	Q8N608;Q8N608-2;Q8N608-3;Q8N608-4				1.73652e+06
Q8N6C5;Q8N6C5-2;Q8N6C5-4	Q8N6C5;Q8N6C5-2;Q8N6C5-4				2.81414e+06
Q8N8Z6;Q8N8Z6-2	Q8N8Z6;Q8N8Z6-2				891457
Q8N967	Q8N967				1.82405e+06
Q8N9I0	Q8N9I0				677442
Q8NBI6	Q8NBI6				7.82226e+06
Q8NBJ4;Q8NBJ4-2	Q8NBJ4;Q8NBJ4-2				1.86713e+07
Q8NBJ7;Q8NBJ7-2	Q8NBJ7;Q8NBJ7-2;Q8NBJ7-3				763222
Q8NBP7	Q8NBP7				2.08259e+06
Q8NBS9;Q8NBS9-2	Q8NBS9;Q8NBS9-2				1.6684e+06
Q8NC42	Q8NC42				1.33603e+06
Q8NC67;Q8NC67-3	Q8NC67;Q8NC67-3				473441
Q8NCC3	Q8NCC3;Q8NCC3-2				2.14354e+06
Q8NCH0	Q8NCH0				182261
Q8NCL4	Q8NCL4				5.9812e+06
Q8NCW5	Q8NCW5;Q8NCW5-2				6.49993e+06
Q8NEP3;Q8NEP3-2;Q8NEP3-3	Q8NEP3;Q8NEP3-2;Q8NEP3-3				1.45281e+09
Q8NES3;Q8NES3-3	Q8NES3;Q8NES3-2;Q8NES3-3;Q8NES3-4				4.73449e+06
Q8NEY1;Q8NEY1-2;Q8NEY1-3;Q8NEY1-4;Q8NEY1-6;Q8NEY1-7	Q8NEY1;Q8NEY1-2;Q8NEY1-3;Q8NEY1-4;Q8NEY1-6;Q8NEY1-7				1.02332e+07
Q8NFF2;Q8NFF2-3	Q8NFF2;Q8NFF2-3				1.18652e+06
Q8NFL0	Q8NFL0				396544
Q8NFP4;Q8NFP4-2	Q8NFP4;Q8NFP4-2				3.3122e+06
Q8NFT8	Q8NFT8				6.53225e+06
Q8NFY4;Q8NFY4-2;Q8NFY4-3;Q8NFY4-4;Q8NFY4-5;Q8NFY4-6;Q8NFY4-8	Q8NFY4;Q8NFY4-2;Q8NFY4-3;Q8NFY4-4;Q8NFY4-5;Q8NFY4-6;Q8NFY4-8				6.45552e+06
Q8NFZ4	Q8NFZ4				8.99985e+06
Q8NFZ8	Q8NFZ8				5.56547e+07
Q8NHG7	Q8NHG7				982516
Q8NHJ6;Q8NHJ6-2;Q8NHJ6-3	Q8NHJ6;Q8NHJ6-2;Q8NHJ6-3				1.98453e+06
Q8NHL6;Q8NHL6-2;Q8NHL6-3;Q8NHL6-4;Q8NHL6-5	Q8NHL6;Q8NHL6-5;Q8NHL6-2;Q8NHL6-3;Q8NHL6-4				1.01299e+06
Q8NHP8	Q8NHP8;Q8NHP8-2				1.37504e+06
Q8NHQ9	Q8NHQ9				9.40521e+07
Q8TAB3;Q8TAB3-2;Q8TAB3-3	Q8TAB3;Q8TAB3-2;Q8TAB3-3				2.10782e+06
Q8TAG5;Q8TAG5-2	Q8TAG5;Q8TAG5-2				3.56327e+07
Q8TAL6	Q8TAL6				155038
Q8TB96	Q8TB96				208728
Q8TBP5	Q8TBP5				3.34031e+07
Q8TCZ2	Q8TCZ2;Q8TCZ2-2;Q8TCZ2-3;Q8TCZ2-5;Q8TCZ2-6				9.47826e+07
Q8TDF5;Q8TDF5-1;Q8TDF5-2	Q8TDF5;Q8TDF5-1;Q8TDF5-2				903392
Q8TDQ0;Q8TDQ0-2	Q8TDQ0;Q8TDQ0-2				5.94988e+06
Q8TEA8	Q8TEA8				1.357e+06
Q8TER0;Q8TER0-5	Q8TER0;Q8TER0-3;Q8TER0-4;Q8TER0-5				8.02942e+06
Q8TEU8	Q8TEU8				1.76608e+07
Q8WUA8	Q8WUA8				653491
Q8WUJ3	Q8WUJ3;Q8WUJ3-2				2.19173e+06
Q8WVN6	Q8WVN6				3.98226e+06
Q8WVQ1;Q8WVQ1-3	Q8WVQ1;Q8WVQ1-2;Q8WVQ1-3				1.43897e+07
Q8WWX9	Q8WWX9				5.49327e+06
Q8WX77	Q8WX77				927662
Q8WXD2	Q8WXD2				1.97945e+08
Q8WXD2-2	Q8WXD2-2				7.97278e+06
Q8WXS5	Q8WXS5				140920
Q8WY21;Q8WY21-2;Q8WY21-3;Q8WY21-4	Q8WY21;Q8WY21-2;Q8WY21-3;Q8WY21-4				3.12639e+06
Q8WYK1	Q8WYK1				6.03306e+06
Q8WZ75;Q8WZ75-2;Q8WZ75-3	Q8WZ75;Q8WZ75-2;Q8WZ75-3				1.31814e+06
Q8WZA1;Q8WZA1-2	Q8WZA1;Q8WZA1-2				2.83588e+07
Q92484;Q92484-2	Q92484;Q92484-2				341456
Q92485	Q92485;Q92485-2				3.01973e+06
Q92520	Q92520				3.9966e+08
Q92542;Q92542-2	Q92542;Q92542-2				2.5027e+06
Q92563	Q92563				2.77763e+07
Q92597;Q92597-2;Q92597-3	Q92597;Q92597-2;Q92597-3				655773
Q92598;Q92598-2;Q92598-4	Q92598;Q92598-2;Q92598-3;Q92598-4				295823
Q92626	Q92626;Q92626-2				553141
Q92673	Q92673				3.45333e+06
Q92686	Q92686				104286
Q92692;Q92692-2	Q92692;Q92692-2				3.30518e+06
Q92729;Q92729-2;Q92729-3;Q92729-4	Q92729;Q92729-2;Q92729-3;Q92729-4				671379
Q92743	Q92743				3.05494e+06
Q92752	Q92752;Q92752-2				7.22622e+06
Q92765	Q92765				9.74609e+06
Q92820	Q92820				9.60266e+06
Q92823	Q92823;Q92823-2;Q92823-3;Q92823-4;Q92823-5;Q92823-6				2.05168e+08
Q92824;Q92824-2	Q92824;Q92824-2				58564.6
Q92832;Q92832-2	Q92832;Q92832-2				1.6922e+06
Q92854	Q92854;Q92854-2				3.08406e+06
Q92859;Q92859-2;Q92859-3	Q92859;Q92859-2;Q92859-3;Q92859-4				4.84249e+07
Q92876	Q92876;Q92876-2				2.94191e+08
Q92890;Q92890-1;Q92890-3	Q92890;Q92890-1;Q92890-3				1.55265e+06
Q92896;Q92896-2;Q92896-3	Q92896;Q92896-2;Q92896-3				2.48296e+06
Q92911	Q92911				793354
Q92932;Q92932-2;Q92932-3;Q92932-4	Q92932;Q92932-2;Q92932-3;Q92932-4				4.19762e+07
Q92935	Q92935				729842
Q92945;Q96AE4;Q96AE4-2	Q92945;Q96AE4;Q96AE4-2				1.74166e+06
Q92954;Q92954-2;Q92954-3;Q92954-4;Q92954-5;Q92954-6	Q92954;Q92954-2;Q92954-3;Q92954-4;Q92954-5;Q92954-6				2.64134e+06
Q93063;Q93063-3	Q93063;Q93063-2;Q93063-3				1.138e+06
Q93091	Q93091				2.68795e+06
Q969H8	Q969H8				3.65602e+06
Q969P0;Q969P0-3	Q969P0;Q969P0-3				4.04166e+07
Q969T9	Q969T9;Q969T9-2				7.90165e+06
Q969Z4	Q969Z4				2.25814e+06
Q96AP7	Q96AP7				2.02916e+06
Q96AQ1;Q96AQ1-2;Q96LY2;Q96LY2-2	Q96LY2;Q96LY2-2;Q96AQ1;Q96AQ1-2				6.0502e+06
Q96AQ6;Q96AQ6-2	Q96AQ6;Q96AQ6-2				762874
Q96B86;Q96B86-3;Q96B86-4	Q96B86;Q96B86-3;Q96B86-4				1.4996e+07
Q96BY9	Q96BY9				256886
Q96BZ4	Q96BZ4				7.44703e+06
Q96CG8;Q96CG8-3	Q96CG8;Q96CG8-3				654171
Q96CW9;Q96CW9-2	Q96CW9;Q96CW9-2				661220
Q96CX2	Q96CX2;Q68DU8				910585
Q96D05;Q96D05-2	Q96D05;Q96D05-2				2.82808e+06
Q96DB5;Q96DB5-2	Q96DB5;Q96DB5-2				163609
Q96DD7	Q96DD7				487811
Q96DT5	Q96DT5				3.22505e+06
Q96DZ1;Q96DZ1-2;Q96DZ1-3	Q96DZ1;Q96DZ1-2;Q96DZ1-3				170400
Q96EE4	Q96EE4				7.65755e+06
Q96EG1	Q96EG1				795961
Q96EU7	Q96EU7				1.76676e+06
Q96FE5;Q96FE5-2	Q96FE5;Q96FE5-2				4.85069e+06
Q96FE7-4	Q96FE7;Q96FE7-2;Q96FE7-4;Q96FE7-5				7.6067e+07
Q96FJ2	P63167;Q96FJ2				5.05261e+06
Q96GD0	Q6ZT62;Q96GD0;Q6ZT62-2				664823
Q96GW7	Q96GW7;Q96GW7-2				1.98046e+08
Q96HD1;Q96HD1-2	Q96HD1;Q96HD1-2				1.81739e+06
Q96HF1	Q96HF1				224342
Q96HU1;Q96HU1-2	Q96HU1;Q96HU1-2				1.01141e+06
Q96HY6;Q96HY6-2	Q96HY6;Q96HY6-2				338981
Q96ID5	Q96ID5				1.0952e+07
Q96IU4	Q96IU4				1.64659e+06
Q96IY4	Q96IY4;Q96IY4-2				1.28284e+07
Q96JF0	Q96JF0;Q96JF0-2				7.93162e+06
Q96JP9;Q96JP9-2	Q96JP9;Q96JP9-2				153385
Q96JQ0	Q96JQ0				1.20475e+06
Q96KG7	Q96KG7				335902
Q96KN2	Q96KN2				3.96252e+08
Q96KR4;Q96KR4-3	Q96KR4;Q96KR4-3				1.37826e+06
Q96MC2	Q96MC2				6.61608e+06
Q96MK3	Q96MK3				523082
Q96MU8;Q96MU8-2;Q96MU8-3	Q96MU8;Q96MU8-2;Q96MU8-3				278843
Q96NU0;Q96NU0-2;Q9BZ76;Q9BZ76-2	Q96NU0;Q9BZ76;Q9BZ76-2;Q96NU0-2				274703
Q96NZ9	Q96NZ9;Q96NZ9-2;Q96NZ9-4				1.05798e+06
Q96NZ9-3	Q96NZ9;Q96NZ9-3				2.64942e+06
Q96P44;Q96P44-3	Q96P44;Q96P44-3				626890
Q96PD2;Q96PD2-2	Q96PD2;Q96PD2-2				1.23152e+06
Q96PD5	Q96PD5;Q96PD5-2				9.88972e+06
Q96PQ0	Q96PQ0				4.35732e+06
Q96PX8	Q96PX8				3.00512e+07
Q96RW7;Q96RW7-2	Q96RW7;Q96RW7-2				1.9248e+06
Q96S96	Q96S96				2.36022e+07
Q96SM3	Q96SM3				165647
Q96TC7;Q96TC7-2	Q96TC7;Q96TC7-2				1.02328e+06
Q99435;Q99435-2;Q99435-3;Q99435-4	Q99435;Q99435-2;Q99435-3;Q99435-4				1.79296e+08
Q99497	Q99497				1.4337e+07
Q99519	Q99519				2.35779e+06
Q99523	Q99523;Q99523-2				6.40347e+06
Q99574	Q99574				2.58389e+07
Q99584	Q99584				682874
Q99590;Q99590-2	Q99590;Q99590-2				1.97048e+06
Q99650;Q99650-2	Q99650;Q99650-2				899325
Q99674	Q99674;Q99674-3				3.13166e+07
Q99715	Q99715;Q99715-2;Q99715-4				2.10718e+06
Q99784	Q99784;Q99784-3;Q99784-5				6.49705e+06
Q99805	Q99805				218511
Q99941;Q99941-2	Q99941;Q99941-2				436740
Q99946	Q99946				2.63226e+06
Q99969	Q99969				8.8388e+06
Q99972	Q99972				567438
Q99983	Q99983				1.52448e+07
Q99985	Q99985				489254
Q9BQ16	Q9BQ16;Q9BQ16-1;Q9BQ16-4;Q9BQ16-5;Q9BQ16-6;Q9BQ16-7;Q9BQ16-8				1.26847e+07
Q9BQS7;Q9BQS7-2;Q9BQS7-3	Q9BQS7;Q9BQS7-2;Q9BQS7-3;Q9BQS7-4				220332
Q9BQT9;Q9BQT9-2	Q9BQT9;Q9BQT9-2				4.45159e+07
Q9BRA2	Q9BRA2				1.89265e+06
Q9BRF8;Q9BRF8-2;Q9BRF8-3	Q9BRF8;Q9BRF8-2;Q9BRF8-3				889661
Q9BRK3;Q9BRK3-2;Q9BRK3-3	Q9BRK3;Q9BRK3-2;Q9BRK3-3				3.03517e+06
Q9BRK5	Q9BRK5;Q9BRK5-2;Q9BRK5-5				1.36168e+07
Q9BS26	Q9BS26				2.07425e+06
Q9BSG5;Q9BSG5-2;Q9BSG5-3	Q9BSG5;Q9BSG5-2;Q9BSG5-3				1.99079e+06
Q9BT88	Q9BT88				779845
Q9BTY2	Q9BTY2				1.9978e+07
Q9BU40-4;Q9BU40-5	Q9BU40;Q9BU40-3;Q9BU40-4;Q9BU40-5				9.0156e+06
Q9BUD6	Q9BUD6				2.23431e+06
Q9BUJ0	Q9BUJ0				3.11925e+06
Q9BUN1	Q9BUN1				3.48455e+06
Q9BVH7	Q9BVH7				1.15355e+06
Q9BW30	Q9BW30				528033
Q9BWD1;Q9BWD1-2	Q9BWD1;Q9BWD1-2				170792
Q9BWQ8	Q9BWQ8				6.90955e+06
Q9BWS9;Q9BWS9-2;Q9BWS9-3	Q9BWS9;Q9BWS9-2;Q9BWS9-3				798651
Q9BX67;Q9BX67-2	Q9BX67;Q9BX67-2				8.3331e+06
Q9BXJ0	Q9BXJ0				4.59606e+06
Q9BXJ1;Q9BXJ1-2	Q9BXJ1;Q9BXJ1-2				831371
Q9BXJ3	Q9BXJ3				5.04598e+06
Q9BXJ4;Q9BXJ4-2;Q9BXJ4-3	Q9BXJ4;Q9BXJ4-2;Q9BXJ4-3				6.78245e+06
Q9BXP8	Q9BXP8				1.98384e+06
Q9BXX0	Q9BXX0				431084
Q9BY67-2	Q9BY67;Q9BY67-2;Q9BY67-3;Q9BY67-4;Q9BY67-5				6.41161e+07
Q9BY67-5	Q9BY67-5				3.77453e+06
Q9BY76;Q9BY76-2	Q9BY76;Q9BY76-2				293699
Q9BYH1;Q9BYH1-5;Q9BYH1-6;Q9BYH1-7	Q9BYH1;Q9BYH1-2;Q9BYH1-3;Q9BYH1-4;Q9BYH1-5;Q9BYH1-6;Q9BYH1-7				3.75663e+07
Q9BZC7;Q9BZC7-2;Q9BZC7-3;Q9BZC7-4	Q9BZC7;Q9BZC7-2;Q9BZC7-3;Q9BZC7-4				1.41245e+07
Q9BZM5	Q5VY80;Q6H3X3;Q9BZM5;Q6H3X3-2;Q6H3X3-3				721728
Q9BZR6	Q9BZR6				6.98114e+06
Q9C0A0	Q9C0A0;Q96NU0;Q9BZ76;Q9BZ76-2;Q96NU0-2;Q9C0A0-2				1.50509e+07
Q9GZM5	Q9GZM5				6.889e+07
Q9GZM7;Q9GZM7-2;Q9GZM7-3	Q9GZM7;Q9GZM7-3;Q9GZM7-2				582877
Q9GZP0;Q9GZP0-2	Q9GZP0;Q9GZP0-2				616897
Q9GZP4;Q9GZP4-2	Q9GZP4;Q9GZP4-2				6.13694e+06
Q9GZT8;Q9GZT8-2	Q9GZT8;Q9GZT8-2;Q9GZT8-3				2.26021e+06
Q9GZV7	Q9GZV7				1.79158e+06
Q9GZX9	Q9GZX9				4.31904e+06
Q9H008	Q9H008;Q9H008-2				1.1467e+06
Q9H019;Q9H019-2;Q9H019-3	Q9H019;Q9H019-2;Q9H019-3				2.24131e+06
Q9H0E2	Q9H0E2				522303
Q9H0Q3;Q9H0Q3-2	Q9H0Q3;Q9H0Q3-2				3.58185e+06
Q9H0R4;Q9H0R4-2	Q9H0R4;Q9H0R4-2				3.33081e+06
Q9H0X4	Q9H0X4;Q9H0X4-2				394438
Q9H156;Q9H156-2	Q9H156;Q9H156-2				1.35635e+06
Q9H173	Q9H173				1.48225e+06
Q9H1U4	Q9H1U4				5.56681e+06
Q9H1Z8	Q9H1Z8				5.20776e+07
Q9H246	Q9H246				123981
Q9H251;Q9H251-2;Q9H251-3;Q9H251-4;Q9H251-8	Q9H251;Q9H251-2;Q9H251-3;Q9H251-4;Q9H251-8				324764
Q9H299	Q9H299				3.34703e+06
Q9H2A7	Q9H2A7				5.38457e+06
Q9H2E6;Q9H2E6-2	Q9H2E6;Q9H2E6-2				5.48065e+06
Q9H2G2	Q9H2G2;Q9H2G2-2				2.83986e+06
Q9H2X0;Q9H2X0-5	Q9H2X0;Q9H2X0-2;Q9H2X0-3;Q9H2X0-4;Q9H2X0-5				2.37917e+06
Q9H2X9;Q9H2X9-2	Q9H2X9;Q9H2X9-2				1.14242e+06
Q9H3G5	Q9H3G5				7.28876e+06
Q9H3S1;Q9H3S1-2	Q9H3S1;Q9H3S1-2				383594
Q9H3S3	Q9H3S3				685982
Q9H3T2;Q9H3T2-3	Q9H3T2;Q9H3T2-2;Q9H3T2-3				726228
Q9H3T3;Q9H3T3-3	Q9H3T3;Q9H3T3-3				1.81544e+06
Q9H461	Q9H461				191629
Q9H492;Q9H492-2	Q9GZQ8;Q9H492;A6NCE7;Q9H492-2				1.42848e+06
Q9H4A4	Q9H4A4				144361
Q9H4A9	Q9H4A9;Q9H4A9-2				578156
Q9H4D0	Q9H4D0				5.13345e+06
Q9H4F8;Q9H4F8-2	Q9H4F8;Q9H4F8-2				2.88451e+06
Q9H5K3	Q9H5K3				265275
Q9H6B4	Q9H6B4				2.94462e+06
Q9H6X2;Q9H6X2-2;Q9H6X2-3;Q9H6X2-4;Q9H6X2-5;Q9H6X2-6	Q9H6X2;Q9H6X2-2;Q9H6X2-3;Q9H6X2-4;Q9H6X2-5;Q9H6X2-6				2.84018e+06
Q9H741	Q9H741				3.08752e+06
Q9H7Y0	Q9H7Y0;Q9H7Y0-2				2.24649e+06
Q9H8J5	Q9H8J5				1.02046e+07
Q9H8L6	Q9H8L6				1.2129e+07
Q9H8Y8;Q9H8Y8-2;Q9H8Y8-3	Q9H8Y8;Q9H8Y8-2;Q9H8Y8-3				431123
Q9H9S5	Q9H9S5				1.08466e+06
Q9HAR2;Q9HAR2-2;Q9HAR2-3;Q9HAR2-4	Q9HAR2;Q9HAR2-2;Q9HAR2-3;Q9HAR2-4				7.87055e+06
Q9HAT2	Q9HAT2;Q9HAT2-2				6.02636e+06
Q9HBR0	Q9HBR0				2.14916e+06
Q9HBT6	Q9HBT6				1.78551e+06
Q9HBW1	Q9HBW1				1.22554e+06
Q9HC38-2	Q9HC38;Q9HC38-2;Q9HC38-3				830446
Q9HC56;Q9HC56-2	Q9HC56;Q9HC56-2				7.09829e+06
Q9HC57	Q9HC57				7.83252e+06
Q9HCB6	Q9HCB6				5.53042e+06
Q9HCK4;Q9HCK4-2;Q9HCK4-3	Q9HCK4;Q9HCK4-2;Q9HCK4-3				4.25787e+06
Q9HCL0;Q9HCL0-2	Q9HCL0;Q9HCL0-2				386970
Q9HCM2	Q9HCM2;Q9HCM2-2;Q9HCM2-3				355162
Q9HCU0	Q9HCU0				5.58689e+06
Q9HCU4	Q9HCU4				1.52628e+07
Q9HD45	Q9HD45				608327
Q9HDB5;Q9HDB5-2;Q9HDB5-4	Q9HDB5;Q9Y4C0;Q9HDB5-2;Q9HDB5-4;Q9Y4C0-3				5.05457e+06
Q9HDC9;Q9HDC9-2	Q9HDC9;Q9HDC9-2				2.5392e+06
Q9NP80;Q9NP80-2;Q9NP80-3	Q9NP80;Q9NP80-2;Q9NP80-3				2.58379e+06
Q9NP84	Q9NP84				1.63226e+06
Q9NPA0	Q9NPA0				179977
Q9NPC4	Q9NPC4				480495
Q9NPD7	Q9NPD7				5.99248e+06
Q9NPG4	Q9NPG4				1.91226e+06
Q9NPH0	Q9NPH0;Q9NPH0-2				159340
Q9NPH3;Q9NPH3-2;Q9NPH3-5	Q9NPH3;Q9NPH3-2;Q9NPH3-3;Q9NPH3-5				2.63857e+06
Q9NPR2;Q9NPR2-2	Q9NPR2;Q9NPR2-2				9.58654e+06
Q9NPY3	Q9NPY3				2.59366e+06
Q9NQ30	Q9NQ30				1.10596e+06
Q9NQ36;Q9NQ36-2;Q9NQ36-3	Q9NQ36;Q9NQ36-2;Q9NQ36-3				552322
Q9NQ79;Q9NQ79-2	Q9NQ79;Q9NQ79-2;Q9NQ79-3				1.27844e+08
Q9NQS3;Q9NQS3-2;Q9NQS3-3	Q9NQS3;Q9NQS3-2;Q9NQS3-3				2.35179e+06
Q9NQX5	Q9NQX5				3.41318e+06
Q9NR34	Q9NR34				6.67976e+06
Q9NRB3	Q9NRB3				1.79363e+06
Q9NRN5	Q9NRN5;Q9NRN5-2				6.97442e+06
Q9NRR1	Q9NRR1				1.13894e+07
Q9NRV9	Q9NRV9				329089
Q9NS00;Q9NS00-2	Q9NS00;Q9NS00-2				793023
Q9NS84	Q9NS84				115345
Q9NS85	Q9NS85;Q9NS85-2				1.49942e+06
Q9NS98	Q9NS98				1.76413e+07
Q9NSC7	Q9NSC7				3.42858e+06
Q9NT22;Q9NT22-2	Q9NT22;Q9NT22-2				550753
Q9NT99	Q9NT99				2.80037e+07
Q9NTU7	Q9NTU7				7.47121e+06
Q9NUQ9	Q9NUQ9				1.40977e+06
Q9NWD8	Q9NWD8				220054
Q9NX62	Q9NX62				1.12715e+07
Q9NXS2;Q9NXS2-3	Q9NXS2;Q9NXS2-3				675258
Q9NY15	Q9NY15				1.16652e+06
Q9NY33	Q9NY33;Q9NY33-2;Q9NY33-4				1.23597e+06
Q9NY47;Q9NY47-2;Q9NY47-3;Q9NY47-4;Q9NY47-5	Q9NY47;Q9NY47-2;Q9NY47-3;Q9NY47-4;Q9NY47-5				4.91759e+06
Q9NY72	Q9NY72				6.54367e+06
Q9NY97;Q9NY97-2	Q9NY97;Q9NY97-2				7.50391e+06
Q9NYQ7;Q9NYQ7-2	Q9NYQ7;Q9NYQ7-2				497187
Q9NYQ8	Q9NYQ8				9.25129e+06
Q9NYU2;Q9NYU2-2	Q9NYU2;Q9NYU2-2				117780
Q9NYX4	Q9NYX4				7.58102e+06
Q9NZ08;Q9NZ08-2	Q9NZ08;Q9NZ08-2				747102
Q9NZ53	Q9NZ53				9.32273e+06
Q9NZ72;Q9NZ72-2	Q9NZ72;Q9NZ72-2				671788
Q9NZ94;Q9NZ94-2;Q9NZ94-3	Q9NZ94;Q9NZ94-2;Q9NZ94-3				830337
Q9NZC2;Q9NZC2-2;Q9NZC2-3	Q9NZC2;Q9NZC2-2;Q9NZC2-3				6.64566e+06
Q9NZD2	Q9NZD2				165954
Q9NZK5	Q9NZK5				3.70796e+06
Q9NZN1	Q9NZN1				2.82596e+06
Q9NZP8	Q9NZP8				8.70664e+06
Q9NZR2	Q9NZR2				1.32975e+06
Q9NZU0	Q9NZU0				446771
Q9NZU1	Q9NZU1				1.78738e+06
Q9P0K1;Q9P0K1-2;Q9P0K1-3;Q9P0K1-4;Q9P0K1-5	Q9P0K1;Q9P0K1-2;Q9P0K1-3;Q9P0K1-4;Q9P0K1-5				4.43176e+07
Q9P0K9	Q9P0K9				5.99128e+06
Q9P0L0;Q9P0L0-2	Q9P0L0;Q9P0L0-2				3.3321e+06
Q9P0S2	Q9P0S2				348249
Q9P121-4	Q9P121;Q9P121-3;Q9P121-2;Q9P121-4				9.16774e+07
Q9P232	Q9P232				4.68271e+06
Q9P2E7;Q9P2E7-2	Q9P2E7;Q9P2E7-2				6.76464e+06
Q9P2S2	P58401;Q9P2S2				2.31456e+07
Q9UBG0	Q9UBG0				2.86471e+06
Q9UBP4	Q9UBP4				4.67795e+08
Q9UBQ6	Q9UBQ6				1.09576e+08
Q9UBR2	Q9UBR2				1.3845e+07
Q9UBX1	Q9UBX1				5.81355e+06
Q9UBX5	Q9UBX5				1.52506e+07
Q9UBX7;Q9UBX7-1;Q9UBX7-3;Q9UBX7-4	Q9UBX7;Q9UBX7-1;Q9UBX7-3;Q9UBX7-4				580165
Q9UBX8	Q9UBX8				129296
Q9UD71;Q9UD71-2	Q9UD71;Q9UD71-2				284827
Q9UEW3;Q9UEW3-2	Q9UEW3;Q9UEW3-2				494144
Q9UF11;Q9UF11-2;Q9UF11-3;Q9UF11-4	Q9UF11;Q9UF11-2;Q9UF11-3;Q9UF11-4				6.41493e+06
Q9UF33	Q9UF33				1.14635e+06
Q9UFP1	Q9UFP1				485793
Q9UGM5;Q9UGM5-2	Q9UGM5;Q9UGM5-2				2.82913e+06
Q9UGV2;Q9UGV2-2;Q9UGV2-3	Q9UGV2;Q9UGV2-2;Q9UGV2-3				305507
Q9UHC6	Q9UHC6				1.39973e+07
Q9UHD9	Q9UHD9				1.70725e+06
Q9UHF0;Q9UHF0-2;Q9UHF0-3	Q9UHF0;Q9UHF0-2;Q9UHF0-3				4.46639e+06
Q9UHG2	Q9NPY3;Q9UHG2				9.71712e+07
Q9UHG3;Q9UHG3-2	Q9UHG3;Q9UHG3-2				2.0312e+06
Q9UHI8	Q9UHI8				5.35059e+06
Q9UHL4	Q9UHL4				6.91812e+06
Q9UHY7	Q9UHY7				614230
Q9UI15	Q9UI15				634241
Q9UI42;Q9UI42-2	Q9UI42;Q9UI42-2				215586
Q9UIB8;Q9UIB8-2;Q9UIB8-3;Q9UIB8-4;Q9UIB8-5;Q9UIB8-6	Q9UIB8;Q9UIB8-2;Q9UIB8-3;Q9UIB8-4;Q9UIB8-5;Q9UIB8-6				3.06108e+06
Q9UIQ6;Q9UIQ6-2;Q9UIQ6-3	Q9UIQ6;Q9UIQ6-2;Q9UIQ6-3				408309
Q9UIW2	P51805;Q9UIW2				1.49036e+06
Q9UJ14	Q9UJ14				2.13224e+06
Q9UJ90	Q9UJ90				3.09149e+06
Q9UJ99	Q9UJ99				8.18274e+06
Q9UJA9	Q9UJA9				4.09609e+06
Q9UJH8	Q9UJH8				1.56308e+06
Q9UJJ9	Q9UJJ9				6.89786e+06
Q9UJQ1;Q9UJQ1-2	Q9UJQ1;Q9UJQ1-2				2.24428e+06
Q9UK55	Q9UK55				508893
Q9UK76;Q9UK76-3	Q9UK76;Q9UK76-2;Q9UK76-3				1.00149e+06
Q9UKB5	Q9UKB5				2.07235e+06
Q9UKJ1-3	Q9UKJ1;Q9UKJ1-2;Q9UKJ1-3;Q9UKJ1-4				1.05196e+06
Q9UKK9	Q9UKK9				989166
Q9UKM7	Q9UKM7				3.20764e+06
Q9UKQ2;Q9UKQ2-2	Q9UKQ2;Q9UKQ2-2				1.19192e+06
Q9UKU6	Q9UKU6				1.53664e+06
Q9UKU9	Q9UKU9;Q9UKU9-2				2.576e+06
Q9UKY0	Q9UKY0				505871
Q9UKZ4;Q9UKZ4-2	Q9UKZ4;Q9UKZ4-2				181749
Q9ULB1-2;Q9ULB1-3	P58400;Q9ULB1-2;Q9ULB1-3				5.81714e+07
Q9ULB4	Q9ULB4				2.60356e+06
Q9ULB5	Q9ULB5				814571
Q9ULF5	Q9ULF5				1.75151e+07
Q9ULH4	Q9ULH4				2.50313e+06
Q9ULI3;Q9ULI3-2	Q9ULI3;Q9ULI3-2				5.25576e+06
Q9ULL4;Q9ULL4-2	Q9ULL4;Q9ULL4-2				2.78986e+06
Q9ULP0-3;Q9ULP0-6	Q9ULP0;Q9ULP0-2;Q9ULP0-3;Q9ULP0-4;Q9ULP0-5;Q9ULP0-6;Q9ULP0-7;Q9ULP0-8				2.5658e+06
Q9ULU8;Q9ULU8-2;Q9ULU8-3;Q9ULU8-4	Q9ULU8;Q9ULU8-2;Q9ULU8-3;Q9ULU8-4				656354
Q9ULX7	Q9ULX7				1.25869e+06
Q9ULZ3;Q9ULZ3-2;Q9ULZ3-3	Q9ULZ3;Q9ULZ3-2;Q9ULZ3-3				486921
Q9ULZ9	Q9ULZ9;Q9ULZ9-2				2.75569e+06
Q9UM21;Q9UM21-2	Q9UM21;Q9UM21-2				921352
Q9UM22	Q9UM22;Q9UM22-3				5.46098e+06
Q9UM47	Q9UM47				1.86907e+06
Q9UMF0	Q9UMF0				1.30649e+07
Q9UMX0;Q9UMX0-2	Q9UMX0;Q9UMX0-2;Q9UMX0-4				694468
Q9UMX5	Q9UMX5				5.70281e+06
Q9UMY4;Q9UMY4-1;Q9UMY4-3	Q9UMY4;Q9UMY4-1;Q9UMY4-3				359766
Q9UN36-2;Q9UN36-6	Q9UN36;Q9UN36-2;Q9UN36-3;Q9UN36-5;Q9UN36-6				4.87993e+06
Q9UN67;Q9Y5E1	Q9UN67;Q9Y5E1				440927
Q9UN70;Q9UN70-2	Q9UN70;Q9UN70-2				4.88212e+06
Q9UN72;Q9UN72-2;Q9UN75;Q9UN75-2;Q9Y5H6;Q9Y5H6-2;Q9Y5H7;Q9Y5H7-2;Q9Y5H7-3;Q9Y5H8;Q9Y5H8-2;Q9Y5I0;Q9Y5I0-2;Q9Y5I1;Q9Y5I1-2	Q9UN72;Q9Y5H8;Q9UN75;Q9Y5H6;Q9Y5H7;Q9Y5I0;Q9Y5I1;Q9UN72-2;Q9UN75-2;Q9Y5H6-2;Q9Y5H7-2;Q9Y5H7-3;Q9Y5H8-2;Q9Y5I0-2;Q9Y5I1-2				308228
Q9UNN8	Q9UNN8				1.93913e+07
Q9UNW1	Q9UNW1;Q9UNW1-4				3.73476e+06
Q9UP79	Q9UP79				2.7214e+06
Q9UPQ0-3	Q9UPQ0-3				1.07434e+06
Q9UPU3	Q9UPU3				1.34279e+07
Q9UQ52	Q9UQ52				1.09464e+07
Q9UQM7	Q9UQM7;Q9UQM7-2				5.1809e+06
Q9Y227;Q9Y227-2	Q9Y227;Q9Y227-2				366836
Q9Y240	Q9Y240				3.58739e+06
Q9Y266	Q9Y266				634259
Q9Y274	Q9Y274;Q9Y274-2				3.57286e+06
Q9Y279;Q9Y279-2	Q9Y279;Q9Y279-2;Q9Y279-3				6.21245e+06
Q9Y281;Q9Y281-3	Q9Y281;Q9Y281-3				354514
Q9Y287	Q9Y287;Q9Y287-2				1.16429e+07
Q9Y2C2	Q9Y2C2				292272
Q9Y2E5	Q9Y2E5;Q9Y2E5-2				1.12866e+06
Q9Y2G1;Q9Y2G1-2	Q9Y2G1;Q9Y2G1-2				1.95995e+06
Q9Y2I2;Q9Y2I2-1;Q9Y2I2-2;Q9Y2I2-4;Q9Y2I2-5;Q9Y2I2-6	Q9Y2I2;Q9Y2I2-1;Q9Y2I2-2;Q9Y2I2-4;Q9Y2I2-5;Q9Y2I2-6				4.77478e+06
Q9Y2J0;Q9Y2J0-2	Q9Y2J0;Q9Y2J0-2				805312
Q9Y2T3;Q9Y2T3-3	Q9Y2T3;Q9Y2T3-2;Q9Y2T3-3				1.67946e+07
Q9Y2Z0;Q9Y2Z0-2	Q9Y2Z0;Q9Y2Z0-2				644926
Q9Y334;Q9Y334-2	Q9Y334;Q9Y334-2				328677
Q9Y3C5	Q9Y3C5				1.75919e+06
Q9Y3D6	Q9Y3D6				555223
Q9Y4C0-4	Q9HDB5-3;Q9HDB5-4;Q9Y4C0-4				4.18884e+07
Q9Y4D7	Q9Y4D7				2.22712e+07
Q9Y4L1	Q9Y4L1				9.47711e+06
Q9Y5F6-2	Q9Y5F6;Q9Y5F6-2				5.90545e+06
Q9Y5F7;Q9Y5F7-2	Q9Y5F7;Q9Y5F7-2				318249
Q9Y5G4;Q9Y5G4-2	Q9Y5G4;Q9Y5H3;Q9Y5G4-2;Q9Y5H3-2				345247
Q9Y5I4;Q9Y5I4-2	Q9Y5I4;Q9Y5I4-2				1.06103e+07
Q9Y5L2	Q9Y5L2				2.72205e+06
Q9Y5Y7	Q9Y5Y7				3.28753e+07
Q9Y617	Q9Y617;Q9Y617-2				5.69187e+06
Q9Y639-3;Q9Y639-5	Q9Y639;Q9Y639-1;Q9Y639-3;Q9Y639-4;Q9Y639-5				3.89376e+06
Q9Y646	Q9Y646				2.25096e+07
Q9Y653;Q9Y653-2;Q9Y653-3	Q9Y653;Q9Y653-2;Q9Y653-3;Q9Y653-4;Q9Y653-5				1.32097e+06
Q9Y696	Q9Y696				1.05821e+06
Q9Y6N6	Q9Y6N6				1.41487e+06
Q9Y6N7;Q9Y6N7-2;Q9Y6N7-4	Q9Y6N7;Q9Y6N7-2;Q9Y6N7-3;Q9Y6N7-4;Q9Y6N7-5;Q9Y6N7-6				2.56567e+07
Q9Y6N8	Q9Y6N8				2.44695e+06
Q9Y6R7	Q9Y6R7				1.09643e+07
Q9Y6X5	Q9Y6X5				1.5067e+06
Q9Y6Y8;Q9Y6Y8-2	Q9Y6Y8;Q9Y6Y8-2				1.74439e+07
