Protein.Group	Protein.Ids	Protein.Names	Genes	First.Protein.Description	/fs/pool/pool-mann-projects/Johannes/Jakob_AD_CSF_data/All_without_random_20/All_Raw/20180618_QX0_JaBa_SA_LC12_5_CSF1_1_8-1xD1xS1fM1_sampleD02.mzML
A0A075B6H7;A0A0C4DH55;P01624	P01624;A0A075B6H7;A0A0C4DH55				2.54074e+08
A0A075B6H9	A0A075B6H9				1.26219e+07
A0A075B6I0	A0A075B6I0				1.7208e+07
A0A075B6I1	A0A075B6I1				4.95951e+06
A0A075B6I9	A0A075B6I9				4.4538e+07
A0A075B6J1	A0A075B6J1;A0A0A0MRZ9				1.35912e+06
A0A075B6J9	A0A075B6J9				1.32343e+07
A0A075B6K4	A0A075B6K0;A0A075B6K4				635502
A0A075B6K5	A0A075B6K5				1.62259e+06
A0A075B6P5;P01615	P01615;A0A075B6P5				2.25132e+07
A0A075B6Q5	A0A075B6Q5				1.55142e+06
A0A075B6R2	A0A075B6R2				6.31971e+06
A0A075B6R9;A0A0C4DH68	A0A075B6R9;A0A0C4DH68				1.68799e+07
A0A075B6S2	A0A075B6S2;A2NJV5				1.30617e+08
A0A075B6S5	A0A075B6S5;A0A0C4DH67;A0A0C4DH69				1.34868e+07
A0A087WSX0	A0A087WSX0;A0A0G2JS06				1.06089e+06
A0A087WSY6	A0A087WSY6				1.23841e+08
A0A0A0MRZ8;P04433	P04433;A0A0A0MRZ8				5.5837e+07
A0A0A0MS15	A0A0A0MS15				6.74094e+06
A0A0A0MT36;A0A0C4DH26	A0A0A0MT36;A0A0C4DH26				201462
A0A0A0MT89	A0A0A0MT89				6.47721e+06
A0A0B4J1U7	A0A0B4J1U7				1.05186e+07
A0A0B4J1V0	A0A0B4J1V0				1.19824e+08
A0A0B4J1V2	A0A0B4J1V2				1.52693e+06
A0A0B4J1X5	P01764;P01768;P01772;P01767;A0A0B4J1X5;A0A0C4DH42;P0DP02;P0DP03				3.82857e+07
A0A0B4J1Y8	A0A0B4J1Y8				254255
A0A0B4J1Y9	A0A0B4J1Y9				4.23574e+06
A0A0B4J2D9;P0DP09	A0A0B4J2D9;P0DP09				216716
A0A0C4DH24	A0A0C4DH24				2.58916e+06
A0A0C4DH25	A0A0C4DH25				4.27875e+07
A0A0C4DH33	A0A0C4DH33				1.78284e+06
A0A0C4DH34	A0A0C4DH34				4.9063e+06
A0A0C4DH35	A0A0C4DH35				2.96198e+06
A0A0C4DH36	A0A0C4DH36				2.27712e+06
A0A0C4DH38	A0A0C4DH38				1.06407e+07
A0A0C4DH43	A0A0C4DH43				1.70487e+07
A0A0C4DH67	A0A0C4DH67				893660
A0A0G2JS06	A0A0G2JS06				773883
A0A0J9YX35	A0A0J9YX35				1.34621e+06
A0A0J9YXX1	A0A0J9YXX1				4.77087e+06
A0M8Q6	P0CG04;P0DOY2;P0DOY3;A0M8Q6;P0CF74;B9A064;P0DOX8				1.81055e+08
A1L4H1	A1L4H1;A1L4H1-2				1.41904e+06
A2RU67	A2RU67				119854
A5D6W6	A5D6W6				3.59098e+06
A6BM72;A6BM72-2;A6BM72-4	A6BM72;A6BM72-2;A6BM72-4				556172
A6NCE7;Q9GZQ8	Q9GZQ8;A6NCE7				148203
A6NGN9	A6NGN9				1.53404e+06
A6NL88	A6NL88				250630
A6NLU5	A6NLU5				2.72185e+06
A6NML5	A6NML5				1.13238e+06
A6NMY6;P07355;P07355-2	A6NMY6;P07355;P07355-2				54565.8
B1AJZ9;B1AJZ9-4	B1AJZ9;B1AJZ9-4				699288
C9JVW0	C9JVW0				2.24144e+06
I3L3R5	I3L3R5				179695
O00115;O00115-2	O00115;O00115-2				1.3598e+06
O00142;O00142-2;O00142-3;O00142-4;O00142-5;O00142-6	O00142;O00142-2;O00142-3;O00142-4;O00142-5;O00142-6				7.01699e+06
O00187;O00187-2	O00187;O00187-2				796988
O00264	O00264;O15173;O15173-2				1.22291e+06
O00299	O00299				343290
O00339;O00339-2	O00339;O00339-2;O00339-3				475130
O00391	O00391;O00391-2				5.76353e+06
O00451	O00451;O00451-2;O00451-3				2.94892e+06
O00461	O00461				1.34471e+06
O00462	O00462				2.71627e+06
O00468-6	O00468-6;O00468-7				3.49253e+06
O00533	O00533;O00533-2				3.78976e+07
O00560;O00560-2;O00560-3	O00560;O00560-2;O00560-3				186238
O00567	O00567				66649.7
O00584	O00584				2.37767e+06
O00754;O00754-2	O00754;O00754-2				367967
O14498	O14498				7.57823e+06
O14514	O14514				479266
O14522;O14522-1	O14522;O14522-1				414147
O14594	O14594				1.11137e+07
O14668;O14668-2	O14668;O14668-2				493263
O14672	O14672				1.26088e+06
O14773	O14773				3.12855e+06
O14786;O14786-2;O14786-3	O14786;O14786-2;O14786-3				2.18655e+06
O14791-2	O14791;O14791-2;O14791-3				9.35358e+06
O14917;O14917-2	O14917;O14917-2				1.36056e+06
O14960	O14960				217229
O15031	O15031				3.42721e+06
O15041;O15041-2	O15041;O15041-2				118277
O15197;O15197-3	O15197;O15197-3				728281
O15230	O15230				3.36697e+06
O15240	O15240				4.09373e+07
O15335	O15335				764380
O15354	O15354				4.70053e+06
O15389;Q08ET2	O15389;Q08ET2				2.17229e+06
O15394	O15394;O15394-2				1.02487e+07
O15466;O15466-2	O15466;O15466-2				366966
O15540;O15540-2	O15540;O15540-2				525713
O43157	O43157;O43157-2;O43157-3				948020
O43173	O43173				613906
O43240	O43240				218492
O43278;O43278-2	O43278;O43278-2				475490
O43286	O43286				1.49474e+06
O43291	O43291				1.25395e+06
O43300	O43300				507979
O43405;O43405-2	O43405;O43405-2				2.06176e+06
O43493;O43493-3;O43493-5;O43493-7	O43493;O43493-3;O43493-5;O43493-4;O43493-6;O43493-7				8.02856e+06
O43505	O43505				1.32469e+08
O43508-2	O75888;O43508-2;O75888-2;O75888-4;O75888-5				184083
O43529	O43529				1.61051e+06
O43556;O43556-3;O43556-4	O43556;O43556-3;O43556-4				2.99934e+06
O43567	O43567				1.42239e+06
O43581;O43581-2;O43581-3;O43581-4;O43581-5;O43581-6	O43581;O43581-2;O43581-3;O43581-4;O43581-5;O43581-6				151321
O43827	O43827				3.94207e+06
O43852;O43852-10;O43852-11;O43852-12;O43852-13;O43852-14;O43852-2;O43852-3;O43852-4;O43852-5;O43852-6;O43852-7;O43852-8;O43852-9	O43852;O43852-10;O43852-11;O43852-12;O43852-13;O43852-14;O43852-2;O43852-3;O43852-4;O43852-5;O43852-6;O43852-7;O43852-8;O43852-9				116089
O43866	O43866				1.37228e+06
O43916	O43916				2.68984e+07
O60241;O60241-2;O60241-3;O60241-4	O60241;O60241-2;O60241-3;O60241-4				4.6559e+06
O60242	O60242				742371
O60243	O60243				240033
O60245;O60245-2	O60245;O60245-2				2.96151e+06
O60279	O60279				4.32649e+06
O60449;O60449-2;O60449-3	O60449;O60449-2;O60449-3				198201
O60462;O60462-2;O60462-3;O60462-4;O60462-5	O60462;O60462-2;O60462-3;O60462-4;O60462-5;O60462-6				1.37355e+06
O60476	O60476				495370
O60512;O60512-2	O60512;O60512-2				202524
O60565	O60565				161659
O60568	O60568				898424
O60613	O60613				114239
O60883	O60883				9.50501e+06
O60888-3	O60888;O60888-2;O60888-3				3.87343e+06
O60939	O60939				312069
O75063	O75063				1.03629e+06
O75071	O75071				2.92736e+06
O75077;O75077-2;O75077-3	O75077;O75077-2;O75077-3				2.45824e+06
O75078	O75078;O75078-2				1.02504e+06
O75083;O75083-3	O75083;O75083-3				324431
O75084;Q14332	O75084;Q14332				280761
O75144;O75144-2	O75144;O75144-2;O75144-3				2.86512e+06
O75173;O75173-2	O75173;O75173-2				1.45982e+06
O75326	O75326;O75326-2				1.40267e+07
O75354;O75354-2;O75354-3	O75354;O75354-2;O75354-3				418611
O75368	O75368				703467
O75487;O75487-2	O75487;O75487-2				283914
O75493	O75493				1.49347e+06
O75503	O75503				1.10486e+06
O75509	O75509				4.47072e+06
O75636;O75636-2	O75636;O75636-2				525758
O75711	O75711				7.89311e+07
O75752	O75752				1.52973e+06
O75781;O75781-2	O75781;O75781-2				661167
O75787;O75787-2	O75787;O75787-2				2.13842e+06
O75874	O75874				297167
O75882;O75882-2;O75882-3	O75882;O75882-2;O75882-3				5.92482e+06
O75976	O75976				441560
O76031	O76031				677763
O76061	O76061				729472
O76070	O76070				207075
O94760	O94760;O94760-2				1.46749e+06
O94766;O94766-2	O94766;O94766-2				167436
O94769	O94769;O94769-2				2.57581e+06
O94772;O94772-2	O94772;O94772-2				4.56661e+07
O94779;O94779-2;O94779-4	O94779;O94779-2;O94779-4				82214.8
O94813;O94813-2;O94813-3	O75093;O94813;O75093-2;O94813-2;O94813-3				315081
O94856-11	O94856;O94856-10;O94856-11;O94856-12;O94856-13;O94856-3;O94856-4;O94856-5;O94856-6;O94856-7;O94856-8;O94856-9				8.43303e+06
O94898	O94898				356350
O94910;O94910-2	O94910;O94910-2				2.21362e+06
O94919	O94919				9.36482e+06
O94933	O94933				470898
O94985	O94985				416184
O94985-2	O94985;O94985-2				7.99601e+07
O94991	O94991;O94991-2				1.18572e+06
O95084;O95084-2	O95084;O95084-2				379181
O95157	O95157				304602
O95158	O95158				6.2567e+06
O95185;O95185-2	O95185;O95185-2				510297
O95196;O95196-2	O95196;O95196-2				1.72836e+06
O95206;O95206-2	O95206;O95206-2				636054
O95297;O95297-2;O95297-3	O95297;O95297-2;O95297-3;O95297-4				204904
O95336	O95336				309015
O95390	O95390				237733
O95428;O95428-5;O95428-6	O95428;O95428-3;O95428-4;O95428-5;O95428-6				1.49918e+06
O95445	O95445;O95445-2				1.85465e+07
O95450;O95450-2	O95450;O95450-2				434900
O95467	O95467				463455
O95477	O95477				5.82726e+06
O95490;O95490-2;O95490-3;O95490-4;O95490-5;O95490-6;O95490-7	O95490;O95490-2;O95490-3;O95490-4;O95490-5;O95490-6;O95490-7				286967
O95497	O95497				878681
O95502	O95502				3.31955e+07
O95803;O95803-3;Q9H3R1	O95803;Q9H3R1;O95803-2;O95803-3				1.32952e+06
O95841	O95841				569251
O95865	O95865				305531
O95897	O95897				283461
O95967	O95967				4.40229e+06
O95980	O95980				2.27848e+06
P00338;P00338-3	P00338;P00338-3;P00338-4				1.66986e+06
P00352	P00352				57168.1
P00390;P00390-2;P00390-3	P00390;P00390-2;P00390-3				511930
P00441	P00441				7.14363e+07
P00450	P00450				5.81777e+07
P00488	P00488				316845
P00492	P00492				275927
P00505	P00505;P00505-2				903513
P00533;P00533-2;P00533-3;P00533-4	P00533;P00533-2;P00533-3;P00533-4				2.10095e+06
P00558;P00558-2	P00558;P00558-2				751721
P00734	P00734				2.53167e+07
P00736	P00736				3.63147e+07
P00738	P00738;P00738-2				3.20655e+08
P00739;P00739-2	P00739;P00739-2				3.08102e+06
P00740;P00740-2	P00740;P00740-2				934994
P00742	P00742				4.13908e+06
P00746	P00746				1.272e+07
P00747	P00747				7.51937e+07
P00748	P00748				5.11507e+07
P00751	P00751;P00751-2				5.53503e+07
P01008	P01008				3.3846e+08
P01009	P01009;P01009-2;P01009-3				1.93413e+09
P01011	P01011				3.37087e+08
P01019	P01019				1.19424e+08
P01023	P01023				1.67845e+08
P01024	P01024				3.0329e+08
P01031	P01031				1.26058e+07
P01033	P01033				1.05833e+07
P01034	P01034				1.80244e+09
P01042	P01042;P01042-2;P01042-3				1.22394e+08
P01042-2;P01042-3	P01042-2;P01042-3				5.36282e+07
P01127;P01127-2	P01127;P01127-2				9.80798e+06
P01210	P01210				3.76426e+07
P01213	P01213				1.07231e+06
P01236	P01236				47750.8
P01258;P01258-2;P06881	P01258;P06881;P10092;P01258-2				98252.3
P01303	P01303				1.41699e+06
P01344;P01344-2;P01344-3	P01344;P01344-2;P01344-3				1.01888e+07
P01591	P01591				5.85671e+06
P01593;P01594	P01593;P01594				2.01535e+07
P01597;P04432	P01597;P01611;P04432;A0A0C4DH72;A0A0C4DH73				6.59692e+06
P01599	P01599;A0A0C4DH72				4.1003e+06
P01619	P01619				1.84604e+08
P01700	P01700				1.17876e+07
P01701	P01701				1.53713e+07
P01709	P01709				905828
P01714	P01714				6.42538e+06
P01717	P01717				6.76968e+06
P01721	P01721				877954
P01742	P01742				1.97823e+07
P01768;P0DP03	P01768;P01772;P0DP02;P0DP03				1.19459e+07
P01780	P01780				1.94089e+07
P01817	P01817				5.40722e+06
P01833	P01833				586881
P01834	P01834				9.33332e+07
P01859;P01859-1	P01859;P01859-1				7.82245e+08
P01860;P01860-1	P01860;P01860-1				6.1365e+07
P01861;P01861-1	P01861;P01861-1				1.04655e+08
P01871;P01871-1	P01871;P0DOX6;P01871-1				1.3171e+07
P01876;P01876-1	P01876;P01876-1				4.28814e+08
P01889	P01889;P13747				1.70563e+06
P01903;P01906	P01903;P01906				150122
P01911;P04440	P01911;P04440				371371
P02144	P02144				1.15788e+06
P02452	P02452				8.26476e+06
P02461	P02461;P02461-2				1.38938e+06
P02462	P02462				1.47169e+06
P02647	P02647				1.83817e+09
P02649	P02649				1.55595e+09
P02652	P02652				6.59602e+08
P02654	P02654				1.80134e+07
P02655	P02655				2.31547e+06
P02656	P02656				9.46667e+06
P02671;P02671-2	P02671;P02671-2				4.57166e+07
P02675	P02675				1.67914e+08
P02679;P02679-2	P02679;P02679-2				3.54212e+07
P02741	P02741;P02741-2				362866
P02743	P02743				4.5071e+06
P02745	P02745				2.8595e+07
P02746	P02746				4.53894e+07
P02747	P02747				3.07849e+07
P02748	P02748				1.45421e+07
P02749	P02749				8.29312e+07
P02750	P02750				3.82982e+07
P02751;P02751-1	P02751;P02751-1;P02751-10;P02751-11;P02751-12;P02751-13;P02751-14;P02751-16;P02751-17;P02751-2;P02751-3;P02751-4;P02751-5;P02751-6;P02751-7;P02751-8;P02751-9				1.06754e+08
P02753	P02753				9.39969e+07
P02760	P02760				2.42278e+07
P02763	P02763				5.21953e+08
P02765	P02765				1.62152e+08
P02766	P02766				7.20278e+08
P02768	P02768				1.54694e+10
P02774;P02774-3	P02774;P02774-2;P02774-3				5.09237e+08
P02786	P02786				627383
P02787	P02787				1.7635e+09
P02788;P02788-2	P02788;P02788-2				853895
P02790	P02790				4.64942e+08
P02792	P02792				816818
P02794	P02794				2.37086e+06
P03950	P03950				1.37932e+06
P03951	P03951;P03951-2				1.57614e+06
P03952	P03952				8.10692e+06
P04003	P04003				1.28709e+06
P04004	P04004				4.43275e+07
P04040	P04040				233178
P04062;P04062-2;P04062-4;P04062-5	P04062;P04062-2;P04062-4;P04062-5				860846
P04066	P04066				924414
P04070;P04070-2	P04070;P04070-2				994567
P04075;P04075-2	P04075;P04075-2				8.64747e+06
P04080	P04080				437582
P04083	P04083				48546.6
P04085;P04085-2	P04085;P04085-2				1.29756e+06
P04114	P04114				1.58484e+06
P04156	P04156				9.06684e+07
P04179;P04179-2	P04179;P04179-2;P04179-3;P04179-4				3.06631e+06
P04180	P04180				1.10799e+07
P04196	P04196				6.96124e+07
P04216	P04216				3.08758e+07
P04217	P04217;P04217-2				1.12497e+08
P04217-2	P04217-2				431104
P04264	P04259;P04264				5.10831e+06
P04275	P04275				975836
P04278;P04278-5	P04278;P04278-2;P04278-3;P04278-4;P04278-5				1.24622e+06
P04406	P04406;P04406-2				2.65775e+06
P04430	P04430				1.10835e+06
P04439;P04439-2	P04439;P04439-2				3.78775e+06
P04792	P04792				215178
P05023;P05023-2;P05023-4	P05023;P05023-2;P05023-4				166058
P05026;P05026-2	P05026;P05026-2				183531
P05060	P05060				1.09408e+08
P05067;P05067-11;P05067-8	P05067;P05067-4;P05067-10;P05067-11;P05067-3;P05067-5;P05067-6;P05067-7;P05067-8;P05067-9				5.06896e+07
P05090	P05090				1.59179e+09
P05121	P05121				115040
P05154	P05154				5.78356e+06
P05155;P05155-3	P05155;P05155-2;P05155-3				2.05907e+08
P05156	P05156				1.24841e+07
P05160	P05160				941696
P05362	P05362				382156
P05408;P05408-2	P05408;P05408-2				4.18955e+07
P05413	P05413				1.17871e+06
P05451	P05451;P48304				209864
P05452	P05452				3.0695e+07
P05543	P05543				1.8323e+07
P05546	P05546				2.92797e+07
P05556;P05556-2;P05556-3;P05556-4;P05556-5	P05556;P05556-2;P05556-5;P05556-3;P05556-4				337219
P05937	P05937;P05937-2				1.30216e+06
P05997	P05997				305622
P06276	P06276				2.65397e+06
P06307	P06307				2.70375e+06
P06310	P06310				1.19115e+07
P06312	P06312				2.61418e+08
P06331	P01824;P01825;P06331;A0A0C4DH41;P0DP06;P0DP08				1.96956e+07
P06396	P06396;P06396-2;P06396-3;P06396-4				1.97389e+08
P06396-2	P06396-2				1.30215e+06
P06681	P06681;P06681-2;P06681-3				7.26812e+06
P06727	P06727				1.00649e+08
P06732	P06732				175929
P06733	P06733;P06733-2				1.69335e+06
P06744;P06744-2	P06744;P06744-2				2.29784e+06
P06865	P06865				5.25065e+06
P07093-2;P07093-3	P07093;P07093-2;P07093-3				2.88592e+06
P07108;P07108-2;P07108-3;P07108-4;P07108-5	P07108;P07108-2;P07108-3;P07108-4;P07108-5;P07108-6				2.27395e+06
P07148	P07148				111050
P07195	P00338;P07195;P07864;Q6ZMR3;P00338-3;P00338-2;P00338-4;P00338-5				7.71379e+06
P07225	P07225				2.51118e+07
P07237	P07237				712047
P07311	P07311				332438
P07333	P07333;P07333-2				1.19974e+07
P07339	P07339				4.32987e+07
P07357	P07357				5.97014e+06
P07358	P07358				1.26874e+07
P07360	P07360				5.72672e+06
P07451	P07451				398757
P07492	P07492;P07492-2;P07492-3				171101
P07585	P07585				6.9077e+06
P07602;P07602-2;P07602-3	P07602;P07602-2;P07602-3				3.11175e+07
P07686	P07686				3.74998e+06
P07711	P07711;P07711-3				5.61349e+06
P07737	P07737				1.14672e+06
P07858	P07858				8.055e+06
P07900;P07900-2	P07900;P07900-2				327975
P07942	P07942				1.23909e+06
P07996	P07996;P07996-2				1.00937e+06
P07998	P07998				9.95347e+06
P08123	P08123				4.14486e+06
P08174;P08174-2;P08174-3;P08174-4;P08174-5;P08174-6;P08174-7	P08174;P08174-2;P08174-3;P08174-4;P08174-5;P08174-6;P08174-7				704754
P08185	P08185				3.06148e+07
P08195;P08195-2;P08195-3;P08195-4;P08195-5	P08195;P08195-4;P08195-2;P08195-3;P08195-5				2.06807e+06
P08238	P08238				421631
P08253	P08253;P08253-2;P08253-3				6.50524e+06
P08294	P08294				4.40497e+07
P08493;P08493-2	P08493;P08493-2				3.59472e+06
P08571	P08571				4.52691e+07
P08572	P08572				814766
P08581;P08581-2	P08581;P08581-2				250563
P08582	P08582				234190
P08603	P08603				7.50901e+07
P08637	O75015;P08637				2.34661e+06
P08670	P08670				439228
P08697	P08697;P08697-2				1.30958e+08
P08758	P08758				378851
P09104	P09104;P09104-2				1.93271e+06
P09211	P09211				1.68473e+06
P09382	P09382				3.31985e+06
P09417;P09417-2	P09417;P09417-2				3.37601e+06
P09486	P09486				8.30224e+06
P09493;P09493-10;P09493-2;P09493-3;P09493-4;P09493-5;P09493-6;P09493-7;P09493-8;P09493-9	P06753;P07951;P09493;P09493-10;P67936;P07951-2;P09493-5;P06753-2;P06753-3;P09493-2;P09493-3;P09493-4;P09493-6;P09493-7;P09493-8;P09493-9;P06753-4;P06753-5;P06753-6;P07951-3;P67936-2				293496
P09603	P09603				1.08851e+07
P09619	P09619;P09619-2				998437
P09622;P09622-3	P09622;P09622-2;P09622-3				416736
P09668	P09668				6.90156e+06
P09871	P09871				4.16358e+07
P09936	P09936				284952
P09958	P09958				207007
P09972	P04075;P05062;P09972;P04075-2				6.37986e+06
P0C0L4;P0C0L4-2	P0C0L4;P0C0L4-2				4.42654e+07
P0C0L5	P0C0L4;P0C0L5;P0C0L4-2				1.63462e+08
P0C6S8	P0C6S8				510471
P0CG47;P0CG48;P62979;P62987	P0CG47;P0CG48;P62979;P62987				3.66023e+07
P0DJD7;P0DJD8;P0DJD9	P0DJD7;P0DJD8;P0DJD9				308438
P0DJI8	P0DJI8;P0DJI9;P0DJI9-2				1.09244e+06
P0DMQ5	P0DMQ5				3.25171e+06
P0DMV8;P0DMV8-2;P0DMV9	P0DMV8;P0DMV9;P0DMV8-2				1.83452e+06
P0DOX2	P01876;P01877;P01876-1;P01877-1;P0DOX2				7.17741e+08
P0DOX3	P0DOX3				5.62267e+06
P0DOX5	P01857;P01859;P0DOX5;P01857-1;P01859-1				1.90144e+09
P0DOX7	P01834;P0DOX7				4.87961e+08
P0DOX8	B9A064;P0DOX8				6.70117e+07
P0DOY2;P0DOY3	P0DOY2;P0DOY3				3.45188e+08
P0DP23;P0DP24;P0DP25	P0DP23;P0DP24;P0DP25;P27482				1.32777e+06
P0DP58	P0DP58				2.66773e+07
P0DTE1	P0DTE1				617933
P0DTE7;P0DTE8;P0DUB6	P04746;P0DTE7;P0DTE8;P0DUB6;P19961;P19961-2;P04746-2				481815
P10124	P10124				790025
P10153	P10153				332384
P10253	P10253				679582
P10451-3	P10451-3				6.81452e+07
P10451-5	P10451;P10451-4;P10451-5				3.71514e+06
P10451;P10451-4	P10451;P10451-4				318624
P10586;P10586-2	P10586;P23468;P10586-2;P23468-3;P23468-4;P23468-5;P23468-6;P23468-7				2.17443e+06
P10599	P10599;P10599-2				2.75932e+06
P10619;P10619-2	P10619;P10619-2				161764
P10643	P10643				2.57969e+07
P10644;P10644-2	P10644;P10644-2				84971.9
P10645	P10645				1.51471e+08
P10721;P10721-2	P10721;P10721-2				2.28336e+06
P10745	P10745				153348
P10768	P10768				199307
P10909-6	P10909;P10909-4;P10909-6;P10909-2;P10909-3;P10909-5				1.27521e+09
P11021	P11021				1.28977e+06
P11047	P11047				1.8639e+06
P11117	P11117				465071
P11142	P11142				1.63217e+06
P11226	P11226				456846
P11279	P11279;P11279-2				2.50242e+06
P11362-18	P11362-14;P11362-18;P11362-19;P11362-21;P11362-7				572206
P11362;P11362-2;P11362-20;P11362-8;P11362-9	P11362;P11362-10;P11362-11;P11362-12;P11362-13;P11362-14;P11362-16;P11362-18;P11362-19;P11362-2;P11362-20;P11362-21;P11362-3;P11362-4;P11362-5;P11362-6;P11362-7;P11362-8;P11362-9				5.56962e+06
P11717	P11717				495767
P12107;P12107-2;P12107-3;P12107-4	P12107;P12107-2;P12107-3;P12107-4				159824
P12109	P12109				1.4765e+07
P12110	P12110;P12110-2;P12110-3				1.14486e+06
P12111	P12111;P12111-2;P12111-3;P12111-5				199424
P12111-4	P12111;P12111-2;P12111-4				5.12355e+06
P12259	P12259				3.82172e+06
P12272;P12272-2;P12272-3	P12272;P12272-2;P12272-3				703705
P12318;P12318-2	P12318;P31994;P31995;P12318-2;P31994-2;P31994-3;P31994-4;P31994-5;P31995-2;P31995-3;P31995-4				2.12931e+06
P12821;P12821-2	P12821;P12821-3;P12821-2;P12821-4				742862
P12830;P12830-2	P12830;P12830-2				599536
P12955;P12955-2	P12955;P12955-2				884122
P13284	P13284				263616
P13473;P13473-2;P13473-3	P13473;P13473-2;P13473-3				3.19438e+07
P13497;P13497-2;P13497-3;P13497-4;P13497-5;P13497-6	P13497;P13497-2;P13497-3;P13497-4;P13497-5;P13497-6				514299
P13521	P13521				2.16743e+07
P13591	P13591;P13591-1;P13591-3;P13591-4;P13591-5;P13591-6				6.49838e+07
P13591-3	P13591-1;P13591-3;P13591-4				1.08554e+07
P13598	P13598				235709
P13611;P13611-5	P13611;P13611-2;P13611-3;P13611-4;P13611-5				5.9065e+06
P13637;P13637-2;P13637-3	P13637;P13637-2;P13637-3				66377.7
P13645	P13645				2.18338e+06
P13647	P13647				125422
P13667	P13667				155538
P13671	P13671				1.01547e+07
P13796	P13796				2.10862e+06
P13797;P13797-2;P13797-3	P13797;P13797-2;P13797-3				127504
P13987;P13987-2	P13987;P13987-2				1.58373e+07
P14136	P14136				701962
P14138;P14138-2	P14138;P14138-2				624044
P14151;P14151-2	P14151;P14151-2				1.70722e+06
P14174	P14174				2.80474e+06
P14207	P14207				631898
P14209;P14209-3	P14209;P14209-3				447846
P14314-2	P14314;P14314-2				2.01171e+06
P14324;P14324-2	P14324;P14324-2				110231
P14384	P14384				780423
P14415	P14415				589089
P14543	P14543;P14543-2				4.28784e+06
P14550	P14550				1.08596e+06
P14618-2	P14618;P14618-2;P14618-3				8.0645e+06
P14621	P14621				810263
P14625	P14625;Q58FF3				2.12416e+06
P14778	P14778				8780.84
P15086	P15085;P15086				312836
P15090	P15090				640269
P15121	C9JRZ8;P15121;C9JRZ8-2				362841
P15144	P15144				903739
P15151;P15151-2;P15151-3;P15151-4	P15151;P15151-2;P15151-3;P15151-4				2.77569e+06
P15169	P15169				852481
P15289;P15289-2	P15289;P15289-2				1.23477e+06
P15291;P15291-2	P15291;P15291-2				928622
P15502;P15502-1;P15502-10;P15502-12;P15502-13;P15502-2;P15502-4;P15502-5;P15502-6;P15502-7;P15502-8;P15502-9	P15502;P15502-1;P15502-10;P15502-12;P15502-13;P15502-2;P15502-4;P15502-5;P15502-6;P15502-7;P15502-8;P15502-9				105189
P15509;P15509-2;P15509-3;P15509-5;P15509-7;P15509-8	P15509;P15509-3;P15509-2;P15509-5;P15509-7;P15509-8				379628
P15529;P15529-10;P15529-11;P15529-12;P15529-13;P15529-14;P15529-15;P15529-16;P15529-2;P15529-3;P15529-4;P15529-5;P15529-6;P15529-7;P15529-8;P15529-9	P15529;P15529-3;P15529-10;P15529-11;P15529-12;P15529-13;P15529-14;P15529-15;P15529-16;P15529-2;P15529-4;P15529-5;P15529-6;P15529-7;P15529-8;P15529-9				201118
P15531;P15531-2;P22392;P22392-2	P15531;P22392;P22392-2;P15531-2				1.06451e+06
P15586;P15586-2	P15586;P15586-2				633434
P16035	P16035				6.34265e+06
P16070;P16070-10;P16070-11;P16070-12;P16070-13;P16070-14;P16070-15;P16070-16;P16070-17;P16070-18;P16070-3;P16070-4;P16070-5;P16070-6;P16070-7;P16070-8;P16070-9	P16070;P16070-10;P16070-11;P16070-12;P16070-13;P16070-14;P16070-15;P16070-16;P16070-17;P16070-18;P16070-3;P16070-4;P16070-5;P16070-6;P16070-7;P16070-8;P16070-9				2.91106e+07
P16083	P16083				603430
P16112;P16112-2;P16112-3	P16112;P16112-2;P16112-3				1.0287e+06
P16152	P16152				467716
P16519;P16519-2;P16519-3	P16519;P16519-2;P16519-3				1.79019e+06
P16870;P16870-2	P16870;P16870-2				2.74774e+07
P16930;P16930-2	P16930;P16930-2				211309
P16949	P16949;P16949-2				842641
P17050	P17050				43401.8
P17174	P17174;P17174-2				9.19603e+06
P17677;P17677-2	P17677;P17677-2				1.19285e+06
P17813;P17813-2	P17813;P17813-2				97002.9
P17900	P17900				2.84493e+07
P17931	P17931				834653
P17936;P17936-2	P17936;P17936-2				976210
P18065	P18065				3.4016e+07
P18206;P18206-2	P18206;P18206-2				752121
P18428	P18428				1.69324e+06
P18669	P15259;P18669				1.74551e+06
P19021;P19021-5;P19021-6	P19021;P19021-3;P19021-4;P19021-2;P19021-5;P19021-6				1.30356e+07
P19022	P19022;P19022-2				1.85276e+07
P19256;P19256-2;P19256-3	P19256;P19256-2;P19256-3				181071
P19320	P19320;P19320-2;P19320-3				1.49038e+06
P19652	P19652				1.27347e+08
P19823	P19823				3.71386e+07
P19827	P19827;P19827-2				1.33931e+07
P19835	P19835				387325
P20062	P20062				2.29199e+06
P20138;P20138-2;P20138-3	P20138;P20138-2;P20138-3				469944
P20366;P20366-2	P20366;P20366-2;P20366-3;P20366-4				2.57073e+06
P20382	P20382				191291
P20472	P20472				4.46458e+06
P20742	P20742;P20742-2				598411
P20774	P20774				3.49433e+07
P20827	P20827;P20827-2				1.90359e+06
P20851;P20851-2	P20851;P20851-2				634620
P20908;P20908-2	P20908;P20908-2				427041
P20916;P20916-2;P20916-3	P20916;P20916-2;P20916-3				1.74047e+06
P20933	P20933				2.89579e+07
P21333;P21333-2	P21333;P21333-2				654162
P21554	P21554				223299
P21579	P21579				310843
P21802;P21802-16;P21802-2;P21802-5;P21802-6;P21802-8	P21802;P21802-3;P21802-14;P21802-15;P21802-16;P21802-17;P21802-18;P21802-19;P21802-2;P21802-23;P21802-5;P21802-6;P21802-8				1.74584e+06
P21810	P21810				438993
P21860;P21860-4	P21860;P21860-4				280948
P21926	P21926				502132
P22004	P22004				227587
P22061;P22061-2	P22061;P22061-2				1.96544e+06
P22105;P22105-1;P22105-4	P22105;P22105-1;P22105-4				2.21906e+06
P22303	P22303;P22303-2;P22303-3;P22303-4				1.12631e+06
P22304	P22304				4.53919e+06
P22352	P22352				5.26801e+06
P22607;P22607-2;P22607-3;P22607-4	P22607;P22607-2;P22607-3;P22607-4				6.33731e+06
P22676	P22676				142220
P22692;P22692-2	P22692;P22692-2				1.94314e+07
P22748	P22748				2.75448e+06
P22792	P22792				1.98847e+06
P22891;P22891-2	P22891;P22891-2				734963
P22897	P22897				7.603e+06
P23083	P23083;A0A0C4DH31				1.44054e+06
P23142	P23142				2.5394e+07
P23142-4	P23142-4				6.38237e+07
P23284	P23284				5.61685e+06
P23435	P23435				1.31389e+07
P23468	P23468;P23468-2				2.21012e+06
P23470;P23470-2	P23470;P23470-2				4.13408e+06
P23471;P23471-2	P23471;P23471-2;P23471-3				1.00406e+07
P23515	P23515				5.34835e+07
P23528	P23528;P60981;Q9Y281;P60981-2;Q9Y281-3				244572
P23560;P23560-2;P23560-3;P23560-4;P23560-5	P23560;P23560-2;P23560-3;P23560-4;P23560-5				527810
P23582	P23582				7.03578e+06
P24043	P24043				1.49886e+06
P24347	P24347				7.61346e+06
P24387	P24387				102812
P24592	P24592				7.81125e+07
P24593	P24593				2.35418e+06
P24666;P24666-2;P24666-3;P24666-4	P24666;P24666-2;P24666-3;P24666-4				254899
P24821;P24821-2;P24821-3;P24821-4;P24821-5;P24821-6	P24821;P24821-2;P24821-3;P24821-4;P24821-5;P24821-6				223312
P25189;P25189-2	P25189;P25189-2				43278.8
P25311	P25311				9.01399e+07
P25713	P25713				2.83685e+06
P25774	P25774;P25774-2				1.73873e+06
P26038	P26038				1.78051e+06
P26447	P26447				505495
P26572	P26572				956159
P26927	P26927;Q2TV78;Q2TV78-2				1.0035e+06
P26992	P26992				8.2231e+06
P27169	P27169				2.68066e+07
P27658	P27658				287978
P27797	P27797				3.97892e+06
P27824;P27824-2	P27824;P27824-2				1.21642e+06
P28300	P28300				1.20357e+07
P28799	P28799;P28799-2				728324
P28827;P28827-2	P28827;P28827-2				265168
P29120;P29120-2	P29120;P29120-2				2.09193e+06
P29218;P29218-3	P29218;P29218-3;P29218-2				622653
P29323;P29323-2;P29323-3	P29323;P29323-3;P29323-2				371847
P29401;P29401-2	P29401;P29401-2				60995.2
P29622	P29622				1.44119e+07
P29966	P29966				2.95109e+06
P30041	P30041				581710
P30046	P30046				766929
P30048;P30048-2	P30048;P30048-2				184663
P30086	P30086				5.74449e+06
P30101	P30101				978615
P30530;P30530-2	P30530;P30530-2				4.29232e+06
P30740	P30740				228948
P31146	P31146				272683
P31150	P31150				1.42747e+06
P31946;P31946-2	P31946;P31946-2				547131
P32004;P32004-2;P32004-3	P32004;P32004-2;P32004-3				3.8893e+07
P32119	P32119				1.98211e+06
P33151	P33151;P33151-2				876722
P33908	P33908				8.57988e+06
P34059	P34059				1.88553e+06
P34096	P34096				2.76795e+06
P34741	P34741				381213
P35052	P35052				1.97535e+06
P35080	P35080				51917
P35237	P35237;P50452;P50452-2				366539
P35318	P35318				1.48826e+06
P35442	P35442				674821
P35443	P35443				681157
P35527	P35527				1.54212e+06
P35542	P35542				5.86434e+07
P35555	P35555				1.39484e+06
P35590	P35590				204895
P35613;P35613-2	P35613;P35613-2;P35613-3;P35613-4				1.01513e+06
P35858;P35858-2	P35858;P35858-2				2.96139e+06
P35908	P35908				587340
P35968;P35968-2;P35968-3	P35968;P35968-2;P35968-3				252605
P36222	P36222				3.51408e+07
P36269;P36269-2;P36269-3	P36269;P36269-2;P36269-3				31709.8
P36871;P36871-2;P36871-3	P36871;P36871-2;P36871-3				381127
P36955	P36955				6.63004e+07
P36957	P36957				6.44114e+06
P36980	P36980;Q03591;P36980-2				4.86564e+06
P37173;P37173-2	P37173;P37173-2				782471
P37837;P37837-2	P37837;P37837-2				760367
P38571;P38571-2	P38571;P38571-2				387904
P39059	P39059				1.27075e+06
P39060;P39060-1;P39060-2	P39060;P39060-1;P39060-2				1.3821e+07
P40121;P40121-2	P40121;P40121-2				491754
P40189	P40189;P40189-3				4.95789e+06
P40925;P40925-3	P40925;P40925-2;P40925-3				5.35548e+06
P40926	P40926				175277
P41217;P41217-2;P41217-3	P41217;P41217-2;P41217-3				1.43e+06
P41222	P41222				1.39387e+09
P41271;P41271-2	P41271;P41271-2				3.71573e+07
P42262;P42262-2;P42262-3	P42262;P42262-2;P42262-3;P42262-4				822482
P42658;P42658-2	P42658;P42658-2				1.68969e+06
P42785	P42785;P42785-2				4.96867e+06
P42857;P42857-2	P42857;P42857-2				519528
P43121	P43121;P43121-2				7.63254e+06
P43146	P43146				1.64995e+06
P43234	P43234				843681
P43251;P43251-2;P43251-3;P43251-4	P43251;P43251-2;P43251-3;P43251-4				1.21219e+07
P43652	P43652				1.01261e+08
P45877	P45877				3.51908e+06
P46459	P46459;P46459-2				956105
P47972	P47972				3.81774e+06
P48058;P48058-2	P48058;P48058-2				4.63305e+06
P48061;P48061-2;P48061-3;P48061-4;P48061-5;P48061-6	P48061;P48061-2;P48061-3;P48061-4;P48061-5;P48061-6				535932
P48066;P48066-2	P48066;P48066-2				43456.8
P48147	P48147				1.32118e+06
P48163	P48163;P48163-2				730194
P48539	P48539				217852
P48551;P48551-2;P48551-3	P48551;P48551-2;P48551-3				823983
P48637	P48637				639410
P48723	P48723				775363
P48740-2;P48740-4	P48740-2;P48740-4				948517
P48740-3	P48740;P48740-2;P48740-3;P48740-4				1.56344e+06
P48745	P48745				2.07418e+06
P49221	P49221				3.30862e+06
P49257	P49257				1.25215e+06
P49418;P49418-2	P49418;P49418-2				423923
P49641	P49641;P49641-1;P49641-2				3.31082e+06
P49747;P49747-2	P49747;P49747-2				904145
P49908	P49908				3.59691e+06
P50281	P50281				1.17539e+06
P50395;P50395-2	P50395;P50395-2				596999
P50895	P50895				394033
P50897	P50897;P50897-2				409965
P50993	P05023;P13637;P20648;P50993;P05023-2;P05023-3;P05023-4;P13637-2;P13637-3				436186
P51512;P51512-2	P51512;P51512-2				318377
P51693	P51693;P51693-2				1.11817e+08
P51693-2	P51693-2				1.76518e+06
P51884	P51884				3.41977e+07
P51888	P51888				1.97459e+06
P52565;P52565-2	P52565;P52565-2				201345
P52566	P52566				187993
P52758	P52758				649857
P52797	P52797				1.37452e+06
P52799	P52799				1.12226e+06
P52803	P52803				1.63231e+06
P52848	P52848				270481
P53041	P53041				217927
P53634	P53634				882927
P54108;P54108-2;P54108-3	P54108;P54108-2;P54108-3				2.53593e+06
P54253	P54253				5.23383e+08
P54289-2;P54289-3	P54289;P54289-2;P54289-3;P54289-4;P54289-5				1.14356e+07
P54725;P54725-2;P54725-3;P54727	P54725;P54727;P54725-2;P54725-3				309701
P54764	P54764;P54764-2				9.16876e+06
P54802	P54802				1.64708e+06
P54803	P54803;P54803-3;P54803-4;P54803-5				1.73557e+06
P55058	P55058;P55058-2;P55058-3;P55058-4				7.84995e+07
P55083;P55083-2	P55083;P55083-2				1.23185e+07
P55087;P55087-2	P55087;P55087-2				81496.3
P55103	P55103				188212
P55268	P55268				954628
P55283	P55283;P55283-2				2.65601e+06
P55285;P55285-2	P55285;P55285-2				1.48883e+06
P55286	P55286				1.64568e+06
P55287;P55287-2	P55287;P55287-2				1.00023e+06
P55289;P55289-2	P55289;P55289-2				463083
P55290;P55290-4	P55290;P55290-2;P55290-3;P55290-4;P55290-5				1.4376e+07
P55291	P55291				3.20313e+06
P55786;P55786-2	P55786;P55786-2				613156
P56159;P56159-2	P56159;P56159-2				1.61066e+06
P56705;P56705-2	P56705;P56705-2				553202
P56817;P56817-2	P56817;P56817-2;P56817-3;P56817-4;P56817-5;P56817-6				798269
P57087;P57087-2;P57087-3	P57087;P57087-2;P57087-3				436190
P58400	P58400;P58400-1				768991
P58401	P58401				225378
P58417	O95156;P58417				1.60051e+06
P60174;P60174-3	P60174;P60174-3;P60174-4				5.89568e+06
P60520	P60520				384782
P60709;P63261	P60709;P63261				1.01262e+07
P60983	O60234;P60983				440997
P61088	P61088				280834
P61106	P61106				293908
P61204;P61204-2;P84077;P84085	P61204;P84077;P84085;P61204-2				88622.6
P61278	P61278				5.62058e+06
P61604	P61604				575401
P61626	P61626				1.35814e+07
P61769	P61769				4.41667e+08
P61916	P61916;P61916-2				2.02704e+07
P61970	P61970				1.48386e+06
P61981	P61981				753210
P62258;P62258-2	P62258;P62258-2				680170
P62328	P62328;P63313				5.96567e+06
P62873;P62873-2;P62879	P62873;P62879;Q9HAV0;P62873-2;P62879-2				195213
P62937	P62937				1.34129e+06
P62942	P62942				420073
P62993	P62993;P62993-2				351879
P63010;P63010-2;P63010-3	P63010;P63010-2;P63010-3				754326
P63104	P63104;P63104-2				3.63819e+06
P63208	P63208;P63208-2				661592
P63241;P63241-2;Q6IS14;Q9GZV4	P63241;Q9GZV4;Q6IS14;P63241-2				125793
P68032;P68133	P62736;P63267;P68032;P68133				1.01847e+06
P68036;P68036-2;P68036-3	P68036;A0A1B0GUS4;P68036-2;P68036-3				344751
P68363;Q71U36;Q71U36-2;Q9BQE3	P68363;Q71U36;Q9BQE3;Q71U36-2				111072
P69849;Q15155;Q5JPE7;Q5JPE7-2;Q5JPE7-3	P69849;Q15155;Q5JPE7;Q5JPE7-2;Q5JPE7-3				453079
P78310;P78310-2;P78310-4;P78310-5;P78310-6;P78310-7	P78310;P78310-2;P78310-4;P78310-5;P78310-6;P78310-7				143433
P78324;P78324-2	P78324;Q9P1W8;Q5TFQ8;P78324-2;P78324-4;Q9P1W8-2;Q9P1W8-3;Q9P1W8-4				3.42272e+07
P78417;P78417-3	P78417;P78417-3				746564
P78509;P78509-2	P78509;P78509-2;P78509-3				9.68141e+06
P78539;P78539-2;P78539-3;P78539-5	P78539;P78539-2;P78539-3;P78539-4;P78539-5				262443
P79483;Q30154	P79483;Q30154				2.19458e+06
P80108	P80108				2.63909e+06
P80188;P80188-2	P80188;P80188-2				717633
P80303;P80303-2	P80303;P80303-2				800910
P80723	P80723;P80723-2				1.63145e+06
P80748	P80748				2.80878e+07
P81605;P81605-2	P81605;P81605-2				395305
P84157-2	P84157;P84157-2;P84157-3				279669
P98095;P98095-2	P98095;P98095-2				924585
P98153;P98153-2;P98153-3	P98153;P98153-2;P98153-3				919608
P98160	P98160				1.49617e+07
P98172	P98172				888747
P98173;P98173-2;P98173-3	P98173;P98173-2;P98173-3				244083
P99999	P99999				1.08634e+06
Q00973	Q00973;Q00973-2				316443
Q01459	Q01459				4.8268e+06
Q01469	Q01469				656200
Q01995	Q01995				1.80051e+06
Q02246	Q02246				1.10146e+07
Q02487;Q02487-2	Q02487;Q02487-2				3.424e+06
Q02790	Q02790				605256
Q02809;Q02809-2	Q02809;Q02809-2				659063
Q02818	Q02818				9.71485e+06
Q03167;Q03167-2	Q03167;Q03167-2				1.79007e+06
Q04721	Q04721				968132
Q04756	Q04756				879842
Q04760;Q04760-2	Q04760;Q04760-2				250917
Q05707;Q05707-2	Q05707;Q05707-2;Q05707-3				635692
Q05996;Q05996-2	Q05996;Q05996-2				1.21871e+06
Q06033;Q06033-2	Q06033;Q06033-2				1.71204e+06
Q06418	Q06418				1.28676e+06
Q06481	Q06481;Q06481-3;Q06481-6				1.70804e+07
Q06828	Q06828				7.08751e+06
Q06830	Q06830				2.15186e+06
Q07092;Q07092-2	Q07092;Q07092-2				351419
Q07699;Q07699-2	Q07699;Q07699-2				416582
Q07954	Q07954				1.69118e+06
Q08174-2	Q08174;Q08174-2				2.20136e+06
Q08345;Q08345-5	Q08345;Q08345-2;Q08345-4;Q08345-5;Q08345-6				3.15113e+06
Q08380	Q08380				4.37677e+07
Q08431;Q08431-4	Q08431;Q08431-3;Q08431-4				1.0025e+06
Q08554;Q08554-2	Q08554;Q08554-2				620601
Q08629	Q08629				5.11556e+06
Q09327	Q09327				225437
Q09328	Q09328				287782
Q09666	Q09666				210193
Q0P6D2	Q0P6D2				1.56536e+06
Q10469	Q10469				761939
Q10471	Q10471				1.88557e+06
Q10472	Q10472				376688
Q10567;Q10567-2;Q10567-3	Q10567;Q10567-3;Q10567-2				241608
Q10588	Q10588				453097
Q12794;Q12794-2;Q12794-7	Q12794;Q12794-2;Q12794-4;Q12794-7				193064
Q12797;Q12797-10	Q12797;Q12797-10				211384
Q12805;Q12805-2;Q12805-3;Q12805-4;Q12805-5	Q12805;Q12805-2;Q12805-3;Q12805-4;Q12805-5				1.37492e+07
Q12841;Q12841-2	Q12841;Q12841-2				4.63624e+06
Q12860	Q12860;Q12860-2				2.55146e+07
Q12866	Q12866				321440
Q12907	Q12907				1.83935e+07
Q12913;Q12913-2;Q12913-3	Q12913;Q12913-2;Q12913-3				997530
Q13214;Q13214-2	Q13214;Q13214-2				839531
Q13217	Q13217				263912
Q13228;Q13228-4	Q13228;Q13228-2;Q13228-3;Q13228-4				3.95057e+06
Q13231;Q13231-2;Q13231-3	Q13231;Q13231-2;Q13231-3;Q13231-4				1.06466e+06
Q13232	Q13232				628477
Q13308;Q13308-2;Q13308-3;Q13308-4;Q13308-5;Q13308-6	Q13308;Q13308-2;Q13308-3;Q13308-4;Q13308-5;Q13308-6				196889
Q13332-2;Q13332-6	Q13332;Q13332-2;Q13332-3;Q13332-4;Q13332-6				4.40931e+06
Q13332-5	Q13332-5;Q13332-7				1.42481e+06
Q13404;Q13404-1;Q13404-2;Q13404-7	Q13404;Q13404-1;Q13404-2;Q13404-6;Q13404-7				284573
Q13421-2;Q13421-3;Q13421-4	Q13421;Q13421-2;Q13421-3;Q13421-4				453340
Q13433	Q13433				238898
Q13449	Q13449				5.32242e+07
Q13508;Q13508-2;Q13508-3	Q13508;Q13508-2;Q13508-3				2.42144e+06
Q13510;Q13510-2	Q13510;Q13510-2;Q13510-3				2.67651e+06
Q13554;Q13554-2;Q13554-3;Q13554-4;Q13554-5;Q13554-7;Q13554-8	Q13554;Q13554-3;Q13554-2;Q13554-4;Q13554-5;Q13554-6;Q13554-7;Q13554-8				918040
Q13555;Q13555-10;Q13555-11;Q13555-2;Q13555-3;Q13555-4;Q13555-5;Q13555-6;Q13555-7;Q13555-8;Q13555-9	Q13555;Q13555-5;Q13555-10;Q13555-11;Q13555-2;Q13555-3;Q13555-4;Q13555-6;Q13555-7;Q13555-8;Q13555-9				371819
Q13557;Q13557-10;Q13557-11;Q13557-12;Q13557-3;Q13557-4;Q13557-5;Q13557-6;Q13557-8;Q13557-9	Q13557;Q13557-8;Q13557-10;Q13557-11;Q13557-12;Q13557-3;Q13557-4;Q13557-5;Q13557-6;Q13557-9				452823
Q13634;Q13634-2	Q13634;Q13634-2				2.80857e+06
Q13641	Q13641				591949
Q13740;Q13740-2	Q13740;Q13740-2;Q13740-3				3.98106e+06
Q13790	Q13790				1.71543e+06
Q13822-3	Q13822;Q13822-3				7.02901e+07
Q14019	Q14019				2.46638e+06
Q14112;Q14112-2	Q14112;Q14112-2				3.77654e+06
Q14114;Q14114-2;Q14114-3;Q14114-4	Q14114;Q14114-3;Q14114-2;Q14114-4				615581
Q14118	Q14118				3.12373e+07
Q14126	Q14126				1.41558e+06
Q14165	Q14165				890699
Q14213	Q14213				126310
Q14242;Q14242-2	Q14242;Q14242-2				1.62339e+06
Q14257;Q14257-2	Q14257;Q14257-2				644074
Q14314	Q14314				2.47843e+06
Q14315;Q14315-2	Q14315;Q14315-2				460282
Q14393;Q14393-1;Q14393-3;Q14393-4;Q14393-5	Q14393;Q14393-1;Q14393-3;Q14393-4;Q14393-5				1.62389e+06
Q14515	Q14515;Q14515-2				8.13554e+07
Q14520;Q14520-2	Q14520;Q14520-2				2.52766e+06
Q14563	Q14563				60568
Q14574;Q14574-2	Q14574;Q14574-2				573707
Q14596;Q14596-2	Q14596;Q14596-2				139044
Q14624	Q14624				3.76077e+07
Q14696	Q14696				274847
Q14697;Q14697-2	Q14697;Q14697-2				755757
Q14766	Q14766;Q14766-4				776022
Q14767	Q14767				1.45586e+06
Q14894	Q14894				368548
Q14956;Q14956-2	Q14956;Q14956-2				308870
Q14982-3	Q14982;Q14982-2;Q14982-3;Q14982-4				7.48258e+06
Q14C87	Q14C87;Q14C87-2				1.46999e+06
Q14CZ8	Q14CZ8				469675
Q14DG7	Q14DG7;Q14DG7-2				666838
Q15063-4	Q15063-3;Q15063-4;Q15063-7				204840
Q15084;Q15084-2;Q15084-3;Q15084-4;Q15084-5	Q15084;Q15084-2;Q15084-3;Q15084-4;Q15084-5				21300.9
Q15113	Q15113				1.81491e+07
Q15121;Q15121-2	Q15121;Q15121-2				19757.1
Q15166	Q15166				1.20001e+07
Q15223;Q15223-2;Q15223-3	Q15223;Q15223-2;Q15223-3				1.16336e+06
Q15256;Q15256-5	Q15256;Q15256-5				405939
Q15257;Q15257-2;Q15257-3	Q15257;Q15257-2;Q15257-3				90823
Q15262;Q15262-2;Q15262-3;Q15262-4	Q15262;Q15262-2;Q15262-3;Q15262-4				602576
Q15293;Q15293-2	Q15293;Q15293-2				2.56644e+06
Q15303;Q15303-2;Q15303-3;Q15303-4	Q15303;Q15303-2;Q15303-3;Q15303-4				443108
Q15459;Q15459-2	Q15459;Q15459-2				270684
Q15465	Q14623;Q15465				953096
Q15582	Q15582				1.31024e+07
Q15768	Q15768				253432
Q15782;Q15782-5;Q15782-6	Q15782;Q15782-5;Q15782-6				472601
Q15818	Q15818				3.55821e+07
Q15819	Q15819				354987
Q15828	Q15828				5.87392e+06
Q15846	Q15846				224281
Q15848	Q15848				827485
Q15904	Q15904				2.18217e+07
Q16270	Q16270;Q16270-2				6.76846e+07
Q16288;Q16288-2;Q16288-3;Q16288-4;Q16288-5	Q16288;Q16288-2;Q16288-3;Q16288-4;Q16288-5				1.19294e+06
Q16363;Q16363-2	Q16363;Q16363-2				484097
Q16394	Q16394				158589
Q16531	Q16531				515789
Q16568	Q16568				1.62124e+06
Q16581	Q16581				248231
Q16610;Q16610-4	Q16610;Q16610-2;Q16610-3;Q16610-4				1.16177e+07
Q16620;Q16620-2;Q16620-3;Q16620-4;Q16620-5;Q16620-6	Q16620;Q16620-2;Q16620-3;Q16620-4;Q16620-5;Q16620-6				2.91218e+06
Q16627;Q16627-2	Q16627;Q16627-2				1.00979e+06
Q16653;Q16653-10;Q16653-11;Q16653-13;Q16653-2;Q16653-3;Q16653-5;Q16653-6;Q16653-7;Q16653-8;Q16653-9	Q16653;Q16653-10;Q16653-11;Q16653-13;Q16653-2;Q16653-3;Q16653-5;Q16653-6;Q16653-7;Q16653-8;Q16653-9				3.30185e+06
Q16658	Q16658				339290
Q16674	Q16674				1.43108e+06
Q16706	Q16706				1.18583e+06
Q16769	Q16769				6.99024e+06
Q16775;Q16775-2	Q16775;Q16775-2				251771
Q16799	Q16799				58712.5
Q16849;Q16849-2;Q16849-3	Q16849;Q16849-3;Q16849-2				3.14455e+06
Q16853;Q16853-2	Q16853;Q16853-2				379603
Q17RC7	Q17RC7				3.04693e+07
Q24JP5;Q24JP5-2	Q24JP5;Q24JP5-2;Q24JP5-3				5.6659e+06
Q2TAL6	Q2TAL6				265952
Q2TBF2;Q2TBF2-2	Q2TBF2;Q2TBF2-2				113606
Q2UY09	Q2UY09;Q2UY09-2;Q2UY09-3				257425
Q495W5;Q495W5-2	Q495W5;Q495W5-2				654506
Q496H8	Q496H8				32341.4
Q4G148;Q4G148-2	Q4G148;Q4G148-2				159216
Q4KWH8;Q4KWH8-3;Q4KWH8-4	Q4KWH8;Q4KWH8-3;Q4KWH8-4				3.22273e+06
Q53EL9;Q53EL9-2;Q53EL9-3	Q53EL9;Q53EL9-2;Q53EL9-3				4.05278e+06
Q53RD9;Q53RD9-2;Q53RD9-3;Q53RD9-4	Q53RD9;Q53RD9-2;Q53RD9-3;Q53RD9-4				1.44199e+06
Q562R1	Q562R1				6.30813e+06
Q59EK9;Q59EK9-2;Q59EK9-3;Q59EK9-4	Q59EK9;Q59EK9-3;Q59EK9-2;Q59EK9-4				1.60136e+06
Q5BIV9	Q5BIV9				848203
Q5BLP8;Q5BLP8-2;Q5BLP8-3	Q5BLP8;Q5BLP8-2;Q5BLP8-3				3.05845e+06
Q5FWE3;Q5FWE3-3	Q5FWE3;Q5FWE3-3				4.17739e+06
Q5JRA6;Q5JRA6-2	Q5JRA6;Q5JRA6-2				360082
Q5JS37;Q5JS37-2	Q5JS37;Q5JS37-2				203100
Q5JZY3;Q5JZY3-2;Q5JZY3-3	Q5JZY3;Q5JZY3-2;Q5JZY3-3				479014
Q5KU26	Q5KU26				6.00291e+06
Q5R3F8	Q5R3F8				259833
Q5SGD2;Q5SGD2-2;Q5SGD2-3	Q5SGD2;Q5SGD2-2;Q5SGD2-3				428767
Q5T013;Q5T013-2;Q5T013-3;Q5T013-4	Q5T013;Q5T013-2;Q5T013-3;Q5T013-4				2.7614e+07
Q5T848	Q5T848				2.12017e+06
Q5VSG8	Q5VSG8				961823
Q5VSL9;Q5VSL9-2;Q5VSL9-3	Q5VSL9;Q5VSL9-2;Q5VSL9-3				1.54164e+06
Q5VU43;Q5VU43-3;Q5VU43-4	Q5VU43;Q5VU43-3;Q5VU43-4				1.42383e+06
Q5VU97	Q5VU97				2.29838e+06
Q5VUB5	Q5VUB5				142237
Q5VV43;Q5VV43-2;Q5VV43-4	Q5VV43;Q5VV43-2;Q5VV43-4				1.04619e+06
Q5VWW1;Q5VWW1-2;Q5VWW1-3	Q5VWW1;Q5VWW1-2;Q5VWW1-3				475014
Q641Q3;Q641Q3-2	Q641Q3;Q641Q3-2				504210
Q658N2	Q658N2				941840
Q68BL7;Q68BL7-2;Q68BL7-3	Q68BL7;Q68BL7-2;Q68BL7-3				1.46337e+06
Q68D85	Q68D85				217784
Q6E0U4;Q6E0U4-16;Q6E0U4-2;Q6E0U4-3;Q6E0U4-4;Q6E0U4-5;Q6E0U4-6;Q6E0U4-7	Q6E0U4;Q6E0U4-16;Q6E0U4-2;Q6E0U4-3;Q6E0U4-4;Q6E0U4-5;Q6E0U4-6;Q6E0U4-7				494228
Q6EMK4	Q6EMK4				3.32222e+06
Q6FHJ7	Q6FHJ7				1.68374e+06
Q6GTX8;Q6GTX8-2;Q6GTX8-3;Q6GTX8-4;Q6ISS4;Q6ISS4-2	Q6GTX8;Q6ISS4;Q6GTX8-2;Q6GTX8-3;Q6GTX8-4;Q6ISS4-2				1.27522e+06
Q6IEE7	Q6IEE7				321561
Q6MZW2	Q6MZW2;Q6MZW2-2;Q6MZW2-3				8.31755e+06
Q6NW40	Q6NW40				5.92546e+06
Q6P179;Q6P179-2;Q6P179-3;Q6P179-4	Q6P179;Q6P179-2;Q6P179-3;Q6P179-4				211957
Q6P4E1;Q6P4E1-5	Q6P4E1;Q6P4E1-2;Q6P4E1-5				1.82303e+06
Q6P9A2	Q6P9A2				550129
Q6PCB0	Q6PCB0				229060
Q6PUV4	O14810;Q6PUV4				287096
Q6RVD6	Q6RVD6				149096
Q6UVK1	Q6UVK1				1.88172e+06
Q6UVY6;Q6UVY6-2	Q6UVY6;Q6UVY6-2				419257
Q6UW01	Q6UW01				2.94363e+06
Q6UWH4;Q6UWH4-2	Q6UWH4;Q6UWH4-2				796215
Q6UWR7	Q6UWR7				764054
Q6UWY5	Q6UWY5				473398
Q6UX71	Q6UX71;Q6UX71-2				9.28996e+06
Q6UX72	Q6UX72				1.24684e+06
Q6UX73;Q6UX73-2	Q6UX73;Q6UX73-2				6.90753e+06
Q6UXB8	Q6UXB8;Q6UXB8-2				3.71725e+06
Q6UXD5-3;Q6UXD5-5;Q6UXD5-6	Q6UXD5;Q6UXD5-2;Q6UXD5-3;Q6UXD5-4;Q6UXD5-5;Q6UXD5-6				1.27829e+07
Q6UXF1;Q6UXF1-2	Q6UXF1;Q6UXF1-2				50375.8
Q6UXH9;Q6UXH9-2	Q6UXH9;Q6UXH9-2				405684
Q6UXI9;Q6UXI9-2;Q6UXI9-3;Q6UXI9-4;Q6UXI9-5;Q6UXI9-6	Q6UXI9;Q6UXI9-2;Q6UXI9-3;Q6UXI9-4;Q6UXI9-5;Q6UXI9-6				524021
Q6UXK2	Q6UXK2				492801
Q6UXK5	Q6UXK5				259764
Q6UXZ4;Q6UXZ4-2	Q6UXZ4;Q6UXZ4-2				305459
Q6UY14;Q6UY14-2;Q6UY14-3	Q6UY14;Q6UY14-3;Q6UY14-2				74995
Q6YHK3	Q6YHK3;Q6YHK3-2;Q6YHK3-4				1.0341e+06
Q6ZMI3;Q6ZMI3-2	Q6ZMI3;Q6ZMI3-2				2.26634e+06
Q6ZN30;Q6ZN30-2	Q6ZN30;Q6ZN30-2				258286
Q6ZRP7	Q6ZRP7				351587
Q6ZSJ9;Q6ZSJ9-2;Q6ZSJ9-3	Q6ZSJ9;Q6ZSJ9-2;Q6ZSJ9-3				7.66639e+06
Q6ZVL6;Q6ZVL6-2	Q6ZVL6;Q6ZVL6-2				242007
Q7KYR7;Q7KYR7-1;Q7KYR7-4;Q7KYR7-5;Q7KYR7-6;Q8WVV5;Q8WVV5-2;Q8WVV5-3	Q7KYR7;Q8WVV5;Q7KYR7-4;Q7KYR7-1;Q7KYR7-5;Q7KYR7-6;Q8WVV5-2;Q8WVV5-3				133122
Q7L985	Q96FE5;Q7L985;Q96FE5-2				1.92852e+06
Q7LFX5	Q7LFX5;Q7LFX5-2				779848
Q7LGC8	Q7LGC8				286188
Q7Z304	Q7Z304				88773.6
Q7Z3B1	Q7Z3B1;Q7Z3B1-2				3.26981e+07
Q7Z3D4	Q7Z3D4				169162
Q7Z553;Q7Z553-3	Q7Z553;Q7Z553-2;Q7Z553-3				1.31215e+06
Q7Z5A7;Q7Z5A7-2	Q7Z5A7;Q7Z5A7-2				3.36226e+06
Q7Z5L7;Q7Z5L7-2;Q7Z5L7-3	Q7Z5L7;Q7Z5L7-2;Q7Z5L7-3				2.07104e+06
Q7Z6M3;Q7Z6M3-2	Q7Z6M3;Q7Z6M3-2				242751
Q7Z7G0;Q7Z7G0-2;Q7Z7G0-3;Q7Z7G0-4	Q7Z7G0;Q7Z7G0-2;Q7Z7G0-3;Q7Z7G0-4				384982
Q7Z7H5;Q7Z7H5-3	Q7Z7H5;Q7Z7H5-2;Q7Z7H5-3				258437
Q7Z7M0	Q7Z7M0;Q7Z7M0-2				1.49669e+07
Q7Z7M8	Q7Z7M8				290819
Q86SF2	Q86SF2				2.11653e+06
Q86SR1	Q86SR1;Q86SR1-2;Q86SR1-3				719951
Q86TY3;Q86TY3-2	Q86TY3;Q86TY3-2				2.56694e+06
Q86UD1	Q86UD1				2.32066e+06
Q86UN2	Q86UN2				1.13623e+06
Q86UN3	Q86UN3				3.62165e+06
Q86UP0;Q86UP0-2	Q86UP0;Q86UP0-2				1.5098e+06
Q86UW8	Q86UW8				32128.8
Q86UX2	Q86UX2;Q86UX2-2;Q86UX2-3				7.81935e+06
Q86V85	Q86V85				203215
Q86VB7;Q86VB7-2;Q86VB7-3;Q86VB7-4	Q86VB7;Q86VB7-2;Q86VB7-3;Q86VB7-4				2.767e+06
Q86VZ4	Q86VZ4				701676
Q86X29;Q86X29-2;Q86X29-3;Q86X29-4;Q86X29-5;Q86X29-6	Q86X29;Q86X29-2;Q86X29-3;Q86X29-4;Q86X29-5;Q86X29-6				2.59285e+06
Q86XR7-2;Q9Y3B3;Q9Y3B3-2	Q9Y3B3;Q86XR7-2;Q9Y3B3-2				326872
Q86Y38	Q86Y38				7.41666e+06
Q86YD3;Q86YD3-2;Q86YD3-4;Q86YD3-5	Q86YD3;Q86YD3-2;Q86YD3-4;Q86YD3-5				1.47949e+06
Q86YT9;Q86YT9-2;Q86YT9-3;Q86YT9-4	Q86YT9;Q86YT9-2;Q86YT9-3;Q86YT9-4				508087
Q86YZ3	Q86YZ3				142895
Q8IUC8	Q8IUC8;Q8IUC8-3;Q8IUC8-2				3.8678e+06
Q8IUK5;Q8IUK5-2;Q8IUK5-3	Q8IUK5;Q8IUK5-2;Q8IUK5-3;Q8IUK5-4				2.2475e+06
Q8IUK8	Q8IUK8				4.01153e+06
Q8IUX7	Q8IUX7;Q8IUX7-2				2.3005e+06
Q8IV08	Q8IV08				3.29427e+06
Q8IW52	Q8IW52				1.82642e+06
Q8IWT1	Q8IWT1;Q8IWT1-2				693143
Q8IWU5;Q8IWU5-2	Q8IWU5;Q8IWU5-2				1.3072e+07
Q8IWU6	Q8IWU6				125951
Q8IWV2	Q8IWV2				1.37079e+06
Q8IWY4	Q8IWY4				422046
Q8IXL6	Q8IXL6;Q8IXL6-2				1.13193e+06
Q8IYJ0;Q8IYJ0-2	Q8IYJ0;Q8IYJ0-2				1.20439e+07
Q8IYS5-2;Q8IYS5-3;Q8IYS5-6	Q8IYS5;Q8IYS5-2;Q8IYS5-3;Q8IYS5-4;Q8IYS5-5;Q8IYS5-6;Q8IYS5-7				2.18704e+07
Q8IZJ1;Q8IZJ1-2	Q8IZJ1;Q8IZJ1-2				526802
Q8IZJ3;Q8IZJ3-2	Q8IZJ3;Q8IZJ3-2				92224
Q8IZP7	Q8IZP7				1.56813e+06
Q8IZS8	Q8IZS8				554721
Q8N0W4;Q8N0W4-2;Q8NFZ3;Q8NFZ3-2	Q8N0W4;Q8NFZ3;Q8NFZ3-2;Q8N0W4-2				870893
Q8N114;Q8N114-2	Q8N114;Q8N114-2				1.29028e+07
Q8N126;Q8N126-2	Q8N126;Q8N126-2				1.63509e+07
Q8N2Q7;Q8N2Q7-2	Q8N2Q7;Q8N2Q7-2				467640
Q8N2S1;Q8N2S1-2;Q8N2S1-3	Q8N2S1;Q8N2S1-2;Q8N2S1-3				2.03506e+06
Q8N3G9	Q8N3G9;Q8N3G9-2;Q8N3G9-3				1.07633e+06
Q8N3J2	Q8N3J2				2.01127e+06
Q8N3J6;Q8N3J6-2;Q8N3J6-3;Q8N3J6-4;Q8N3J6-5	Q8N3J6;Q8N3J6-2;Q8N3J6-3;Q8N3J6-4;Q8N3J6-5				3.47832e+06
Q8N3T1	Q8N3T1				197857
Q8N3T6	Q8N3T6				680486
Q8N428	Q8N428;Q8N428-2				1.70444e+06
Q8N436	Q8N436				129913
Q8N475;Q8N475-2	Q8N475;Q8N475-2;Q8N475-3				949125
Q8N608;Q8N608-2;Q8N608-3;Q8N608-4	Q8N608;Q8N608-2;Q8N608-3;Q8N608-4				533043
Q8N6C5;Q8N6C5-2;Q8N6C5-4	Q8N6C5;Q8N6C5-2;Q8N6C5-4				434362
Q8N8Z6;Q8N8Z6-2	Q8N8Z6;Q8N8Z6-2				40703.8
Q8N967	Q8N967				376211
Q8N9I0	Q8N9I0				493281
Q8NBI6	Q8NBI6				486127
Q8NBJ4;Q8NBJ4-2	Q8NBJ4;Q8NBJ4-2				5.16743e+06
Q8NBJ7;Q8NBJ7-2	Q8NBJ7;Q8NBJ7-2;Q8NBJ7-3				141585
Q8NBP7	Q8NBP7				570798
Q8NBS9;Q8NBS9-2	Q8NBS9;Q8NBS9-2				264479
Q8NCC3	Q8NCC3;Q8NCC3-2				1.92656e+06
Q8NCL4	Q8NCL4				1.33415e+06
Q8NCW5	Q8NCW5;Q8NCW5-2				1.10167e+06
Q8NEP3;Q8NEP3-2;Q8NEP3-3	Q8NEP3;Q8NEP3-2;Q8NEP3-3				2.47757e+09
Q8NES3;Q8NES3-3	Q8NES3;Q8NES3-3				1.46579e+06
Q8NEY1;Q8NEY1-2;Q8NEY1-3;Q8NEY1-4;Q8NEY1-6;Q8NEY1-7	Q8NEY1;Q8NEY1-2;Q8NEY1-3;Q8NEY1-4;Q8NEY1-6;Q8NEY1-7				4.02216e+07
Q8NFL0	Q8NFL0				96610.9
Q8NFP4;Q8NFP4-2	Q8NFP4;Q8NFP4-2				669660
Q8NFT8	Q8NFT8				2.78114e+06
Q8NFY4;Q8NFY4-2;Q8NFY4-3;Q8NFY4-4;Q8NFY4-5;Q8NFY4-6;Q8NFY4-8	Q8NFY4;Q8NFY4-2;Q8NFY4-3;Q8NFY4-4;Q8NFY4-5;Q8NFY4-6;Q8NFY4-8				1.1683e+06
Q8NFZ4	Q8NFZ4				1.60166e+06
Q8NFZ8	Q8NFZ8				2.18878e+07
Q8NHJ6;Q8NHJ6-2;Q8NHJ6-3	Q8NHJ6;Q8NHJ6-2;Q8NHJ6-3				88657.4
Q8NHP8	Q8NHP8;Q8NHP8-2				583872
Q8NHQ9	Q8NHQ9				1.37884e+08
Q8TAB3;Q8TAB3-2;Q8TAB3-3	Q8TAB3;Q8TAB3-2;Q8TAB3-3				298961
Q8TAG5;Q8TAG5-2	Q8TAG5;Q8TAG5-2				7.09262e+06
Q8TBP5	Q8TBP5				4.29976e+06
Q8TCZ2	Q8TCZ2;Q8TCZ2-2;Q8TCZ2-3;Q8TCZ2-5;Q8TCZ2-6				1.04149e+07
Q8TDQ0;Q8TDQ0-2	Q8TDQ0;Q8TDQ0-2				1.02621e+06
Q8TER0;Q8TER0-5	Q8TER0;Q8TER0-3;Q8TER0-4;Q8TER0-5				1.04376e+07
Q8TEU8	Q8TEU8				3.83701e+06
Q8WUA8	Q8WUA8				147312
Q8WUJ3	Q8WUJ3;Q8WUJ3-2				2.90069e+06
Q8WVN6	Q8WVN6				967785
Q8WVQ1;Q8WVQ1-3	Q8WVQ1;Q8WVQ1-2;Q8WVQ1-3				1.88481e+06
Q8WWX9	Q8WWX9				879182
Q8WX77	Q8WX77				283342
Q8WXD2	Q8WXD2				5.61914e+07
Q8WXD2-2	Q8WXD2-2				1.94296e+06
Q8WY21;Q8WY21-2;Q8WY21-3;Q8WY21-4	Q8WY21;Q8WY21-2;Q8WY21-3;Q8WY21-4				1.18458e+06
Q8WYK1	Q8WYK1				368536
Q8WZ75;Q8WZ75-2;Q8WZ75-3	Q8WZ75;Q8WZ75-2;Q8WZ75-3				459525
Q8WZA1	Q8WZA1;Q8WZA1-2				3.43016e+06
Q92484;Q92484-2	Q92484;Q92484-2				637542
Q92485	Q92485				708135
Q92520	Q92520				5.80524e+07
Q92542;Q92542-2	Q92542;Q92542-2				564544
Q92563	Q92563				4.66354e+06
Q92597;Q92597-2;Q92597-3	Q92597;Q92597-2;Q92597-3				69822.5
Q92673	Q92673				1.4101e+06
Q92692;Q92692-2	Q92692;Q92692-2				508205
Q92729;Q92729-2;Q92729-3;Q92729-4	Q92729;Q92729-2;Q92729-3;Q92729-4				314533
Q92743	Q92743				1.69451e+06
Q92752;Q92752-2	Q92752;Q92752-2				2.60694e+06
Q92765	Q92765				3.12181e+06
Q92820	Q92820				5.45892e+06
Q92823;Q92823-2;Q92823-5	Q92823;Q92823-2;Q92823-3;Q92823-4;Q92823-5;Q92823-6				2.5333e+07
Q92832;Q92832-2	Q92832;Q92832-2				225892
Q92854	Q92854;Q92854-2				518763
Q92859;Q92859-2;Q92859-3	Q92859;Q92859-2;Q92859-3;Q92859-4				2.02802e+07
Q92876	Q92876;Q92876-2				4.00435e+07
Q92896;Q92896-2;Q92896-3	Q92896;Q92896-2;Q92896-3				269666
Q92911	Q92911				420636
Q92932-2	Q92932;Q92932-2;Q92932-3;Q92932-4				3.94663e+06
Q92945;Q96AE4;Q96AE4-2	Q92945;Q96AE4;Q96AE4-2				1.1544e+06
Q92954;Q92954-2;Q92954-3;Q92954-4;Q92954-5;Q92954-6	Q92954;Q92954-2;Q92954-3;Q92954-4;Q92954-5;Q92954-6				2.24972e+06
Q93091	Q93091				885983
Q969H8	Q969H8				502360
Q969P0;Q969P0-3	Q969P0;Q969P0-3				7.59803e+06
Q969T9	Q969T9				1.77341e+06
Q969Z4	Q969Z4				361955
Q96AP7	Q96AP7				975528
Q96AQ1;Q96AQ1-2;Q96LY2;Q96LY2-2	Q96LY2;Q96LY2-2;Q96AQ1;Q96AQ1-2				969267
Q96AQ6;Q96AQ6-2	Q96AQ6;Q96AQ6-2				234453
Q96B86;Q96B86-3;Q96B86-4	Q96B86;Q96B86-3;Q96B86-4				2.28358e+06
Q96BZ4	Q96BZ4				1.59254e+06
Q96CW9;Q96CW9-2	Q96CW9;Q96CW9-2				159504
Q96CX2	Q96CX2;Q68DU8				707066
Q96DD7	Q96DD7				52304.4
Q96EG1	Q96EG1				99823
Q96EU7	Q96EU7				304722
Q96FE5;Q96FE5-2	Q96FE5;Q96FE5-2				1.6306e+06
Q96FE7-4	Q96FE7;Q96FE7-2;Q96FE7-4;Q96FE7-5				1.29598e+07
Q96FJ2	P63167;Q96FJ2				789918
Q96GW7	Q96GW7;Q96GW7-2				5.52417e+07
Q96HD1;Q96HD1-2	Q96HD1;Q96HD1-2				649943
Q96HU1;Q96HU1-2	Q96HU1;Q96HU1-2				279359
Q96ID5	Q96ID5				1.8331e+06
Q96IY4	Q96IY4				1.02481e+07
Q96JA1;Q96JA1-2	Q96JA1;Q96JA1-2				315511
Q96JF0	Q96JF0;Q96JF0-2				2.26325e+06
Q96JQ0	Q96JQ0				193167
Q96KN2	Q96KN2				1.73314e+08
Q96KR4;Q96KR4-3	Q96KR4;Q96KR4-3				192445
Q96MK3	Q96MK3				120235
Q96NZ9	Q96NZ9;Q96NZ9-2;Q96NZ9-4				2.54619e+06
Q96P44;Q96P44-3	Q96P44;Q96P44-3				784341
Q96PD2;Q96PD2-2	Q96PD2;Q96PD2-2				272513
Q96PD5	Q96PD5;Q96PD5-2				1.45449e+07
Q96PQ0	Q96PQ0				3.11819e+06
Q96PX8	Q96PX8				4.37198e+06
Q96RW7;Q96RW7-2	Q96RW7;Q96RW7-2				152486
Q96S96	Q96S96				1.11458e+07
Q99435;Q99435-2;Q99435-3;Q99435-4	Q99435;Q99435-2;Q99435-3;Q99435-4				3.65758e+07
Q99497	Q99497				3.50202e+06
Q99519	Q99519				731752
Q99523	Q99523;Q99523-2				2.68054e+06
Q99574	Q99574				3.70225e+06
Q99590;Q99590-2	Q99590;Q99590-2				1.58718e+06
Q99650;Q99650-2	Q99650;Q99650-2				228295
Q99674	Q99674;Q99674-2				3.70569e+06
Q99715;Q99715-4	Q99715;Q99715-2;Q99715-4				466399
Q99784	Q99784;Q99784-3;Q99784-5				1.37065e+06
Q99969	Q99969				6.23747e+06
Q99972	Q99972				504386
Q99983	Q99983				4.54589e+06
Q99985	Q99985				563614
Q9BQ16	Q9BQ16;Q9BQ16-1;Q9BQ16-4;Q9BQ16-5;Q9BQ16-6;Q9BQ16-7;Q9BQ16-8				3.06614e+06
Q9BQT9;Q9BQT9-2	Q9BQT9;Q9BQT9-2				5.19508e+06
Q9BRA2	Q9BRA2				410342
Q9BRF8;Q9BRF8-2;Q9BRF8-3	Q9BRF8;Q9BRF8-2;Q9BRF8-3				129518
Q9BRK3;Q9BRK3-2;Q9BRK3-3	Q9BRK3;Q9BRK3-2;Q9BRK3-3				1.16465e+06
Q9BRK5	Q9BRK5;Q9BRK5-2;Q9BRK5-5				4.9747e+06
Q9BRR6;Q9BRR6-2	Q9BRR6;Q9BRR6-2				38626.4
Q9BS26	Q9BS26				289817
Q9BSG5;Q9BSG5-2;Q9BSG5-3	Q9BSG5;Q9BSG5-2;Q9BSG5-3				537602
Q9BTY2	Q9BTY2;Q9BTY2-2				2.52025e+06
Q9BU40-4;Q9BU40-5	Q9BU40;Q9BU40-3;Q9BU40-4;Q9BU40-5				2.758e+06
Q9BUD6	Q9BUD6				701393
Q9BUJ0	Q9BUJ0				1.08031e+06
Q9BUN1	Q9BUN1				1.19164e+06
Q9BWP8;Q9BWP8-10;Q9BWP8-2;Q9BWP8-3;Q9BWP8-4;Q9BWP8-5;Q9BWP8-6;Q9BWP8-7;Q9BWP8-8;Q9BWP8-9	Q9BWP8;Q9BWP8-10;Q9BWP8-2;Q9BWP8-3;Q9BWP8-4;Q9BWP8-5;Q9BWP8-6;Q9BWP8-7;Q9BWP8-8;Q9BWP8-9				468430
Q9BWQ8	Q9BWQ8				2.20288e+06
Q9BWS9;Q9BWS9-2;Q9BWS9-3	Q9BWS9;Q9BWS9-2;Q9BWS9-3				180455
Q9BX67;Q9BX67-2	Q9BX67;Q9BX67-2				788562
Q9BXJ0	Q9BXJ0				1.63141e+06
Q9BXJ1;Q9BXJ1-2	Q9BXJ1;Q9BXJ1-2				127055
Q9BXJ3	Q9BXJ3				1.43714e+06
Q9BXJ4;Q9BXJ4-2;Q9BXJ4-3	Q9BXJ4;Q9BXJ4-2;Q9BXJ4-3				3.36803e+06
Q9BXP8;Q9BXP8-2	Q9BXP8;Q9BXP8-2				2.24688e+06
Q9BY67-5	Q9BY67;Q9BY67-2;Q9BY67-3;Q9BY67-4;Q9BY67-5				1.20086e+07
Q9BYH1;Q9BYH1-5;Q9BYH1-6;Q9BYH1-7	Q9BYH1;Q9BYH1-2;Q9BYH1-3;Q9BYH1-4;Q9BYH1-5;Q9BYH1-6;Q9BYH1-7				7.97434e+06
Q9BZC7;Q9BZC7-2;Q9BZC7-3;Q9BZC7-4	Q9BZC7;Q9BZC7-2;Q9BZC7-3;Q9BZC7-4				3.04706e+06
Q9BZR6	Q9BZR6				4.86134e+06
Q9C0A0	Q9C0A0;Q96NU0;Q9BZ76;Q9BZ76-2;Q96NU0-2;Q9C0A0-2				7.0739e+06
Q9GZM5	Q9GZM5				5.29549e+06
Q9GZP0;Q9GZP0-2	Q9GZP0;Q9GZP0-2				186072
Q9GZP4;Q9GZP4-2	Q9GZP4;Q9GZP4-2				1.07948e+06
Q9GZT8;Q9GZT8-2	Q9GZT8;Q9GZT8-2;Q9GZT8-3				306172
Q9GZV7	Q9GZV7				391943
Q9GZX9	Q9GZX9				1.27292e+06
Q9H008;Q9H008-2	Q9H008;Q9H008-2				718100
Q9H019;Q9H019-2;Q9H019-3	Q9H019;Q9H019-2;Q9H019-3				1.54694e+06
Q9H0Q3;Q9H0Q3-2	Q9H0Q3;Q9H0Q3-2				695114
Q9H0R4;Q9H0R4-2	Q9H0R4;Q9H0R4-2				457782
Q9H173	Q9H173				702030
Q9H1U4	Q9H1U4				1.48847e+06
Q9H1Z8	Q9H1Z8				2.10762e+07
Q9H299	Q9H299				771515
Q9H2A7	Q9H2A7				2.01547e+06
Q9H2E6;Q9H2E6-2	Q9H2E6;Q9H2E6-2				1.50445e+06
Q9H2G2	Q9H2G2;Q9H2G2-2				3.96442e+06
Q9H2X0;Q9H2X0-5	Q9H2X0;Q9H2X0-5				590489
Q9H2X8	Q9H2X8				58549.8
Q9H3G5	Q9H3G5				2.34654e+06
Q9H3S1;Q9H3S1-2	Q9H3S1;Q9H3S1-2				43222.5
Q9H3T3;Q9H3T3-3	Q9H3T3;Q9H3T3-3				409649
Q9H4D0	Q9H4D0				1.18876e+06
Q9H4F8;Q9H4F8-2	Q9H4F8;Q9H4F8-2				840627
Q9H6B4	Q9H6B4				1.06631e+06
Q9H6X2;Q9H6X2-2;Q9H6X2-3;Q9H6X2-4;Q9H6X2-5;Q9H6X2-6	Q9H6X2;Q9H6X2-2;Q9H6X2-3;Q9H6X2-4;Q9H6X2-5;Q9H6X2-6				236634
Q9H741	Q9H741				218496
Q9H7Y0	Q9H7Y0;Q9H7Y0-2				417622
Q9H8J5;Q9H8J5-2	Q9H8J5;Q9H8J5-2				2.61895e+06
Q9H8L6	Q9H8L6				1.31023e+06
Q9H9S5	Q9H9S5				298297
Q9HAR2;Q9HAR2-2;Q9HAR2-3;Q9HAR2-4	Q9HAR2;Q9HAR2-2;Q9HAR2-3;Q9HAR2-4				1.47231e+06
Q9HAT2	Q9HAT2;Q9HAT2-2				4.08575e+06
Q9HBR0	Q9HBR0				432928
Q9HBT6	Q9HBT6				284538
Q9HC38-2	Q9HC38-2;Q9HC38-3				99502.4
Q9HC56;Q9HC56-2	Q9HC56;Q9HC56-2				1.7601e+06
Q9HC57	Q9HC57				1.7527e+06
Q9HCB6	Q9HCB6				1.34806e+06
Q9HCK4;Q9HCK4-2;Q9HCK4-3	Q9HCK4;Q9HCK4-2;Q9HCK4-3				1.16841e+06
Q9HCU0	Q9HCU0				1.64036e+06
Q9HCU4	Q9HCU4				3.11809e+06
Q9HDB5-4	Q9HDB5;Q9Y4C0;Q9HDB5-2;Q9HDB5-4;Q9Y4C0-3				2.16762e+06
Q9HDC9;Q9HDC9-2	Q9HDC9;Q9HDC9-2				153060
Q9NP78;Q9NP78-2;Q9NP78-3;Q9NP78-5;Q9NP78-6;Q9NP78-7	Q9NP78;Q9NP78-2;Q9NP78-3;Q9NP78-5;Q9NP78-6;Q9NP78-7				916226
Q9NP80;Q9NP80-2;Q9NP80-3	Q9NP80;Q9NP80-2;Q9NP80-3				5.58783e+06
Q9NP84	Q9NP84				489849
Q9NPC4	Q9NPC4				126340
Q9NPD7	Q9NPD7				816814
Q9NPH3;Q9NPH3-2;Q9NPH3-5	Q9NPH3;Q9NPH3-2;Q9NPH3-3;Q9NPH3-5				1.53027e+06
Q9NPR2;Q9NPR2-2	Q9NPR2;Q9NPR2-2				2.37528e+06
Q9NQ30	Q9NQ30				85443.9
Q9NQ36;Q9NQ36-2;Q9NQ36-3	Q9NQ36;Q9NQ36-2;Q9NQ36-3				217859
Q9NQ79;Q9NQ79-2;Q9NQ79-3	Q9NQ79;Q9NQ79-2;Q9NQ79-3				3.47705e+07
Q9NQS3;Q9NQS3-2;Q9NQS3-3	Q9NQS3;Q9NQS3-2;Q9NQS3-3				545309
Q9NQX5	Q9NQX5				685963
Q9NR34	Q9NR34				1.90893e+06
Q9NRB3	Q9NRB3				182757
Q9NRN5	Q9NRN5;Q9NRN5-2				3.58091e+06
Q9NRR1	Q9NRR1				2.10712e+06
Q9NS00;Q9NS00-2	Q9NS00;Q9NS00-2				86893.8
Q9NS84	Q9NS84				56086.2
Q9NS85	Q9NS85;Q9NS85-2				1.03645e+06
Q9NS98	Q9NS98				3.25858e+06
Q9NSC7	Q9NSC7				1.02628e+06
Q9NT22;Q9NT22-2	Q9NT22;Q9NT22-2				265421
Q9NT99	Q9NT99				5.16291e+06
Q9NTU7	Q9NTU7				925984
Q9NU53	Q9NU53				8.00437e+06
Q9NUQ9	Q9NUQ9				708568
Q9NX62	Q9NX62				6.1758e+06
Q9NY15	Q9NY15				1.06157e+06
Q9NY33;Q9NY33-2;Q9NY33-4	Q9NY33;Q9NY33-2;Q9NY33-4				143019
Q9NY47;Q9NY47-2;Q9NY47-3;Q9NY47-4;Q9NY47-5	Q9NY47;Q9NY47-2;Q9NY47-3;Q9NY47-4;Q9NY47-5				661914
Q9NY72	Q9NY72				964392
Q9NY97;Q9NY97-2	Q9NY97;Q9NY97-2				1.41478e+06
Q9NYQ8	Q9NYQ8				3.4081e+06
Q9NYX4	Q9NYX4				866076
Q9NZ08;Q9NZ08-2	Q9NZ08;Q9NZ08-2				376048
Q9NZ53	Q9NZ53				3.05751e+06
Q9NZ72;Q9NZ72-2	Q9NZ72;Q9NZ72-2				110216
Q9NZ94;Q9NZ94-2;Q9NZ94-3	Q9NZ94;Q9NZ94-2;Q9NZ94-3				877308
Q9NZC2;Q9NZC2-2;Q9NZC2-3	Q9NZC2;Q9NZC2-2;Q9NZC2-3				1.01917e+06
Q9NZK5	Q9NZK5				755894
Q9NZN1	Q9NZN1				513541
Q9NZP8	Q9NZP8				5.25878e+06
Q9NZR2	Q9NZR2				722643
Q9NZU1	Q9NZU1				242483
Q9P0K1;Q9P0K1-2;Q9P0K1-3;Q9P0K1-4;Q9P0K1-5	Q9P0K1;Q9P0K1-2;Q9P0K1-3;Q9P0K1-4;Q9P0K1-5				1.62421e+07
Q9P0K9	Q9P0K9				838071
Q9P0L0;Q9P0L0-2	Q9P0L0;Q9P0L0-2				650236
Q9P0S2	Q9P0S2				188995
Q9P121-4	Q9P121;Q9P121-3;Q9P121-2;Q9P121-4				3.3069e+07
Q9P232	Q9P232				6.0419e+06
Q9P2E7;Q9P2E7-2	Q9P2E7;Q9P2E7-2				948621
Q9P2S2	P58401;Q9P2S2				6.48109e+06
Q9UBG0	Q9UBG0				421587
Q9UBP4	Q9UBP4				7.94545e+07
Q9UBQ6	Q9UBQ6				4.54981e+06
Q9UBR2	Q9UBR2				6.88545e+06
Q9UBX1	Q9UBX1				3.87189e+06
Q9UBX5	Q9UBX5				4.08362e+06
Q9UEW3;Q9UEW3-2	Q9UEW3;Q9UEW3-2				329598
Q9UF11;Q9UF11-2;Q9UF11-3;Q9UF11-4	Q9UF11;Q9UF11-2;Q9UF11-3;Q9UF11-4				868178
Q9UFP1	Q9UFP1				167953
Q9UGM5;Q9UGM5-2	Q9UGM5;Q9UGM5-2				2.53032e+06
Q9UHC6	Q9UHC6				2.65232e+06
Q9UHF0;Q9UHF0-2;Q9UHF0-3	Q9UHF0;Q9UHF0-2;Q9UHF0-3				695461
Q9UHG2	Q9NPY3;Q9UHG2				3.8217e+07
Q9UHG3;Q9UHG3-2	Q9UHG3;Q9UHG3-2				788998
Q9UHI8	Q9UHI8				4.668e+06
Q9UHL4	Q9UHL4				6.43536e+06
Q9UI42;Q9UI42-2	Q9UI42;Q9UI42-2				78867.1
Q9UIB8;Q9UIB8-2;Q9UIB8-3;Q9UIB8-4;Q9UIB8-5;Q9UIB8-6	Q9UIB8;Q9UIB8-2;Q9UIB8-3;Q9UIB8-4;Q9UIB8-5;Q9UIB8-6				319125
Q9UIQ6;Q9UIQ6-2;Q9UIQ6-3	Q9UIQ6;Q9UIQ6-2;Q9UIQ6-3				117817
Q9UIW2	Q9UIW2				307874
Q9UJ14	Q9UJ14				334000
Q9UJ99	Q9UJ99				2.28887e+06
Q9UJA9	Q9UJA9				1.02018e+06
Q9UJH8	Q9UJH8				341055
Q9UJJ9	Q9UJJ9				2.20987e+06
Q9UK55	Q9UK55				537896
Q9UKB5	Q9UKB5				298053
Q9UKJ1-3	Q9UKJ1;Q9UKJ1-2;Q9UKJ1-3;Q9UKJ1-4				367237
Q9UKM7	Q9UKM7				623990
Q9UKQ2;Q9UKQ2-2	Q9UKQ2;Q9UKQ2-2				347883
Q9UKU6	Q9UKU6				506593
Q9UKU9;Q9UKU9-2	Q9UKU9;Q9UKU9-2				720158
Q9UKY0	Q9UKY0				332443
Q9UKZ4;Q9UKZ4-2	Q9UKZ4;Q9UKZ4-2				85605.4
Q9ULB1-2;Q9ULB1-3	P58400;Q9ULB1-2;Q9ULB1-3				2.68046e+07
Q9ULB4	Q9ULB4				65858.3
Q9ULB5	Q9ULB5				425595
Q9ULF5	Q9ULF5				2.87711e+06
Q9ULH4	Q9ULH4				225154
Q9ULI3;Q9ULI3-2	Q9ULI3;Q9ULI3-2				1.97059e+06
Q9ULL4;Q9ULL4-2	Q9ULL4;Q9ULL4-2				771252
Q9ULP0-3;Q9ULP0-6	Q9ULP0;Q9ULP0-2;Q9ULP0-3;Q9ULP0-4;Q9ULP0-5;Q9ULP0-6;Q9ULP0-7;Q9ULP0-8				553661
Q9ULX7	Q9ULX7				453456
Q9ULZ3;Q9ULZ3-2;Q9ULZ3-3	Q9ULZ3;Q9ULZ3-2;Q9ULZ3-3				133520
Q9ULZ9	Q9ULZ9;Q9ULZ9-2				442337
Q9UM22	Q9UM22;Q9UM22-3				1.92835e+06
Q9UM47	Q9UM47				437836
Q9UMF0	Q9UMF0				2.69795e+06
Q9UMX0;Q9UMX0-2;Q9UMX0-4	Q9UMX0;Q9UMX0-2;Q9UMX0-4				115324
Q9UMX5	Q9UMX5				1.39639e+06
Q9UN36;Q9UN36-3	Q9UN36;Q9UN36-2;Q9UN36-3;Q9UN36-4;Q9UN36-5;Q9UN36-6				1.59081e+06
Q9UN67;Q9Y5E1	Q9UN67;Q9Y5E1				55399.9
Q9UN70;Q9UN70-2	Q9UN70;Q9UN70-2				984560
Q9UNN8	Q9UNN8				1.40114e+06
Q9UNW1	Q9UNW1;Q9UNW1-4				1.72595e+06
Q9UP79	Q9UP79				530225
Q9UPU3	Q9UPU3				1.28965e+06
Q9UQ52	Q9UQ52				1.12705e+06
Q9UQM7;Q9UQM7-2	Q9UQM7;Q9UQM7-2				1.31116e+06
Q9Y240	Q9Y240				1.28863e+06
Q9Y274;Q9Y274-2	Q9Y274;Q9Y274-2				3.1779e+06
Q9Y279;Q9Y279-2	Q9Y279;Q9Y279-2				692200
Q9Y287	Q9Y287				1.85251e+06
Q9Y2E5	Q9Y2E5;Q9Y2E5-2				428617
Q9Y2G1;Q9Y2G1-2	Q9Y2G1;Q9Y2G1-2				231681
Q9Y2I2;Q9Y2I2-1;Q9Y2I2-2;Q9Y2I2-4;Q9Y2I2-5;Q9Y2I2-6	Q9Y2I2;Q9Y2I2-1;Q9Y2I2-2;Q9Y2I2-4;Q9Y2I2-5;Q9Y2I2-6				1.82978e+06
Q9Y2T3;Q9Y2T3-3	Q9Y2T3;Q9Y2T3-2;Q9Y2T3-3				2.86329e+06
Q9Y334;Q9Y334-2	Q9Y334;Q9Y334-2				195698
Q9Y4C0-4	Q9HDB5-3;Q9HDB5-4;Q9Y4C0-4				1.10607e+07
Q9Y4L1	Q9Y4L1				2.46677e+06
Q9Y5F6-2	Q9Y5F6;Q9Y5F6-2				3.39923e+06
Q9Y5I4;Q9Y5I4-2	Q9Y5I4;Q9Y5I4-2				1.83271e+06
Q9Y5L2	Q9Y5L2				533120
Q9Y5R5;Q9Y5R5-3	Q9Y5R5;Q9Y5R5-3				289173
Q9Y5W5	Q9Y5W5				108059
Q9Y5Y7	Q9Y5Y7				5.51272e+06
Q9Y617	Q9Y617;Q9Y617-2				694116
Q9Y639;Q9Y639-1;Q9Y639-3;Q9Y639-4;Q9Y639-5	Q9Y639;Q9Y639-1;Q9Y639-3;Q9Y639-4;Q9Y639-5				505799
Q9Y646	Q9Y646				6.82485e+06
Q9Y653;Q9Y653-2;Q9Y653-3	Q9Y653;Q9Y653-2;Q9Y653-3;Q9Y653-4;Q9Y653-5				342662
Q9Y696	Q9Y696				177610
Q9Y6C2	Q9Y6C2;Q9Y6C2-2				54377
Q9Y6N6	Q9Y6N6				257477
Q9Y6N7;Q9Y6N7-2;Q9Y6N7-3;Q9Y6N7-4;Q9Y6N7-5;Q9Y6N7-6	Q9Y6N7;Q9Y6N7-2;Q9Y6N7-3;Q9Y6N7-4;Q9Y6N7-5;Q9Y6N7-6				2.94294e+06
Q9Y6N8	Q9Y6N8				567827
Q9Y6R7	Q9Y6R7				9.56127e+06
Q9Y6X5	Q9Y6X5				940213
Q9Y6Y8;Q9Y6Y8-2	Q9Y6Y8;Q9Y6Y8-2				9.11946e+06
Q9Y6Y9	Q9Y6Y9				20604.2
