Protein.Group	Protein.Ids	Protein.Names	Genes	First.Protein.Description	/fs/pool/pool-mann-projects/Johannes/Jakob_AD_CSF_data/All_without_random_20/All_Raw/20190210_QX1_PhGe_SA_EASY12-10_Majken_C5_CSF_706-14.mzML
A0A075B6H7;A0A0C4DH55;P01624	P01624;A0A075B6H7;A0A0C4DH55				6.1221e+08
A0A075B6H9	A0A075B6H9				2.16827e+07
A0A075B6I0	A0A075B6I0				2.74756e+07
A0A075B6I1	A0A075B6I1				780573
A0A075B6J1	A0A075B6J1				4.73104e+06
A0A075B6J9	A0A075B6J9				7.12434e+06
A0A075B6K4	A0A075B6K0;A0A075B6K4				4.26244e+06
A0A075B6K5	A0A075B6K5				6.30276e+06
A0A075B6P5;P01615	P01615;A0A075B6P5				3.08929e+08
A0A075B6Q5	A0A075B6Q5				3.08614e+06
A0A075B6R2	A0A075B6R2				8.05859e+06
A0A075B6R9;A0A0C4DH68	A0A075B6R9;A0A0C4DH68				8.38867e+07
A0A075B6S2	A0A075B6S2;A2NJV5				2.04906e+08
A0A075B6S5	A0A075B6S5				5.57428e+06
A0A087WSX0	A0A087WSX0;A0A0G2JS06				1.28172e+07
A0A087WSY4	A0A087WSY4				1.43574e+07
A0A087WSY6	A0A087WSY6				1.23822e+08
A0A0A0MRZ8;P04433	P04433;A0A0A0MRZ8				2.09289e+08
A0A0A0MS15	A0A0A0MS15				6.19497e+06
A0A0A0MT36;A0A0C4DH26	A0A0A0MT36;A0A0C4DH26				789758
A0A0A0MT89	A0A0A0MT89				1.03899e+07
A0A0B4J1U7	A0A0B4J1U7				1.81247e+07
A0A0B4J1V0	A0A0B4J1V0				2.06166e+08
A0A0B4J1V2	A0A0B4J1V2				7.53729e+06
A0A0B4J1X5	P01764;P01768;P01772;P01767;A0A0B4J1X5;A0A0C4DH42;P0DP02;P0DP03				8.47833e+07
A0A0B4J1Y8	A0A0B4J1Y8				7.6443e+06
A0A0B4J1Y9	A0A0B4J1Y9				3.33704e+06
A0A0B4J2D9;P0DP09	A0A0B4J2D9;P0DP09				5.37189e+06
A0A0C4DH24	A0A0C4DH24				1.39718e+07
A0A0C4DH25	A0A0C4DH25				2.62684e+07
A0A0C4DH30	A0A0C4DH30				129518
A0A0C4DH31	A0A0C4DH31				1.52441e+06
A0A0C4DH33	A0A0C4DH33				1.45045e+06
A0A0C4DH34	A0A0C4DH34				2.3347e+07
A0A0C4DH35	A0A0C4DH35				1.57481e+06
A0A0C4DH36	A0A0C4DH36				6.23407e+06
A0A0C4DH38	A0A0C4DH38				1.46744e+08
A0A0C4DH43	A0A0C4DH43				3.09439e+07
A0A0C4DH67	A0A0C4DH67				2.55142e+07
A0A0G2JS06	A0A0G2JS06				3.06615e+06
A0A0J9YX35	A0A0J9YX35				7.71417e+06
A0A0J9YXX1	A0A0C4DH38;A0A0J9YXX1				8.72326e+07
A0M8Q6	P0CG04;P0DOY2;A0M8Q6;P0CF74;B9A064;P0DOX8				4.22191e+08
A1L4H1	A1L4H1				2.67667e+06
A2RU67	A2RU67				257901
A5D6W6	A5D6W6				703807
A6BM72;A6BM72-2;A6BM72-4	A6BM72;A6BM72-2;A6BM72-4				2.03324e+06
A6NGN9	A6NGN9				6.39545e+06
A6NHG4;P30046;P30046-2	P30046;A6NHG4;P30046-2				1.29228e+06
A6NL88	A6NL88				2.33293e+06
A6NLU5	A6NLU5				6.97483e+06
A6NML5	A6NML5				2.69771e+06
A6NMY6;P07355;P07355-2	A6NMY6;P07355;P07355-2				189833
A8MTW9	A8MTW9				2.16019e+06
B4DS77;B4DS77-2	B4DS77;B4DS77-2;B4DS77-3				109517
B9A064;P0DOX8	B9A064;P0DOX8				2.65197e+08
C9JVW0	C9JVW0				5.6956e+06
I3L3R5	I3L3R5				824148
O00115;O00115-2	O00115;O00115-2				3.3818e+06
O00142;O00142-2;O00142-3;O00142-4;O00142-5;O00142-6	O00142;O00142-2;O00142-3;O00142-4;O00142-5;O00142-6				3.26586e+07
O00187;O00187-2	O00187;O00187-2				2.13732e+06
O00244	O00244				413359
O00264	O00264;O00264-2				2.71932e+06
O00292;O00292-2	O00292;O75610;O00292-2				257094
O00299	O00299				1.24712e+06
O00339;O00339-2;O00339-3	O00339;O00339-2;O00339-3				1.32293e+06
O00391	O00391;O00391-2				1.43506e+07
O00451	O00451;O00451-2;O00451-3				1.04082e+07
O00461	O00461				3.89193e+06
O00462	O00462				8.08368e+06
O00468-6	O00468-6;O00468-7				1.4924e+07
O00533	O00533;O00533-2				1.60503e+08
O00533-2	O00533-2				7.40202e+06
O00560;O00560-2;O00560-3	O00560;O00560-2;O00560-3				830393
O00567	O00567				248647
O00584	O00584				6.6431e+06
O00587;O00587-2	O00587;O00587-2				77986.8
O00754;O00754-2	O00754;O00754-2				1.85465e+06
O14498	O14498				5.38928e+07
O14514	O14514				1.67693e+06
O14522	O14522;O14522-1				502417
O14525;O14525-2;O14525-3	O14525;O14525-2;O14525-3				241177
O14594	O14594				1.75227e+07
O14657	O14657				91948.5
O14668	O14668;O14668-2				2.2245e+06
O14672	O14672				2.3218e+06
O14733;O14733-2;O14733-3;O14733-4	O14733;O14733-2;O14733-3;O14733-4				1.62411e+07
O14737;O14737-2	O14737;O14737-2				79503.1
O14745	O14745;O14745-2				308644
O14773	O14773				9.1009e+06
O14786	O14786;O14786-2;O14786-3				6.03294e+06
O14791-2	O14791;O14791-2;O14791-3				7.81175e+06
O14793	O14793				2.16822e+06
O14917;O14917-2	O14917;O14917-2				2.50138e+06
O15031	O15031				1.76995e+07
O15041;O15041-2	O15041;O15041-2				127778
O15145	O15145				75216.5
O15197;O15197-3	O15197;O15197-3				3.81956e+06
O15204;O15204-2	O15204;O15204-2				7.07833e+06
O15230	O15230				937376
O15232;O15232-2	O15232;O15232-2				1.92362e+06
O15240	O15240				1.1811e+08
O15335	O15335				4.16927e+06
O15354	O15354				1.45557e+07
O15394	O15394;O15394-2				3.86105e+07
O15400;O15400-2	O15400;O15400-2				719790
O15466;O15466-2	O15466;O15466-2				951977
O15498;O15498-2	O15498;O15498-2				155859
O15540;O15540-2	O15540;O15540-2				1.53069e+06
O43155	O43155				460062
O43157	O43157;O43157-2;O43157-3				2.73419e+06
O43173	O43173				2.86632e+06
O43184;O43184-2;O43184-3;O43184-4	O43184;O43184-4;O43184-2;O43184-3				243460
O43240	O43240				464396
O43278;O43278-2	O43278;O43278-2				2.09684e+06
O43291	O43291				8.74484e+06
O43300	O43300				1.9188e+06
O43323	O43323				690112
O43405;O43405-2	O43405;O43405-2				1.98204e+07
O43493;O43493-3;O43493-5;O43493-7	O43493;O43493-3;O43493-5;O43493-7				2.24365e+07
O43504	O43504				1.01425e+06
O43505	O43505				3.93075e+08
O43508	O43508				726758
O43508-2;O75888;O75888-2;O75888-4;O75888-5	O75888;O43508-2;O75888-2;O75888-4;O75888-5				1.25021e+06
O43529	O43529				1.37541e+07
O43556;O43556-3;O43556-4	O43556;O43556-3;O43556-4				7.44915e+06
O43567	O43567				5.03377e+06
O43581-2;O43581-3;O43581-5	O43581-2;O43581-3;O43581-5				676577
O43707	O43707;O43707-2;O43707-3				59337.4
O43736;O43736-2	O43736;O43736-2				1.45891e+06
O43827	O43827				2.02403e+06
O43852;O43852-2;O43852-3;O43852-4;O43852-5;O43852-9	O43852;O43852-10;O43852-11;O43852-12;O43852-13;O43852-14;O43852-2;O43852-3;O43852-4;O43852-5;O43852-6;O43852-7;O43852-8;O43852-9				880053
O43854;O43854-2	O43854;O43854-2				592109
O43866	O43866				2.10166e+06
O43897;O43897-2	O43897;O43897-2				1.22735e+06
O43909	O43909				275560
O43916	O43916				671341
O60241;O60241-2;O60241-3;O60241-4	O60241;O60241-2;O60241-3;O60241-4				1.35138e+07
O60242	O60242				1.1804e+06
O60243	O60243;O60243-2				1.40907e+06
O60245;O60245-2	O60245;O60245-2				2.58588e+06
O60279	O60279				1.5553e+07
O60291;O60291-2;O60291-3;O60291-4	O60291;O60291-2;O60291-3;O60291-4				2.33906e+06
O60330;O60330-2	O60330;Q9Y5G5;Q9Y5G8;Q9Y5G9;O60330-2;Q9Y5G5-2;Q9Y5G8-2;Q9Y5G9-2				809604
O60449;O60449-2;O60449-3	O60449;O60449-2;O60449-3				4.1762e+06
O60462;O60462-2;O60462-3;O60462-4;O60462-5	O60462;O60462-2;O60462-3;O60462-4;O60462-5;O60462-6				3.6139e+06
O60476	O60476				1.68448e+06
O60477	O60477;Q76B58;O60477-3;Q76B58-2				435690
O60512	O60512				1.52913e+06
O60565	O60565				265039
O60568	O60568				2.25896e+06
O60613	O60613				1.81821e+06
O60741	O60741				615912
O60883	O60883				1.04759e+08
O60888-3	O60888;O60888-2;O60888-3				8.42179e+06
O60909;O60909-2;O60909-3	O60909;O60909-2;O60909-3				696473
O60939	O60939				3.37363e+06
O75051;O75051-2	O75051;O75051-2				165352
O75063	O75063				2.00098e+06
O75071	O75071				6.59727e+06
O75077;O75077-2;O75077-3	O75077;O75077-2;O75077-3				4.36988e+06
O75078	O75078;O75078-2				2.40366e+06
O75083	O75083;O75083-3				2.19544e+06
O75084;Q14332	O75084;Q14332				731582
O75144;O75144-2	O75144;O75144-2;O75144-3				1.89603e+07
O75173;O75173-2	O75173;O75173-2				1.10051e+07
O75223	O75223				340801
O75326	O75326;O75326-2				1.92281e+07
O75339	O75339				1.60162e+06
O75347;O75347-2	O75347;O75347-2				2.33093e+06
O75354;O75354-2;O75354-3	O75354;O75354-2;O75354-3				909223
O75363-2	O75363;O75363-2				169745
O75368	O75368				1.46147e+06
O75487;O75487-2	O75487;O75487-2				74501.1
O75493	O75493				6.9814e+06
O75503	O75503				2.75139e+06
O75509	O75509				1.64039e+07
O75594	O75594				242879
O75629	O75629				1.01918e+06
O75636;O75636-2	O75636;O75636-2				1.03055e+06
O75711	O75711				2.7894e+08
O75752	O75752				1.77029e+06
O75787;O75787-2	O75787;O75787-2				2.53986e+07
O75828	O75828				1.24088e+06
O75874	O75874				622807
O75882;O75882-2;O75882-3	O75882;O75882-2;O75882-3				1.00129e+07
O75973	O75973				461983
O75976	O75976				1.07736e+06
O76061	O76061				4.44149e+06
O76070	O76070				1.1282e+06
O94760	O94760;O94760-2				7.03018e+06
O94766	O94766;Q9NPZ5				1.571e+06
O94769	O94769;O94769-2				7.99089e+06
O94772;O94772-2	O94772;O94772-2				7.22728e+07
O94779;O94779-2;O94779-4	O94779;O94779-2;O94779-4				383031
O94856-11	O94856;O94856-10;O94856-11;O94856-12;O94856-13;O94856-3;O94856-4;O94856-5;O94856-6;O94856-7;O94856-8;O94856-9				2.15158e+07
O94898	O94898				594011
O94910	O94910;O94910-2				4.91614e+06
O94919	O94919				2.39598e+07
O94923	O94923				152201
O94933	O94933				317502
O94973;O94973-2	O94973;O94973-2				230928
O94985	O94985				2.36717e+06
O94985-2	O94985;O94985-2				2.05512e+08
O94991	O94991;O94991-2				2.42021e+06
O95084;O95084-2	O95084;O95084-2				1.45541e+06
O95156	O95156				216406
O95157	O95157				977969
O95158	O95158				1.78018e+07
O95159	O95159				999860
O95185;O95185-2	O95185;O95185-2				2.12062e+06
O95196;O95196-2	O95196;O95196-2				6.92549e+06
O95206;O95206-2	O95206;O95206-2				3.67119e+06
O95292	O95292;Q9P0L0;O95292-2;Q9P0L0-2				2.19447e+06
O95297;O95297-2;O95297-3	O95297;O95297-2;O95297-3;O95297-4				536966
O95336	O95336				1.80463e+06
O95390	O95390				3.55412e+06
O95428;O95428-5;O95428-6	O95428;O95428-3;O95428-4;O95428-5;O95428-6				4.89762e+06
O95445	O95445;O95445-2				3.50142e+07
O95450;O95450-2	O95450;O95450-2				2.02237e+06
O95461;O95461-2	O95461;O95461-2				426744
O95467	O95467				1.41719e+06
O95477	O95477				2.05347e+06
O95479;O95479-2	O95479;O95479-2				50724.5
O95490;O95490-2;O95490-3;O95490-4;O95490-5;O95490-6;O95490-7	O95490;O95490-2;O95490-3;O95490-4;O95490-5;O95490-6;O95490-7				390646
O95497	O95497				592810
O95502	O95502				6.69729e+07
O95633;O95633-2	O95633;O95633-2				1.8096e+06
O95803;O95803-3;Q9H3R1	O95803;Q9H3R1;O95803-2;O95803-3				2.04535e+06
O95841	O95841				1.20854e+06
O95865	O95865				1.091e+06
O95881	O95881				242893
O95897	O95897				1.21899e+06
O95967	O95967				8.20765e+06
O95970	O95970;O95970-2				735146
O95980	O95980				8.63969e+06
O95998	O95998;O95998-4				7.8906e+06
P00338;P00338-3	P00338;P00338-3;P00338-4				1.01901e+07
P00352	P00352				1.87121e+06
P00390;P00390-2;P00390-3;P00390-4;P00390-5	P00390;P00390-2;P00390-3;P00390-4;P00390-5				1.72507e+06
P00441	P00441				2.75204e+08
P00450	P00450				1.57931e+08
P00488	P00488				2.60618e+06
P00492	P00492				2.60757e+06
P00505	P00505;P00505-2				4.42839e+06
P00533;P00533-3;P00533-4	P00533;P00533-2;P00533-3;P00533-4				1.25583e+06
P00558	P00558;P00558-2				4.87906e+06
P00568	P00568				771921
P00734	P00734				7.83677e+07
P00736	P00736				6.76931e+07
P00738	P00738;P00738-2				2.07088e+09
P00739	P00739;P00739-2				1.072e+09
P00740;P00740-2	P00740;P00740-2				4.74875e+06
P00742	P00742				1.24384e+07
P00746	P00746				6.62199e+07
P00747	P00747				9.83271e+07
P00748	P00748				1.73752e+07
P00751	P00751;P00751-2				1.23928e+08
P00915	P00915				584450
P00995	P00995				661331
P01008	P01008				4.56136e+08
P01009	P01009;P01009-2;P01009-3				5.62193e+09
P01011	P01011				1.26337e+09
P01019	P01019				4.39522e+08
P01023	P01023				5.0267e+08
P01024	P01024				6.48285e+08
P01031	P01031				2.35048e+07
P01033	P01033				8.16088e+07
P01034	P01034				2.23892e+09
P01036;P01037	P01036;P01037				453488
P01040	P01040				1.45947e+07
P01042	P01042;P01042-2;P01042-3				2.79446e+08
P01042-2;P01042-3	P01042-2;P01042-3				5.41022e+07
P01127;P01127-2	P01127;P01127-2				2.92002e+07
P01130;P01130-2;P01130-3;P01130-4;P01130-5;P01130-6	P01130;P01130-2;P01130-3;P01130-4;P01130-5;P01130-6				380141
P01178	P01178				1.59017e+06
P01210	P01210				9.21846e+07
P01213	P01213				3.26816e+06
P01236	P01236				525547
P01258;P01258-2;P06881	P01258;P06881;P10092;P01258-2				822504
P01282;P01282-2	P01282;P01282-2				1.04812e+06
P01303	P01303				1.04635e+07
P01344;P01344-2;P01344-3	P01344;P01344-2;P01344-3				3.10255e+07
P01591	P01591				1.44957e+07
P01593;P01594	P01593;P01594				2.33765e+07
P01597;P04432	P01597;P01611;P04432;A0A0C4DH72;A0A0C4DH73				5.27912e+07
P01599	P01599;A0A0C4DH72				1.0473e+07
P01601	P01601				5.047e+06
P01602	P01602				1.15679e+07
P01619	P01619				3.85672e+08
P01700	P01700				5.15614e+07
P01701	P01701				5.2717e+07
P01703	P01703				1.94384e+06
P01704	P01704				1.71141e+06
P01705	P01704;P01705				7.30113e+06
P01706	P01706				3.42564e+06
P01709	P01706;P01709;P0DOX8				1.73795e+07
P01714	P01714				6.32434e+06
P01715	P01715				2.60496e+06
P01717	P01717				4.68838e+07
P01721	P01721				3.1236e+06
P01742	P01742				1.98984e+07
P01743	P01743				398327
P01768;P0DP03	P01768;P01772;P0DP02;P0DP03				1.65168e+07
P01780	P01780				1.07153e+08
P01814	P01814				4.23276e+06
P01817	P01817				7.87384e+06
P01833	P01833				2.02427e+06
P01834	P01834				1.27817e+08
P01859;P01859-1	P01859;P01859-1				4.95618e+08
P01860;P01860-1	P01860;P01860-1				3.88261e+07
P01861;P01861-1	P01861;P01861-1				1.62925e+07
P01871;P01871-1	P01871;P0DOX6;P01871-1				2.48561e+07
P01876;P01876-1	P01876;P01876-1				4.18529e+08
P01889	P01889;P01893;P04439;P13747;P17693;P17693-2;P17693-5;P17693-6;P04439-2				3.94825e+06
P01903	P01903;P01906				438248
P02144	P02144				1.41433e+06
P02452	P02452				3.53966e+07
P02461	P02461;P02461-2				8.66881e+06
P02462	P02462				6.13394e+06
P02511	P02511				3.54015e+06
P02647	P02647				2.57656e+09
P02649	P02649				4.55871e+09
P02652	P02652				6.10007e+08
P02654	P02654				4.29345e+07
P02655	P02655				9.75239e+06
P02656	P02656				7.34638e+07
P02671	P02671;P02671-2				2.11474e+08
P02675	P02675				2.33125e+08
P02679;P02679-2	P02679;P02679-2				1.00323e+08
P02686;P02686-3;P02686-4;P02686-5;P02686-6	P02686;P02686-3;P02686-4;P02686-5;P02686-6				391006
P02741	P02741				3.0359e+06
P02743	P02743				8.97943e+06
P02745	P02745				1.12734e+08
P02746	P02746				1.29354e+08
P02747	P02747				2.19112e+08
P02748	P02748				5.1407e+07
P02749	P02749				9.29709e+07
P02750	P02750				1.44274e+08
P02751;P02751-1	P02751;P02751-1;P02751-10;P02751-11;P02751-12;P02751-13;P02751-14;P02751-16;P02751-17;P02751-2;P02751-3;P02751-4;P02751-5;P02751-6;P02751-7;P02751-8;P02751-9				4.52584e+08
P02753	P02753				6.13212e+07
P02760	P02760				7.2808e+07
P02763	P02763				1.08637e+09
P02765	P02765				3.30348e+08
P02766	P02766				2.51004e+09
P02768	P02768				2.01365e+10
P02774;P02774-3	P02774;P02774-2;P02774-3				5.49504e+08
P02786	P02786				1.54396e+06
P02787	P02787				5.46545e+09
P02788;P02788-2	P02788;P02788-2				6.74172e+06
P02790	P02790				1.70811e+09
P02792	P02792				2.16492e+06
P02794	P02794				3.72846e+06
P02810	P02810				1.02135e+06
P03950	P03950				2.7398e+06
P03951	P03951;P03951-2				1.88489e+06
P03952	P03952				7.57448e+06
P04003	P04003				2.48726e+06
P04004	P04004				3.38304e+08
P04040	P04040				1.38241e+06
P04062;P04062-2;P04062-4;P04062-5	P04062;P04062-2;P04062-3;P04062-4;P04062-5				1.69682e+06
P04066	P04066				9.5663e+06
P04070;P04070-2	P04070;P04070-2				4.85271e+06
P04075	P04075;P09972;P04075-2				2.54914e+07
P04080	P04080				5.02771e+06
P04083	P04083				19612.3
P04085;P04085-2	P04085;P04085-2				3.65127e+06
P04114	P04114				3.19955e+07
P04156	P04156				2.33915e+08
P04179	P04179;P04179-2;P04179-3;P04179-4				7.47764e+06
P04180	P04180				2.98055e+07
P04196	P04196				3.73603e+09
P04211	P04211;A0A075B6I9				3.92513e+07
P04216	P04216				2.69064e+08
P04217	P04217;P04217-2				1.9904e+08
P04217-2	P04217-2				3.39475e+06
P04233;P04233-2;P04233-4;P04233-5	P04233;P04233-2;P04233-4;P04233-5				4.11975e+06
P04264	P04259;P04264				1.1516e+07
P04271	P04271				266531
P04275	P04275				2.33037e+06
P04278	P04278;P04278-2;P04278-3;P04278-4;P04278-5				4.00035e+06
P04350;P07437;P68371	P04350;P07437;P68371				373830
P04406	P04406;P04406-2				1.53173e+07
P04430	P04430				5.13579e+06
P04439;P04439-2	P04439;P04439-2				1.8483e+06
P04440	P01911;P04440				3.16512e+06
P04629;P04629-2;P04629-3;P04629-4	P04629;P04629-2;P04629-3;P04629-4				85128.5
P04632	P04632				448670
P04792	P04792				1.49461e+06
P04908;P0C0S5;P0C0S8;P16104;P20671;Q16777;Q6FI13;Q71UI9;Q71UI9-2;Q71UI9-5;Q7L7L0;Q8IUE6;Q93077;Q96KK5;Q96QV6;Q99878;Q9BTM1;Q9BTM1-2	P04908;P0C0S5;P0C0S8;P16104;P20671;Q16777;Q6FI13;Q71UI9;Q7L7L0;Q8IUE6;Q93077;Q96KK5;Q96QV6;Q99878;Q9BTM1;Q71UI9-2;Q71UI9-5;Q9BTM1-2				520278
P05023;P05023-2;P05023-4	P05023;P05023-2;P05023-4				459249
P05026;P05026-2	P05026;P05026-2				748491
P05060	P05060				4.96933e+08
P05067;P05067-11;P05067-8	P05067;P05067-4;P05067-10;P05067-11;P05067-3;P05067-5;P05067-6;P05067-7;P05067-8;P05067-9				3.71727e+08
P05090	P05090				3.67905e+09
P05107	P05107				100096
P05109	P05109				243658
P05121	P05121				850946
P05154	P05154				1.30477e+07
P05155;P05155-3	P05155;P05155-2;P05155-3				6.01665e+08
P05156	P05156				4.23172e+07
P05160	P05160				1.25023e+06
P05362	P05362				1.33803e+06
P05408;P05408-2	P05408;P05408-2				1.92614e+08
P05413	P05413				3.80813e+06
P05451;P48304	P05451;P48304				545358
P05452	P05452				1.54705e+08
P05543	P05543				3.60168e+07
P05546	P05546				5.15987e+07
P05556;P05556-2;P05556-3;P05556-4;P05556-5	P05556;P05556-2;P05556-5;P05556-3;P05556-4				1.41518e+06
P05937	P05937;P05937-2				6.99362e+06
P05997	P05997				309828
P06276	P06276				2.87268e+06
P06307	P06307				4.73934e+06
P06310	P06310				1.18099e+08
P06312	P06312				3.56297e+08
P06331	P01824;P01825;P06331;A0A0C4DH41;P0DP06;P0DP08				3.96956e+07
P06396	P06396;P06396-2;P06396-3;P06396-4				7.57675e+08
P06396-2	P06396-2				4.43689e+06
P06681	P06681;P06681-2;P06681-3				4.35991e+07
P06702	P06702				1.13136e+06
P06703	P06703				4.61305e+06
P06727	P06727				1.41914e+08
P06733	P06733;P06733-2				5.4829e+06
P06744;P06744-2	P06744;P06744-2				3.13894e+06
P06865	P06865				1.09187e+07
P07093-2;P07093-3	P07093;P07093-2;P07093-3				3.45948e+06
P07108;P07108-2;P07108-3;P07108-4;P07108-5	P07108;P07108-2;P07108-3;P07108-4;P07108-5;P07108-6				1.23102e+07
P07148	P07148				536289
P07195	P00338;P07195;P07864;Q6ZMR3;P00338-3;P00338-2;P00338-4;P00338-5				3.37864e+07
P07196	P07196				552790
P07225	P07225				6.86044e+07
P07237	P07237				1.60353e+06
P07307;P07307-2;P07307-3	P07307;P07307-3;P07307-2				336038
P07311	P07311				2.04606e+06
P07333	P07333;P07333-2				4.34335e+07
P07339	P07339				7.09918e+07
P07357	P07357				1.96644e+07
P07358	P07358				1.46799e+07
P07360	P07360				1.28457e+07
P07451	P07451				31843.3
P07477;Q9BYE2;Q9BYE2-2;Q9BYE2-3;Q9BYE2-6	P07477;Q9BYE2;Q9BYE2-2;Q9BYE2-3;Q9BYE2-6				4.26989e+06
P07492	P07492				1.6819e+06
P07492-2	P07492;P07492-2;P07492-3				271767
P07585	P07585;P07585-4				2.31308e+07
P07602;P07602-2;P07602-3	P07602;P07602-2;P07602-3				2.69886e+07
P07686	P07686				5.91238e+06
P07711	P07711;P07711-3				9.49475e+06
P07737	P07737				4.81586e+06
P07858	P07858				2.31076e+07
P07900;P07900-2	P07900;P07900-2				820257
P07942	P07942				4.83969e+06
P07951-3	P09493-6;P09493-7;P09493-8;P07951-3				472240
P07996	P07996;P07996-2				4.54764e+06
P07998	P07998				1.68687e+07
P08123	P08123				2.46122e+07
P08133;P08133-2	P08133;P08133-2				240516
P08174;P08174-2;P08174-3;P08174-4;P08174-5;P08174-6;P08174-7	P08174;P08174-2;P08174-3;P08174-4;P08174-5;P08174-6;P08174-7				1.31714e+07
P08185	P08185				9.35594e+07
P08195;P08195-2;P08195-3;P08195-4;P08195-5	P08195;P08195-4;P08195-2;P08195-3;P08195-5				2.56329e+07
P08236;P08236-3	P08236;P08236-3				1.07322e+06
P08238	P07900;P08238;P07900-2				596595
P08253	P08253;P08253-2;P08253-3				2.04872e+07
P08294	P08294				1.31805e+08
P08476	P08476				264066
P08493-2	P08493;P08493-2				6.96659e+07
P08571	P08571				1.79142e+08
P08572	P08572				5.04563e+06
P08575;P08575-10;P08575-4;P08575-5;P08575-6;P08575-7;P08575-8;P08575-9	P08575;P08575-10;P08575-4;P08575-5;P08575-6;P08575-7;P08575-8;P08575-9				716172
P08581;P08581-2	P08581;P08581-2				2.24039e+06
P08582	P08582				5.13178e+06
P08603	P08603				1.32671e+08
P08637	P08637				5.74827e+06
P08670	P08670;P17661				3.30097e+06
P08697	P08697;P08697-2				2.10332e+08
P08758	P08758				2.97746e+06
P08949;P08949-2	P08949;P08949-2				29356.7
P09104	P09104;P09104-2				5.61913e+06
P09172	P09172				452218
P09211	P09211				3.46943e+06
P09382	P09382				1.3222e+07
P09417;P09417-2	P09417;P09417-2				6.24125e+06
P09455	P09455;P09455-2;P09455-3				333005
P09486	P09486				5.95824e+07
P09603	P09603				4.00804e+07
P09619	P09619;P09619-2				1.96182e+06
P09622	P09622;P09622-2				3.34225e+06
P09668	P09668				1.52032e+07
P09871	P09871				8.79837e+07
P09936	P09936				3.99453e+06
P09958	P09958				1.64899e+06
P09960;P09960-4	P09960;P09960-2;P09960-3;P09960-4				3.14595e+06
P09972	P09972				1.85831e+07
P0C0L5	P0C0L4;P0C0L5;P0C0L4-2				3.63633e+08
P0C6S8	P0C6S8				1.29656e+06
P0CG47;P0CG48;P62979;P62987	P0CG47;P0CG48;P62979;P62987				1.01434e+08
P0DJI8	P0DJI8				715854
P0DMQ5	P0DMQ5				1.92541e+07
P0DMV8;P0DMV8-2;P0DMV9	P0DMV8;P0DMV9;P0DMV8-2				2.66991e+06
P0DOX2	P01876;P01877;P01876-1;P01877-1;P0DOX2				6.85855e+08
P0DOX3	P0DOX3				4.07066e+06
P0DOX5	P0DOX5				3.48126e+09
P0DOX7	P01834;P0DOX7				3.25856e+08
P0DOY3	P0DOY2;P0DOY3				8.88993e+08
P0DP07	P0DP07				2.5244e+06
P0DP23;P0DP24;P0DP25	P0DP23;P0DP24;P0DP25;P27482				1.33202e+06
P0DP58	P0DP58				1.15456e+08
P0DPH7;P0DPH7-2;P0DPH8;P68363;P68363-2;P68366;P68366-2;Q6PEY2;Q71U36;Q71U36-2;Q9BQE3	P0DPH7;P0DPH8;P68363;P68366;Q6PEY2;Q71U36;Q9BQE3;P0DPH7-2;P68363-2;P68366-2;Q71U36-2				88482.3
P0DTE1	P0DTE1				4.09388e+06
P0DTE7;P0DTE8;P0DUB6	P0DTE7;P0DTE8;P0DUB6				335694
P10124	P10124				5.8386e+06
P10153	P10153				5.71761e+06
P10253	P10253				2.31942e+06
P10321;P10321-2	P10321;P10321-2				1.39606e+06
P10451-3	P10451-3				2.89868e+07
P10451-5	P10451;P10451-4;P10451-5				2.28922e+08
P10451;P10451-4	P10451;P10451-4				2.27784e+06
P10586;P10586-2	P10586;P10586-2				8.33626e+06
P10599	P10599;P10599-2				1.68701e+07
P10619;P10619-2	P10619;P10619-2				351825
P10636-2;P10636-6	P10636;P10636-8;P10636-6;P10636-2;P10636-3;P10636-4;P10636-5;P10636-7;P10636-9				787781
P10643	P10643				7.05908e+07
P10644	P10644;P10644-2				522068
P10645	P10645				3.03219e+08
P10721;P10721-2	P10721;P10721-2				4.29479e+06
P10745	P10745				2.42856e+06
P10768	P10768				1.96204e+06
P10909-6	P10909;P10909-4;P10909-6;P10909-2;P10909-3;P10909-5				3.63161e+09
P10915	P10915				141786
P11021	P11021				7.87232e+06
P11047	P11047				3.5028e+06
P11117	P11117				1.38686e+06
P11137;P11137-3	P11137;P11137-3				1.04456e+06
P11142	P11142				8.49728e+06
P11226	P11226				449771
P11279	P11279				5.63948e+06
P11362-16	P11362;P11362-10;P11362-11;P11362-16;P11362-2;P11362-20;P11362-3;P11362-4;P11362-8;P11362-9				3.3526e+06
P11362-21;P11362-7	P11362;P11362-10;P11362-11;P11362-12;P11362-13;P11362-14;P11362-16;P11362-18;P11362-19;P11362-2;P11362-20;P11362-21;P11362-3;P11362-4;P11362-5;P11362-6;P11362-7;P11362-8;P11362-9				1.90011e+07
P11464-4	P11464-4				3.53445e+06
P11597	P11597;P11597-2				1.19721e+06
P11717	P11717				2.9582e+06
P12107;P12107-2;P12107-3;P12107-4	P12107;P12107-2;P12107-3;P12107-4				213790
P12109	P12109				2.74542e+07
P12110	P12110;P12110-2;P12110-3				3.69309e+06
P12111	P12111;P12111-2;P12111-4				7.80773e+06
P12111-4	P12111-4				1.05461e+06
P12259	P12259				1.18273e+07
P12272;P12272-2;P12272-3	P12272;P12272-2;P12272-3				1.80044e+06
P12273	P12273				437026
P12277	P12277				2.03718e+07
P12314;Q92637;Q92637-3	P12314;Q92637;Q92637-3				2.69573e+06
P12318;P12318-2	P12318;P31994;P31995;P12318-2;P31994-2;P31994-3;P31994-4;P31994-5;P31995-2;P31995-3;P31995-4				1.07842e+07
P12643	P12643				382493
P12724	P12724				153990
P12821;P12821-2	P12821;P12821-3;P12821-2;P12821-4				1.18875e+06
P12830;P12830-2	P12830;P12830-2				1.26761e+06
P12955	P12955;P12955-3				2.33655e+06
P13284	P13284				1.54472e+06
P13385;P51864	P13385;P51864				915401
P13473;P13473-2;P13473-3	P13473;P13473-2;P13473-3				9.1776e+07
P13489	P13489				804386
P13497;P13497-2;P13497-3;P13497-4;P13497-5;P13497-6	P13497;P13497-2;P13497-3;P13497-4;P13497-5;P13497-6				2.42697e+06
P13521	P13521				8.13824e+07
P13591	P13591;P13591-1;P13591-3;P13591-4;P13591-5;P13591-6				1.87549e+08
P13591-3	P13591-1;P13591-3;P13591-4				3.85956e+07
P13598	P13598				2.77158e+06
P13611;P13611-5	P13611;P13611-2;P13611-3;P13611-4;P13611-5				2.2236e+07
P13637;P13637-2;P13637-3	P13637;P13637-2;P13637-3				582968
P13645	P13645				7.90568e+06
P13647	P13647				215926
P13667	P13667				970085
P13671	P13671				2.51289e+07
P13693	P13693;P13693-2;Q56UQ5				413542
P13747	P13747				1.90158e+06
P13796	P13796;P13796-2				4.65193e+06
P13797;P13797-2;P13797-3	P13797;P13797-2;P13797-3				606808
P13987;P13987-2	P13987;P13987-2				6.90423e+07
P14136	P14136				742219
P14138;P14138-2	P14138;P14138-2;P14138-3				3.06516e+06
P14151;P14151-2	P14151;P14151-2				7.2195e+06
P14174	P14174				6.1002e+06
P14207	P14207				4.74426e+06
P14209	P14209;P14209-3				2.55623e+06
P14314-2	P14314;P14314-2				6.15192e+06
P14324;P14324-2	P14324;P14324-2				408879
P14384	P14384				1.11386e+06
P14415	P14415				1.69319e+06
P14543	P14543;P14543-2				7.89255e+06
P14550	P14550				1.01157e+06
P14618-2	P14618;P14618-2;P14618-3				4.38229e+07
P14618;P14618-3	P14618;P14618-3				1.09642e+06
P14621	P14621				3.85918e+06
P14625	P14625;Q58FF3				6.1392e+06
P14778	P14778				111291
P15086	P15085;P15086				1.23262e+06
P15090	P15090				3.9465e+06
P15121	C9JRZ8;P15121;C9JRZ8-2				1.50055e+06
P15144	P15144				1.58126e+06
P15151;P15151-2;P15151-3;P15151-4	P15151;P15151-2;P15151-3;P15151-4				6.78071e+06
P15169	P15169				2.58942e+06
P15259	P15259				50039.4
P15289;P15289-2	P15289;P15289-2				2.1442e+06
P15291;P15291-2	P15291;P15291-2				4.71911e+06
P15502-1;P15502-2;P15502-4;P15502-5	P15502-1;P15502-2;P15502-4;P15502-5				2.88527e+06
P15509;P15509-2;P15509-3;P15509-5;P15509-7	P15509;P15509-3;P15509-2;P15509-5;P15509-7;P15509-8				3.48964e+06
P15529;P15529-10;P15529-11;P15529-12;P15529-13;P15529-14;P15529-15;P15529-16;P15529-2;P15529-3;P15529-4;P15529-5;P15529-6;P15529-7;P15529-8;P15529-9	P15529;P15529-3;P15529-10;P15529-11;P15529-12;P15529-13;P15529-14;P15529-15;P15529-16;P15529-2;P15529-4;P15529-5;P15529-6;P15529-7;P15529-8;P15529-9				1.5697e+06
P15531;P15531-2	P15531;P15531-2				284035
P15586;P15586-2	P15586;P15586-2				2.61052e+06
P15848;P15848-2	P15848;P15848-2				123583
P16035	P16035				5.59624e+07
P16070;P16070-10;P16070-11;P16070-12;P16070-13;P16070-14;P16070-15;P16070-16;P16070-17;P16070-18;P16070-3;P16070-4;P16070-5;P16070-6;P16070-7;P16070-8;P16070-9	P16070;P16070-10;P16070-11;P16070-12;P16070-13;P16070-14;P16070-15;P16070-16;P16070-17;P16070-18;P16070-3;P16070-4;P16070-5;P16070-6;P16070-7;P16070-8;P16070-9				7.25993e+07
P16083	P16083				405200
P16112;P16112-2;P16112-3	P16112;P16112-2;P16112-3				3.24704e+06
P16152	P16152				2.7902e+06
P16234;P16234-2;P16234-3	P16234;P16234-2;P16234-3				459317
P16278;P16278-3	P16278;P16278-2;P16278-3				725173
P16519;P16519-3	P16519;P16519-2;P16519-3				4.99187e+06
P16870;P16870-2	P16870;P16870-2				7.37475e+07
P16930	P16930				744183
P16949;P16949-2	P16949;P16949-2				2.83598e+06
P17050	P17050				1.97587e+06
P17066	P17066;P48741				8.15425e+06
P17174	P17174;P17174-2				2.47139e+07
P17302	P17302				1.36456e+06
P17405;P17405-4	P17405;P17405-4				689019
P17600;P17600-2	P17600;P17600-2				1.79828e+06
P17677;P17677-2	P17677;P17677-2				4.36825e+06
P17813;P17813-2	P17813;P17813-2				942037
P17900	P17900				7.08371e+07
P17931	P17931				1.29599e+06
P17936;P17936-2	P17936;P17936-2				6.34018e+06
P18065	P18065				1.63311e+08
P18075	P18075				187985
P18206;P18206-2	P18206;P18206-2				1.2599e+06
P18428	P18428				4.764e+06
P18509	P18509				2.64723e+06
P18669	P15259;P18669				5.06266e+06
P19021;P19021-5;P19021-6	P19021;P19021-3;P19021-4;P19021-2;P19021-5;P19021-6				4.2231e+07
P19022	P19022;P19022-2				1.10429e+08
P19256;P19256-2;P19256-3	P19256;P19256-2;P19256-3				1.03086e+06
P19320	P19320;P19320-2;P19320-3				8.43124e+06
P19367;P19367-2;P19367-3;P19367-4	P19367;P52789;P19367-2;P19367-3;P19367-4				1.15128e+06
P19652	P19652				7.25794e+08
P19823	P19823				5.44752e+07
P19827	P19827;P19827-2				3.68134e+07
P19835	P19835				552630
P19961	P04746;P0DTE7;P0DTE8;P0DUB6;P19961;P19961-2;P04746-2				1.24771e+06
P20036	P20036				336959
P20062	P20062				1.17843e+07
P20138;P20138-2	P20138;P20138-2				394175
P20340;P20340-2;Q9NRW1	P20340;Q9NRW1;P20340-2;P20340-3				184943
P20366;P20366-2	P20366;P20366-2;P20366-3;P20366-4				8.19049e+06
P20382	P20382				635199
P20396	P20396				3.5681e+06
P20472	P20472				9.68784e+06
P20618	P20618				6.83716e+06
P20742	P20742;P20742-2				2.58417e+06
P20774	P20774				1.24608e+08
P20827	P20827;P20827-2				5.21692e+06
P20908;P20908-2	P20908;P20908-2				665086
P20916;P20916-2;P20916-3	P20916;P20916-2;P20916-3				2.88517e+06
P20930	P20930				204001
P20933	P20933				2.26556e+07
P21246	P21246				1.09165e+06
P21266	P21266				615122
P21291	P21291				268540
P21333;P21333-2	P21333;P21333-2				3.15908e+06
P21399	P21399				105958
P21554	P21554				1.43189e+06
P21579	P21579				2.7018e+06
P21802;P21802-16;P21802-2;P21802-5;P21802-6;P21802-8	P21802;P21802-3;P21802-14;P21802-15;P21802-16;P21802-17;P21802-18;P21802-19;P21802-2;P21802-23;P21802-5;P21802-6;P21802-8				1.34829e+07
P21810	P21810				2.44595e+06
P21860;P21860-4	P21860;P21860-4				745415
P21926	P21926				1.80281e+06
P22004	P22004				656277
P22061;P22061-2	P22061;P22061-2				9.69634e+06
P22105;P22105-1;P22105-4	P22105;P22105-1;P22105-2;P22105-4				7.91238e+06
P22223;P22223-2	P22223;P22223-2				427342
P22303	P22303;P22303-2;P22303-3;P22303-4				2.36876e+06
P22304	P22304				5.70933e+06
P22352	P22352				3.19499e+07
P22392-2	P15531;P22392;O60361;P22392-2;P15531-2				2.54434e+06
P22607;P22607-2;P22607-3;P22607-4	P22455;P22607;P22455-2;P22607-2;P22607-3;P22607-4				1.15874e+07
P22676	P22676				1.08812e+06
P22692;P22692-2	P22692;P22692-2				4.64176e+07
P22748	P22748				5.56593e+06
P22792	P22792				3.72657e+06
P22794;P22794-2	P22794;P22794-2				1.10755e+06
P22891;P22891-2	P22891;P22891-2				3.16268e+06
P22897	P22897				4.60666e+06
P23083	P23083				5.37093e+06
P23142	P23142				1.85116e+08
P23142-4	P23142-4				1.53375e+08
P23284	P23284				1.88266e+07
P23381;P23381-2	P23381;P23381-2				610443
P23435	P23435;Q8IUK8				2.65244e+07
P23468	P23468;P23468-2;P23468-3;P23468-4;P23468-5;P23468-6;P23468-7				1.07665e+07
P23468-7	P23468-4;P23468-5;P23468-6;P23468-7				1.31949e+06
P23470;P23470-2	P23470;P23470-2				8.46108e+06
P23471;P23471-2	P23471;P23471-2;P23471-3				1.74433e+07
P23515	P23515				6.623e+07
P23526;P23526-2	P23526;P23526-2				211015
P23528	P23528;Q9Y281;Q9Y281-3				2.51215e+06
P23560;P23560-2;P23560-3;P23560-4;P23560-5	P23560;P23560-2;P23560-3;P23560-4;P23560-5				3.84115e+06
P23582	P23582				2.9815e+07
P24043	P24043				6.02598e+06
P24347	P24347				5.31012e+06
P24387	P24387				1.19722e+06
P24592	P24592				1.71681e+08
P24593	P24593				1.81732e+07
P24666;P24666-2;P24666-3	P24666;P24666-2;P24666-3;P24666-4				930262
P24821;P24821-4	P24821;P24821-2;P24821-3;P24821-4;P24821-5;P24821-6				1.37035e+06
P25189;P25189-2	P25189;P25189-2				2.63949e+06
P25311	P25311				1.39618e+08
P25713	P25713				8.77326e+06
P25774	P25774;P25774-2				7.54099e+06
P25786;P25786-2	P25786;P25786-2				194951
P25788;P25788-2	P25788;P25788-2				214174
P25789	P25789;P25789-2				514974
P26038	P26038				6.3054e+06
P26447	P26447				1.47971e+06
P26572	P26572				5.22664e+06
P26641;P26641-2	P26641;P26641-2				245559
P26927	P26927;Q2TV78;Q2TV78-2				1.55847e+06
P26992	P26992				2.51257e+07
P27169	P27169				1.49198e+07
P27487	P27487				340009
P27658	P27658				1.03031e+06
P27694	P27694				1.36822e+06
P27797	P27797				1.90577e+07
P27824;P27824-2	P27824;P27824-2;P27824-3				2.81264e+06
P28074;P28074-2	P28074;P28074-2				129962
P28161;P28161-2	P28161;P28161-2				275665
P28482	P28482				90475
P28799;P28799-2	P28799;P28799-2				1.68939e+06
P28827;P28827-2	P28827;P28827-2				1.49344e+06
P28838;P28838-2	P28838;P28838-2				306464
P29120;P29120-2	P29120;P29120-2				2.87078e+07
P29218;P29218-3	P29218;P29218-3;P29218-2				2.09945e+06
P29279;P29279-2	P29279;P29279-2				808166
P29323;P29323-2;P29323-3	P29323;P29323-3;P29323-2				3.75514e+06
P29401;P29401-2	P29401;P29401-2				1.16512e+06
P29622	P29622				3.33546e+07
P29762	P29762				1.28872e+06
P29966	P29966				3.90707e+06
P29972	P29972				42581.9
P30041	P30041				1.91836e+06
P30043	P30043				2.2749e+06
P30044;P30044-2;P30044-3	P30044;P30044-2;P30044-3				137235
P30047;P30047-2	P30047;P30047-2				556548
P30048;P30048-2	P30048;P30048-2				1.25948e+06
P30086	P30086				4.91391e+07
P30101	P30101				3.42012e+06
P30530;P30530-2	P30530;P30530-2				9.89168e+06
P30533	P30533				178524
P30711	P30711				223301
P30740	P30740				1.01156e+06
P30990	P30990				1.77057e+06
P31146	P31146				1.67821e+06
P31150	P31150				5.18667e+06
P31151	P31151;Q86SG5				804256
P31153	P31153;P31153-2				7.16582e+06
P31321	P31321				337893
P31937	P31937				270646
P31944	P31944				87443.6
P31946;P31946-2	P31946;P31946-2				2.60603e+06
P31948;P31948-2;P31948-3	P31948;P31948-2;P31948-3				134787
P32004;P32004-2;P32004-3	P32004;P32004-2;P32004-3				5.32931e+06
P32119	P32119				8.00201e+06
P32926	P32926				498277
P32971	P32971				270148
P33151	P33151;P33151-2				3.64106e+06
P33908	P33908				2.38128e+07
P34059	P34059				2.90043e+06
P34096	P34096				1.10521e+07
P34741	P34741				714030
P34932	P34932				215650
P34949	P34949;P34949-2				894592
P35030;P35030-2;P35030-3;P35030-4;P35030-5	P35030;P35030-2;P35030-3;P35030-4;P35030-5				6.94797e+06
P35052	P35052				7.0462e+06
P35080	P35080				584638
P35237	P35237				2.08141e+06
P35318	P35318				5.0966e+06
P35442	P35442				3.55489e+06
P35443	P35443				8.72689e+06
P35475	P35475				252627
P35527	P35527				3.08438e+06
P35542	P35542				5.65341e+07
P35555	P35555				3.43405e+06
P35590	P35590;P35590-2;P35590-3				809993
P35613;P35613-2	P35613;P35613-2;P35613-3;P35613-4				4.79309e+06
P35625	P35625				578887
P35749;P35749-2;P35749-3;P35749-4	P35749;P35749-2;P35749-3;P35749-4				717808
P35754	P35754				2.15221e+06
P35858;P35858-2	P35858;P35858-2				1.16428e+07
P35908	P35908				2.03799e+06
P35968;P35968-2;P35968-3	P35968;P35968-2;P35968-3				2.38807e+06
P36222	P36222				1.22407e+08
P36269;P36269-2;P36269-3	P36269;P36269-2;P36269-3				80872.2
P36871	P36871;P36871-2				2.78055e+06
P36888;P36888-2	P36888;P36888-2				469639
P36955	P36955				6.14669e+08
P36957	P36957;P36957-2				3.29434e+07
P36980	P36980				6.96511e+07
P37173;P37173-2	P37173;P37173-2				1.43569e+06
P37235;P61601;P84074	P37235;P61601;P84074				227158
P37802;P37802-2	P37802;P37802-2				1.35415e+06
P37837;P37837-2	P37837;P37837-2				1.19187e+07
P37840;P37840-2	P37840;P37840-2				108390
P38571;P38571-2	P38571;P38571-2				1.92837e+06
P39059	P39059				4.34371e+06
P39060;P39060-1;P39060-2	P39060;P39060-1;P39060-2				2.33506e+07
P39748;P39748-2	P39748;P39748-2				755005
P40121;P40121-2	P40121;P40121-2				1.39034e+06
P40189	P40189;P40189-3				1.41564e+07
P40925;P40925-3	P40925;P40925-2;P40925-3				2.26185e+07
P40926	P40926;P40926-2				1.5395e+06
P41217;P41217-2;P41217-3	P41217;P41217-2;P41217-3				1.56977e+07
P41222	P41222				1.35094e+10
P41271;P41271-2	P41271;P41271-2				8.83427e+07
P42262;P42262-2;P42262-3	P42262;P42262-2;P42262-3				1.73492e+06
P42330;Q04828	P42330;P52895;Q04828;P42330-2				208980
P42658;P42658-2	P42658;P42658-2				3.71368e+06
P42702	P42702				137465
P42785	P42785;P42785-2				6.85755e+06
P42857;P42857-2	P42857;P42857-2				2.55045e+06
P43004;P43004-2;P43004-3	P43004;P43004-2;P43004-3				568073
P43121	P43121;P43121-2				1.20031e+07
P43146	P43146				5.69142e+06
P43234	P43234				3.74017e+06
P43251;P43251-2;P43251-3;P43251-4	P43251;P43251-2;P43251-3;P43251-4				3.29646e+07
P43652	P43652				1.01403e+08
P45877	P45877				9.53311e+06
P46459	P46459				1.65318e+06
P47755;P47755-2;P52907	P47755;P52907;P47755-2				585040
P47972	P47972				8.07605e+06
P48058;P48058-2	P48058;P48058-2				1.04152e+07
P48061;P48061-2;P48061-3;P48061-4;P48061-5;P48061-6	P48061;P48061-2;P48061-3;P48061-4;P48061-5;P48061-6				4.72424e+06
P48066;P48066-2	P48066;P48066-2				389942
P48147	P48147				861820
P48163	P48163;P48163-2				546232
P48539	P48539				3.41001e+06
P48551;P48551-2;P48551-3	P48551;P48551-2;P48551-3				1.27836e+06
P48637	P48637				7.6543e+06
P48723	P48723				3.12777e+06
P48740-2;P48740-4	P48740-2;P48740-4				4.37978e+06
P48740-3	P48740-3				4.53655e+06
P48745	P48745				916790
P49257	P49257				8.74028e+06
P49418;P49418-2	P49418;P49418-2				944345
P49588;P49588-2	P49588;P49588-2				192656
P49641	P49641;P49641-1;P49641-2				1.5835e+07
P49720	P49720				28005.4
P49747;P49747-2	P49747;P49747-2				4.87812e+06
P49908	P49908				3.02544e+07
P50238	P50238				4.40691e+06
P50281	P50281				1.37606e+06
P50395	P50395;P50395-2				1.21557e+06
P50502;Q8NFI4	P50502;Q8NFI4				868528
P50750-2	P50750-2				385990
P50895	P50895				1.48591e+06
P50897;P50897-2	P50897;P50897-2				839893
P50993	P05023;P13637;P20648;P50993;P05023-2;P05023-3;P05023-4;P13637-2;P13637-3				1.06931e+06
P51511	P51511				320596
P51512;P51512-2	P51512;P51512-2				1.72781e+06
P51674;P51674-2;P51674-3	P51674;P51674-2;P51674-3				2.65463e+06
P51688	P51688				263468
P51693	P51693;P51693-2				6.81237e+08
P51693-2	P51693-2				3.39875e+06
P51805	P51805				186564
P51812	P51812;Q15418;Q15418-2;Q15418-3;Q15418-4				1.36707e+06
P51884	P51884				7.57572e+07
P51888	P51888				1.75447e+07
P52209;P52209-2	P52209;P52209-2				153065
P52565;P52565-2	P52565;P52565-2				402131
P52566	P52566				889761
P52758	P52758				1.00718e+06
P52797	P52797				5.37451e+06
P52799	P52799				3.36573e+06
P52803	P52803				2.55324e+08
P52848	P52848				741861
P52943;P52943-2	P52943;P52943-2				462021
P53041	P53041				612893
P53634	P53634				1.56992e+06
P54108;P54108-2;P54108-3	P54108;P54108-2;P54108-3				5.3052e+06
P54253	P54253				4.10141e+08
P54289-2;P54289-3	P54289;P54289-2;P54289-3;P54289-4;P54289-5				2.79732e+07
P54652	P54652				520123
P54727	P54725;P54727;P54725-2;P54725-3				2.7163e+06
P54756;P54756-2	P54756;P54756-2				547980
P54764	P54764				1.88846e+07
P54802	P54802				5.53013e+06
P54803;P54803-4;P54803-5	P54803;P54803-3;P54803-4;P54803-5				345122
P55058	P55058;P55058-2;P55058-3;P55058-4				1.89305e+08
P55083;P55083-2	P55083;P55083-2				1.14662e+07
P55087;P55087-2	P55087;P55087-2				2.67613e+06
P55103	P55103				214693
P55268	P55268				3.40728e+06
P55283	P55283;P55283-2				1.06909e+07
P55285;P55285-2	P55285;P55285-2				4.79844e+06
P55286	P55286				2.84025e+06
P55287;P55287-2	P55287;P55287-2				1.77399e+07
P55290;P55290-4	P55290;P55290-2;P55290-3;P55290-4;P55290-5				6.3103e+07
P55291	P55291				8.8769e+06
P55774	P55774				655639
P55786	P55786;A6NEC2;P55786-2				2.61643e+06
P55899	P55899				552272
P55957;P55957-2;P55957-4	P55957;P55957-2;P55957-4				574585
P56159;P56159-2	P56159;P56159-2				3.14793e+06
P56199	P56199				5.5114e+06
P56817;P56817-2	P56817;P56817-2;P56817-3;P56817-4;P56817-5;P56817-6				2.25978e+06
P57087;P57087-2;P57087-3	P57087;P57087-2;P57087-3				2.41927e+06
P58215	P58215				384765
P58400	P58400;P58400-1				1.26582e+06
P58401	P58401				1.90953e+06
P58417	O95156;P58417				5.29474e+06
P60174;P60174-3	P60174;P60174-3;P60174-4				1.50432e+07
P60520	O95166;P60520;Q9H0R8;Q9H0R8-2				672465
P60660;P60660-2	P60660;P60660-2				802247
P60709;P63261	P60709;P63261				6.50437e+07
P60981;P60981-2	P60981;P60981-2				450780
P60983	P60983				1.63633e+06
P61018;P61018-2	P61018;P61018-2				870538
P61026	P51153;P59190;P61006;P61026;P62820;Q92930;Q9H0U4;Q92928;P61006-2;P62820-2;P62820-3;P59190-2				491145
P61077;P61077-2;P61077-3;P62837;P62837-2	P61077;P62837;P62837-2;P61077-2;P61077-3				1.00889e+06
P61088	P61088				1.66864e+06
P61106	P61106				2.95579e+06
P61158	P61158;Q9P1U1;Q9C0K3;Q9P1U1-2;Q9P1U1-3				325054
P61204;P84077;P84085	P18085;P61204;P84077;P84085;P61204-2				728228
P61278	P61278				3.74871e+07
P61604	P61604				1.41603e+06
P61626	P61626				6.08645e+07
P61769	P61769				8.29411e+08
P61812;P61812-2	P61812;P61812-2				170337
P61916	P61916;P61916-2				1.01917e+08
P61970	P61970				5.73632e+06
P61981	P61981				1.67086e+06
P62258	P62258;P62258-2				3.5861e+06
P62328	P62328;P63313				1.30527e+07
P62873;P62873-2;P62879;Q9HAV0	P62873;P62879;Q9HAV0;P62873-2;P62879-2				680312
P62913;P62913-2	P62913;P62913-2				2.3785e+07
P62937	P62937				9.59181e+06
P62942	P62942				2.19019e+06
P62993	P62993;P62993-2				1.84827e+06
P63000;P63000-2	P63000;P63000-2				69577.3
P63010;P63010-2;P63010-3	P63010;P63010-2;Q10567;Q10567-3;P63010-3;Q10567-2;Q10567-4				7.39846e+06
P63104	P63104;P63104-2				7.18786e+06
P63208	P63208;P63208-2				4.41021e+06
P63241;P63241-2;Q6IS14;Q9GZV4	P63241;Q9GZV4;Q6IS14;P63241-2				182220
P63302	P63302				245028
P67936	P06753;P07951;P09493;P09493-10;P67936;P07951-2;P09493-5;P06753-2;P06753-3;P09493-2;P09493-3;P09493-4;P09493-6;P09493-7;P09493-8;P09493-9;P06753-4;P06753-5;P06753-6;P07951-3;P67936-2				1.66671e+06
P68032	P62736;P63267;P68032;P68133				9.51177e+06
P68036	P68036;A0A1B0GUS4;P68036-2;P68036-3				1.72389e+06
P68104;Q05639;Q5VTE0	P68104;Q05639;Q5VTE0				811780
P68402	P68402				567528
P68871	P02042;P68871				1.00006e+07
P69849;Q15155;Q5JPE7;Q5JPE7-2	P69849;Q15155;Q5JPE7;Q5JPE7-2;Q5JPE7-3				2.00422e+06
P69905	P69905				1.72751e+07
P78310;P78310-2;P78310-5;P78310-6;P78310-7	P78310;P78310-2;P78310-4;P78310-5;P78310-6;P78310-7				778622
P78324;P78324-2	P78324;Q9P1W8;Q5TFQ8;P78324-2;P78324-4;Q9P1W8-2;Q9P1W8-3;Q9P1W8-4				5.65175e+07
P78330	P78330				244713
P78333	P78333				299826
P78417;P78417-3	P78417;P78417-3				2.71353e+06
P78504	P78504;P78504-2				977685
P78509;P78509-2;P78509-3	P78509;P78509-2;P78509-3				2.51153e+07
P78536;P78536-2	P78536;P78536-2				1.36624e+06
P78539;P78539-2;P78539-3;P78539-5	P78539;P78539-2;P78539-3;P78539-4;P78539-5				1.43891e+06
P80108	P80108				7.01992e+06
P80188;P80188-2	P80188;P80188-2				2.26889e+06
P80303;P80303-2	P80303;P80303-2				2.10041e+06
P80404	P80404				526179
P80723	P80723;P80723-2				6.39081e+06
P80748	P80748				6.1831e+07
P81605	P81605				2.3656e+07
P82987;P82987-2	P82987;P82987-2				220537
P84157	P84157;P84157-2;P84157-3				1.57647e+06
P98095;P98095-2	P98095;P98095-2				5.65262e+06
P98153;P98153-2;P98153-3	P98153;P98153-2;P98153-3				2.09879e+06
P98155;P98155-2	P98155;P98155-2				1.22318e+06
P98160	P98160				4.3646e+07
P98164	P98164				1.26354e+07
P98172	P98172				2.15673e+06
P98173;P98173-2;P98173-3	P98173;P98173-2;P98173-3				1.9564e+06
P99999	P99999				3.84824e+06
Q00169	Q00169				351849
Q00973	Q00973;Q00973-2;Q00973-3				1.64404e+06
Q01459	Q01459				8.45854e+06
Q01469	Q01469				1.03953e+07
Q01973;Q01973-3	Q01973;Q01973-3				349925
Q01995	Q01995				1.80094e+07
Q02246	Q02246				2.3791e+07
Q02487;Q02487-2	Q02487;Q02487-2				5.75662e+06
Q02747	Q02747				288928
Q02790	Q02790				508554
Q02809;Q02809-2	Q02809;Q02809-2				6.95671e+06
Q02818	Q02818				2.53585e+07
Q02952;Q02952-2;Q02952-3	Q02952;Q02952-2;Q02952-3				159064
Q02985;Q02985-2	Q02985;Q92496;Q02985-2;Q92496-2;Q92496-3				6.82237e+06
Q03167;Q03167-2	Q03167;Q03167-2				8.73322e+06
Q03591	Q03591				572739
Q04721	Q04721				3.91192e+06
Q04756	Q04756				2.22932e+06
Q04760;Q04760-2	Q04760;Q04760-2				1.69594e+06
Q04917	Q04917				911679
Q05193;Q05193-2;Q05193-3;Q05193-5	Q05193;Q05193-2;Q05193-3;Q05193-5				99845.7
Q05707;Q05707-2	Q05707;Q05707-2;Q05707-3				1.87949e+06
Q05996;Q05996-2	Q05996;Q05996-2				4.11902e+06
Q06033;Q06033-2	Q06033;Q06033-2				5.79577e+06
Q06418	Q06418				4.37705e+06
Q06481	Q06481;Q06481-3;Q06481-6				8.98592e+07
Q06828	Q06828				1.72514e+07
Q06830	Q06830				6.99082e+06
Q07092;Q07092-2	Q07092;Q07092-2				1.82766e+06
Q07507	Q07507				2.37233e+06
Q07699;Q07699-2	Q07699;Q07699-2				1.27336e+06
Q07954	Q07954				5.80048e+06
Q08174-2	Q08174;Q08174-2				5.76611e+06
Q08209;Q08209-2;Q08209-3;Q08209-5	Q08209;Q08209-2;Q08209-3;Q08209-5				247089
Q08345;Q08345-5	Q08345;Q08345-2;Q08345-4;Q08345-5;Q08345-6				4.12079e+06
Q08380	Q08380				1.04965e+08
Q08397	Q08397				914083
Q08431;Q08431-2;Q08431-4	Q08431;Q08431-2;Q08431-3;Q08431-4				4.03732e+06
Q08554;Q08554-2	Q08554;Q08554-2				2.31825e+06
Q08629	Q08629				1.66887e+07
Q08ET2	O15389;Q08ET2				9.97468e+06
Q09327	Q09327				820400
Q09328	Q09328				2.26458e+06
Q09666	Q09666				988237
Q0P6D2	Q0P6D2;Q0P6D2-2				4.15678e+06
Q10469	Q10469				1.59867e+06
Q10471	Q10471				8.57749e+06
Q10472	Q10472				4.34538e+06
Q10567;Q10567-2;Q10567-3	Q10567;Q10567-3;Q10567-2;Q10567-4				286807
Q10588	Q10588;Q10588-2				2.31906e+06
Q12765;Q12765-2;Q12765-3	Q12765;Q12765-2;Q12765-3				357527
Q12794;Q12794-2;Q12794-7	Q12794;Q12794-2;Q12794-4;Q12794-7				3.14898e+06
Q12797;Q12797-10	Q12797;Q12797-10				863118
Q12805;Q12805-2;Q12805-3;Q12805-4;Q12805-5	Q12805;Q12805-2;Q12805-3;Q12805-4;Q12805-5				1.62967e+08
Q12841;Q12841-2	Q12841;Q12841-2				5.52345e+06
Q12860	Q12860;Q12860-2				8.9275e+07
Q12866	Q12866				1.52306e+06
Q12884	Q12884;Q12884-2				222089
Q12907	Q12907				6.80257e+07
Q12913;Q12913-2;Q12913-3	Q12913;Q12913-2;Q12913-3				1.63694e+06
Q13093	Q13093				521431
Q13103	Q13103				132770
Q13145	Q13145				484197
Q13162	Q13162				33129.7
Q13201;Q13201-2	Q13201;Q13201-2				1.01625e+06
Q13214;Q13214-2	Q13214;Q13214-2				1.94542e+06
Q13217	Q13217				2.63857e+06
Q13228;Q13228-4	Q13228;Q13228-2;Q13228-3;Q13228-4				1.4693e+07
Q13231;Q13231-3	Q13231;Q13231-2;Q13231-3;Q13231-4				5.84182e+06
Q13232	Q13232				603722
Q13275;Q13275-2	Q13275;Q13275-2				1.56363e+06
Q13308;Q13308-2;Q13308-3;Q13308-4;Q13308-5;Q13308-6	Q13308;Q13308-2;Q13308-3;Q13308-4;Q13308-5;Q13308-6				1.83796e+06
Q13332-2;Q13332-6	Q13332;Q13332-2;Q13332-3;Q13332-4;Q13332-5;Q13332-6;Q13332-7				1.53874e+07
Q13404;Q13404-1;Q13404-2;Q13404-6;Q13404-7	Q13404;Q13404-1;Q13404-2;Q13404-6;Q13404-7				834799
Q13421-2;Q13421-3;Q13421-4	Q13421;Q13421-2;Q13421-3;Q13421-4				593674
Q13433	Q13433				862662
Q13443;Q13443-2	Q13443;Q13443-2				1.01253e+06
Q13444;Q13444-10;Q13444-12;Q13444-2;Q13444-3;Q13444-4;Q13444-5;Q13444-6;Q13444-7;Q13444-8;Q13444-9	Q13444;Q13444-2;Q13444-10;Q13444-11;Q13444-12;Q13444-3;Q13444-4;Q13444-5;Q13444-6;Q13444-7;Q13444-8;Q13444-9				2.62566e+06
Q13449	Q13449				9.26472e+07
Q13501;Q13501-2	Q13501;Q13501-2				1.09352e+06
Q13508;Q13508-2;Q13508-3	Q13508;Q13508-2;Q13508-3				6.65204e+06
Q13510;Q13510-2	Q13510;Q13510-2;Q13510-3				8.44498e+06
Q13519;Q13519-2	Q13519;Q13519-2				2.35757e+06
Q13554;Q13554-2;Q13554-4;Q13554-5;Q13554-8	Q13554;Q13554-3;Q13554-2;Q13554-4;Q13554-5;Q13554-6;Q13554-7;Q13554-8				4.77134e+06
Q13555;Q13555-10;Q13555-11;Q13555-2;Q13555-3;Q13555-4;Q13555-5;Q13555-6;Q13555-7;Q13555-8;Q13555-9	Q13555;Q13555-5;Q13555-10;Q13555-11;Q13555-2;Q13555-3;Q13555-4;Q13555-6;Q13555-7;Q13555-8;Q13555-9				994840
Q13557;Q13557-10;Q13557-11;Q13557-12;Q13557-3;Q13557-4;Q13557-5;Q13557-6;Q13557-8;Q13557-9	Q13557;Q13557-8;Q13557-10;Q13557-11;Q13557-12;Q13557-3;Q13557-4;Q13557-5;Q13557-6;Q13557-9				890464
Q13634;Q13634-2	Q13634;Q13634-2				7.81565e+06
Q13641	Q13641				611661
Q13642-1;Q13642-4;Q13642-5	Q13642-1;Q13642-4;Q13642-5				511151
Q13683;Q13683-10;Q13683-3;Q13683-7;Q13683-9	Q13683;Q13683-10;Q13683-13;Q13683-3;Q13683-7;Q13683-9				4.8186e+06
Q13740;Q13740-2	Q13740;Q13740-2;Q13740-3				2.05923e+07
Q13790	Q13790				3.43961e+06
Q13822-3	Q13822;Q13822-3				3.98785e+08
Q13867	Q13867				1.26487e+06
Q14019	Q14019				4.38202e+06
Q14112;Q14112-2	Q14112;Q14112-2				6.55216e+06
Q14114;Q14114-2;Q14114-3;Q14114-4	Q14114;Q14114-3;Q14114-2;Q14114-4				869259
Q14118	Q14118				1.35678e+08
Q14126	Q14126				2.97258e+06
Q14165	Q14165				2.55531e+06
Q14213	Q14213				641741
Q14242;Q14242-2	Q14242;Q14242-2				1.24151e+06
Q14257;Q14257-2	Q14257;Q14257-2				2.34588e+06
Q14314	Q14314				6.50643e+06
Q14315;Q14315-2	Q14315;Q14315-2				3.03707e+06
Q14393;Q14393-1;Q14393-3;Q14393-4;Q14393-5	Q14393;Q14393-1;Q14393-3;Q14393-4;Q14393-5				8.20138e+06
Q14515	Q14515;Q14515-2				1.47455e+08
Q14517	Q14517				890277
Q14520;Q14520-2	Q14520;Q14520-2				1.00213e+07
Q14563	Q14563				738030
Q14566	Q14566				2.75885e+06
Q14574;Q14574-2	Q14574;Q14574-2				2.13207e+06
Q14596;Q14596-2	Q14596;Q14596-2				1.11322e+06
Q14624	Q14624				7.82562e+07
Q14624-2;Q14624-3;Q14624-4	Q14624-2;Q14624-3;Q14624-4				1.60298e+07
Q14696	Q14696				1.83216e+06
Q14697;Q14697-2	Q14697;Q14697-2				5.97447e+06
Q14766	Q14766;Q14766-4				5.0644e+06
Q14767	Q14767				9.6859e+06
Q14833	Q14833				83944.1
Q14894	Q14894				891958
Q14956;Q14956-2	Q14956;Q14956-2				1.89041e+06
Q14982;Q14982-2;Q14982-3;Q14982-4	Q14982;Q14982-2;Q14982-3;Q14982-4				2.49963e+07
Q14C87	Q14C87;Q14C87-2				3.45845e+06
Q14CZ8	Q14CZ8				2.25963e+06
Q14DG7	Q14DG7;Q14DG7-2				1.27431e+06
Q15063-3	Q15063;Q15063-2;Q15063-3;Q15063-4;Q15063-5;Q15063-6;Q15063-7				3.88308e+06
Q15084;Q15084-2;Q15084-3;Q15084-4;Q15084-5	Q15084;Q15084-2;Q15084-3;Q15084-4;Q15084-5				1.09102e+06
Q15113	Q15113				5.81234e+07
Q15121;Q15121-2	Q15121;Q15121-2				584479
Q15149;Q15149-2;Q15149-3;Q15149-4;Q15149-5;Q15149-6;Q15149-7;Q15149-8;Q15149-9	Q15149;Q15149-2;Q15149-3;Q15149-4;Q15149-5;Q15149-6;Q15149-7;Q15149-8;Q15149-9				1.95127e+06
Q15165;Q15165-1;Q15165-3	Q15165;Q15165-1;Q15165-3				247901
Q15166	Q15166				1.5546e+07
Q15223;Q15223-2;Q15223-3	Q15223;Q15223-2;Q15223-3				7.4669e+06
Q15256	Q15256;Q15256-5				2.67076e+06
Q15257;Q15257-2;Q15257-3	Q15257;Q15257-2;Q15257-3				722745
Q15262;Q15262-2;Q15262-3;Q15262-4	Q15262;Q15262-2;Q15262-3;Q15262-4				2.03596e+06
Q15293	Q15293;Q15293-2				8.1261e+06
Q15303;Q15303-2;Q15303-3;Q15303-4	Q15303;Q15303-2;Q15303-3;Q15303-4				115687
Q15375;Q15375-4	Q15375;Q15375-2;Q15375-4				2.55992e+06
Q15435;Q15435-2	Q15435;Q15435-2;Q15435-3;Q15435-4;Q15435-5				175561
Q15459;Q15459-2	Q15459;Q15459-2				1.61707e+06
Q15465	Q15465				2.15571e+06
Q15493;Q15493-2	Q15493;Q15493-2				165336
Q15582	Q15582				3.45641e+07
Q15768	Q15768				2.79356e+06
Q15782;Q15782-6	Q15782;Q15782-6				4.3527e+06
Q15818	Q15818				3.99221e+07
Q15819	Q15819				4.65114e+06
Q15828	Q15828				1.8155e+06
Q15843	Q15843				526984
Q15846	Q15846				511998
Q15847	Q15847				5.21064e+06
Q15848	Q15848				3.35401e+06
Q15904	Q15904				3.89134e+07
Q16143	Q16143				927587
Q16270	Q16270;Q16270-2				4.05358e+08
Q16288;Q16288-2;Q16288-3;Q16288-4;Q16288-5	Q16288;Q16288-2;Q16288-3;Q16288-4;Q16288-5				4.16775e+06
Q16363;Q16363-2	Q16363;Q16363-2				1.69468e+06
Q16394	Q16394				778254
Q16531	Q16531				1.48491e+06
Q16549	Q16549				616130
Q16555;Q16555-2	Q16555;Q16555-2				729226
Q16568	Q16568				3.08917e+06
Q16581	Q16581				1.37907e+06
Q16610;Q16610-4	Q16610;Q16610-2;Q16610-3;Q16610-4				5.28051e+07
Q16620;Q16620-2;Q16620-3;Q16620-4;Q16620-5;Q16620-6	Q16620;Q16620-2;Q16620-3;Q16620-4;Q16620-5;Q16620-6				7.82468e+06
Q16623;Q16623-2;Q16623-3	Q16623;Q16623-2;Q16623-3				193469
Q16627;Q16627-2	Q16627;Q16627-2				2.19107e+06
Q16651	Q16651;Q16651-2				854150
Q16653;Q16653-10;Q16653-11;Q16653-13;Q16653-2;Q16653-3;Q16653-5;Q16653-6;Q16653-7;Q16653-8;Q16653-9	Q16653;Q16653-10;Q16653-11;Q16653-13;Q16653-2;Q16653-3;Q16653-5;Q16653-6;Q16653-7;Q16653-8;Q16653-9				1.51089e+07
Q16658	Q16658				3.72413e+06
Q16674	Q16674				7.06441e+06
Q16706	Q16706				3.98884e+06
Q16769	Q16769				1.56784e+07
Q16775;Q16775-2	Q16775;Q16775-2				939024
Q16799	Q16799;Q16799-2				598811
Q16832	Q16832				376835
Q16849	Q16849;Q16849-3;Q16849-2				2.74874e+07
Q16853;Q16853-2	Q16853;Q16853-2				3.39464e+06
Q16880	Q16880				1.28286e+07
Q16881;Q16881-2;Q16881-3;Q16881-4;Q16881-5;Q16881-6;Q16881-7	Q16881;Q16881-4;Q16881-5;Q16881-2;Q16881-3;Q16881-6;Q16881-7				288839
Q16891;Q16891-2;Q16891-3;Q16891-4	Q16891;Q16891-2;Q16891-3;Q16891-4				1.57232e+06
Q17RC7	Q17RC7				1.47635e+07
Q24JP5;Q24JP5-2	Q24JP5;Q24JP5-2;Q24JP5-3				1.1383e+07
Q2TAL6	Q2TAL6				2.19976e+06
Q2TBF2;Q2TBF2-2	Q2TBF2;Q2TBF2-2				713619
Q2UY09	Q2UY09;Q2UY09-2;Q2UY09-3				406345
Q3SYC2;Q3SYC2-2	Q3SYC2;Q3SYC2-2				1.32844e+06
Q495W5;Q495W5-2	Q495W5;Q495W5-2				2.42037e+06
Q496H8	Q496H8				257485
Q4G0I0	Q4G0I0				4.51956e+06
Q4G0P3	Q4G0P3;Q4G0P3-10;Q4G0P3-5;Q4G0P3-6;Q4G0P3-8				1.13611e+07
Q4G148;Q4G148-2	Q4G148;Q4G148-2				296926
Q4LDE5	Q4LDE5				507653
Q4ZHG4;Q4ZHG4-2	Q4ZHG4;Q4ZHG4-2				49563.2
Q504Y0;Q504Y0-3;Q504Y0-4;Q504Y0-5	Q504Y0;Q504Y0-2;Q504Y0-3;Q504Y0-4;Q504Y0-5				321409
Q53EL9;Q53EL9-3	Q53EL9;Q53EL9-2;Q53EL9-3				3.88161e+07
Q53RD9;Q53RD9-2;Q53RD9-3;Q53RD9-4	Q53RD9;Q53RD9-2;Q53RD9-3;Q53RD9-4				1.03533e+07
Q53RT3;Q53RT3-2	Q53RT3;Q53RT3-2				157673
Q562R1	Q562R1				3.77451e+07
Q5BIV9	Q5BIV9				5.59388e+06
Q5BLP8;Q5BLP8-2;Q5BLP8-3	Q5BLP8;Q5BLP8-2;Q5BLP8-3				1.11838e+07
Q5FWE3;Q5FWE3-3	Q5FWE3;Q5FWE3-3				2.83176e+07
Q5IJ48;Q5IJ48-2;Q5IJ48-3	Q5IJ48;Q5IJ48-2;Q5IJ48-3				2.54392e+06
Q5JRA6;Q5JRA6-2	Q5JRA6;Q5JRA6-2;Q5JRA6-3				6.06085e+06
Q5JS37;Q5JS37-2	Q5JS37;Q5JS37-2				984700
Q5JZY3;Q5JZY3-2;Q5JZY3-3	Q5JZY3;Q5JZY3-2;Q5JZY3-3				2.72959e+06
Q5KU26	Q5KU26				1.09988e+07
Q5R3F8	Q5R3F8				1.31445e+06
Q5SGD2;Q5SGD2-2;Q5SGD2-3	Q5SGD2;Q5SGD2-2;Q5SGD2-3				374627
Q5SRI9	Q5SRI9				1.29623e+06
Q5SZI1	Q5SZI1				949601
Q5SZK8	Q5SZK8;Q5SZK8-2				421066
Q5T848	Q5T848				1.05382e+07
Q5VSG8	Q5VSG8				2.88345e+06
Q5VSL9;Q5VSL9-2;Q5VSL9-3	Q5VSL9;Q5VSL9-2;Q5VSL9-3				2.12141e+06
Q5VU43;Q5VU43-10;Q5VU43-11;Q5VU43-12;Q5VU43-3;Q5VU43-4;Q5VU43-6;Q5VU43-7;Q5VU43-8;Q5VU43-9;Q96SN8;Q96SN8-2;Q96SN8-3;Q96SN8-4	Q5VU43;Q5VU43-11;Q96SN8;Q5VU43-8;Q5VU43-10;Q5VU43-12;Q5VU43-3;Q5VU43-4;Q5VU43-6;Q5VU43-7;Q5VU43-9;Q96SN8-2;Q96SN8-3;Q96SN8-4				2.4674e+07
Q5VU97	Q5VU97				5.73966e+06
Q5VUB5	Q5VUB5				797950
Q5VV43;Q5VV43-2;Q5VV43-4	Q5VV43;Q5VV43-2;Q5VV43-4				1.69843e+06
Q5VV63	Q5VV63				422398
Q5VWW1;Q5VWW1-2;Q5VWW1-3	Q5VWW1;Q5VWW1-2;Q5VWW1-3				639023
Q5VY80;Q6H3X3;Q6H3X3-2;Q9BZM5	Q5VY80;Q6H3X3;Q9BZM5;Q6H3X3-2				859050
Q63HQ2;Q63HQ2-2;Q63HQ2-4	Q63HQ2;Q63HQ2-2;Q63HQ2-4				339450
Q641Q3	Q641Q3;Q641Q3-2				4.20735e+06
Q658N2	Q658N2				4.54019e+06
Q68BL7;Q68BL7-2;Q68BL7-3	Q68BL7;Q68BL7-2;Q68BL7-3				3.49824e+06
Q68D85	Q68D85				1.11976e+06
Q6BCY4;Q6BCY4-2	Q6BCY4;Q6BCY4-2				48862.2
Q6E0U4;Q6E0U4-16;Q6E0U4-2;Q6E0U4-3;Q6E0U4-4;Q6E0U4-5;Q6E0U4-6;Q6E0U4-7	Q6E0U4;Q6E0U4-16;Q6E0U4-2;Q6E0U4-3;Q6E0U4-4;Q6E0U4-5;Q6E0U4-6;Q6E0U4-7				1.81162e+06
Q6EMK4	Q6EMK4				9.31725e+06
Q6FHJ7	Q6FHJ7				4.15662e+06
Q6GTX8;Q6GTX8-2;Q6GTX8-3;Q6GTX8-4;Q6ISS4;Q6ISS4-2	Q6GTX8;Q6ISS4;Q6GTX8-2;Q6GTX8-3;Q6GTX8-4;Q6ISS4-2				5.1199e+06
Q6IBS0	Q12792;Q6IBS0;Q12792-3;Q12792-4				310824
Q6IEE7	Q6IEE7				1.96443e+06
Q6IS24	Q6IS24				2.88467e+06
Q6JBY9;Q6JBY9-2	Q6JBY9;Q6JBY9-2				88480.2
Q6MZW2	Q6MZW2;Q6MZW2-2;Q6MZW2-3				8.53333e+06
Q6NUJ2	Q6NUJ2				1.10995e+06
Q6NW40	Q6NW40				2.11166e+07
Q6P0Q8;Q6P0Q8-2	Q6P0Q8;Q6P0Q8-2				2.04224e+07
Q6P179;Q6P179-3	Q6P179;Q6P179-3				511377
Q6P4E1;Q6P4E1-5	Q6P4E1;Q6P4E1-2;Q6P4E1-5				1.15973e+07
Q6P9A2	Q6P9A2				3.47904e+06
Q6PCB0	Q6PCB0				3.23161e+06
Q6PK18	Q6PK18;Q6PK18-2				333760
Q6PUV4	O14810;Q6PUV4				465112
Q6RVD6	Q6RVD6				870286
Q6UVK1	Q6UVK1				3.52881e+06
Q6UVY6;Q6UVY6-2	Q6UVY6;Q6UVY6-2				638212
Q6UW01	Q6UW01				1.96622e+07
Q6UW49	Q6UW49				619311
Q6UW78	Q6UW78				1.143e+06
Q6UWH4;Q6UWH4-2	Q6UWH4;Q6UWH4-2				2.80656e+06
Q6UWP8	Q6UWP8;Q6UWP8-2				676428
Q6UWR7	Q6UWR7				1.39457e+06
Q6UWY5	Q6UWY5				714693
Q6UX15;Q6UX15-2	Q6UX15;Q6UX15-2				3.34548e+06
Q6UX71	Q6UX71;Q6UX71-2				2.63636e+07
Q6UX72	Q6UX72				1.03882e+06
Q6UX73;Q6UX73-2	Q6UX73;Q6UX73-2				3.65307e+07
Q6UXB8	Q6UXB8;Q6UXB8-2				1.59603e+07
Q6UXD5-3;Q6UXD5-5	Q6UXD5;Q6UXD5-2;Q6UXD5-3;Q6UXD5-4;Q6UXD5-5;Q6UXD5-6				3.73151e+07
Q6UXF1;Q6UXF1-2	Q6UXF1;Q6UXF1-2				341971
Q6UXH9;Q6UXH9-2	Q6UXH9;Q6UXH9-2;Q6UXH9-3				1.01691e+06
Q6UXI9;Q6UXI9-3;Q6UXI9-4;Q6UXI9-5;Q6UXI9-6	Q6UXI9;Q6UXI9-2;Q6UXI9-3;Q6UXI9-4;Q6UXI9-5;Q6UXI9-6				936332
Q6UXK2	Q6UXK2				1.07893e+06
Q6UXK5	Q6UXK5				1.29458e+06
Q6UXZ4;Q6UXZ4-2	Q6UXZ4;Q6UXZ4-2				1.56545e+06
Q6UY14;Q6UY14-2;Q6UY14-3	Q6UY14;Q6UY14-3;Q6UY14-2				524995
Q6YHK3	Q6YHK3;Q6YHK3-2;Q6YHK3-4				3.29131e+06
Q6ZMI3	Q6ZMI3;Q6ZMI3-2				4.34963e+06
Q6ZMP0;Q6ZMP0-2	Q6ZMP0;Q6ZMP0-2;Q6ZMP0-3;Q6ZMP0-4				4.99569e+06
Q6ZN30;Q6ZN30-2	Q6ZN30;Q6ZN30-2				2.52583e+06
Q6ZN44;Q6ZN44-2	Q6ZN44;Q6ZN44-2				265583
Q6ZRI8;Q6ZRI8-2;Q6ZRI8-3;Q6ZRI8-4;Q6ZRI8-5	Q6ZRI8;Q6ZRI8-2;Q6ZRI8-3;Q6ZRI8-4;Q6ZRI8-5				750543
Q6ZRP7	Q6ZRP7				7.78039e+06
Q6ZSJ9;Q6ZSJ9-2;Q6ZSJ9-3	Q6ZSJ9;Q6ZSJ9-2;Q6ZSJ9-3				5.01934e+07
Q6ZVL6	Q6ZVL6;Q6ZVL6-2				5.10453e+06
Q70JA7	Q70JA7				203724
Q76KP1	Q76KP1				762603
Q76LX8;Q76LX8-2;Q76LX8-3;Q76LX8-4	Q76LX8;Q76LX8-2;Q76LX8-3;Q76LX8-4				66889.4
Q7KYR7;Q7KYR7-1;Q7KYR7-4;Q7KYR7-6;Q8WVV5;Q8WVV5-2;Q8WVV5-3	Q7KYR7;Q8WVV5;Q7KYR7-4;Q7KYR7-1;Q7KYR7-5;Q7KYR7-6;Q8WVV5-2;Q8WVV5-3				1.15756e+06
Q7L014	Q7L014				4.41828e+07
Q7L0X0	Q7L0X0				2.95641e+06
Q7L266;Q7L266-2	Q7L266;Q7L266-2				222766
Q7LFX5	Q7LFX5				4.92624e+06
Q7LGC8	Q7LGC8				1.84824e+06
Q7Z304	Q7Z304;Q7Z304-2				1.53768e+06
Q7Z3B1	Q7Z3B1;Q7Z3B1-2				5.79531e+07
Q7Z3D4	Q7Z3D4				587505
Q7Z553;Q7Z553-3	Q7Z553;Q7Z553-2;Q7Z553-3				2.78934e+06
Q7Z5A7;Q7Z5A7-2	Q7Z5A7;Q7Z5A7-2;Q7Z5A7-3				2.04124e+07
Q7Z5L0	Q7Z5L0				2.41472e+06
Q7Z5L3	Q7Z5L3				2.10011e+06
Q7Z5L7;Q7Z5L7-2;Q7Z5L7-3	Q7Z5L7;Q7Z5L7-2;Q7Z5L7-3;Q7Z5L7-4				3.88425e+06
Q7Z5N4;Q7Z5N4-3	Q7Z5N4;Q7Z5N4-3				113527
Q7Z6G3	Q7Z6G3				56529.3
Q7Z6L0;Q7Z6L0-2;Q7Z6L0-3	Q7Z6L0;Q7Z6L0-2;Q7Z6L0-3				181765
Q7Z6M3;Q7Z6M3-2	Q7Z6M3;Q7Z6M3-2				362154
Q7Z7G0;Q7Z7G0-3;Q7Z7G0-4	Q7Z7G0;Q7Z7G0-2;Q7Z7G0-3;Q7Z7G0-4				1.36627e+06
Q7Z7H5;Q7Z7H5-3	Q7Z7H5;Q7Z7H5-2;Q7Z7H5-3				2.29526e+06
Q7Z7M0	Q7Z7M0;Q7Z7M0-2				2.01064e+07
Q7Z7M8	Q7Z7M8				215260
Q7Z7M9	Q7Z7M9				1.69023e+06
Q86SF2	Q86SF2				7.75429e+06
Q86SJ2	Q86SJ2				131150
Q86SQ4;Q86SQ4-2;Q86SQ4-3;Q86SQ4-4	Q86SQ4;Q86SQ4-2;Q86SQ4-3;Q86SQ4-4				243422
Q86SR1	Q86SR1;Q86SR1-2;Q86SR1-3				4.59663e+06
Q86T13	Q86T13				91323.4
Q86TE4;Q86TE4-4	Q86TE4;Q86TE4-4				1.9293e+06
Q86TH1	Q86TH1				715259
Q86TY3;Q86TY3-2	Q86TY3;Q86TY3-2				7.58794e+06
Q86UD1	Q86UD1				1.0729e+07
Q86UE6	Q86UE6				14703
Q86UN2	Q86UN2				1.97495e+06
Q86UN3	Q86UN3				9.39468e+06
Q86UP0;Q86UP0-2	Q86UP0;Q86UP0-2				4.67104e+06
Q86UW8	Q86UW8				1.02427e+06
Q86UX2	Q86UX2;Q86UX2-2;Q86UX2-3				1.54375e+07
Q86V85	Q86V85				608027
Q86VB7;Q86VB7-2;Q86VB7-3;Q86VB7-4	Q86VB7;Q86VB7-2;Q86VB7-3;Q86VB7-4				1.69954e+07
Q86VP6;Q86VP6-2	Q86VP6;Q86VP6-2				222971
Q86VR8	Q86VR8				928297
Q86VV8;Q86VV8-3	Q86VV8;Q86VV8-2;Q86VV8-4;Q86VV8-3				625769
Q86VZ4	Q86VZ4				2.32703e+06
Q86X29;Q86X29-4;Q86X29-5;Q86X29-6	Q86X29;Q86X29-2;Q86X29-3;Q86X29-4;Q86X29-5;Q86X29-6				3.98484e+06
Q86XR7-2;Q9Y3B3;Q9Y3B3-2	Q9Y3B3;Q86XR7-2;Q9Y3B3-2				794426
Q86Y38	Q86Y38				4.66497e+06
Q86Y82	Q86Y82				1.15118e+06
Q86YD3;Q86YD3-2;Q86YD3-4;Q86YD3-5	Q86YD3;Q86YD3-2;Q86YD3-3;Q86YD3-4;Q86YD3-5				5.73637e+06
Q86YT9;Q86YT9-2;Q86YT9-3;Q86YT9-4	Q86YT9;Q86YT9-2;Q86YT9-3;Q86YT9-4				1.51144e+06
Q86YZ3	Q86YZ3				881518
Q8IUC8	Q10472;Q8IUC8;Q8IUC8-3;Q8IUC8-2				6.42387e+06
Q8IUK5;Q8IUK5-2;Q8IUK5-3	Q8IUK5;Q8IUK5-2;Q8IUK5-3;Q8IUK5-4				3.4798e+06
Q8IUK8	Q8IUK8				863249
Q8IUX7	Q8IUX7;Q8IUX7-2				9.6049e+06
Q8IV08	Q8IV08				1.19124e+07
Q8IW45;Q8IW45-2;Q8IW45-4	Q8IW45;Q8IW45-2;Q8IW45-4				231990
Q8IW52	Q8IW52				3.26499e+06
Q8IWT1	Q8IWT1;Q8IWT1-2				1.36733e+06
Q8IWU2	Q8IWU2				1.10922e+06
Q8IWU5;Q8IWU5-2	Q8IWU5;Q8IWU5-2				2.94752e+07
Q8IWU6	Q8IWU6				209237
Q8IWV2	Q8IWV2				5.23108e+06
Q8IWY4	Q8IWY4				1.21566e+06
Q8IXL6	Q8IXL6				4.03555e+06
Q8IYE1	Q8IYE1				4.88196e+07
Q8IYJ0;Q8IYJ0-2	Q8IYJ0;Q8IYJ0-2				2.04218e+07
Q8IYS5-2;Q8IYS5-3;Q8IYS5-6	Q8IYS5;Q8IYS5-2;Q8IYS5-3;Q8IYS5-4;Q8IYS5-5;Q8IYS5-6;Q8IYS5-7				1.93653e+06
Q8IZA0;Q8IZA0-2	Q8IZA0;Q8IZA0-2				5.74059e+06
Q8IZF2;Q8IZF2-2;Q8IZF2-3	Q8IZF2;Q8IZF2-2;Q8IZF2-3				272449
Q8IZJ1;Q8IZJ1-2	Q8IZJ1;Q8IZJ1-2				1.56883e+06
Q8IZJ3;Q8IZJ3-2	Q8IZJ3;Q8IZJ3-2				760082
Q8IZP7	Q8IZP7				4.58562e+06
Q8IZS8	Q8IZS8;Q8IZS8-2;Q8IZS8-3				2.47306e+06
Q8IZU9;Q8IZU9-2	Q8IZU9;Q8IZU9-2				159325
Q8N0W4;Q8N0W4-2;Q8NFZ3;Q8NFZ3-2	Q8N0W4;Q8NFZ3;Q8NFZ3-2;Q8N0W4-2				2.54315e+06
Q8N111	Q8N111				757858
Q8N114;Q8N114-2	Q8N114;Q8N114-2				4.17507e+07
Q8N126;Q8N126-2	Q8N126;Q8N126-2;Q8N126-3				3.29056e+07
Q8N149;Q8N149-2;Q8N149-3;Q8N149-4	Q8N149;Q8N149-2;Q8N149-3;Q8N149-4				1.60896e+06
Q8N2Q7;Q8N2Q7-2	Q8N2Q7;Q8N2Q7-2				1.03983e+06
Q8N2S1;Q8N2S1-2;Q8N2S1-3	Q8N2S1;Q8N2S1-2;Q8N2S1-3				1.03024e+07
Q8N3G9;Q8N3G9-2;Q8N3G9-3	Q8N3G9;Q8N3G9-2;Q8N3G9-3				312141
Q8N3J2	Q8N3J2				4.7699e+06
Q8N3J6;Q8N3J6-2;Q8N3J6-3;Q8N3J6-4;Q8N3J6-5	Q8N3J6;Q8N3J6-2;Q8N3J6-3;Q8N3J6-4;Q8N3J6-5				1.28796e+07
Q8N3T1	Q8N3T1				1.14524e+06
Q8N3T6	Q8N3T6				2.62099e+06
Q8N3Z0	Q8N3Z0				561204
Q8N428	Q8N428;Q8N428-2				2.7155e+06
Q8N436	Q8N436				638580
Q8N474	Q8N474				709608
Q8N475;Q8N475-2	Q8N475;Q8N475-2;Q8N475-3				4.06412e+06
Q8N608;Q8N608-2;Q8N608-3;Q8N608-4	Q8N608;Q8N608-2;Q8N608-3;Q8N608-4				569401
Q8N6C5;Q8N6C5-2;Q8N6C5-4	Q8N6C5;Q8N6C5-2;Q8N6C5-4				1.50669e+06
Q8N6C8;Q8N6C8-2;Q8N6C8-3	Q8N6C8;Q8N6C8-2;Q8N6C8-3				273487
Q8N729	Q8N729				307474
Q8N967	Q8N967				1.68607e+06
Q8N9I0	Q8N9I0				1.27595e+06
Q8NBI6	Q8NBI6				2.34392e+06
Q8NBJ4;Q8NBJ4-2	Q8NBJ4;Q8NBJ4-2				1.17206e+07
Q8NBJ7	Q8NBJ7;Q8NBJ7-2;Q8NBJ7-3				789943
Q8NBL3	Q8NBL3;Q8NBL3-2				704839
Q8NBP7	Q8NBP7				1.36692e+06
Q8NBS9;Q8NBS9-2	Q8NBS9;Q8NBS9-2				809301
Q8NC42	Q8NC42				515938
Q8NC67;Q8NC67-3	Q8NC67;Q8NC67-3				157658
Q8NCC3	Q8NCC3;Q8NCC3-2				1.90645e+06
Q8NCH0	Q8NCH0				346710
Q8NCL4	Q8NCL4				3.9953e+06
Q8NCW5	Q8NCW5;Q8NCW5-2				3.18364e+06
Q8NDA2;Q8NDA2-2;Q8NDA2-4	Q8NDA2;Q8NDA2-2;Q8NDA2-4				483755
Q8NEP3;Q8NEP3-2;Q8NEP3-3	Q8NEP3;Q8NEP3-2;Q8NEP3-3				7.12968e+08
Q8NES3;Q8NES3-3	Q8NES3;Q8NES3-2;Q8NES3-3;Q8NES3-4				6.38692e+06
Q8NEY1;Q8NEY1-2;Q8NEY1-3;Q8NEY1-4;Q8NEY1-6;Q8NEY1-7	Q8NEY1;Q8NEY1-2;Q8NEY1-3;Q8NEY1-4;Q8NEY1-6;Q8NEY1-7				1.83695e+07
Q8NFF2;Q8NFF2-3	Q8NFF2;Q8NFF2-3				1.65038e+06
Q8NFL0	Q8NFL0				252418
Q8NFP4;Q8NFP4-2	Q8NFP4;Q8NFP4-2				1.28671e+06
Q8NFT8	Q8NFT8				808406
Q8NFY4;Q8NFY4-6	Q8NFY4;Q8NFY4-2;Q8NFY4-3;Q8NFY4-4;Q8NFY4-5;Q8NFY4-6;Q8NFY4-8				3.9147e+06
Q8NFZ4	Q8NFZ4				5.59892e+06
Q8NFZ8	Q8NFZ8				6.02008e+07
Q8NHJ6;Q8NHJ6-2;Q8NHJ6-3	Q8NHJ6;Q8NHJ6-2;Q8NHJ6-3				2.29716e+06
Q8NHP8	Q8NHP8;Q8NHP8-2				4.9119e+06
Q8NHQ9	Q8NHQ9				2.11192e+08
Q8NHS9;Q8NHS9-2	Q8NHS9;Q8NHS9-2				3.67893e+06
Q8TAB3;Q8TAB3-2;Q8TAB3-3	Q8TAB3;Q8TAB3-2;Q8TAB3-3				870721
Q8TAG5;Q8TAG5-2	Q8TAG5;Q8TAG5-2				2.59962e+07
Q8TBP5	Q8TBP5				1.01323e+07
Q8TCZ2	Q8TCZ2;Q8TCZ2-2;Q8TCZ2-3;Q8TCZ2-5;Q8TCZ2-6				4.9879e+07
Q8TDF5;Q8TDF5-1;Q8TDF5-2	Q8TDF5;Q8TDF5-1;Q8TDF5-2				897261
Q8TDQ0;Q8TDQ0-2	Q8TDQ0;Q8TDQ0-2				3.44572e+06
Q8TEA8	Q8TEA8				1.25164e+06
Q8TER0;Q8TER0-5	Q8TER0;Q8TER0-3;Q8TER0-4;Q8TER0-5				6.36467e+06
Q8TEU8	Q8TEU8				1.63012e+07
Q8WUA8	Q8WUA8				488973
Q8WUJ3	Q8WUJ3;Q8WUJ3-2				3.70226e+06
Q8WVN6	Q8WVN6				2.79279e+06
Q8WVQ1;Q8WVQ1-3	Q8WVQ1;Q8WVQ1-2;Q8WVQ1-3				7.58916e+06
Q8WWA0	Q8WWA0				196505
Q8WWX9	Q8WWX9				5.52308e+06
Q8WX77	Q8WX77				1.30237e+06
Q8WXD2	Q8WXD2;Q8WXD2-2				1.81467e+08
Q8WXD2-2	Q8WXD2-2				5.10163e+06
Q8WY21;Q8WY21-2;Q8WY21-3;Q8WY21-4	Q8WY21;Q8WY21-2;Q8WY21-3;Q8WY21-4				4.53892e+06
Q8WYK1	Q8WYK1				1.20909e+06
Q8WZ75;Q8WZ75-2;Q8WZ75-3	Q8WZ75;Q8WZ75-2;Q8WZ75-3				2.1282e+06
Q8WZA1	Q8WZA1;Q8WZA1-2				2.33843e+07
Q92484;Q92484-2	Q92484;Q92484-2				6.97283e+06
Q92485	Q92485;Q92485-2				3.1124e+06
Q92520	Q92520				2.1243e+08
Q92542;Q92542-2	Q92542;Q92542-2				1.2896e+06
Q92563	Q92563				2.42261e+07
Q92626	Q92626;Q92626-2				189334
Q92673	Q92673				1.07081e+07
Q92686	Q92686				100377
Q92692;Q92692-2	Q92692;Q92692-2				3.46984e+06
Q92729;Q92729-2;Q92729-3;Q92729-4	Q92729;Q92729-2;Q92729-3;Q92729-4				636954
Q92743	Q92743				2.96861e+06
Q92752	Q92752;Q92752-2				5.16179e+06
Q92765	Q92765				5.79013e+06
Q92820	Q92820				1.24933e+07
Q92823;Q92823-2;Q92823-5	Q92823;Q92823-2;Q92823-3;Q92823-4;Q92823-5;Q92823-6				9.94105e+07
Q92832;Q92832-2	Q92832;Q92832-2				901188
Q92854	Q92854;Q92854-2				1.16944e+06
Q92859;Q92859-2;Q92859-3	Q92859;Q92859-2;Q92859-3;Q92859-4				1.40695e+07
Q92876	Q92876;Q92876-2				1.86998e+08
Q92896;Q92896-2;Q92896-3	Q92896;Q92896-2;Q92896-3				1.45639e+06
Q92911	Q92911				735426
Q92932-2	Q92932;Q92932-2;Q92932-3;Q92932-4				1.39224e+07
Q92945;Q96AE4;Q96AE4-2	Q92945;Q96AE4;Q96AE4-2				5.0973e+06
Q92954;Q92954-2;Q92954-5;Q92954-6	Q92954;Q92954-2;Q92954-3;Q92954-4;Q92954-5;Q92954-6				4.70182e+06
Q93063;Q93063-3	Q93063;Q93063-2;Q93063-3				1.52552e+06
Q93091	Q93091				2.73858e+06
Q969H8	Q969H8				3.02609e+06
Q969P0;Q969P0-3	Q969P0;Q969P0-3				8.14352e+07
Q969T9	Q969T9;Q969T9-2				8.37998e+06
Q969Z4	Q969Z4				1.50629e+06
Q96AP7	Q96AP7				9.1055e+06
Q96AQ1;Q96AQ1-2;Q96LY2;Q96LY2-2	Q96LY2;Q96LY2-2;Q96AQ1;Q96AQ1-2				1.33261e+06
Q96AQ6;Q96AQ6-2	Q96AQ6;Q96AQ6-2;Q96AQ6-3				1.12492e+06
Q96B86;Q96B86-3;Q96B86-4	Q96B86;Q96B86-3;Q96B86-4				9.64582e+06
Q96BY9	Q96BY9				974266
Q96BZ4	Q96BZ4				7.20186e+06
Q96CG8;Q96CG8-3	Q96CG8;Q96CG8-2;Q96CG8-3				1.39661e+06
Q96CX2	Q96CX2;Q68DU8				805165
Q96DT5	Q96DT5				6.78552e+06
Q96EE4	Q96EE4				1.0849e+06
Q96EU7	Q96EU7				160180
Q96FE5;Q96FE5-2	Q96FE5;Q7L985;Q96FE5-2				2.41665e+06
Q96FE7-4	Q96FE7;Q96FE7-2;Q96FE7-4;Q96FE7-5				4.68751e+07
Q96FJ2	P63167;Q96FJ2				3.73306e+06
Q96FW1;Q96FW1-2	Q96FW1;Q96FW1-2				519265
Q96GD0	Q96GD0				540450
Q96GW7	Q96GW7				1.73206e+08
Q96HC4;Q96HC4-4;Q96HC4-6;Q96HC4-7	Q96HC4;Q96HC4-4;Q96HC4-6;Q96HC4-7				97026.1
Q96HD1;Q96HD1-2	Q96HD1;Q96HD1-2				2.03198e+06
Q96HF1	Q96HF1				851938
Q96HU1;Q96HU1-2	Q96HU1;Q96HU1-2				1.89434e+06
Q96ID5	Q96ID5				1.38737e+07
Q96IU4	Q96IU4				1.54165e+06
Q96IY4	Q96IY4				1.04754e+07
Q96J42;Q96J42-2	Q96J42;Q96J42-2				1.02684e+06
Q96JA1;Q96JA1-2	Q96JA1;Q96JA1-2				219097
Q96JF0	Q96JF0;Q96JF0-2				1.11303e+07
Q96JP9	Q96JP9				217908
Q96JQ0	Q96JQ0				814536
Q96KG7;Q96KG7-2	Q96KG7;Q96KG7-2				144502
Q96KN2	Q96KN2				3.50937e+08
Q96KR4;Q96KR4-3	Q96KR4;Q96KR4-3				522154
Q96MK3	Q96MK3				277334
Q96MU8;Q96MU8-2;Q96MU8-3	Q96MU8;Q96MU8-2;Q96MU8-3				1.66928e+06
Q96NU0;Q96NU0-2;Q9BZ76;Q9BZ76-2	Q96NU0;Q9BZ76;Q9BZ76-2;Q96NU0-2				232635
Q96NZ9	Q96NZ9;Q96NZ9-3;Q96NZ9-4				4.5849e+06
Q96P44;Q96P44-3	Q96P44;Q96P44-3				910053
Q96PD2;Q96PD2-2	Q96PD2;Q96PD2-2				906696
Q96PD5	Q96PD5;Q96PD5-2				2.59144e+07
Q96PQ0	Q96PQ0				1.4561e+07
Q96PX8	Q96PX8				1.68589e+07
Q96RP7	Q96RP7				106061
Q96RW7;Q96RW7-2	Q96RW7;Q96RW7-2				497962
Q96S96	Q96S96				5.21452e+07
Q96SM3	Q96SM3				1.04868e+06
Q96TA2;Q96TA2-2;Q96TA2-3	Q96TA2;Q96TA2-2;Q96TA2-3				3.39078e+06
Q96TC7;Q96TC7-2	Q96TC7;Q96TC7-2				589900
Q99435;Q99435-2;Q99435-3;Q99435-4	Q99435;Q99435-2;Q99435-3;Q99435-4				1.52344e+08
Q99497	Q99497				1.60262e+07
Q99519	Q99519				1.91986e+06
Q99523	Q99523;Q99523-2				5.65554e+06
Q99536;Q99536-2;Q99536-3	Q99536;Q99536-2;Q99536-3				379761
Q99538	Q99538;Q99538-2;Q99538-3				1.27219e+06
Q99574	Q99574				1.53188e+07
Q99584	Q99584				495380
Q99650;Q99650-2	Q99650;Q99650-2				631896
Q99674	Q99674;Q99674-2				1.43842e+07
Q99715;Q99715-4	Q99715;Q99715-4				1.31722e+06
Q99731	Q99731				76810.7
Q99784	Q99784;Q99784-3;Q99784-5				4.38453e+06
Q99805	Q99805				187553
Q99941;Q99941-2	Q99941;Q99941-2				1.10993e+06
Q99946	Q99946				9.16315e+06
Q99969	Q99969				1.46324e+07
Q99972	Q99972				3.3145e+06
Q99983	Q99983				2.49109e+07
Q99985	Q99985				986381
Q9BQ16	Q9BQ16;Q9BQ16-1;Q9BQ16-4;Q9BQ16-5;Q9BQ16-6;Q9BQ16-7;Q9BQ16-8				1.39638e+07
Q9BQI4;Q9BQI4-2	Q9BQI4;Q9BQI4-2				219168
Q9BQS7;Q9BQS7-2;Q9BQS7-3	Q9BQS7;Q9BQS7-2;Q9BQS7-3;Q9BQS7-4				202865
Q9BQT9;Q9BQT9-2	Q9BQT9;Q9BQT9-2				7.16404e+07
Q9BRA2	Q9BRA2				2.15442e+06
Q9BRF8;Q9BRF8-2;Q9BRF8-3	Q9BRF8;Q9BRF8-2;Q9BRF8-3				664013
Q9BRK3;Q9BRK3-2;Q9BRK3-3	Q9BRK3;Q9BRK3-2;Q9BRK3-3				3.55218e+06
Q9BRK5	Q9BRK5;Q9BRK5-2;Q9BRK5-5				3.61608e+08
Q9BRR6;Q9BRR6-2	Q9BRR6;Q9BRR6-2				221587
Q9BS26	Q9BS26				904233
Q9BSG5;Q9BSG5-2;Q9BSG5-3	Q9BSG5;Q9BSG5-2;Q9BSG5-3				1.80435e+06
Q9BTY2	Q9BTY2				1.03486e+07
Q9BU40-3;Q9BU40-4;Q9BU40-5	Q9BU40;Q9BU40-3;Q9BU40-4;Q9BU40-5				3.73494e+06
Q9BUD6	Q9BUD6				1.94167e+06
Q9BUJ0	Q9BUJ0				2.57088e+06
Q9BUN1	Q9BUN1				2.72036e+06
Q9BV94;Q9BV94-2	Q9BV94;Q9BV94-2				773158
Q9BVH7	Q9BVH7				215531
Q9BVK6	Q9BVK6				561372
Q9BW30	Q9BW30				268104
Q9BWD1;Q9BWD1-2	Q9BWD1;Q9BWD1-2				73668.5
Q9BWQ8	Q9BWQ8				6.02652e+06
Q9BWS9;Q9BWS9-3	Q9BWS9;Q9BWS9-3				1.01955e+06
Q9BX67;Q9BX67-2	Q9BX67;Q9BX67-2				4.58911e+06
Q9BXJ0	Q9BXJ0				6.58627e+06
Q9BXJ1;Q9BXJ1-2	Q9BXJ1;Q9BXJ1-2				1.9987e+06
Q9BXJ3	Q9BXJ3				3.15443e+06
Q9BXJ4-3	Q9BXJ4;Q9BXJ4-2;Q9BXJ4-3				1.00688e+07
Q9BXP8	Q9BXP8				498820
Q9BXR6	Q9BXR6				895658
Q9BXX0	Q9BXX0				704014
Q9BY67-5	Q9BY67;Q9BY67-2;Q9BY67-3;Q9BY67-4;Q9BY67-5				7.32744e+07
Q9BY76;Q9BY76-2	Q9BY76;Q9BY76-2;Q9BY76-3				478281
Q9BYC5	Q9BYC5;Q9BYC5-3				413854
Q9BYH1;Q9BYH1-5;Q9BYH1-6;Q9BYH1-7	Q9BYH1;Q9BYH1-2;Q9BYH1-3;Q9BYH1-4;Q9BYH1-5;Q9BYH1-6;Q9BYH1-7				2.31928e+07
Q9BYJ0	Q9BYJ0				2.73623e+06
Q9BZC7;Q9BZC7-2;Q9BZC7-3;Q9BZC7-4	Q9BZC7;Q9BZC7-2;Q9BZC7-3;Q9BZC7-4				1.2075e+07
Q9BZR6	Q9BZR6				6.20298e+06
Q9C0A0	Q9C0A0;Q96NU0;Q9BZ76;Q9BZ76-2;Q96NU0-2;Q9C0A0-2				1.32461e+07
Q9GZM5	Q9GZM5				4.74892e+06
Q9GZM7;Q9GZM7-2;Q9GZM7-3	Q9GZM7;Q9GZM7-3;Q9GZM7-2				139831
Q9GZP0;Q9GZP0-2	Q9GZP0;Q9GZP0-2				505537
Q9GZP4;Q9GZP4-2	Q9GZP4;Q9GZP4-2				3.45363e+06
Q9GZT8;Q9GZT8-2	Q9GZT8;Q9GZT8-2;Q9GZT8-3				3.92617e+06
Q9GZV7	Q9GZV7				1.22779e+06
Q9GZX3	Q9GZS9;Q9GZX3;Q9GZS9-2				1.78475e+06
Q9GZX9	Q9GZX9				5.35374e+06
Q9H008	Q9H008;Q9H008-2				652668
Q9H0E2;Q9H0E2-2	Q9H0E2;Q9H0E2-2				1.42103e+06
Q9H0Q3;Q9H0Q3-2	Q9H0Q3;Q9H0Q3-2				3.29206e+06
Q9H0R4;Q9H0R4-2	Q9H0R4;Q9H0R4-2				746119
Q9H0W9;Q9H0W9-2;Q9H0W9-3;Q9H0W9-4	Q9H0W9;Q9H0W9-3;Q9H0W9-2;Q9H0W9-4				2.14785e+06
Q9H0X4;Q9H0X4-2	Q9H0X4;Q9H0X4-2				315812
Q9H156;Q9H156-2	Q9H156;Q9H156-2				2.15338e+06
Q9H173	Q9H173				1.6066e+06
Q9H1B5	Q9H1B5				869640
Q9H1C7	Q9H1C7				211258
Q9H1U4	Q9H1U4				1.5772e+06
Q9H1Z8	Q9H1Z8				5.10523e+07
Q9H251;Q9H251-2;Q9H251-3;Q9H251-4;Q9H251-8	Q9H251;Q9H251-2;Q9H251-3;Q9H251-4;Q9H251-8				405244
Q9H299	Q9H299				4.87934e+06
Q9H2A7	Q9H2A7				1.32135e+07
Q9H2E6;Q9H2E6-2	Q9H2E6;Q9H2E6-2				6.04679e+06
Q9H2X0;Q9H2X0-5	Q9H2X0;Q9H2X0-5				2.87346e+06
Q9H2X8	Q9H2X8				326691
Q9H3G5	Q9H3G5				9.1193e+06
Q9H3S1;Q9H3S1-2	Q9H3S1;Q9H3S1-2				636170
Q9H3S3	Q9H3S3				1.56608e+06
Q9H3T2;Q9H3T2-3	Q9H3T2;Q9H3T2-2;Q9H3T2-3				901816
Q9H3T3;Q9H3T3-3	Q9H3T3;Q9H3T3-3				1.16848e+06
Q9H3U7;Q9H3U7-2	Q9H3U7;Q9H3U7-2				286554
Q9H492;Q9H492-2	Q9GZQ8;Q9H492;A6NCE7;Q9H492-2				1.19747e+06
Q9H4A4	Q9H4A4				66122.7
Q9H4A9;Q9H4A9-2	Q9H4A9;Q9H4A9-2;Q9H4A9-3				226168
Q9H4D0	Q9H4D0				5.29868e+06
Q9H4F8;Q9H4F8-2	Q9H4F8;Q9H4F8-2				2.77566e+06
Q9H6B4	Q9H6B4				1.91089e+06
Q9H6X2;Q9H6X2-2;Q9H6X2-3;Q9H6X2-4;Q9H6X2-5;Q9H6X2-6	Q9H6X2;Q9H6X2-2;Q9H6X2-3;Q9H6X2-4;Q9H6X2-5;Q9H6X2-6				2.49619e+06
Q9H741	Q9H741				1.34084e+06
Q9H7Y0	Q9H7Y0;Q9H7Y0-2				1.3785e+06
Q9H853	Q9H853				163731
Q9H8J5	Q9H8J5				7.04307e+06
Q9H8L6	Q9H8L6				8.8135e+06
Q9H9S4	Q9H9S4				131678
Q9H9S5	Q9H9S5				910148
Q9HAR2;Q9HAR2-2;Q9HAR2-3;Q9HAR2-4	Q9HAR2;Q9HAR2-2;Q9HAR2-3;Q9HAR2-4				2.80066e+06
Q9HAT2	Q9HAT2;Q9HAT2-2				1.6244e+07
Q9HB40;Q9HB40-2	Q9HB40;Q9HB40-2				944072
Q9HBL6	Q9HBL6				274167
Q9HBR0	Q9HBR0				2.52849e+06
Q9HBT6	Q9HBT6				1.61445e+06
Q9HBW1	Q9HBW1				875255
Q9HC38-2	Q9HC38;Q9HC38-2;Q9HC38-3				969982
Q9HC56;Q9HC56-2	Q9HC56;Q9HC56-2				3.22043e+06
Q9HC57	Q9HC57				1.02088e+06
Q9HCB6	Q9HCB6				5.36733e+06
Q9HCK4;Q9HCK4-2;Q9HCK4-3	Q9HCK4;Q9HCK4-2;Q9HCK4-3				752078
Q9HCL0;Q9HCL0-2	Q9HCL0;Q9HCL0-2				94054.2
Q9HCM2;Q9HCM2-2;Q9HCM2-3	Q9HCM2;Q9HCM2-2;Q9HCM2-3				287709
Q9HCU0	Q9HCU0				5.66466e+06
Q9HCU4	Q9HCU4				1.55653e+07
Q9HD45	Q9HD45				224319
Q9HDB5;Q9HDB5-2;Q9HDB5-4	Q9HDB5;Q9Y4C0;Q9HDB5-2;Q9HDB5-4;Q9Y4C0-3				9.25256e+06
Q9HDC9	Q9HDC9;Q9HDC9-2				1.32051e+06
Q9NP58;Q9NP58-4	Q9NP58;Q9NP58-4				4.06908e+06
Q9NP80;Q9NP80-2;Q9NP80-3	Q9NP80;Q9NP80-2;Q9NP80-3				1.03744e+07
Q9NP84	Q9NP84				3.7651e+06
Q9NPC4	Q9NPC4				678347
Q9NPD7	Q9NPD7				7.69319e+06
Q9NPG4	Q9NPG4				1.18951e+06
Q9NPH3;Q9NPH3-2;Q9NPH3-5	Q9NPH3;Q9NPH3-2;Q9NPH3-3;Q9NPH3-5				1.63779e+06
Q9NPR2;Q9NPR2-2	Q9NPR2;Q9NPR2-2				9.67606e+06
Q9NPY3	Q9NPY3				1.716e+06
Q9NQ36;Q9NQ36-2;Q9NQ36-3	Q9NQ36;Q9NQ36-2;Q9NQ36-3				1.16916e+06
Q9NQ79;Q9NQ79-2	Q9NQ79;Q9NQ79-2;Q9NQ79-3				8.18323e+07
Q9NQS3;Q9NQS3-2;Q9NQS3-3	Q9NQS3;Q9NQS3-2;Q9NQS3-3				272128
Q9NQX5	Q9NQX5				925357
Q9NQX7;Q9NQX7-3	Q9NQX7;Q9NQX7-3				721844
Q9NR34	Q9NR34				5.34987e+06
Q9NRB3	Q9NRB3				2.42798e+06
Q9NRN5	Q9NRN5;Q9NRN5-2				1.03077e+07
Q9NRR1	Q9NRR1				1.22574e+07
Q9NRV9	Q9NRV9				377199
Q9NS00;Q9NS00-2	Q9NS00;Q9NS00-2				688848
Q9NS15;Q9NS15-2	Q9NS15;Q9NS15-2				487520
Q9NS84	Q9NS84				350791
Q9NS85	Q9NS85;Q9NS85-2				2.5513e+06
Q9NS98	Q9NS98				8.5273e+06
Q9NSC7	Q9NSC7				1.22588e+06
Q9NT22;Q9NT22-2	Q9NT22;Q9NT22-2				1.31951e+06
Q9NT99	Q9NT99				1.31735e+07
Q9NTU7	Q9NTU7				4.88995e+06
Q9NU53	Q9NU53				655526
Q9NUQ9	Q9NUQ9				1.50666e+06
Q9NWD8	Q9NWD8				277309
Q9NX62	Q9NX62				1.63777e+07
Q9NXS2;Q9NXS2-3	Q9NXS2;Q9NXS2-3				594685
Q9NY15	Q9NY15				1.27456e+06
Q9NY33	Q9NY33;Q9NY33-2;Q9NY33-4				1.18799e+06
Q9NY47;Q9NY47-2	Q9NY47;Q9NY47-2;Q9NY47-3;Q9NY47-4;Q9NY47-5				2.79778e+06
Q9NY72	Q9NY72				1.84364e+06
Q9NY97;Q9NY97-2	Q9NY97;Q9NY97-2				6.58667e+06
Q9NYQ8	Q9NYQ8				1.27815e+07
Q9NYX4	Q9NYX4				8.48532e+06
Q9NZ08;Q9NZ08-2	Q9NZ08;Q9NZ08-2				1.95284e+06
Q9NZ53	Q9NZ53;Q9NZ53-2				3.35644e+06
Q9NZ72;Q9NZ72-2	Q9NZ72;Q9NZ72-2				1.08417e+06
Q9NZ94;Q9NZ94-2;Q9NZ94-3	Q9NZ94;Q9NZ94-2;Q9NZ94-3				734497
Q9NZC2;Q9NZC2-2;Q9NZC2-3	Q9NZC2;Q9NZC2-2;Q9NZC2-3				7.28255e+06
Q9NZK5	Q9NZK5				2.85058e+06
Q9NZN4;Q9NZN4-2	Q9NZN4;Q9NZN4-2				175406
Q9NZP8	Q9NZP8				1.61057e+07
Q9NZR2	Q9NZR2				763367
Q9NZU0	Q9NZU0				254230
Q9NZU1	Q9NZU1				1.62744e+06
Q9P035	Q9P035				117045
Q9P0K1;Q9P0K1-2;Q9P0K1-5	Q9P0K1;Q9P0K1-2;Q9P0K1-3;Q9P0K1-4;Q9P0K1-5				2.67585e+07
Q9P0K9	Q9P0K9				4.90113e+06
Q9P0L0;Q9P0L0-2	Q9P0L0;Q9P0L0-2				2.16685e+06
Q9P0S2	Q9P0S2				951238
Q9P121-4	Q9P121;Q9P121-3;Q9P121-2;Q9P121-4				8.29909e+07
Q9P232	Q9P232				2.43201e+06
Q9P2E7;Q9P2E7-2	Q9P2E7;Q9P2E7-2				2.28297e+06
Q9P2S2	P58401;Q9P2S2				1.58243e+07
Q9UBG0	Q9UBG0				2.95516e+06
Q9UBP4	Q9UBP4				3.30901e+08
Q9UBQ6	Q9UBQ6				9.86944e+06
Q9UBR2	Q9UBR2				9.91079e+06
Q9UBX1	Q9UBX1				6.58237e+06
Q9UBX5	Q9UBX5				1.94687e+07
Q9UBX7;Q9UBX7-1;Q9UBX7-3;Q9UBX7-4	Q9UBX7;Q9UBX7-1;Q9UBX7-3;Q9UBX7-4				1.44761e+06
Q9UBX8	Q9UBX8				60958.7
Q9UD71;Q9UD71-2	Q9UD71;Q9UD71-2				149653
Q9UEW3;Q9UEW3-2	Q9UEW3;Q9UEW3-2				182345
Q9UF11;Q9UF11-2;Q9UF11-3;Q9UF11-4	Q9UF11;Q9UF11-2;Q9UF11-3;Q9UF11-4				2.58596e+06
Q9UF33	Q9UF33				1.12593e+06
Q9UFP1	Q9UFP1				1.57492e+06
Q9UGM5;Q9UGM5-2	Q9UGM5;Q9UGM5-2				4.94136e+06
Q9UGV2;Q9UGV2-2;Q9UGV2-3	Q9UGV2;Q9UGV2-2;Q9UGV2-3				472188
Q9UHC6	Q9UHC6				8.40552e+06
Q9UHD9	Q9UHD9				136142
Q9UHF0;Q9UHF0-2;Q9UHF0-3	Q9UHF0;Q9UHF0-2;Q9UHF0-3				2.39058e+06
Q9UHG2	Q9UHG2				1.68687e+08
Q9UHG3	Q9UHG3;Q9UHG3-2				2.02936e+06
Q9UHI8	Q9UHI8				2.72744e+06
Q9UHL4	Q9UHL4				9.12368e+06
Q9UHY7	Q9UHY7;Q9UHY7-2				737522
Q9UI15	Q9UI15				783842
Q9UI40;Q9UI40-2	Q9UI40;Q9UI40-2				4.30525e+06
Q9UI42;Q9UI42-2	Q9UI42;Q9UI42-2				311200
Q9UIB8;Q9UIB8-2;Q9UIB8-3;Q9UIB8-4;Q9UIB8-5;Q9UIB8-6	Q9UIB8;Q9UIB8-2;Q9UIB8-3;Q9UIB8-4;Q9UIB8-5;Q9UIB8-6				1.48147e+06
Q9UIQ6;Q9UIQ6-2;Q9UIQ6-3	Q9UIQ6;Q9UIQ6-2;Q9UIQ6-3				476045
Q9UIW2	P51805;Q9UIW2				938104
Q9UJ14	Q9UJ14				928747
Q9UJ37	Q9UJ37				51738.3
Q9UJ99	Q9UJ99				6.83042e+06
Q9UJA9	Q9UJA9				3.97771e+06
Q9UJH8	Q9UJH8				2.24406e+06
Q9UJJ9	Q9UJJ9				9.29492e+06
Q9UJQ1;Q9UJQ1-2	Q9UJQ1;Q9UJQ1-2				1.333e+06
Q9UK28	Q9UK28				1.72141e+06
Q9UK55	Q9UK55				1.39352e+06
Q9UKB5	Q9UKB5				5.21939e+06
Q9UKJ1-3	Q9UKJ1;Q9UKJ1-2;Q9UKJ1-3;Q9UKJ1-4				2.98191e+06
Q9UKK9	Q9UKK9				155009
Q9UKM7	Q9UKM7				1.93584e+06
Q9UKQ2;Q9UKQ2-2	Q9UKQ2;Q9UKQ2-2				1.51342e+06
Q9UKU6	Q9UKU6				1.58126e+06
Q9UKU9	Q9UKU9;Q9UKU9-2				3.02204e+06
Q9UKZ4;Q9UKZ4-2	Q9UKZ4;Q9UKZ4-2				120382
Q9ULB1-2;Q9ULB1-3	P58400;Q9ULB1-2;Q9ULB1-3				1.62404e+07
Q9ULB4	Q9ULB4				3.46252e+06
Q9ULB5	Q9ULB5				1.65725e+06
Q9ULF5	Q9ULF5				1.08351e+07
Q9ULH4	Q9ULH4				716705
Q9ULI3;Q9ULI3-2	Q9ULI3;Q9ULI3-2				6.01685e+06
Q9ULI4	Q9ULI4				855849
Q9ULL4;Q9ULL4-2	Q9ULL4;Q9ULL4-2				2.24513e+06
Q9ULP0-3;Q9ULP0-6	Q9ULP0;Q9ULP0-2;Q9ULP0-3;Q9ULP0-4;Q9ULP0-5;Q9ULP0-6;Q9ULP0-7;Q9ULP0-8				2.52877e+06
Q9ULP0-5	Q9ULP0;Q9ULP0-2;Q9ULP0-4;Q9ULP0-5				230702
Q9ULX7	Q9ULX7				1.35032e+06
Q9ULZ3;Q9ULZ3-2;Q9ULZ3-3	Q9ULZ3;Q9ULZ3-2;Q9ULZ3-3				218294
Q9ULZ9;Q9ULZ9-2	Q9ULZ9;Q9ULZ9-2				658526
Q9UM21	Q9UM21;Q9UM21-2				192613
Q9UM22	Q9UM22;Q9UM22-3				5.01243e+06
Q9UM47	Q9UM47				1.73377e+06
Q9UMF0	Q9UMF0				5.01967e+06
Q9UMX5	Q9UMX5				1.95297e+07
Q9UN36-2;Q9UN36-6	Q9UN36;Q9UN36-2;Q9UN36-3;Q9UN36-5;Q9UN36-6				7.60514e+06
Q9UN67;Q9Y5E1	Q9UN67;Q9Y5E1				309055
Q9UN70;Q9UN70-2	Q9UN70;Q9UN70-2				3.28789e+06
Q9UN72;Q9UN72-2;Q9UN75;Q9UN75-2;Q9Y5H6;Q9Y5H6-2;Q9Y5H7;Q9Y5H7-2;Q9Y5H7-3;Q9Y5H8;Q9Y5H8-2;Q9Y5I0;Q9Y5I0-2;Q9Y5I1;Q9Y5I1-2	Q9UN72;Q9Y5H8;Q9UN75;Q9Y5H6;Q9Y5H7;Q9Y5I0;Q9Y5I1;Q9UN72-2;Q9UN75-2;Q9Y5H6-2;Q9Y5H7-2;Q9Y5H7-3;Q9Y5H8-2;Q9Y5I0-2;Q9Y5I1-2				549101
Q9UNN8	Q9UNN8				4.59714e+06
Q9UNW1	Q9UNW1;Q9UNW1-4				3.42381e+06
Q9UP79	Q9UP79				1.98847e+06
Q9UPU3	Q9UPU3				2.01726e+07
Q9UQ52	Q9UQ52				3.12973e+06
Q9UQM7;Q9UQM7-2	Q9UQM7;Q9UQM7-2				2.24511e+06
Q9Y240	Q9Y240				5.92019e+06
Q9Y274	Q9Y274;Q9Y274-2				3.28051e+06
Q9Y279;Q9Y279-2	Q9Y279;Q9Y279-2				6.36561e+06
Q9Y281;Q9Y281-3	Q9Y281;Q9Y281-3				409030
Q9Y287	Q9Y287;Q9Y287-2				7.51746e+06
Q9Y2E5	Q9Y2E5;Q9Y2E5-2				2.01631e+06
Q9Y2G5;Q9Y2G5-1;Q9Y2G5-2	Q9Y2G5;Q9Y2G5-1;Q9Y2G5-2				119875
Q9Y2I2;Q9Y2I2-1;Q9Y2I2-2;Q9Y2I2-4;Q9Y2I2-5;Q9Y2I2-6	Q9Y2I2;Q9Y2I2-1;Q9Y2I2-2;Q9Y2I2-4;Q9Y2I2-5;Q9Y2I2-6				4.83131e+06
Q9Y2J0;Q9Y2J0-2	Q9Y2J0;Q9Y2J0-2				203120
Q9Y2T3;Q9Y2T3-3	Q9Y2T3;Q9Y2T3-2;Q9Y2T3-3				5.76477e+06
Q9Y2Z0;Q9Y2Z0-2	Q9Y2Z0;Q9Y2Z0-2				217461
Q9Y328	Q9Y328				603430
Q9Y334;Q9Y334-2	Q9Y334;Q9Y334-2				1.06548e+06
Q9Y3D6	Q9Y3D6				267270
Q9Y490	Q9Y490				170875
Q9Y4C0-4	Q9HDB5-3;Q9HDB5-4;Q9Y4C0-4				1.62452e+07
Q9Y4D7	Q9Y4D7;Q9Y4D7-2				3.86674e+07
Q9Y4L1	Q9Y4L1;Q9Y4L1-2				6.54277e+06
Q9Y5F6-2	Q9Y5F6;Q9Y5F6-2				1.16052e+07
Q9Y5F7;Q9Y5F7-2	Q9Y5F7;Q9Y5F7-2				413051
Q9Y5F8;Q9Y5F8-2	Q9Y5F8;Q9Y5F8-2				655232
Q9Y5G4;Q9Y5G4-2	Q9Y5G4;Q9Y5H3;Q9Y5G4-2;Q9Y5H3-2				1.9679e+06
Q9Y5I4;Q9Y5I4-2	Q9Y5I4;Q9Y5I4-2				4.37796e+06
Q9Y5L2	Q9Y5L2				1.78173e+06
Q9Y5Y7	Q9Y5Y7				1.83388e+07
Q9Y617	Q9Y617;Q9Y617-2				2.28865e+06
Q9Y624	Q9Y624				218389
Q9Y625	Q9Y625				511899
Q9Y639;Q9Y639-1;Q9Y639-3;Q9Y639-4;Q9Y639-5	Q9Y639;Q9Y639-1;Q9Y639-3;Q9Y639-4;Q9Y639-5				1.3812e+06
Q9Y644	Q9Y644				623371
Q9Y646	Q9Y646				2.67822e+07
Q9Y653;Q9Y653-2;Q9Y653-3	Q9Y653;Q9Y653-2;Q9Y653-3;Q9Y653-4;Q9Y653-5				1.68562e+06
Q9Y696	Q9Y696				3.03137e+06
Q9Y6C2	Q9Y6C2;Q9Y6C2-2				1.36876e+06
Q9Y6N6	Q9Y6N6				5.09281e+06
Q9Y6N7;Q9Y6N7-2;Q9Y6N7-4	Q9Y6N7;Q9Y6N7-2;Q9Y6N7-3;Q9Y6N7-4;Q9Y6N7-5;Q9Y6N7-6				8.30808e+06
Q9Y6N8	Q9Y6N8				3.07523e+06
Q9Y6R7	Q9Y6R7				4.16174e+07
Q9Y6X5	Q9Y6X5				1.06389e+06
Q9Y6Y8;Q9Y6Y8-2	Q9Y6Y8;Q9Y6Y8-2				1.61727e+07
