Protein.Group	Protein.Ids	Protein.Names	Genes	First.Protein.Description	/fs/pool/pool-mann-projects/Johannes/Jakob_AD_CSF_data/All_without_random_20/All_Raw/20190210_QX1_PhGe_SA_EASY12-10_Majken_F9_CSF_420.mzML
A0A075B6H7;A0A0C4DH55;P01624	P01624;A0A075B6H7;A0A0C4DH55				4.98265e+08
A0A075B6H9	A0A075B6H9				3.63071e+07
A0A075B6I0	A0A075B6I0				1.34705e+07
A0A075B6I1	A0A075B6I1				3.92292e+06
A0A075B6I9	A0A075B6I9				2.09173e+07
A0A075B6J1;A0A0A0MRZ9	A0A075B6J1;A0A0A0MRZ9				4.65582e+06
A0A075B6J9	A0A075B6J9				3.36825e+07
A0A075B6K2	A0A075B6K2				846701
A0A075B6K4	A0A075B6K0;A0A075B6K4				5.33676e+06
A0A075B6K5	A0A075B6K5				1.4001e+07
A0A075B6P5;P01615	P01615;A0A075B6P5				1.96972e+08
A0A075B6Q5	A0A075B6Q5				3.66862e+06
A0A075B6R2	A0A075B6R2				2.42368e+07
A0A075B6R9;A0A0C4DH68	A0A075B6R9;A0A0C4DH68				2.51133e+07
A0A075B6S2	A0A075B6S2				3.09062e+06
A0A075B6S5	A0A075B6S5;A0A0C4DH67;A0A0C4DH69				4.30701e+07
A0A075B6S6	A0A075B6S6				600687
A0A087WSX0	A0A087WSX0;A0A0G2JS06				4.30214e+06
A0A087WSY6	A0A087WSY6				1.53828e+08
A0A087WW87;P01614	P01614;A0A087WW87				548042
A0A0A0MRZ8;P04433	P04433;A0A0A0MRZ8				1.50548e+08
A0A0A0MS15	A0A0A0MS15				4.37487e+06
A0A0A0MT36;A0A0C4DH26	A0A0A0MT36;A0A0C4DH26				1.07685e+07
A0A0A0MT89	A0A0A0MT89				9.65336e+06
A0A0B4J1U7	A0A0B4J1U7				9.73646e+06
A0A0B4J1V0	A0A0B4J1V0				6.61605e+06
A0A0B4J1V2	A0A0B4J1V2				8.80032e+06
A0A0B4J1V6	A0A0B4J1V6				1.52787e+06
A0A0B4J1X5	P01764;P01768;P01772;P01767;A0A0B4J1X5;A0A0C4DH42;P0DP02;P0DP03				1.09687e+08
A0A0B4J1Y8	A0A0B4J1Y8				7.00797e+06
A0A0B4J1Y9	A0A0B4J1Y9				1.8655e+08
A0A0B4J2D9;P0DP09	A0A0B4J2D9;P0DP09				6.3854e+06
A0A0B4J2H0	A0A0B4J2H0				280992
A0A0C4DH24	A0A0C4DH24				4.74798e+06
A0A0C4DH25	A0A0C4DH25				3.62066e+07
A0A0C4DH29	A0A0C4DH29				281424
A0A0C4DH31	A0A0C4DH31				1.41773e+06
A0A0C4DH33	A0A0C4DH33				817620
A0A0C4DH34	A0A0C4DH34				1.37131e+07
A0A0C4DH35	A0A0C4DH35				1.02341e+06
A0A0C4DH36	A0A0C4DH36				1.40774e+07
A0A0C4DH38	A0A0C4DH38;A0A0J9YXX1				3.09331e+08
A0A0C4DH43	A0A0C4DH43				1.98245e+07
A0A0C4DH67	A0A0C4DH67				1.60878e+06
A0A0G2JS06	A0A0G2JS06				2.43699e+06
A0A0J9YX35	A0A0J9YX35				1.73489e+07
A0A0J9YXX1	A0A0J9YXX1				8.3358e+07
A0M8Q6	P0CG04;P0DOY2;A0M8Q6;P0CF74;B9A064;P0DOX8				6.02147e+08
A1L4H1	A1L4H1				1.97009e+06
A2NJV5	A0A075B6S2;A2NJV5				2.71277e+08
A5D6W6	A5D6W6				542430
A6BM72;A6BM72-2;A6BM72-4	A6BM72;A6BM72-2;A6BM72-4				829278
A6NCE7;Q9GZQ8	Q9GZQ8;A6NCE7				121281
A6NGN9	A6NGN9				7.30613e+06
A6NHG4;P30046;P30046-2	P30046;A6NHG4;P30046-2				1.62944e+06
A6NL88	A6NL88				2.54952e+06
A6NLU5	A6NLU5				8.2051e+06
A6NML5	A6NML5				1.76481e+06
A6NMY6;P07355;P07355-2	A6NMY6;P07355;P07355-2				1.07194e+06
A8MTJ3;P04899;P04899-4;P08754;P11488;P19087;P63096	A8MTJ3;P04899;P08754;P09471;P11488;P19087;P38405;P63092;P63096;Q5JWF2;P63092-2;P04899-4;P63092-3;P63092-4;Q5JWF2-2;P09471-2;P38405-2				532019
A8MTW9	A8MTW9				2.47177e+06
B1AJZ9;B1AJZ9-4	B1AJZ9;B1AJZ9-4				441751
B4DS77;B4DS77-2	B4DS77;B4DS77-2				221916
C9JVW0	C9JVW0				4.57694e+06
I3L3R5	I3L3R5				651502
O00115;O00115-2	O00115;O00115-2				3.72953e+06
O00142;O00142-2;O00142-3;O00142-4;O00142-5;O00142-6	O00142;O00142-2;O00142-3;O00142-4;O00142-5;O00142-6				1.48683e+07
O00187;O00187-2	O00187;O00187-2				457405
O00264	O00264;O00264-2				1.51714e+06
O00299	O00299				374063
O00339;O00339-2;O00339-3	O00339;O00339-2;O00339-3				1.26031e+06
O00391	O00391;O00391-2				1.24083e+07
O00451	O00451;O00451-2;O00451-3				1.09137e+07
O00461	O00461				3.76821e+06
O00462	O00462				2.65172e+06
O00468-6	O00468-6;O00468-7				7.45219e+06
O00533	O00533;O00533-2				9.06925e+07
O00560;O00560-2;O00560-3	O00560;O00560-2;O00560-3				1.60842e+06
O00567	O00567				173739
O00584	O00584				2.03311e+07
O00754;O00754-2	O00754;O00754-2				2.00778e+06
O14498	O14498				6.5001e+06
O14514	O14514				1.12676e+06
O14522	O14522;O14522-1				272703
O14525;O14525-2	O14525;O14525-2;O14525-3				816730
O14594	O14594				1.14794e+08
O14668	O14668				1.69822e+06
O14672	O14672				3.05231e+06
O14733;O14733-2;O14733-3;O14733-4	O14733;O14733-2;O14733-3;O14733-4				1.68023e+07
O14737;O14737-2	O14737;O14737-2				36649.9
O14745	O14745;O14745-2				249948
O14773	O14773				6.75931e+06
O14786	O14786;O14786-2;O14786-3				5.47083e+06
O14791-2	O14791;O14791-2;O14791-3				8.92064e+06
O14793	O14793				1.41777e+06
O14917;O14917-2	O14917;O14917-2				4.62059e+06
O14960	O14960				532430
O15031	O15031				6.51967e+06
O15041;O15041-2	O15041;O15041-2				384573
O15197;O15197-3	O15197;O15197-3				3.72092e+06
O15204;O15204-2	O15204;O15204-2				582707
O15230	O15230				1.35818e+06
O15232;O15232-2	O15232;O15232-2				1.09827e+06
O15240	O15240				1.44091e+08
O15335	O15335				1.53535e+06
O15354	O15354				1.94625e+07
O15394	O15394;O15394-2				1.87118e+07
O15466;O15466-2	O15466;O15466-2				255292
O15498;O15498-2	O15498;O15498-2				107585
O15540;O15540-2	O15540;O15540-2				1.44767e+06
O43155	O43155				244928
O43157	O43157;O43157-2;O43157-3				1.85197e+06
O43173	O43173				1.30212e+06
O43240	O43240				408977
O43278;O43278-2	O43278;O43278-2				817753
O43286	O43286				8340.51
O43291	O43291				7.61385e+06
O43300	O43300				1.45612e+06
O43323	O43323				495666
O43396	O43396				38489.7
O43405;O43405-2	O43405;O43405-2				2.59641e+07
O43493;O43493-3;O43493-5;O43493-7	O43493;O43493-3;O43493-5;O43493-7				1.82679e+07
O43505	O43505				3.41192e+08
O43508	O43508				442893
O43508-2;O75888;O75888-2;O75888-3;O75888-4;O75888-5	O75888;O75888-3;O43508-2;O75888-2;O75888-4;O75888-5				709300
O43529	O43529				3.21483e+06
O43556;O43556-3;O43556-4	O43556;O43556-3;O43556-4				6.43187e+06
O43567	O43567				4.81888e+06
O43581-2;O43581-3;O43581-5	O43581-2;O43581-3;O43581-5				470759
O43707;O43707-2;O43707-3	O43707;O43707-2;O43707-3				174455
O43827	O43827				1.85009e+06
O43852;O43852-2;O43852-3;O43852-4;O43852-5;O43852-9	O43852;O43852-10;O43852-11;O43852-12;O43852-13;O43852-14;O43852-2;O43852-3;O43852-4;O43852-5;O43852-6;O43852-7;O43852-8;O43852-9				1.04928e+06
O43854;O43854-2	O43854;O43854-2				1.3419e+06
O43866	O43866				3.97459e+06
O43897;O43897-2	O43897;O43897-2				1.39462e+06
O43909	O43909				118524
O43916	O43916				349308
O60241;O60241-2;O60241-3;O60241-4	O60241;O60241-2;O60241-3;O60241-4				3.91827e+06
O60242	O60242				1.13006e+06
O60243	O60243				1.13784e+06
O60245;O60245-2	O60245;O60245-2				1.93174e+06
O60279	O60279				8.84485e+06
O60291;O60291-2;O60291-3;O60291-4	O60291;O60291-2;O60291-3;O60291-4				2.52018e+06
O60462;O60462-2;O60462-3;O60462-4;O60462-5	O60462;O60462-2;O60462-3;O60462-4;O60462-5;O60462-6				2.98731e+06
O60476	O60476				1.49145e+06
O60477;O60477-3	O60477;O60477-3				145301
O60512	O60512				1.31688e+06
O60565	O60565				358625
O60568	O60568				6.21216e+06
O60613	O60613				965319
O60741	O60741				289943
O60814;P57053;P58876;P62807;Q5QNW6;Q5QNW6-2;Q93079;Q99877;Q99879;Q99880	O60814;P06899;P23527;P33778;P57053;P58876;P62807;Q16778;Q5QNW6;Q8N257;Q93079;Q96A08;Q99877;Q99879;Q99880;Q5QNW6-2				7.04804e+06
O60883	O60883				1.00951e+08
O60888-3	O60888;O60888-2;O60888-3				2.48279e+06
O60909;O60909-2;O60909-3	O60909;O60909-2;O60909-3				100875
O60939	O60939				2.72158e+06
O75051;O75051-2	O75051;O75051-2				649515
O75063	O75063				818556
O75071	O75071				2.51965e+06
O75077;O75077-2;O75077-3	O75077;O75077-2;O75077-3				5.10092e+06
O75078	O75078;O75078-2				2.13774e+06
O75083;O75083-3	O75083;O75083-3				868393
O75084;Q14332	O75084;Q14332				197131
O75144;O75144-2	O75144;O75144-2;O75144-3				7.32253e+06
O75173;O75173-2	O75173;O75173-2				7.53883e+06
O75223	O75223				195054
O75326	O75326;O75326-2				2.02301e+07
O75339	O75339				473031
O75347;O75347-2	O75347;O75347-2				1.15676e+06
O75354;O75354-2;O75354-3	O75354;O75354-2;O75354-3				283242
O75363-2	O75363;O75363-2				198126
O75368	O75368				1.44558e+06
O75493	O75493				2.93965e+06
O75503	O75503				3.00375e+06
O75509	O75509				9.7473e+06
O75594	O75594				375318
O75629	O75629				914761
O75636;O75636-2	O75636;O75636-2				450253
O75711	O75711				1.16925e+08
O75752	O75752				3.50147e+06
O75781;O75781-2	O75781;O75781-2				2.15053e+06
O75787;O75787-2	O75787;O75787-2				6.52462e+06
O75828	O75828				717678
O75874	O75874				772349
O75882;O75882-2;O75882-3	O75882;O75882-2;O75882-3				9.27858e+06
O75884;O75884-2	O75884;O75884-2				4.68763e+06
O75973	O75973				440723
O75976	O75976				1.02282e+06
O76061	O76061				3.0914e+06
O76070	O76070				836632
O94760	O94760				4.18749e+06
O94766	O94766;Q9NPZ5				508761
O94769	O94769;O94769-2				7.03047e+06
O94772;O94772-2	O94772;O94772-2				4.64771e+07
O94779;O94779-2	O94779;O94779-2				385752
O94856-11	O94856;O94856-10;O94856-11;O94856-12;O94856-13;O94856-3;O94856-4;O94856-5;O94856-6;O94856-7;O94856-8;O94856-9				2.19104e+07
O94898	O94898				299675
O94910	O94910;O94910-2				5.75605e+06
O94919	O94919				2.47043e+07
O94923	O94923				101436
O94933	O94933				597703
O94973;O94973-2	O94973;O94973-2				161493
O94985	O94985				1.69961e+06
O94985-2	O94985;O94985-2				1.62543e+08
O94991	O94991;O94991-2				3.15926e+06
O95084;O95084-2	O95084;O95084-2				1.10387e+06
O95157	O95157				502386
O95158	O95158				8.25059e+06
O95159	O95159				795159
O95185;O95185-2	O95185;O95185-2				1.35067e+06
O95196;O95196-2	O95196;O95196-2				7.24121e+06
O95206;O95206-2	O95206;O95206-2				2.21965e+06
O95292	O95292;Q9P0L0;O95292-2;Q9P0L0-2				1.22408e+06
O95297;O95297-2;O95297-3	O95297;O95297-2;O95297-3;O95297-4				394501
O95336	O95336				787283
O95390	O95390				1.4867e+06
O95428;O95428-5;O95428-6	O95428;O95428-3;O95428-4;O95428-5;O95428-6				2.39924e+06
O95445	O95445;O95445-2				3.61805e+06
O95450;O95450-2	O95450;O95450-2				1.15206e+06
O95461;O95461-2	O95461;O95461-2				243324
O95467	O95467				963121
O95477	O95477				3.17098e+06
O95479;O95479-2	O95479;O95479-2				605501
O95490;O95490-2;O95490-3;O95490-4;O95490-5;O95490-6;O95490-7	O95490;O95490-2;O95490-3;O95490-4;O95490-5;O95490-6;O95490-7				357613
O95497	O95497				467531
O95502	O95502				1.09794e+08
O95633;O95633-2	O95633;O95633-2				1.46159e+06
O95865	O95865				394318
O95897	O95897				1.59013e+06
O95967	O95967				4.73886e+06
O95970;O95970-3	O95970;O95970-3				310671
O95980	O95980				1.16145e+07
O95998	O95998;O95998-4				3.92947e+06
P00338;P00338-3	P00338;P00338-3;P00338-4				3.38701e+06
P00352	P00352				309766
P00390;P00390-2;P00390-3;P00390-4;P00390-5	P00390;P00390-2;P00390-3;P00390-4;P00390-5				985924
P00441	P00441				2.1439e+08
P00450	P00450				2.46745e+08
P00488	P00488				1.40871e+06
P00492	P00492				1.1511e+06
P00505	P00505;P00505-2				2.76125e+06
P00533;P00533-3;P00533-4	P00533;P00533-3;P00533-4				1.57155e+06
P00558	P00558;P00558-2				2.6596e+06
P00568	P00568				577294
P00734	P00734				8.12249e+07
P00736	P00736				6.56006e+07
P00738	P00738;P00738-2				4.51184e+08
P00739	P00739;P00739-2				2.81852e+08
P00740;P00740-2	P00740;P00740-2				5.16847e+06
P00742	P00742				8.19479e+06
P00746	P00746				8.44964e+06
P00747	P00747				5.1902e+07
P00748	P00748				4.3407e+07
P00751	P00751;P00751-2				2.14927e+08
P00915	P00915				772920
P00966	P00966				1.16306e+06
P00995	P00995				810935
P01008	P01008				5.78576e+08
P01009	P01009;P01009-2;P01009-3				7.04698e+09
P01011	P01011				3.71273e+09
P01019	P01019				4.53992e+08
P01023	P01023				3.5567e+08
P01024	P01024				5.71592e+08
P01031	P01031				1.9958e+07
P01033	P01033				5.96111e+07
P01034	P01034				2.31475e+09
P01036;P01037	P01036;P01037				452567
P01040	P01040				3.70256e+06
P01042	P01042;P01042-2;P01042-3				1.65302e+08
P01042-2;P01042-3	P01042-2;P01042-3				5.9434e+07
P01127;P01127-2	P01127;P01127-2				1.99892e+07
P01178	P01178				1.0404e+06
P01210	P01210				6.43561e+07
P01213	P01213				3.45401e+06
P01236	P01236				201660
P01258;P01258-2;P06881	P01258;P06881;P10092;P01258-2				741510
P01282;P01282-2	P01282;P01282-2				816417
P01303	P01303				8.43297e+06
P01344;P01344-2;P01344-3	P01344;P01344-2;P01344-3				4.69791e+06
P01591	P01591				1.20534e+07
P01593;P01594	P01593;P01594				4.56087e+07
P01597;P04432	P01597;P01611;P04432;A0A0C4DH72;A0A0C4DH73				4.42012e+07
P01599	P01599;A0A0C4DH72				6.89809e+06
P01601	P01601				1.65245e+06
P01602	P01602				7.81712e+06
P01619	P01619				5.80689e+08
P01700	P01700				4.72679e+07
P01701	P01701				1.61993e+07
P01703	P01703				4.52156e+06
P01705	P01705				2.85358e+06
P01706	P01706				6.27464e+06
P01709	P01706;P01709;P0DOX8				4.52416e+06
P01714	P01714				1.07258e+07
P01717	P01717				2.58327e+07
P01721	P01721				1.16731e+07
P01742	P01742				1.12858e+07
P01743	P01743				423114
P01772	P01768;P01772;P0DP02;P0DP03				2.09208e+07
P01780	P01780				7.29805e+07
P01814	P01814				1.9164e+06
P01817	P01817				8.27359e+06
P01833	P01833				1.36846e+06
P01834	P01834				2.8905e+07
P01859;P01859-1	P01859;P01859-1				8.01663e+08
P01860;P01860-1	P01860;P01860-1				1.94006e+08
P01861;P01861-1	P01861;P01861-1				4.47759e+07
P01871;P01871-1	P01871;P0DOX6;P01871-1				1.27592e+07
P01876;P01876-1	P01876;P01876-1				1.23097e+09
P01880;P01880-1	P01880;P01880-1				641350
P01889	P01889;P01893;P04439;P13747;P17693;P17693-2;P17693-5;P17693-6;P04439-2				2.97673e+06
P01903	P01903;P01906				810237
P01911	P01911;P04440				2.09549e+06
P02042	P02042				1.91699e+06
P02144	P02144				2.30554e+06
P02452	P02452				1.53549e+07
P02461	P02461;P02461-2				6.33398e+06
P02533	P02533				275352
P02538	P02538				2.8866e+06
P02647	P02647				1.76091e+09
P02649	P02649				3.78428e+09
P02652	P02652				3.40147e+08
P02654	P02654				4.11155e+07
P02655	P02655				4.76316e+06
P02656	P02656				2.8185e+07
P02671	P02671;P02671-2				8.90293e+07
P02675	P02675				4.19836e+07
P02679;P02679-2	P02679;P02679-2				5.61122e+07
P02741	P02741;P02741-2				1.02353e+08
P02743	P02743				7.9728e+06
P02745	P02745				6.20802e+07
P02746	P02746				1.13767e+08
P02747	P02747				1.83839e+08
P02748	P02748				4.34751e+07
P02749	P02749				7.58511e+07
P02750	P02750				4.68893e+08
P02751;P02751-1	P02751;P02751-1;P02751-10;P02751-11;P02751-12;P02751-13;P02751-14;P02751-16;P02751-17;P02751-2;P02751-3;P02751-4;P02751-5;P02751-6;P02751-7;P02751-8;P02751-9				1.53449e+08
P02753	P02753				5.04304e+07
P02760	P02760				5.45846e+07
P02763	P02763				2.53123e+09
P02765	P02765				3.40542e+08
P02766	P02766				5.01443e+09
P02768	P02768				1.57412e+10
P02774;P02774-3	P02774;P02774-2;P02774-3				4.31354e+08
P02786	P02786				1.00027e+06
P02787	P02787				6.1176e+09
P02788;P02788-2	P02788;P02788-2				2.09166e+06
P02790	P02790				2.74481e+09
P02792	P02792				1.14044e+06
P02794	P02794				2.21292e+06
P02810	P02810				806361
P03950	P03950				2.3115e+06
P03951	P03951;P03951-2				4.36554e+06
P03952	P03952				8.43413e+06
P04003	P04003				1.48823e+06
P04004	P04004				3.09538e+08
P04040	P04040				650472
P04062;P04062-2;P04062-4;P04062-5	P04062;P04062-2;P04062-4;P04062-5				918496
P04066	P04066				6.57688e+06
P04070;P04070-2	P04070;P04070-2				2.59267e+06
P04075	P04075;P04075-2				1.38558e+07
P04080	P04080				1.53759e+06
P04085;P04085-2	P04085;P04085-2				3.97293e+06
P04114	P04114				5.33021e+07
P04156	P04156				9.04672e+07
P04179;P04179-4	P04179;P04179-2;P04179-3;P04179-4				5.42487e+06
P04180	P04180				1.19177e+07
P04196	P04196				9.61031e+07
P04211	P04211				1.53423e+06
P04216	P04216				2.281e+08
P04217	P04217;P04217-2				3.40157e+08
P04217-2	P04217-2				5.33152e+06
P04264	P04259;P04264				1.0653e+07
P04271	P04271				315074
P04275	P04275				1.33481e+06
P04278;P04278-5	P04278;P04278-5				1.67875e+06
P04350;P07437;P68371	P04350;P07437;P68371				710970
P04406	P04406;P04406-2				8.82436e+06
P04430	P04430				3.64866e+06
P04439;P04439-2	P04439;P04439-2				654538
P04746-2	P04746;P04746-2				73458
P04792	P04792				1.76662e+06
P04908;P0C0S8;P20671;Q7L7L0;Q93077;Q96KK5;Q99878;Q9BTM1	P04908;P0C0S8;P20671;Q16777;Q6FI13;Q7L7L0;Q93077;Q96KK5;Q99878;Q9BTM1				6.78735e+06
P05023;P05023-2;P05023-4	P05023;P05023-2;P05023-4				450222
P05026;P05026-2	P05026;P05026-2				945018
P05060	P05060				4.23614e+08
P05067;P05067-11;P05067-8	P05067;P05067-4;P05067-10;P05067-11;P05067-3;P05067-5;P05067-6;P05067-7;P05067-8;P05067-9				3.75851e+08
P05090	P05090				1.50267e+09
P05107	P05107				19744.4
P05109	P05109				793331
P05121	P05121				294760
P05154	P05154				4.96271e+06
P05155;P05155-3	P05155;P05155-2;P05155-3				3.78336e+08
P05156	P05156				4.86882e+07
P05160	P05160				657864
P05362	P05362				1.23436e+06
P05408;P05408-2	P05408;P05408-2				2.09619e+08
P05413	P05413				1.80767e+06
P05452	P05452				4.02455e+07
P05543	P05543				1.88226e+07
P05546	P05546				3.01656e+07
P05556;P05556-2;P05556-3;P05556-4;P05556-5	P05556;P05556-2;P05556-5;P05556-3;P05556-4				820761
P05937	P05937;P05937-2				2.69454e+06
P05997	P05997				590532
P06276	P06276				2.97611e+06
P06280	P06280				308796
P06307	P06307				622026
P06310	P06310				1.50946e+08
P06312	P06312				6.2097e+07
P06331	P01824;P01825;P06331;A0A0C4DH41;P0DP06;P0DP08				4.80793e+07
P06396	P06396;P06396-2;P06396-3;P06396-4				3.94367e+08
P06396-2	P06396-2				899486
P06681	P06681;P06681-2;P06681-3				4.73817e+07
P06702	P06702				2.38057e+06
P06703	P06703				1.20199e+06
P06727	P06727				5.41559e+07
P06732	P06732				364858
P06733	P06733;P06733-2				8.24241e+06
P06744;P06744-2	P06744;P06744-2				2.55441e+06
P06865	P06865				6.55887e+06
P07093-2;P07093-3	P07093;P07093-2;P07093-3				4.16124e+06
P07108;P07108-2;P07108-3;P07108-4;P07108-5	P07108;P07108-2;P07108-3;P07108-4;P07108-5;P07108-6				7.2708e+06
P07148	P07148				897520
P07195	P00338;P07195;P07864;Q6ZMR3;P00338-3;P00338-2;P00338-4;P00338-5				1.99689e+07
P07225	P07225				2.60074e+07
P07237	P07237				785800
P07307;P07307-2;P07307-3	P07307;P07307-3;P07307-2				178130
P07311	P07311				1.08708e+06
P07333	P07333;P07333-2				4.71808e+07
P07339	P07339				5.30659e+07
P07357	P07357				1.95039e+07
P07358	P07358				7.63281e+06
P07360	P07360				1.02058e+07
P07451	P07451				2.41493e+06
P07477;Q9BYE2;Q9BYE2-2;Q9BYE2-3;Q9BYE2-6	P07477;Q9BYE2;Q9BYE2-2;Q9BYE2-3;Q9BYE2-6				4.09916e+06
P07492	P07492				577143
P07492-2	P07492;P07492-2;P07492-3				549939
P07585	P07585				1.07384e+07
P07602;P07602-2;P07602-3	P07602;P07602-2;P07602-3				3.24247e+07
P07686	P07686				4.10911e+06
P07711	P07711;P07711-3				8.19889e+06
P07737	P07737				2.23019e+06
P07858	P07858				1.90162e+07
P07900;P07900-2	P07900;P07900-2				1.00955e+06
P07942	P07942				4.5202e+06
P07988	P07988				30549.2
P07996	P07996;P07996-2				2.11899e+06
P07998	P07998				1.50343e+07
P08123	P08123				1.19871e+07
P08133;P08133-2	P08133;P08133-2				165532
P08174;P08174-2;P08174-3;P08174-4;P08174-5;P08174-6;P08174-7	P08174;P08174-2;P08174-3;P08174-4;P08174-5;P08174-6;P08174-7				1.30688e+07
P08185	P08185				9.39089e+07
P08195;P08195-2;P08195-3;P08195-4;P08195-5	P08195;P08195-4;P08195-2;P08195-3;P08195-5				3.65e+06
P08238	P07900;P08238;P07900-2				1.01531e+06
P08253	P08253;P08253-2;P08253-3				1.00427e+07
P08294	P08294				6.39961e+07
P08493-2	P08493;P08493-2				2.06435e+07
P08571	P08571				1.12036e+08
P08572	P08572				5.04091e+06
P08581;P08581-2	P08581;P08581-2				750516
P08582	P08582;P08582-2				754644
P08603	P08603				1.01438e+08
P08637	P08637				3.47174e+06
P08670	P08670;P17661				1.73754e+06
P08697	P08697;P08697-2				2.31311e+08
P08758	P08758				727975
P08779	P02533;P08727;P08779;P19012;Q04695;P19012-2				887681
P09093	P08861;P09093				7.573e+06
P09104	P09104;P09104-2				4.63216e+06
P09172	P09172				246002
P09211	P09211				2.31547e+06
P09382	P09382				5.15162e+06
P09417;P09417-2	P09417;P09417-2				2.5134e+06
P09455	P09455;P09455-2;P09455-3				195728
P09486	P09486				5.17811e+07
P09603	P09603				2.73321e+07
P09619	P09619;P09619-2				3.09601e+06
P09622	P09622;P09622-2				1.60484e+06
P09668	P09668				1.73378e+07
P09871	P09871				6.2232e+07
P09936	P09936				1.94935e+06
P09958	P09958				606949
P09960;P09960-4	P09960;P09960-2;P09960-3;P09960-4				2.86174e+06
P09972	P04075;P05062;P09972;P04075-2				1.10759e+07
P0C0L4;P0C0L4-2	P0C0L4;P0C0L4-2				8.63361e+07
P0C0L5	P0C0L4;P0C0L5;P0C0L4-2				3.00121e+08
P0C6S8	P0C6S8				1.28334e+06
P0CG47;P0CG48	P0CG47;P0CG48;P62979;P62987				8.82224e+07
P0DJD7;P0DJD8;P0DJD9	P0DJD7;P0DJD8;P0DJD9				785313
P0DJI8	P0DJI8				5.30671e+07
P0DJI9	P0DJI8;P0DJI9;P0DJI9-2				1.15703e+08
P0DMQ5	P0DMQ5				1.39058e+07
P0DMV8;P0DMV8-2;P0DMV9	P0DMV8;P0DMV9;P0DMV8-2				2.32351e+06
P0DOX2	P01876;P01877;P01876-1;P01877-1;P0DOX2				3.33231e+08
P0DOX3	P0DOX3				1.69048e+07
P0DOX5	P0DOX5				4.16989e+09
P0DOX7	P01834;P0DOX7				1.70625e+08
P0DOX8	B9A064;P0DOX8				3.38394e+08
P0DOY3	P0DOY2;P0DOY3				9.21569e+08
P0DP23;P0DP24;P0DP25	P0DP23;P0DP24;P0DP25;P27482				1.68281e+06
P0DP58	P0DP58				7.99444e+07
P0DTE1	P0DTE1				2.23443e+06
P0DTE2	P0DTE2				389937
P10124	P10124				4.70314e+06
P10153	P10153				1.22305e+07
P10253	P10253				1.27282e+06
P10321	P01889;P10321				3.69915e+06
P10412;P16402;P16403	P10412;P16402;P16403				2.59118e+06
P10451-3	P10451-3				2.70084e+07
P10451-5	P10451;P10451-4;P10451-5				1.31006e+08
P10451;P10451-4	P10451;P10451-4				1.37768e+06
P10586;P10586-2	P10586;P23468;P10586-2;P23468-3;P23468-4;P23468-5;P23468-6;P23468-7				5.40968e+06
P10599	P10599;P10599-2				7.39954e+06
P10619;P10619-2	P10619;P10619-2				198805
P10636-2;P10636-6	P10636;P10636-8;P10636-6;P10636-2;P10636-3;P10636-4;P10636-5;P10636-7;P10636-9				563733
P10643	P10643				5.72034e+07
P10644;P10644-2	P10644;P10644-2				210713
P10645	P10645				4.45084e+08
P10721;P10721-2	P10721;P10721-2				1.53626e+06
P10745	P10745				458222
P10768	P10768				919051
P10909-6	P10909;P10909-4;P10909-6;P10909-2;P10909-3;P10909-5				2.02089e+09
P10915	P10915				297415
P11021	P11021				7.92614e+06
P11047	P11047				8.92053e+06
P11117	P11117				1.27307e+06
P11142	P11142				5.4383e+06
P11226	P11226				1.75404e+06
P11279	P11279;P11279-2				9.04607e+06
P11362-16	P11362;P11362-10;P11362-11;P11362-16;P11362-2;P11362-20;P11362-3;P11362-4;P11362-8;P11362-9				1.8487e+06
P11362-21;P11362-7	P11362;P11362-10;P11362-11;P11362-12;P11362-13;P11362-14;P11362-16;P11362-18;P11362-19;P11362-2;P11362-20;P11362-21;P11362-3;P11362-4;P11362-5;P11362-6;P11362-7;P11362-8;P11362-9				9.0261e+06
P11464-4	P11464-4				6.5543e+06
P11597;P11597-2	P11597;P11597-2				639054
P11717	P11717				3.17486e+06
P12107;P12107-2;P12107-3;P12107-4	P12107;P12107-2;P12107-3;P12107-4				169524
P12109	P12109				2.30503e+07
P12110	P12110;P12110-2;P12110-3				2.5784e+06
P12111	P12111;P12111-2;P12111-4				5.17039e+06
P12111-4	P12111-4				563650
P12259	P12259				1.03459e+07
P12272;P12272-2;P12272-3	P12272;P12272-2;P12272-3				1.87582e+06
P12273	P12273				1.46724e+06
P12277	P12277				1.86643e+06
P12314;Q92637;Q92637-3	P12314;Q92637;Q92637-3				2.52344e+06
P12318;P12318-2	P12318;P31994;P31995;P12318-2;P31994-2;P31994-3;P31994-4;P31994-5;P31995-2;P31995-3;P31995-4				3.54225e+06
P12821;P12821-2	P12821;P12821-2				1.14576e+06
P12830;P12830-2	P12830;P12830-2				1.15041e+06
P12955	P12955;P12955-3				1.00554e+06
P13284	P13284				1.51119e+06
P13473;P13473-2;P13473-3	P13473;P13473-2;P13473-3				3.58597e+07
P13489	P13489				262826
P13497;P13497-2;P13497-3;P13497-4;P13497-5;P13497-6	P13497;P13497-2;P13497-3;P13497-4;P13497-5;P13497-6				1.90727e+06
P13521	P13521				6.12164e+07
P13591	P13591;P13591-1;P13591-3;P13591-4;P13591-5;P13591-6				1.73128e+08
P13591-3	P13591-1;P13591-3;P13591-4				2.47288e+07
P13598	P13598				3.42074e+06
P13611;P13611-5	P13611;P13611-2;P13611-3;P13611-4;P13611-5				9.15946e+06
P13637;P13637-2;P13637-3	P13637;P13637-2;P13637-3				534669
P13645	P13645				1.63332e+07
P13646;P13646-2;P13646-3;P19012	P13646;P19012;P13646-2;P13646-3				2.04365e+06
P13647	P13647				1.03299e+06
P13667	P13667				651254
P13671	P13671				2.97784e+07
P13693	P13693;P13693-2;Q56UQ5				519034
P13726;P13726-2	P13726;P13726-2				334497
P13796	P13796				2.78062e+06
P13797;P13797-2;P13797-3	P13797;P13797-2;P13797-3				253251
P13987;P13987-2	P13987;P13987-2				7.02332e+07
P14136	P14136				930431
P14138;P14138-2	P14138;P14138-2				2.89007e+06
P14151;P14151-2	P14151;P14151-2				3.62394e+06
P14174	P14174				3.74369e+06
P14207	P14207				3.11391e+06
P14209	P14209;P14209-3				1.36142e+06
P14314-2	P14314;P14314-2				7.56581e+06
P14324;P14324-2	P14324;P14324-2				289454
P14384	P14384				922470
P14415	P14415				1.57703e+06
P14543	P14543;P14543-2				8.80845e+06
P14618-2	P14618;P14618-2;P14618-3				2.06673e+07
P14621	P14621				2.54262e+06
P14625	P14625				3.87464e+06
P15086	P15085;P15086				821717
P15090	P15090				551445
P15121	C9JRZ8;P15121;C9JRZ8-2				409730
P15144	P15144				1.13298e+06
P15151;P15151-2;P15151-3;P15151-4	P15151;P15151-2;P15151-3;P15151-4				2.2035e+06
P15169	P15169				3.0834e+06
P15289;P15289-2	P15289;P15289-2				1.71473e+06
P15291;P15291-2	P15291;P15291-2				2.20731e+06
P15328	P15328				1.16174e+06
P15502;P15502-1;P15502-10;P15502-12;P15502-13;P15502-2;P15502-4;P15502-5;P15502-6;P15502-7;P15502-9	P15502;P15502-1;P15502-10;P15502-12;P15502-13;P15502-2;P15502-4;P15502-5;P15502-6;P15502-7;P15502-9				138672
P15509;P15509-2;P15509-3;P15509-5;P15509-7	P15509;P15509-3;P15509-2;P15509-5;P15509-7;P15509-8				2.36234e+06
P15529;P15529-10;P15529-11;P15529-12;P15529-13;P15529-14;P15529-15;P15529-16;P15529-2;P15529-3;P15529-4;P15529-5;P15529-6;P15529-7;P15529-8;P15529-9	P15529;P15529-3;P15529-10;P15529-11;P15529-12;P15529-13;P15529-14;P15529-15;P15529-16;P15529-2;P15529-4;P15529-5;P15529-6;P15529-7;P15529-8;P15529-9				1.35617e+06
P15586	P15586;P15586-2				1.6975e+06
P15848;P15848-2	P15848;P15848-2				54644.8
P16035	P16035				3.62697e+07
P16070;P16070-10;P16070-11;P16070-12;P16070-13;P16070-14;P16070-15;P16070-16;P16070-17;P16070-18;P16070-3;P16070-4;P16070-5;P16070-6;P16070-7;P16070-8;P16070-9	P16070;P16070-10;P16070-11;P16070-12;P16070-13;P16070-14;P16070-15;P16070-16;P16070-17;P16070-18;P16070-3;P16070-4;P16070-5;P16070-6;P16070-7;P16070-8;P16070-9				3.31427e+07
P16112;P16112-2	P16112;P16112-2;P16112-3				1.49904e+06
P16152	P16152				949396
P16234;P16234-2;P16234-3	P16234;P16234-2;P16234-3				995814
P16278;P16278-3	P16278;P16278-3				854142
P16519;P16519-2;P16519-3	P16519;P16519-2;P16519-3				2.37239e+06
P16870;P16870-2	P16870;P16870-2				2.77836e+07
P16930	P16930				1.44065e+06
P16949;P16949-2	P16949;P16949-2				2.51073e+06
P17050	P17050				990546
P17066	P17066;P48741				5.49296e+06
P17174	P17174;P17174-2				1.58726e+07
P17181;P17181-2;P17181-3	P17181;P17181-2;P17181-3				472016
P17302	P17302				831334
P17405;P17405-4	P17405;P17405-4				530216
P17600;P17600-2	P17600;P17600-2				660712
P17677;P17677-2	P17677;P17677-2				2.34048e+06
P17813;P17813-2	P17813;P17813-2				419203
P17900	P17900				4.69255e+07
P17931	P17931				805083
P17936;P17936-2	P17936;P17936-2				2.39695e+06
P18065	P18065				9.51138e+07
P18075	P18075				86719.5
P18206;P18206-2	P18206;P18206-2				2.57021e+06
P18428	P18428				1.40835e+07
P18669	P15259;P18669				2.90071e+06
P19021;P19021-5;P19021-6	P19021;P19021-3;P19021-4;P19021-2;P19021-5;P19021-6				2.66689e+07
P19022	P19022;P19022-2				5.56086e+07
P19256;P19256-2;P19256-3	P19256;P19256-2;P19256-3				956372
P19320	P19320;P19320-2;P19320-3				4.36982e+06
P19367;P19367-2;P19367-3;P19367-4	P19367;P52789;P19367-2;P19367-3;P19367-4				430256
P19652	P19652				5.35054e+09
P19823	P19823				3.42125e+07
P19827	P19827;P19827-2				3.27365e+07
P19835	P19835				457507
P19961	P04746;P0DTE7;P0DTE8;P0DUB6;P19961;P19961-2;P04746-2				2.31346e+06
P20036	P20036				358515
P20062	P20062				1.06198e+07
P20138;P20138-2	P20138;P20138-2				409974
P20366;P20366-2	P20366;P20366-2;P20366-3;P20366-4				5.37439e+06
P20382	P20382				554362
P20396	P20396				220751
P20472	P20472				7.48241e+06
P20618	P20618				754837
P20742	P20742;P20742-2				1.98977e+06
P20774	P20774				6.4527e+07
P20827	P20827;P20827-2				5.37203e+06
P20908;P20908-2	P20908;P20908-2				251261
P20916;P20916-2;P20916-3	P20916;P20916-2;P20916-3				2.91789e+06
P20930	P20930				225755
P20933	P20933				1.26756e+07
P21333;P21333-2	P21333;P21333-2				922065
P21554	P21554				653372
P21579	P21579				2.74681e+06
P21802;P21802-16;P21802-2;P21802-5;P21802-6;P21802-8	P21802;P21802-3;P21802-14;P21802-15;P21802-16;P21802-17;P21802-18;P21802-19;P21802-2;P21802-23;P21802-5;P21802-6;P21802-8				6.49456e+06
P21810	P21810				2.52162e+06
P21860;P21860-4	P21860;P21860-4				480086
P21926	P21926				2.64258e+06
P22004	P22004				313653
P22061;P22061-2	P22061;P22061-2				4.09133e+06
P22105;P22105-1;P22105-4	P22105;P22105-1;P22105-4				6.92133e+06
P22303	P22303;P22303-2;P22303-3;P22303-4				1.2413e+06
P22304	P22304				1.11277e+07
P22352	P22352				1.60927e+07
P22392;P22392-2	P15531;P22392;O60361;P22392-2;P15531-2				1.11005e+06
P22607;P22607-2;P22607-3;P22607-4	P22455;P22607;P22455-2;P22607-2;P22607-3;P22607-4				8.43964e+06
P22626;P22626-2	P22626;P22626-2				465280
P22676	P22676				3.50501e+06
P22692;P22692-2	P22692;P22692-2				3.07601e+07
P22748	P22748				3.4558e+06
P22792	P22792				4.52988e+06
P22794;P22794-2	P22794;P22794-2				1.08218e+06
P22891;P22891-2	P22891;P22891-2				755664
P22897	P22897				4.25291e+06
P23083	P23083				3.17197e+06
P23142	P23142				1.40036e+08
P23142-4	P23142-4				2.87187e+08
P23284	P23284				1.5597e+07
P23435	P23435				2.34196e+07
P23468-2	P23468;P23468-2;P23468-3;P23468-4;P23468-5;P23468-6;P23468-7				7.61886e+06
P23468-7	P23468-4;P23468-5;P23468-6;P23468-7				1.28462e+06
P23470;P23470-2	P23470;P23470-2				6.0166e+06
P23471;P23471-2	P23471;P23471-2;P23471-3				5.24988e+07
P23515	P23515				3.23847e+07
P23526;P23526-2	P23526;P23526-2				107835
P23528	P23528				755724
P23560;P23560-2;P23560-3;P23560-4;P23560-5	P23560;P23560-2;P23560-3;P23560-4;P23560-5				2.99561e+06
P23582	P23582				3.04689e+07
P23588;P23588-2	P23588;P23588-2				113967
P24043	P24043				4.24788e+06
P24158	P24158				105362
P24347	P24347				2.02028e+06
P24592	P24592				1.29479e+08
P24593	P24593				1.26858e+07
P24821;P24821-2;P24821-3;P24821-4;P24821-5;P24821-6	P24821;P24821-2;P24821-3;P24821-4;P24821-5;P24821-6				839237
P25189;P25189-2	P25189;P25189-2				3.078e+06
P25311	P25311				8.79395e+07
P25713	P25713				8.56909e+06
P25774	P25774;P25774-2				3.98371e+06
P25786;P25786-2	P25786;P25786-2				66076.2
P26038	P26038				2.35053e+06
P26447	P26447				358668
P26572	P26572				2.88452e+06
P26927	P26927;Q2TV78;Q2TV78-2				1.93262e+06
P26992	P26992				2.38847e+07
P27169	P27169				1.58879e+07
P27487	P27487				520813
P27797	P27797				1.60072e+07
P27824;P27824-2	P27824;P27824-2;P27824-3				2.9957e+06
P28066	P28066				220387
P28072	P28072				314483
P28074;P28074-2	P28074;P28074-2				128115
P28161;P28161-2	P28161;P28161-2				333017
P28799;P28799-2	P28799;P28799-2				1.32081e+06
P28827;P28827-2	P28827;P28827-2				803131
P28838;P28838-2	P28838;P28838-2				356516
P29120;P29120-2	P29120;P29120-2				6.47745e+06
P29218;P29218-3	P29218;P29218-3;P29218-2				2.62469e+06
P29279;P29279-2	P29279;P29279-2				377327
P29323;P29323-2;P29323-3	P29323;P29323-3;P29323-2				7.13756e+06
P29401;P29401-2	P29401;P29401-2				904810
P29622	P29622				1.11616e+07
P29762	P29762				444587
P29966	P29966				1.89751e+06
P30041	P30041				1.08173e+06
P30044;P30044-2;P30044-3	P30044;P30044-2;P30044-3				444922
P30048;P30048-2	P30048;P30048-2				416734
P30086	P30086				2.32375e+07
P30101	P30101				2.77973e+06
P30530;P30530-2	P30530;P30530-2				1.65182e+07
P30740	P30740				1.38243e+06
P31146	P31146				189766
P31150	P31150				4.28214e+06
P31151	P31151;Q86SG5				841165
P31153;P31153-2	P31153;P31153-2				5.00812e+06
P31321	P31321				713081
P31937	P31937				191005
P31944	P31944				531139
P31946;P31946-2	P31946;P31946-2				2.65783e+06
P31948;P31948-2;P31948-3	P31948;P31948-2;P31948-3				86545.6
P31949	P31949				1.61988e+06
P32004;P32004-2;P32004-3	P32004;P32004-2;P32004-3				5.7933e+06
P32119	P32119				4.47942e+06
P32926	P32926				700020
P33151	P33151;P33151-2				1.99271e+06
P33908	P33908				1.75688e+07
P34059	P34059				3.28735e+06
P34096	P34096				2.7047e+06
P34741	P34741				431156
P34932	P34932				114092
P34949;P34949-2	P34949;P34949-2				470881
P35030;P35030-2;P35030-3;P35030-4;P35030-5	P35030;P35030-2;P35030-3;P35030-4;P35030-5				3.03201e+06
P35052	P35052				4.90085e+06
P35080	P35080				220237
P35237	P35237				624633
P35318	P35318				2.84145e+06
P35442	P35442				2.0472e+06
P35443	P35443				4.96962e+06
P35527	P35527				5.41928e+06
P35542	P35542				7.06177e+07
P35555	P35555				2.55951e+06
P35590	P35590;P35590-2;P35590-3				704326
P35613;P35613-2	P35613;P35613-2;P35613-3;P35613-4				6.68582e+06
P35754	P35754				979551
P35858;P35858-2	P35858;P35858-2				9.29579e+06
P35908	P35908				2.53956e+06
P35968;P35968-2;P35968-3	P35968;P35968-2;P35968-3				946221
P36222	P36222				5.351e+07
P36269;P36269-2;P36269-3	P36269;P36269-2;P36269-3				65272.5
P36871	P36871;P36871-2				1.73284e+06
P36888;P36888-2	P36888;P36888-2				202880
P36955	P36955				7.48179e+08
P36957	P36957;P36957-2				2.5934e+07
P36980	P36980				6.25807e+07
P37173;P37173-2	P37173;P37173-2				1.75516e+06
P37235;P61601;P84074	P37235;P61601;P84074				1.78563e+06
P37802;P37802-2	P37802;P37802-2				40668.3
P37837;P37837-2	P37837;P37837-2				7.19663e+06
P37840;P37840-2	P37840;P37840-2				317362
P38571;P38571-2	P38571;P38571-2				977161
P39059	P39059				2.56777e+06
P39060;P39060-1;P39060-2	P39060;P39060-1;P39060-2				1.2187e+07
P39748;P39748-2	P39748;P39748-2				571116
P40189	P40189;P40189-3				1.35974e+07
P40925;P40925-3	P40925;P40925-2;P40925-3				1.82029e+07
P40926	P40926;P40926-2				1.21468e+06
P40967;P40967-2;P40967-4;P40967-5	P40967;P40967-2;P40967-4;P40967-5				363185
P41217;P41217-2;P41217-3	P41217;P41217-2;P41217-3				3.7087e+06
P41222	P41222				9.98995e+09
P41271;P41271-2	P41271;P41271-2				1.3369e+08
P42262;P42262-2;P42262-3	P42262;P42262-2;P42262-3;P42262-4				1.37331e+06
P42658;P42658-2	P42658;P42658-2				3.25255e+06
P42785	P42785;P42785-2				6.93147e+06
P42857;P42857-2	P42857;P42857-2				2.5933e+06
P43004;P43004-2;P43004-3	P43004;P43004-2;P43004-3				465093
P43121	P43121;P43121-2				1.88425e+07
P43146	P43146				6.7441e+06
P43234	P43234				2.21871e+06
P43251;P43251-2;P43251-3;P43251-4	P43251;P43251-2;P43251-3;P43251-4				3.92199e+07
P43652	P43652				3.01752e+07
P45877	P45877				4.85277e+06
P46013;P46013-2	P46013;P46013-2				91955
P46459	P46459				1.24155e+06
P47755;P47755-2;P52907	P47755;P52907;P47755-2				250212
P47972	P47972				1.41823e+07
P48058;P48058-2	P48058;P48058-2				7.60483e+06
P48061;P48061-2;P48061-3;P48061-4;P48061-5;P48061-6	P48061;P48061-2;P48061-3;P48061-4;P48061-5;P48061-6				1.30631e+06
P48066;P48066-2	P48066;P48066-2				295115
P48147	P48147				132625
P48163	P48163;P48163-2				382166
P48539	P48539				1.98561e+06
P48551;P48551-2;P48551-3	P48551;P48551-2;P48551-3				671004
P48637	P48637				1.62643e+06
P48668	P04259;P48668				3.19185e+06
P48723	P48723				1.79727e+06
P48740-2;P48740-4	P48740-2;P48740-4				2.45475e+06
P48740-3	P48740;P48740-2;P48740-3;P48740-4				4.84839e+06
P49221	P49221				1.03695e+07
P49257	P49257				3.85689e+06
P49418;P49418-2	P49418;P49418-2				694677
P49641	P49641;P49641-1;P49641-2				4.50812e+06
P49747;P49747-2	P49747;P49747-2				967303
P49767	P49767				118321
P49908	P49908				1.39476e+07
P50281	P50281				1.95128e+06
P50395;P50395-2	P50395;P50395-2				632640
P50502;Q8NFI4	P50502;Q8NFI4				436780
P50750-2	P50750-2				662642
P50895	P50895				1.39512e+06
P50897;P50897-2	P50897;P50897-2				580785
P50993	P05023;P13637;P20648;P50993;P05023-2;P05023-3;P05023-4;P13637-2;P13637-3				977782
P51153;P59190;P59190-2;P61006;P61006-2;P61026;P62820;P62820-2;P62820-3;Q92928;Q92930;Q9H0U4	P51153;P59190;P61006;P61026;P62820;Q92930;Q9H0U4;Q92928;P61006-2;P62820-2;P62820-3;P59190-2				402804
P51512;P51512-2	P51512;P51512-2				9.23676e+06
P51674;P51674-2;P51674-3	P51674;P51674-2;P51674-3				1.78039e+06
P51693	P51693;P51693-2				2.5899e+08
P51693-2	P51693-2				2.44056e+06
P51805	P51805				126670
P51884	P51884				3.89479e+07
P51888	P51888				1.20663e+07
P52565;P52565-2	P52565;P52565-2				178889
P52566	P52566				655884
P52758	P52758				1.26628e+06
P52797	P52797				2.13697e+06
P52799	P52799				2.60019e+06
P52803	P52803				5.8845e+06
P52848;P52848-3	P52848;P52848-3				743182
P53041	P53041				199152
P53634	P53634				2.75385e+06
P54108;P54108-2;P54108-3	P54108;P54108-2;P54108-3				6.67836e+06
P54253	P54253				4.73543e+08
P54289-2;P54289-3	P54289;P54289-2;P54289-3;P54289-4;P54289-5				1.52717e+07
P54652	P54652				482584
P54727	P54725;P54727;P54725-2;P54725-3				1.27964e+06
P54756;P54756-2	P54756;P54756-2				465015
P54764	P54764				2.06167e+07
P54802	P54802				3.59774e+06
P54803;P54803-4;P54803-5	P54803;P54803-3;P54803-4;P54803-5				209645
P54826	P54826				836250
P55011;P55011-3	P55011;P55011-3				50276.6
P55058	P55058;P55058-2;P55058-3;P55058-4				1.03832e+08
P55083;P55083-2	P55083;P55083-2				1.13704e+07
P55087;P55087-2	P55087;P55087-2				2.57552e+06
P55103	P55103				57382.6
P55107	P55107				843442
P55268	P55268				2.56857e+06
P55283;P55283-2	P55283;P55283-2				8.21662e+06
P55285;P55285-2	P55285;P55285-2				3.20655e+06
P55286	P55286				3.92563e+06
P55287;P55287-2	P55287;P55287-2				2.03139e+07
P55290;P55290-4	P55290;P55290-2;P55290-3;P55290-4;P55290-5				3.82362e+07
P55291	P55291				9.08498e+06
P55774	P55774				154151
P55786	P55786;A6NEC2				1.7677e+06
P55854;P55854-2;P61956;P61956-2;Q6EEV6	P55854;P61956;Q6EEV6;P55854-2;P61956-2				395733
P56159;P56159-2	P56159;P56159-2				1.46973e+06
P56199	P56199				4.53199e+06
P56817;P56817-2	P56817;P56817-2;P56817-3;P56817-4;P56817-5;P56817-6				1.80233e+06
P57087;P57087-2;P57087-3	P57087;P57087-2;P57087-3				2.51628e+06
P58215	P58215				107837
P58400	P58400;P58400-1				1.96751e+06
P58401	P58401				790423
P58417	O95156;P58417				9.93947e+06
P59282;Q9BW30	P59282;Q9BW30				40246.8
P60174;P60174-3	P60174;P60174-3;P60174-4				7.54823e+06
P60520	O95166;P60520;Q9H0R8;Q9H0R8-2				237557
P60660;P60660-2	P60660;P60660-2				903599
P60709;P63261	P60709;P63261				3.33498e+07
P60842;Q14240;Q14240-2	P60842;Q14240;Q14240-2				180369
P60983	P60983				912645
P61018;P61018-2	P61018;P61018-2				781143
P61077;P61077-2;P61077-3;P62837;P62837-2	P61077;P62837;P62837-2;P61077-2;P61077-3				479624
P61088;Q5JXB2	P61088;Q5JXB2				576162
P61106	P61106				862450
P61158;Q9P1U1;Q9P1U1-2	P61158;Q9P1U1;Q9C0K3;Q9P1U1-2;Q9P1U1-3				244680
P61204;P61204-2;P84077;P84085	P18085;P61204;P84077;P84085;P61204-2				360104
P61266;P61266-2	P61266;P61266-2				499391
P61278	P61278				2.31405e+07
P61604	P61604				1.22592e+06
P61626	P61626				1.98788e+07
P61769	P61769				4.07803e+08
P61916	P61916;P61916-2				4.57624e+07
P61970	P61970				5.08436e+06
P61981	P61981				1.3338e+06
P62258	P62258;P62258-2				3.35238e+06
P62328	P62328;P63313				1.1416e+07
P62805	P62805				4.10227e+06
P62873;P62873-2;P62879;Q9HAV0	P62873;P62879;Q9HAV0;P62873-2;P62879-2				803652
P62913;P62913-2	P62913;P62913-2				2.1269e+07
P62937	P62937				5.03686e+06
P62942	P62942				1.77177e+06
P62993	P62993;P62993-2				887720
P63010;P63010-2;P63010-3	P63010;P63010-2;P63010-3				3.04223e+06
P63104	P63104;P63104-2				7.69404e+06
P63208	P63208;P63208-2				3.97688e+06
P63241;P63241-2;Q6IS14;Q9GZV4	P63241;Q9GZV4;Q6IS14;P63241-2				100540
P67936	P06753;P07951;P09493;P09493-10;P67936;P07951-2;P09493-5;P06753-2;P06753-3;P09493-2;P09493-3;P09493-4;P09493-6;P09493-7;P09493-8;P09493-9;P06753-4;P06753-5;P06753-6;P06753-7;P07951-3;P67936-2				1.21396e+06
P68032	P62736;P63267;P68032;P68133				3.33226e+06
P68036;P68036-2;P68036-3	P68036;A0A1B0GUS4;P68036-2;P68036-3				652625
P68104;Q5VTE0	P68104;Q05639;Q5VTE0				3.78598e+06
P68363;Q71U36;Q71U36-2;Q9BQE3	P0DPH7;P0DPH8;P68363;P68366;Q6PEY2;Q71U36;Q9BQE3;Q9NY65;P0DPH7-2;P68363-2;P68366-2;Q71U36-2;Q9NY65-2				1.78487e+06
P68871	P02042;P68871				3.83089e+07
P69849;Q15155;Q5JPE7;Q5JPE7-2	P69849;Q15155;Q5JPE7;Q5JPE7-2;Q5JPE7-3				952926
P69892	P69891;P69892				3.62737e+06
P69905	P69905				4.79272e+07
P78310;P78310-2;P78310-5;P78310-6;P78310-7	P78310;P78310-2;P78310-4;P78310-5;P78310-6;P78310-7				745124
P78324;P78324-2	P78324;Q9P1W8;Q5TFQ8;P78324-2;P78324-4;Q9P1W8-2;Q9P1W8-3;Q9P1W8-4				3.78373e+07
P78417	P78417;P78417-3				1.61811e+06
P78504	P78504				876377
P78509;P78509-2	P78509;P78509-2;P78509-3				1.38439e+07
P78536;P78536-2	P78536;P78536-2				669233
P78539;P78539-2;P78539-3;P78539-5	P78539;P78539-2;P78539-3;P78539-4;P78539-5				1.33877e+06
P78563;P78563-2;P78563-3;P78563-4;P78563-5;P78563-6	P78563;P78563-4;P78563-2;P78563-3;P78563-5;P78563-6				1.31832e+07
P80108	P80108				1.41254e+07
P80188;P80188-2	P80188;P80188-2				1.07521e+06
P80303;P80303-2	P80303;P80303-2				515864
P80723	P80723;P80723-2				7.00791e+06
P80748	P80748				6.50485e+07
P81605	P81605				2.15448e+07
P82987;P82987-2	P82987;P82987-2				181850
P84157	P84157;P84157-2;P84157-3				345884
P98095;P98095-2	P98095;P98095-2				4.01834e+06
P98153;P98153-2;P98153-3	P98153;P98153-2;P98153-3				1.51696e+06
P98155;P98155-2	P98155;P98155-2				1.12074e+06
P98160	P98160				2.50428e+07
P98164	P98164				1.00928e+07
P98172	P98172				2.5045e+06
P98173;P98173-2;P98173-3	P98173;P98173-2;P98173-3				227720
P99999	P99999				2.51116e+06
Q00973	Q00973;Q00973-2;Q00973-3				1.06193e+06
Q01082	Q01082				361060
Q01459	Q01459				6.92996e+06
Q01469	Q01469				3.90123e+06
Q01973;Q01973-3	Q01973;Q01973-3				287426
Q01995	Q01995				3.29035e+06
Q02246	Q02246				3.25488e+07
Q02487;Q02487-2	Q02487;Q02487-2				7.96407e+06
Q02790	Q02790				166931
Q02809;Q02809-2	Q02809;Q02809-2				4.23331e+06
Q02818	Q02818				1.49755e+07
Q02952;Q02952-2;Q02952-3	Q02952;Q02952-2;Q02952-3				101002
Q02985;Q02985-2	Q02985;Q92496;Q02985-2;Q92496-2;Q92496-3				1.00701e+07
Q03167;Q03167-2	Q03167;Q03167-2				5.60762e+06
Q04721	Q04721				2.36401e+06
Q04756	Q04756				2.16016e+06
Q04760;Q04760-2	Q04760;Q04760-2				1.10509e+06
Q04917	Q04917				236988
Q05193;Q05193-2;Q05193-3;Q05193-5	Q05193;Q05193-2;Q05193-3;Q05193-5				199905
Q05707;Q05707-2	Q05707;Q05707-2;Q05707-3				2.81201e+06
Q05996;Q05996-2	Q05996;Q05996-2				3.90538e+06
Q06033;Q06033-2	Q06033;Q06033-2				7.76029e+06
Q06418	Q06418				3.70091e+06
Q06481	Q06481;Q06481-3;Q06481-6				4.77435e+07
Q06828	Q06828				1.04634e+07
Q06830	Q06830				3.89322e+06
Q07092;Q07092-2	Q07092;Q07092-2				914940
Q07507	Q07507				2.04809e+06
Q07699;Q07699-2	Q07699;Q07699-2				734196
Q07954	Q07954				6.90604e+06
Q08174;Q08174-2	Q08174;Q08174-2				5.15226e+07
Q08257;Q08257-3	Q08257;Q08257-3				890742
Q08345;Q08345-5	Q08345;Q08345-2;Q08345-4;Q08345-5;Q08345-6				6.47442e+06
Q08380	Q08380				8.53999e+07
Q08397	Q08397				295374
Q08431;Q08431-2;Q08431-4	Q08431;Q08431-2;Q08431-3;Q08431-4				2.15507e+06
Q08554;Q08554-2	Q08554;Q08554-2				1.17092e+06
Q08629	Q08629				8.22434e+06
Q08830	Q08830				482150
Q08ET2	O15389;Q08ET2				7.82651e+06
Q09327	Q09327				990314
Q09328	Q09328				422655
Q09666	Q09666				293433
Q0P6D2	Q0P6D2				1.84218e+06
Q0VDD7;Q0VDD7-2	Q0VDD7;Q0VDD7-2				99670
Q10469	Q10469				617309
Q10471	Q10471				5.15701e+06
Q10472	Q10472;Q8IUC8;Q8IUC8-3;Q8IUC8-2				2.75604e+06
Q10567;Q10567-2;Q10567-3	Q10567;Q10567-3;Q10567-2;Q10567-4				216172
Q10588	Q10588;Q10588-2				1.78544e+06
Q10589;Q10589-2	Q10589;Q10589-2				471819
Q12765;Q12765-2;Q12765-3	Q12765;Q12765-2;Q12765-3				202138
Q12794;Q12794-2;Q12794-7	Q12794;Q12794-2;Q12794-4;Q12794-7				3.42196e+06
Q12797;Q12797-10	Q12797;Q12797-10				341417
Q12805;Q12805-2;Q12805-3;Q12805-4;Q12805-5	Q12805;Q12805-2;Q12805-3;Q12805-4;Q12805-5				4.1166e+07
Q12841;Q12841-2	Q12841;Q12841-2				3.86969e+06
Q12860	Q12860;Q12860-2				1.25864e+08
Q12866	Q12866				4.98247e+06
Q12907	Q12907				5.98435e+07
Q12913;Q12913-2;Q12913-3	Q12913;Q12913-2;Q12913-3				1.92775e+06
Q13093	Q13093				1.62931e+06
Q13113	Q13113				2.31205e+06
Q13145	Q13145				406263
Q13201;Q13201-2	Q13201;Q13201-2				664427
Q13214;Q13214-2	Q13214;Q13214-2				2.06951e+06
Q13217	Q13217				1.51381e+06
Q13228;Q13228-4	Q13228;Q13228-2;Q13228-3;Q13228-4				1.05286e+07
Q13231;Q13231-3	Q13231;Q13231-2;Q13231-3;Q13231-4				2.48014e+06
Q13232	Q13232				244683
Q13275-2	Q13275;Q13275-2				537103
Q13308;Q13308-2;Q13308-3;Q13308-4;Q13308-5;Q13308-6	Q13308;Q13308-2;Q13308-3;Q13308-4;Q13308-5;Q13308-6				351168
Q13332-2;Q13332-6	Q13332;Q13332-2;Q13332-3;Q13332-4;Q13332-5;Q13332-6;Q13332-7				1.50921e+07
Q13332-5	Q13332-5;Q13332-7				1.6195e+06
Q13404;Q13404-1;Q13404-2;Q13404-7	Q13404;Q13404-1;Q13404-2;Q13404-6;Q13404-7				1.78788e+06
Q13421-2;Q13421-3;Q13421-4	Q13421;Q13421-2;Q13421-3;Q13421-4				1.27808e+06
Q13433	Q13433				290139
Q13443;Q13443-2	Q13443;Q13443-2				877608
Q13444;Q13444-10;Q13444-12;Q13444-2;Q13444-3;Q13444-4;Q13444-5;Q13444-6;Q13444-7;Q13444-8;Q13444-9	Q13444;Q13444-2;Q13444-10;Q13444-11;Q13444-12;Q13444-3;Q13444-4;Q13444-5;Q13444-6;Q13444-7;Q13444-8;Q13444-9				1.32951e+06
Q13449	Q13449				1.64294e+08
Q13508;Q13508-2;Q13508-3	Q13508;Q13508-2;Q13508-3				3.17868e+06
Q13510;Q13510-2	Q13510;Q13510-2;Q13510-3				5.50027e+06
Q13519;Q13519-2	Q13519;Q13519-2				1.71475e+06
Q13554;Q13554-2;Q13554-3;Q13554-4;Q13554-5;Q13554-7;Q13554-8	Q13554;Q13554-3;Q13554-2;Q13554-4;Q13554-5;Q13554-6;Q13554-7;Q13554-8				2.50951e+06
Q13555;Q13555-10;Q13555-11;Q13555-2;Q13555-3;Q13555-4;Q13555-5;Q13555-6;Q13555-7;Q13555-8;Q13555-9	Q13555;Q13555-5;Q13555-10;Q13555-11;Q13555-2;Q13555-3;Q13555-4;Q13555-6;Q13555-7;Q13555-8;Q13555-9				975088
Q13557;Q13557-10;Q13557-11;Q13557-12;Q13557-3;Q13557-4;Q13557-5;Q13557-6;Q13557-8;Q13557-9	Q13557;Q13557-8;Q13557-10;Q13557-11;Q13557-12;Q13557-3;Q13557-4;Q13557-5;Q13557-6;Q13557-9				1.28839e+06
Q13591	Q13591				256817
Q13634;Q13634-2	Q13634;Q13634-2				2.73259e+06
Q13641	Q13641				825889
Q13683;Q13683-10;Q13683-3;Q13683-7;Q13683-9	Q13683;Q13683-10;Q13683-13;Q13683-3;Q13683-7;Q13683-9				1.29833e+06
Q13740;Q13740-2	Q13740;Q13740-2;Q13740-3				2.52736e+07
Q13790	Q13790				580941
Q13822-3	Q13822;Q13822-3				1.77388e+08
Q13867	Q13867				1.98499e+06
Q14019	Q14019				4.32868e+06
Q14112;Q14112-2	Q14112;Q14112-2				5.62614e+06
Q14114;Q14114-2;Q14114-3;Q14114-4	Q14114;Q14114-3;Q14114-2;Q14114-4				480068
Q14118	Q14118				6.22766e+07
Q14126	Q14126				2.24152e+06
Q14165	Q14165				2.21602e+06
Q14213	Q14213				572709
Q14242;Q14242-2	Q14242;Q14242-2				615405
Q14257;Q14257-2	Q14257;Q14257-2				1.48976e+06
Q14314	Q14314				3.405e+06
Q14315;Q14315-2	Q14315;Q14315-2				1.42762e+06
Q14393;Q14393-1;Q14393-3;Q14393-4;Q14393-5	Q14393;Q14393-1;Q14393-3;Q14393-4;Q14393-5				4.50363e+06
Q14515	Q14515;Q14515-2				1.21461e+08
Q14517	Q14517				282617
Q14520;Q14520-2	Q14520;Q14520-2				6.53035e+06
Q14563	Q14563				803404
Q14566	Q14566				4.0632e+06
Q14574;Q14574-2	Q14574;Q14574-2				1.41073e+06
Q14624	Q14624				9.5086e+07
Q14624-2;Q14624-3;Q14624-4	Q14624-2;Q14624-3;Q14624-4				1.54606e+07
Q14696	Q14696				1.81348e+06
Q14697;Q14697-2	Q14697;Q14697-2				3.50443e+06
Q14766	Q14766;Q14766-4				929138
Q14767	Q14767				3.90446e+06
Q14894	Q14894				319190
Q14956;Q14956-2	Q14956;Q14956-2				1.19001e+06
Q14982;Q14982-2;Q14982-3;Q14982-4	Q14982;Q14982-2;Q14982-3;Q14982-4				2.35761e+07
Q14C87	Q14C87;Q14C87-2				3.11247e+06
Q14CN4;Q14CN4-2;Q14CN4-3	Q14CN4;Q14CN4-2;Q14CN4-3				397410
Q14CZ8	Q14CZ8				1.46758e+06
Q14DG7	Q14DG7;Q14DG7-2				1.49488e+06
Q15043;Q15043-2;Q15043-3	Q15043;Q15043-2;Q15043-3				36320.7
Q15063;Q15063-3;Q15063-5	Q15063;Q15063-3;Q15063-5				238939
Q15084;Q15084-2;Q15084-3;Q15084-4;Q15084-5	Q15084;Q15084-2;Q15084-3;Q15084-4;Q15084-5				980182
Q15113	Q15113				2.41365e+07
Q15149;Q15149-2;Q15149-3;Q15149-4;Q15149-5;Q15149-6;Q15149-7;Q15149-8;Q15149-9	Q15149;Q15149-2;Q15149-3;Q15149-4;Q15149-5;Q15149-6;Q15149-7;Q15149-8;Q15149-9				1.08375e+06
Q15166	Q15166				1.19387e+07
Q15223;Q15223-2;Q15223-3	Q15223;Q15223-2;Q15223-3				4.11864e+06
Q15256	Q15256;Q15256-5				2.2607e+07
Q15262;Q15262-2;Q15262-3;Q15262-4	Q15262;Q15262-2;Q15262-3;Q15262-4				1.67729e+06
Q15293;Q15293-2	Q15293;Q15293-2				1.67603e+07
Q15303;Q15303-2;Q15303-3;Q15303-4	Q15303;Q15303-2;Q15303-3;Q15303-4				882878
Q15375;Q15375-4	Q15375;Q15375-2;Q15375-4				1.21037e+06
Q15459;Q15459-2	Q15459;Q15459-2				2.74358e+06
Q15465	Q15465				1.12164e+06
Q15582	Q15582				2.90462e+07
Q15768	Q15768				2.04894e+06
Q15782;Q15782-6	Q15782;Q15782-6				6.34213e+06
Q15818	Q15818				3.77614e+07
Q15828	Q15828				1.58152e+06
Q15846	Q15846				246177
Q15848	Q15848				3.02642e+06
Q15904	Q15904				4.56093e+07
Q16143	Q16143				435341
Q16270	Q16270;Q16270-2				2.95008e+08
Q16288;Q16288-2;Q16288-3;Q16288-4;Q16288-5	Q16288;Q16288-2;Q16288-3;Q16288-4;Q16288-5				4.96379e+06
Q16363;Q16363-2	Q16363;Q16363-2				3.0246e+06
Q16394	Q16394				306101
Q16531	Q16531				746762
Q16555;Q16555-2	Q16555;Q16555-2				265981
Q16568	Q16568				2.24428e+06
Q16581	Q16581				1.9697e+06
Q16610;Q16610-4	Q16610;Q16610-2;Q16610-3;Q16610-4				5.40504e+07
Q16620;Q16620-2;Q16620-3;Q16620-4;Q16620-5;Q16620-6	Q16620;Q16620-2;Q16620-3;Q16620-4;Q16620-5;Q16620-6				5.93809e+06
Q16627;Q16627-2	Q16627;Q16627-2				2.0483e+06
Q16653;Q16653-10;Q16653-11;Q16653-13;Q16653-2;Q16653-3;Q16653-5;Q16653-6;Q16653-7;Q16653-8;Q16653-9	Q16653;Q16653-10;Q16653-11;Q16653-13;Q16653-2;Q16653-3;Q16653-5;Q16653-6;Q16653-7;Q16653-8;Q16653-9				4.18314e+06
Q16658	Q16658				902214
Q16674	Q16674				4.0568e+06
Q16706	Q16706				2.67335e+06
Q16769	Q16769				2.44591e+07
Q16775;Q16775-2	Q16775;Q16775-2				406443
Q16799	Q16799;Q16799-2				866267
Q16849	Q16849;Q16849-3;Q16849-2				2.57158e+07
Q16853;Q16853-2	Q16853;Q16853-2				807002
Q16881;Q16881-2;Q16881-3;Q16881-4;Q16881-5;Q16881-6;Q16881-7	Q16881;Q16881-4;Q16881-5;Q16881-2;Q16881-3;Q16881-6;Q16881-7				807462
Q16891;Q16891-2;Q16891-3;Q16891-4	Q16891;Q16891-2;Q16891-3;Q16891-4				1.29926e+06
Q17RC7	Q17RC7				4.58246e+07
Q24JP5;Q24JP5-2	Q24JP5;Q24JP5-2;Q24JP5-3				1.39663e+07
Q2TAL6	Q2TAL6				1.0747e+06
Q2TBF2;Q2TBF2-2	Q2TBF2;Q2TBF2-2				396261
Q2UY09	Q2UY09				218453
Q30154	P79483;Q30154				711905
Q3SYC2;Q3SYC2-2	Q3SYC2;Q3SYC2-2				613201
Q495W5;Q495W5-2	Q495W5;Q495W5-2				501822
Q496H8	Q496H8				161776
Q4G0I0	Q4G0I0				852077
Q4G0P3	Q4G0P3;Q4G0P3-10;Q4G0P3-5;Q4G0P3-6;Q4G0P3-8				2.24564e+07
Q4G148;Q4G148-2	Q4G148;Q4G148-2				109983
Q4KWH8;Q4KWH8-3;Q4KWH8-4	Q4KWH8;Q4KWH8-3;Q4KWH8-4				4.90414e+06
Q504Y0;Q504Y0-4;Q504Y0-5	Q504Y0;Q504Y0-4;Q504Y0-5				273741
Q504Y2	Q504Y2				670849
Q53EL9;Q53EL9-3	Q53EL9;Q53EL9-2;Q53EL9-3				2.61453e+07
Q53H76;Q53H76-2;Q53H76-3;Q53H76-4	Q53H76;Q53H76-2;Q53H76-3;Q53H76-4				317620
Q53RD9;Q53RD9-2;Q53RD9-4	Q53RD9;Q53RD9-2;Q53RD9-3;Q53RD9-4				6.27945e+06
Q562R1	Q562R1				1.41803e+07
Q58EX2;Q58EX2-2;Q58EX2-3;Q58EX2-4	Q58EX2;Q58EX2-2;Q58EX2-3;Q58EX2-4				300245
Q58FF6	Q58FF6				297738
Q5BIV9	Q5BIV9				6.18059e+06
Q5BLP8;Q5BLP8-2;Q5BLP8-3	Q5BLP8;Q5BLP8-2;Q5BLP8-3				1.11527e+07
Q5FWE3;Q5FWE3-3	Q5FWE3;Q5FWE3-3				2.33922e+07
Q5JRA6;Q5JRA6-2	Q5JRA6;Q5JRA6-2				1.63849e+06
Q5JS37;Q5JS37-2	Q5JS37;Q5JS37-2				1.62869e+06
Q5JZY3;Q5JZY3-2;Q5JZY3-3	Q5JZY3;Q5JZY3-2;Q5JZY3-3				428539
Q5KU26	Q5KU26				5.98244e+06
Q5R3F8	Q5R3F8				1.30537e+06
Q5SGD2;Q5SGD2-2;Q5SGD2-3	Q5SGD2;Q5SGD2-2;Q5SGD2-3				202757
Q5SRI9	Q5SRI9				532880
Q5SZI1	Q5SZI1				534552
Q5SZK8;Q5SZK8-2	Q5SZK8;Q5SZK8-2				562166
Q5T013;Q5T013-2;Q5T013-3;Q5T013-4	Q5T013;Q5T013-2;Q5T013-3;Q5T013-4				3.25186e+07
Q5T848	Q5T848				8.22365e+06
Q5T9L3;Q5T9L3-2	Q5T9L3;Q5T9L3-2				1.62966e+06
Q5TAX3;Q5TAX3-2	Q5TAX3;Q5TAX3-2				4.77853e+06
Q5UCC4;Q5UCC4-2	Q5UCC4;Q5UCC4-2				148111
Q5VSG8	Q5VSG8				5.22288e+06
Q5VU43;Q5VU43-10;Q5VU43-11;Q5VU43-12;Q5VU43-3;Q5VU43-4;Q5VU43-6;Q5VU43-7;Q5VU43-8;Q5VU43-9;Q96SN8;Q96SN8-2;Q96SN8-3;Q96SN8-4	Q5VU43;Q5VU43-11;Q96SN8;Q5VU43-8;Q5VU43-10;Q5VU43-12;Q5VU43-3;Q5VU43-4;Q5VU43-6;Q5VU43-7;Q5VU43-9;Q96SN8-2;Q96SN8-3;Q96SN8-4				3.22277e+07
Q5VU97	Q5VU97				3.04181e+06
Q5VUB5	Q5VUB5				891481
Q5VV43;Q5VV43-2;Q5VV43-4	Q5VV43;Q5VV43-2;Q5VV43-4				686223
Q5VV63	Q5VV63				355336
Q5VWW1	Q5VWW1;Q5VWW1-2;Q5VWW1-3				899385
Q5VY80;Q6H3X3;Q6H3X3-2;Q9BZM5	Q5VY80;Q6H3X3;Q9BZM5;Q6H3X3-2				701970
Q63HQ2;Q63HQ2-2;Q63HQ2-4	Q63HQ2;Q63HQ2-2;Q63HQ2-4				866682
Q641Q3	Q641Q3;Q641Q3-2				2.79344e+06
Q658N2	Q658N2				3.36916e+06
Q68BL7;Q68BL7-2;Q68BL7-3	Q68BL7;Q68BL7-2;Q68BL7-3				2.3893e+06
Q68D85	Q68D85				1.80774e+06
Q6E0U4;Q6E0U4-16;Q6E0U4-2;Q6E0U4-3;Q6E0U4-4;Q6E0U4-5;Q6E0U4-6;Q6E0U4-7	Q6E0U4;Q6E0U4-16;Q6E0U4-2;Q6E0U4-3;Q6E0U4-4;Q6E0U4-5;Q6E0U4-6;Q6E0U4-7				1.03672e+06
Q6EMK4	Q6EMK4				6.48179e+06
Q6FHJ7	Q6FHJ7				2.21369e+06
Q6GTX8;Q6GTX8-2;Q6GTX8-3;Q6GTX8-4;Q6ISS4;Q6ISS4-2	Q6GTX8;Q6ISS4;Q6GTX8-2;Q6GTX8-3;Q6GTX8-4;Q6ISS4-2				3.2888e+06
Q6IEE7	Q6IEE7				315852
Q6IS24	Q6IS24				598922
Q6MZW2	Q6MZW2;Q6MZW2-2;Q6MZW2-3				8.23542e+06
Q6NUJ2	Q6NUJ2				2.18988e+06
Q6NW40	Q6NW40				1.57618e+07
Q6P0Q8;Q6P0Q8-2	Q6P0Q8;Q6P0Q8-2				5.08029e+06
Q6P179;Q6P179-3	Q6P179;Q6P179-3				338532
Q6P4E1;Q6P4E1-2;Q6P4E1-5	Q6P4E1;Q6P4E1-2;Q6P4E1-5				9.08836e+06
Q6P9A2	Q6P9A2				2.13078e+06
Q6PCB0	Q6PCB0				4.16071e+06
Q6PUV4	O14810;Q6PUV4				486795
Q6RVD6	Q6RVD6				505221
Q6UVK1	Q6UVK1				3.87989e+06
Q6UVY6;Q6UVY6-2	Q6UVY6;Q6UVY6-2				356949
Q6UW01	Q6UW01				7.21118e+06
Q6UW49	Q6UW49				732009
Q6UW78	Q6UW78				4.29474e+06
Q6UWH4;Q6UWH4-2	Q6UWH4;Q6UWH4-2;Q6UWH4-3				1.06862e+06
Q6UWP8	Q6UWP8				253807
Q6UWR7	Q6UWR7				1.4438e+06
Q6UX15;Q6UX15-2	Q6UX15;Q6UX15-2				1.30403e+06
Q6UX71	Q6UX71;Q6UX71-2				2.34582e+07
Q6UX72	Q6UX72				427167
Q6UX73;Q6UX73-2	Q6UX73;Q6UX73-2				1.04516e+07
Q6UXB8	Q6UXB8;Q6UXB8-2				8.61227e+06
Q6UXD5-6	Q6UXD5-3;Q6UXD5-5;Q6UXD5-6				1.73692e+06
Q6UXD5;Q6UXD5-2	Q6UXD5;Q6UXD5-2;Q6UXD5-3;Q6UXD5-4;Q6UXD5-5;Q6UXD5-6				1.58446e+07
Q6UXF1;Q6UXF1-2	Q6UXF1;Q6UXF1-2				147305
Q6UXH9;Q6UXH9-2	Q6UXH9;Q6UXH9-2				347435
Q6UXI7;Q6UXI7-2;Q6UXI7-3;Q6UXI7-4;Q6UXI7-5	Q6UXI7;Q6UXI7-2;Q6UXI7-3;Q6UXI7-4;Q6UXI7-5				127102
Q6UXI9;Q6UXI9-3;Q6UXI9-4;Q6UXI9-5;Q6UXI9-6	Q6UXI9;Q6UXI9-2;Q6UXI9-3;Q6UXI9-4;Q6UXI9-5;Q6UXI9-6				627055
Q6UXK2	Q6UXK2				3.42261e+06
Q6UXK5	Q6UXK5				2.09117e+06
Q6UXZ4;Q6UXZ4-2	Q6UXZ4;Q6UXZ4-2				982422
Q6UY14;Q6UY14-2;Q6UY14-3	Q6UY14;Q6UY14-3;Q6UY14-2				251787
Q6YHK3	Q6YHK3;Q6YHK3-2;Q6YHK3-4				1.5479e+06
Q6ZMI3	Q6ZMI3;Q6ZMI3-2				2.85119e+06
Q6ZMP0;Q6ZMP0-2	Q6ZMP0;Q6ZMP0-2;Q6ZMP0-3;Q6ZMP0-4				654816
Q6ZN30;Q6ZN30-2	Q6ZN30;Q6ZN30-2				1.08218e+06
Q6ZRP7	Q6ZRP7				726129
Q6ZSJ9;Q6ZSJ9-2;Q6ZSJ9-3	Q6ZSJ9;Q6ZSJ9-2;Q6ZSJ9-3				2.98924e+07
Q6ZVL6	Q6ZVL6;Q6ZVL6-2				3.09718e+06
Q71H61	Q71H61				362993
Q76KP1	Q76KP1				1.20548e+06
Q7KYR7;Q7KYR7-1;Q7KYR7-4;Q7KYR7-5;Q7KYR7-6;Q8WVV5;Q8WVV5-2;Q8WVV5-3	Q7KYR7;Q8WVV5;Q7KYR7-4;Q7KYR7-1;Q7KYR7-5;Q7KYR7-6;Q8WVV5-2;Q8WVV5-3				592744
Q7L014	Q7L014				1.49649e+07
Q7L0X0	Q7L0X0				968363
Q7LFX5	Q7LFX5				2.64771e+06
Q7LGC8	Q7LGC8				8.33112e+06
Q7Z304	Q7Z304;Q7Z304-2				630742
Q7Z3B1	Q7Z3B1;Q7Z3B1-2				7.65878e+07
Q7Z3D4	Q7Z3D4				347540
Q7Z408;Q7Z408-4	Q7Z408;Q7Z408-4				123480
Q7Z553;Q7Z553-2;Q7Z553-3	Q7Z553;Q7Z553-2;Q7Z553-3				6.3638e+06
Q7Z5A7;Q7Z5A7-2	Q7Z5A7;Q7Z5A7-2;Q7Z5A7-3				8.50594e+06
Q7Z5L0	Q7Z5L0				1.43958e+06
Q7Z5L3	Q7Z5L3				1.0341e+06
Q7Z5L7;Q7Z5L7-2;Q7Z5L7-3	Q7Z5L7;Q7Z5L7-2;Q7Z5L7-3;Q7Z5L7-4				1.46472e+06
Q7Z5N4;Q7Z5N4-3	Q7Z5N4;Q7Z5N4-3				25087.2
Q7Z6L0;Q7Z6L0-2;Q7Z6L0-3	Q7Z6L0;Q7Z6L0-2;Q7Z6L0-3				206572
Q7Z7G0;Q7Z7G0-3;Q7Z7G0-4	Q7Z7G0;Q7Z7G0-2;Q7Z7G0-3;Q7Z7G0-4				2.39017e+06
Q7Z7H5;Q7Z7H5-3	Q7Z7H5;Q7Z7H5-2;Q7Z7H5-3				953918
Q7Z7M0	Q7Z7M0;Q7Z7M0-2				2.23602e+07
Q7Z7M8	Q7Z7M8				835083
Q86SF2	Q86SF2				3.27249e+06
Q86SR1	Q86SR1;Q86SR1-2;Q86SR1-3				2.08608e+06
Q86TE4;Q86TE4-4	Q86TE4;Q86TE4-4				2.00855e+06
Q86TH1	Q86TH1				2.22576e+06
Q86TY3;Q86TY3-2	Q86TY3;Q86TY3-2				6.78194e+06
Q86UD1	Q86UD1				5.34734e+06
Q86UN2	Q86UN2				3.73867e+06
Q86UN3	Q86UN3				1.43807e+07
Q86UW8	Q86UW8				2.41224e+06
Q86UX2	Q86UX2;Q86UX2-2;Q86UX2-3				7.19723e+06
Q86V85	Q86V85				336358
Q86VB7;Q86VB7-2;Q86VB7-3;Q86VB7-4	Q86VB7;Q86VB7-2;Q86VB7-3;Q86VB7-4				7.66033e+06
Q86VP6;Q86VP6-2	Q86VP6;Q86VP6-2				162812
Q86VR8	Q86VR8				698904
Q86VV8;Q86VV8-2;Q86VV8-3;Q86VV8-4	Q86VV8;Q86VV8-2;Q86VV8-4;Q86VV8-3				950270
Q86VZ4	Q86VZ4				2.189e+08
Q86X10;Q86X10-2;Q86X10-3;Q86X10-4	Q86X10;Q86X10-2;Q86X10-3;Q86X10-4				3.22904e+07
Q86X29;Q86X29-4;Q86X29-5;Q86X29-6	Q86X29;Q86X29-2;Q86X29-3;Q86X29-4;Q86X29-5;Q86X29-6				5.08009e+06
Q86XR7-2;Q9Y3B3;Q9Y3B3-2	Q9Y3B3;Q86XR7-2;Q9Y3B3-2				568169
Q86Y38	Q86Y38				2.03353e+06
Q86Y82	Q86Y82				456888
Q86YD3;Q86YD3-2;Q86YD3-4;Q86YD3-5	Q86YD3;Q86YD3-2;Q86YD3-3;Q86YD3-4;Q86YD3-5				3.98785e+06
Q86YL7;Q86YL7-3;Q86YL7-4;Q86YL7-5;Q86YL7-6	Q86YL7;Q86YL7-3;Q86YL7-4;Q86YL7-5;Q86YL7-6				44697
Q86YT9;Q86YT9-2;Q86YT9-3;Q86YT9-4	Q86YT9;Q86YT9-2;Q86YT9-3;Q86YT9-4				446101
Q86YZ3	Q86YZ3				1.31183e+06
Q8IUC8	Q8IUC8;Q8IUC8-3;Q8IUC8-2				1.94442e+06
Q8IUK5;Q8IUK5-2;Q8IUK5-3	Q8IUK5;Q8IUK5-2;Q8IUK5-3;Q8IUK5-4				3.74017e+06
Q8IUK8	Q8IUK8				7.99689e+06
Q8IUX7	Q8IUX7;Q8IUX7-2				9.29384e+06
Q8IV08	Q8IV08				8.25037e+06
Q8IW52	Q8IW52				3.83518e+06
Q8IWT1	Q8IWT1;Q8IWT1-2				1.10473e+06
Q8IWU2	Q8IWU2				2.05738e+06
Q8IWU5;Q8IWU5-2	Q8IWU5;Q8IWU5-2				2.19482e+07
Q8IWU6	Q8IWU6				135900
Q8IWV2	Q8IWV2				4.22715e+06
Q8IWY4	Q8IWY4				767563
Q8IXL6	Q8IXL6				3.77328e+06
Q8IYD8;Q8IYD8-2;Q8IYD8-3	Q8IYD8;Q8IYD8-2;Q8IYD8-3				1.06352e+07
Q8IYE1	Q8IYE1				4.69476e+07
Q8IYJ0;Q8IYJ0-2	Q8IYJ0;Q8IYJ0-2				6.1376e+07
Q8IYS5-2;Q8IYS5-3;Q8IYS5-6	Q8IYS5;Q8IYS5-2;Q8IYS5-3;Q8IYS5-4;Q8IYS5-5;Q8IYS5-6;Q8IYS5-7				3.0211e+06
Q8IZ52	Q8IZ52				374856
Q8IZA0;Q8IZA0-2	Q8IZA0;Q8IZA0-2				8.28914e+06
Q8IZF2;Q8IZF2-2;Q8IZF2-3	Q8IZF2;Q8IZF2-2;Q8IZF2-3				187010
Q8IZJ1;Q8IZJ1-2	Q8IZJ1;Q8IZJ1-2				1.15402e+06
Q8IZJ3;Q8IZJ3-2	Q8IZJ3;Q8IZJ3-2				698776
Q8IZP7	Q8IZP7				4.41279e+06
Q8IZS8	Q8IZS8;Q8IZS8-2;Q8IZS8-3				1.68539e+06
Q8N0W4;Q8N0W4-2;Q8NFZ3;Q8NFZ3-2	Q8N0W4;Q8NFZ3;Q8NFZ3-2;Q8N0W4-2				6.62406e+06
Q8N111	Q8N111				69121.9
Q8N114;Q8N114-2	Q8N114;Q8N114-2				3.26359e+07
Q8N126;Q8N126-2	Q8N126;Q8N126-2				3.67693e+07
Q8N128;Q8N128-2	Q8N128;Q8N128-2				52542.4
Q8N149;Q8N149-2;Q8N149-3;Q8N149-4	Q8N149;Q8N149-2;Q8N149-3;Q8N149-4				1.39638e+06
Q8N2Q7;Q8N2Q7-2	Q8N2Q7;Q8N2Q7-2				823950
Q8N2S1;Q8N2S1-2;Q8N2S1-3	Q8N2S1;Q8N2S1-2;Q8N2S1-3				5.58684e+06
Q8N3G9	Q8N3G9;Q8N3G9-2;Q8N3G9-3				655770
Q8N3J2	Q8N3J2				5.66014e+06
Q8N3J6;Q8N3J6-2;Q8N3J6-3	Q8N3J6;Q8N3J6-2;Q8N3J6-3;Q8N3J6-4;Q8N3J6-5				8.96295e+06
Q8N3T1	Q8N3T1				101606
Q8N3T6	Q8N3T6				1.67702e+06
Q8N428	Q8N428;Q8N428-2				2.82336e+06
Q8N436	Q8N436				903696
Q8N475;Q8N475-2	Q8N475;Q8N475-2;Q8N475-3				1.5734e+06
Q8N608;Q8N608-2;Q8N608-3;Q8N608-4	Q8N608;Q8N608-2;Q8N608-3;Q8N608-4				481780
Q8N6C5;Q8N6C5-2;Q8N6C5-4	Q8N6C5;Q8N6C5-2;Q8N6C5-4				2.14023e+06
Q8N6C8;Q8N6C8-3	O75022;P59901;Q8N423;Q8N6C8;Q6PI73;O75022-2;O75022-3;P59901-2;Q8N423-1;Q8N423-3;Q8N423-4;Q8N6C8-2;Q8N6C8-3				1.98386e+06
Q8N729	Q8N729				281865
Q8N8Z6;Q8N8Z6-2	Q8N8Z6;Q8N8Z6-2				53947
Q8N967	Q8N967				1.16249e+06
Q8NBI6	Q8NBI6				915096
Q8NBJ4;Q8NBJ4-2	Q8NBJ4;Q8NBJ4-2				1.0461e+07
Q8NBJ7	Q8NBJ7;Q8NBJ7-2;Q8NBJ7-3				729896
Q8NBL3;Q8NBL3-2	Q8NBL3;Q8NBL3-2				251730
Q8NBM8	Q8NBM8				55235.7
Q8NBP7	Q8NBP7				626381
Q8NBS9;Q8NBS9-2	Q8NBS9;Q8NBS9-2				669284
Q8NC42	Q8NC42				300989
Q8NC67;Q8NC67-3	Q8NC67;Q8NC67-3				184548
Q8NCC3	Q8NCC3;Q8NCC3-2				1.68649e+06
Q8NCH0	Q8NCH0				472447
Q8NCL4	Q8NCL4				2.92698e+06
Q8NCW5;Q8NCW5-2	Q8NCW5;Q8NCW5-2				2.98141e+06
Q8NEP3;Q8NEP3-2;Q8NEP3-3	Q8NEP3;Q8NEP3-2;Q8NEP3-3				1.34687e+09
Q8NES3;Q8NES3-3	Q8NES3;Q8NES3-2;Q8NES3-3;Q8NES3-4				2.78836e+06
Q8NEY1;Q8NEY1-2;Q8NEY1-3;Q8NEY1-4;Q8NEY1-6;Q8NEY1-7	Q8NEY1;Q8NEY1-2;Q8NEY1-3;Q8NEY1-4;Q8NEY1-6;Q8NEY1-7				2.56603e+07
Q8NFF2;Q8NFF2-3	Q8NFF2;Q8NFF2-3				971537
Q8NFP4;Q8NFP4-2	Q8NFP4;Q8NFP4-2				1.14974e+06
Q8NFT8	Q8NFT8				301831
Q8NFY4;Q8NFY4-6	Q8NFY4;Q8NFY4-2;Q8NFY4-3;Q8NFY4-4;Q8NFY4-5;Q8NFY4-6;Q8NFY4-8				5.59386e+06
Q8NFZ4	Q8NFZ4				5.25306e+06
Q8NFZ8	Q8NFZ8				3.38941e+07
Q8NHG7	Q8NHG7				794838
Q8NHP8	Q8NHP8;Q8NHP8-2				3.16734e+06
Q8NHQ9	Q8NHQ9				2.73995e+08
Q8NHS9;Q8NHS9-2	Q8NHS9;Q8NHS9-2				3.56101e+06
Q8TAB3;Q8TAB3-2;Q8TAB3-3	Q8TAB3;Q8TAB3-2;Q8TAB3-3				1.13763e+06
Q8TAG5;Q8TAG5-2	Q8TAG5;Q8TAG5-2				2.1527e+07
Q8TBP5	Q8TBP5				8.42392e+06
Q8TCZ2	Q8TCZ2;Q8TCZ2-2;Q8TCZ2-3;Q8TCZ2-5;Q8TCZ2-6				3.05429e+07
Q8TDF5;Q8TDF5-1;Q8TDF5-2	Q8TDF5;Q8TDF5-1;Q8TDF5-2				566825
Q8TDQ0;Q8TDQ0-2	Q8TDQ0;Q8TDQ0-2				2.55502e+06
Q8TDW7;Q8TDW7-1	Q8TDW7;Q8TDW7-1;Q8TDW7-2				445056
Q8TEA8	Q8TEA8				316276
Q8TER0;Q8TER0-5	Q8TER0;Q8TER0-3;Q8TER0-4;Q8TER0-5				3.44982e+06
Q8TEU8	Q8TEU8				1.52857e+07
Q8WUA8	Q8WUA8				171482
Q8WUJ3	Q8WUJ3;Q8WUJ3-2				6.45428e+06
Q8WVN6	Q8WVN6				1.47451e+06
Q8WVQ1;Q8WVQ1-3	Q8WVQ1;Q8WVQ1-2;Q8WVQ1-3				4.41935e+06
Q8WWX9	Q8WWX9				1.64921e+06
Q8WX77	Q8WX77				390278
Q8WXD2	Q8WXD2;Q8WXD2-2				1.45441e+08
Q8WXD2-2	Q8WXD2-2				4.06498e+06
Q8WXS5	Q8WXS5				123361
Q8WY21;Q8WY21-2;Q8WY21-3;Q8WY21-4	Q8WY21;Q8WY21-2;Q8WY21-3;Q8WY21-4				4.95028e+07
Q8WYK1	Q8WYK1				1.29067e+06
Q8WZ75;Q8WZ75-2;Q8WZ75-3	Q8WZ75;Q8WZ75-2;Q8WZ75-3				413199
Q8WZA1	Q8WZA1;Q8WZA1-2				1.17521e+07
Q92484;Q92484-2	Q92484;Q92484-2				925451
Q92485	Q92485;Q92485-2				1.63585e+06
Q92520	Q92520				8.42425e+07
Q92542;Q92542-2	Q92542;Q92542-2				1.16424e+06
Q92563	Q92563				1.53861e+07
Q92673	Q92673				4.07011e+06
Q92686	Q92686				120408
Q92692;Q92692-2	Q92692;Q92692-2				1.31563e+06
Q92729;Q92729-2;Q92729-3;Q92729-4	Q92729;Q92729-2;Q92729-3;Q92729-4				586665
Q92743	Q92743				1.84338e+06
Q92752	Q92752;Q92752-2				3.41239e+06
Q92765	Q92765				3.29675e+06
Q92820	Q92820				1.08589e+07
Q92823	Q92823;Q92823-2;Q92823-3;Q92823-4;Q92823-5;Q92823-6				8.32471e+07
Q92832;Q92832-2	Q92832;Q92832-2				1.09568e+06
Q92854	Q92854;Q92854-2				1.2507e+06
Q92859;Q92859-2;Q92859-3	Q92859;Q92859-2;Q92859-3;Q92859-4				1.12261e+07
Q92876	Q92876;Q92876-2				2.5755e+08
Q92896;Q92896-2;Q92896-3	Q92896;Q92896-2;Q92896-3				718567
Q92911	Q92911				1.07604e+06
Q92932-2	Q92932;Q92932-2;Q92932-3;Q92932-4				1.06074e+07
Q92945;Q96AE4;Q96AE4-2	Q92945;Q96AE4;Q96AE4-2				1.76408e+07
Q92954;Q92954-2;Q92954-6	Q92954;Q92954-2;Q92954-3;Q92954-4;Q92954-5;Q92954-6				3.92223e+06
Q93063;Q93063-2;Q93063-3	Q93063;Q93063-2;Q93063-3				740864
Q93091	Q93091				4.14152e+06
Q969H8	Q969H8				2.7997e+06
Q969P0;Q969P0-3	Q969P0;Q969P0-3				4.30123e+07
Q969T9	Q969T9;Q969T9-2				5.87232e+06
Q969Z4	Q969Z4				897444
Q96AP7	Q96AP7				1.26659e+07
Q96AQ1;Q96AQ1-2;Q96LY2;Q96LY2-2	Q96LY2;Q96LY2-2;Q96AQ1;Q96AQ1-2				642281
Q96AQ6;Q96AQ6-2	Q96AQ6;Q96AQ6-2				595212
Q96B86;Q96B86-3;Q96B86-4	Q96B86;Q96B86-3;Q96B86-4				8.18671e+06
Q96BY9	Q96BY9				360183
Q96BZ4	Q96BZ4				4.43726e+06
Q96CG8;Q96CG8-2;Q96CG8-3	Q96CG8;Q96CG8-2;Q96CG8-3				1.98827e+06
Q96CW9;Q96CW9-2	Q96CW9;Q96CW9-2				233428
Q96D05;Q96D05-2	Q96D05;Q96D05-2				1.97029e+06
Q96DT5	Q96DT5				6.32012e+06
Q96EE4	Q96EE4				192396
Q96EG1	Q96EG1				263428
Q96EU7	Q96EU7				120200
Q96FE5;Q96FE5-2	Q96FE5;Q7L985;Q96FE5-2				5.62379e+06
Q96FE7-4	Q96FE7;Q96FE7-2;Q96FE7-4;Q96FE7-5				3.3343e+07
Q96FJ2	P63167;Q96FJ2				1.62105e+06
Q96GD0	Q96GD0				131663
Q96GW7	Q96GW7;Q96GW7-2				1.53054e+08
Q96HD1;Q96HD1-2	Q96HD1;Q96HD1-2				1.98168e+06
Q96HU1;Q96HU1-2	Q96HU1;Q96HU1-2				536059
Q96ID5	Q96ID5				8.17694e+06
Q96IU4	Q96IU4				757972
Q96IY4	Q96IY4				7.11562e+06
Q96J42;Q96J42-2	Q96J42;Q96J42-2				310042
Q96JA1;Q96JA1-2	Q96JA1;Q96JA1-2				111694
Q96JF0	Q96JF0;Q96JF0-2				1.09075e+07
Q96JP9;Q96JP9-2	Q96JP9;Q96JP9-2				224782
Q96JQ0	Q96JQ0				649044
Q96KG7;Q96KG7-2	Q96KG7;Q96KG7-2				527020
Q96KN2	Q96KN2				3.01306e+08
Q96L96	Q96L96				587429
Q96MC2	Q96MC2				3.54486e+06
Q96MK3	Q96MK3				83338.8
Q96MU8;Q96MU8-2;Q96MU8-3	Q96MU8;Q96MU8-2;Q96MU8-3				178818
Q96NI6	Q96NI6				248159
Q96NY7;Q96NY7-2	Q96NY7;Q96NY7-2				52563.2
Q96NZ9	Q96NZ9;Q96NZ9-3;Q96NZ9-4				2.96967e+06
Q96P44;Q96P44-3	Q96P44;Q96P44-3				2.74241e+06
Q96PD2;Q96PD2-2	Q96PD2;Q96PD2-2				965963
Q96PD5	Q96PD5;Q96PD5-2				1.09497e+07
Q96PQ0	Q96PQ0				3.08254e+06
Q96PX8	Q96PX8				1.2904e+07
Q96RW7;Q96RW7-2	Q96RW7;Q96RW7-2				253872
Q96S96	Q96S96				2.82699e+07
Q96SM3	Q96SM3				372855
Q96TC7;Q96TC7-2	Q96TC7;Q96TC7-2				268438
Q99435;Q99435-2;Q99435-3;Q99435-4	Q99435;Q99435-2;Q99435-3;Q99435-4				1.91507e+08
Q99497	Q99497				6.24088e+06
Q99519	Q99519				1.52603e+06
Q99523	Q99523;Q99523-2				4.02566e+06
Q99538	Q99538;Q99538-2;Q99538-3				1.25123e+06
Q99574	Q99574				1.46647e+07
Q99584	Q99584				385505
Q99650;Q99650-2	Q99650;Q99650-2				1.82051e+06
Q99674	Q99674;Q99674-2				1.61733e+07
Q99715	Q99715;Q99715-2;Q99715-4				1.32179e+06
Q99784	Q99784;Q99784-3;Q99784-5				3.51193e+06
Q99805	Q99805				49116.4
Q99941;Q99941-2	Q99941;Q99941-2				1.12809e+06
Q99946	Q99946				3.23613e+06
Q99969	Q99969				6.73129e+06
Q99972	Q99972				1.13999e+06
Q99983	Q99983				3.33777e+07
Q99985	Q99985				926649
Q9BQ16	Q9BQ16;Q9BQ16-1;Q9BQ16-4;Q9BQ16-5;Q9BQ16-6;Q9BQ16-7;Q9BQ16-8				7.05832e+06
Q9BQS7;Q9BQS7-2;Q9BQS7-3	Q9BQS7;Q9BQS7-2;Q9BQS7-3;Q9BQS7-4				174708
Q9BQT9;Q9BQT9-2	Q9BQT9;Q9BQT9-2				4.12481e+07
Q9BRA2	Q9BRA2				825537
Q9BRK3;Q9BRK3-2;Q9BRK3-3	Q9BRK3;Q9BRK3-2;Q9BRK3-3				2.12161e+06
Q9BRK5	Q9BRK5;Q9BRK5-2;Q9BRK5-5				8.84496e+06
Q9BS26	Q9BS26				621045
Q9BSG5;Q9BSG5-2;Q9BSG5-3	Q9BSG5;Q9BSG5-2;Q9BSG5-3				457379
Q9BTY2	Q9BTY2				5.0083e+06
Q9BU40;Q9BU40-4;Q9BU40-5	Q9BU40;Q9BU40-3;Q9BU40-4;Q9BU40-5				2.27714e+06
Q9BUD6	Q9BUD6				1.54503e+06
Q9BUJ0	Q9BUJ0				2.49194e+06
Q9BUN1	Q9BUN1				2.29636e+06
Q9BV94;Q9BV94-2	Q9BV94;Q9BV94-2				222034
Q9BVK6	Q9BVK6				278802
Q9BWQ8	Q9BWQ8				5.89341e+06
Q9BWS9;Q9BWS9-3	Q9BWS9;Q9BWS9-3				622355
Q9BX67;Q9BX67-2	Q9BX67;Q9BX67-2				4.35651e+06
Q9BXJ0	Q9BXJ0				5.77615e+06
Q9BXJ1;Q9BXJ1-2	Q9BXJ1;Q9BXJ1-2				3.2602e+06
Q9BXJ3	Q9BXJ3				2.83655e+06
Q9BXJ4;Q9BXJ4-2;Q9BXJ4-3	Q9BXJ4;Q9BXJ4-2;Q9BXJ4-3				5.0573e+06
Q9BXP8	Q9BXP8				601349
Q9BXR6	Q9BXR6				741299
Q9BXX0	Q9BXX0				198786
Q9BY67-2	Q9BY67;Q9BY67-2;Q9BY67-3;Q9BY67-4;Q9BY67-5				4.18068e+07
Q9BY76;Q9BY76-2	Q9BY76;Q9BY76-2				104175
Q9BYH1;Q9BYH1-5;Q9BYH1-6;Q9BYH1-7	Q9BYH1;Q9BYH1-2;Q9BYH1-3;Q9BYH1-4;Q9BYH1-5;Q9BYH1-6;Q9BYH1-7				1.92551e+07
Q9BZC7;Q9BZC7-2;Q9BZC7-3;Q9BZC7-4	Q9BZC7;Q9BZC7-2;Q9BZC7-3;Q9BZC7-4				7.58956e+06
Q9BZR6	Q9BZR6				1.50665e+07
Q9C0A0	Q9C0A0;Q96NU0;Q9BZ76;Q9BZ76-2;Q96NU0-2;Q9C0A0-2				1.22658e+07
Q9GZM5	Q9GZM5				9.14684e+06
Q9GZP0;Q9GZP0-2	Q9GZP0;Q9GZP0-2				334226
Q9GZP4;Q9GZP4-2	Q9GZP4;Q9GZP4-2				2.06638e+06
Q9GZT8;Q9GZT8-2	Q9GZT8;Q9GZT8-2;Q9GZT8-3				728592
Q9GZV7	Q9GZV7				424459
Q9GZX9	Q9GZX9				4.29524e+06
Q9H008;Q9H008-2	Q9H008;Q9H008-2				358615
Q9H0Q3;Q9H0Q3-2	Q9H0Q3;Q9H0Q3-2				1.91968e+06
Q9H0R4;Q9H0R4-2	Q9H0R4;Q9H0R4-2				294779
Q9H0W9;Q9H0W9-2;Q9H0W9-3	Q9H0W9;Q9H0W9-3;Q9H0W9-2;Q9H0W9-4				110637
Q9H156;Q9H156-2	Q9H156;Q9H156-2				1.14448e+06
Q9H173	Q9H173				905341
Q9H1C7	Q9H1C7				432157
Q9H1U4	Q9H1U4				1.94908e+06
Q9H1Z8	Q9H1Z8				2.84332e+07
Q9H251;Q9H251-2;Q9H251-3;Q9H251-4;Q9H251-8	Q9H251;Q9H251-2;Q9H251-3;Q9H251-4;Q9H251-8				2.00243e+06
Q9H299	Q9H299				2.51684e+06
Q9H2A7	Q9H2A7				6.30212e+06
Q9H2E6;Q9H2E6-2	Q9H2E6;Q9H2E6-2				5.98791e+06
Q9H2G2	Q9H2G2;Q9H2G2-2				1.83484e+06
Q9H2X0;Q9H2X0-5	Q9H2X0;Q9H2X0-5				1.76542e+06
Q9H2X8	Q9H2X8				149934
Q9H2X9;Q9H2X9-2	Q9H2X9;Q9H2X9-2				681996
Q9H3G5	Q9H3G5				3.47445e+06
Q9H3S3	Q9H3S3				649974
Q9H3T2;Q9H3T2-3	Q9H3T2;Q9H3T2-3				754271
Q9H3T3;Q9H3T3-3	Q9H3T3;Q9H3T3-3				1.16628e+06
Q9H3U7;Q9H3U7-2	Q9H3U7;Q9H3U7-2				31598.2
Q9H461	Q9H461				276765
Q9H492;Q9H492-2	Q9GZQ8;Q9H492;A6NCE7;Q9H492-2				441115
Q9H4A9;Q9H4A9-2	Q9H4A9;Q9H4A9-2;Q9H4A9-3				111821
Q9H4D0	Q9H4D0				4.21046e+06
Q9H4F8;Q9H4F8-2	Q9H4F8;Q9H4F8-2				1.95306e+06
Q9H5I5;Q9H5I5-2;Q9H5I5-3;Q9H5I5-4	Q9H5I5;Q9H5I5-2;Q9H5I5-3;Q9H5I5-4				1.63104e+06
Q9H5P4	Q9H5P4				2.06912e+07
Q9H6B4	Q9H6B4				547153
Q9H6X2;Q9H6X2-2;Q9H6X2-3;Q9H6X2-4;Q9H6X2-5;Q9H6X2-6	Q9H6X2;Q9H6X2-2;Q9H6X2-3;Q9H6X2-4;Q9H6X2-5;Q9H6X2-6				1.50149e+06
Q9H741	Q9H741				432490
Q9H7Y0	Q9H7Y0;Q9H7Y0-2				629093
Q9H8J5	Q9H8J5				5.27038e+06
Q9H8L6	Q9H8L6				7.74539e+06
Q9H9S5	Q9H9S5				697806
Q9HAR2;Q9HAR2-2;Q9HAR2-3;Q9HAR2-4	Q9HAR2;Q9HAR2-2;Q9HAR2-3;Q9HAR2-4				3.22903e+06
Q9HAT2	Q9HAT2;Q9HAT2-2				7.4982e+06
Q9HB40	Q9HB40;Q9HB40-2				57758
Q9HBR0	Q9HBR0				2.76313e+06
Q9HBT6	Q9HBT6				1.47599e+06
Q9HBW1	Q9HBW1				1.06376e+06
Q9HC38-2	Q9HC38;Q9HC38-2;Q9HC38-3				656593
Q9HC56;Q9HC56-2	Q9HC56;Q9HC56-2				3.601e+06
Q9HC57	Q9HC57				2.18041e+06
Q9HCB6	Q9HCB6				2.2373e+06
Q9HCK4;Q9HCK4-2;Q9HCK4-3	Q9HCK4;Q9HCK4-2;Q9HCK4-3				1.09573e+06
Q9HCM2;Q9HCM2-2;Q9HCM2-3	Q9HCM2;Q9HCM2-2;Q9HCM2-3				217894
Q9HCU0	Q9HCU0				2.04633e+06
Q9HCU4	Q9HCU4				8.79096e+06
Q9HD45	Q9HD45				289583
Q9HDB5;Q9HDB5-2;Q9HDB5-3;Q9HDB5-4	Q9HDB5;Q9HDB5-2;Q9HDB5-3;Q9HDB5-4				5.07288e+06
Q9HDC9	Q9HDC9;Q9HDC9-2				1.81407e+06
Q9NP58;Q9NP58-4	Q9NP58;Q9NP58-4				1.11751e+07
Q9NP80;Q9NP80-2;Q9NP80-3	Q9NP80;Q9NP80-2;Q9NP80-3				7.43178e+06
Q9NP84	Q9NP84				1.33854e+06
Q9NPC4	Q9NPC4				391032
Q9NPD7	Q9NPD7				6.04832e+06
Q9NPG4	Q9NPG4				963292
Q9NPH3;Q9NPH3-2;Q9NPH3-5	Q9NPH3;Q9NPH3-2;Q9NPH3-3;Q9NPH3-5				1.17865e+06
Q9NPR2;Q9NPR2-2	Q9NPR2;Q9NPR2-2				4.32389e+06
Q9NQ30	Q9NQ30				166440
Q9NQ36;Q9NQ36-2;Q9NQ36-3	Q9NQ36;Q9NQ36-2;Q9NQ36-3				569329
Q9NQ79;Q9NQ79-2	Q9NQ79;Q9NQ79-2;Q9NQ79-3				5.3676e+07
Q9NQS3;Q9NQS3-2;Q9NQS3-3	Q9NQS3;Q9NQS3-2;Q9NQS3-3				1.54475e+06
Q9NQX5	Q9NQX5				1.5787e+06
Q9NQX7;Q9NQX7-3	Q9NQX7;Q9NQX7-3				655794
Q9NR34	Q9NR34				3.65823e+06
Q9NRB3	Q9NRB3				1.05276e+06
Q9NRN5	Q9NRN5;Q9NRN5-2				4.97979e+06
Q9NRR1	Q9NRR1				4.24169e+06
Q9NS85	Q9NS85;Q9NS85-2				1.83319e+06
Q9NS98	Q9NS98				5.6241e+06
Q9NSC7	Q9NSC7				1.09611e+06
Q9NT22;Q9NT22-2	Q9NT22;Q9NT22-2				1.48452e+06
Q9NT99	Q9NT99				1.18244e+07
Q9NTU7	Q9NTU7				8.78599e+06
Q9NUQ9	Q9NUQ9				1.22924e+06
Q9NWD8	Q9NWD8				514453
Q9NX62	Q9NX62				8.34758e+06
Q9NY15	Q9NY15				1.14689e+06
Q9NY33	Q9NY33;Q9NY33-2;Q9NY33-4				664510
Q9NY47;Q9NY47-2;Q9NY47-3;Q9NY47-4;Q9NY47-5	Q9NY47;Q9NY47-2;Q9NY47-3;Q9NY47-4;Q9NY47-5				1.1008e+06
Q9NY72	Q9NY72				4.23873e+06
Q9NY97;Q9NY97-2	Q9NY97;Q9NY97-2				3.34026e+06
Q9NYQ8	Q9NYQ8				3.29399e+06
Q9NYX4	Q9NYX4				1.78616e+07
Q9NZ08;Q9NZ08-2	Q9NZ08;Q9NZ08-2				2.09679e+06
Q9NZ53	Q9NZ53				5.08758e+06
Q9NZ72;Q9NZ72-2	Q9NZ72;Q9NZ72-2				570132
Q9NZ94;Q9NZ94-2;Q9NZ94-3	Q9NZ94;Q9NZ94-2;Q9NZ94-3				528494
Q9NZC2;Q9NZC2-2;Q9NZC2-3	Q9NZC2;Q9NZC2-2;Q9NZC2-3				1.47573e+06
Q9NZK5	Q9NZK5				3.32751e+06
Q9NZP8	Q9NZP8				2.58075e+07
Q9NZR2	Q9NZR2				1.2427e+07
Q9NZU0	Q9NZU0				165039
Q9NZU1	Q9NZU1				2.09493e+06
Q9P035	Q9P035				43454.6
Q9P0K1;Q9P0K1-2;Q9P0K1-5	Q9P0K1;Q9P0K1-2;Q9P0K1-3;Q9P0K1-4;Q9P0K1-5				1.87804e+07
Q9P0K9	Q9P0K9				3.52403e+06
Q9P0L0;Q9P0L0-2	Q9P0L0;Q9P0L0-2				837250
Q9P0S2	Q9P0S2				590333
Q9P121-4	Q9P121;Q9P121-3;Q9P121-2;Q9P121-4				5.49996e+07
Q9P232	Q9P232				3.02918e+06
Q9P2E7;Q9P2E7-2	Q9P2E7;Q9P2E7-2				1.56064e+06
Q9P2S2	P58401;Q9P2S2				1.05449e+07
Q9UBE0;Q9UBE0-2;Q9UBE0-3	Q9UBE0;Q9UBE0-2;Q9UBE0-3				894042
Q9UBG0	Q9UBG0				2.14885e+06
Q9UBP4	Q9UBP4				2.54273e+08
Q9UBQ6	Q9UBQ6				1.27302e+07
Q9UBR2	Q9UBR2				1.22476e+07
Q9UBX1	Q9UBX1				4.0279e+06
Q9UBX5	Q9UBX5				9.92689e+06
Q9UBX7;Q9UBX7-1;Q9UBX7-3;Q9UBX7-4	Q9UBX7;Q9UBX7-1;Q9UBX7-3;Q9UBX7-4				1.22122e+06
Q9UD71;Q9UD71-2	Q9UD71;Q9UD71-2				90965.6
Q9UEW3;Q9UEW3-2	Q9UEW3;Q9UEW3-2				229365
Q9UF11;Q9UF11-2;Q9UF11-3;Q9UF11-4	Q9UF11;Q9UF11-2;Q9UF11-3;Q9UF11-4				1.65338e+06
Q9UFP1	Q9UFP1				640130
Q9UGM5;Q9UGM5-2	Q9UGM5;Q9UGM5-2				3.10769e+06
Q9UGV2;Q9UGV2-2;Q9UGV2-3	Q9UGV2;Q9UGV2-2;Q9UGV2-3				334251
Q9UHC6	Q9UHC6				7.26969e+06
Q9UHD9	Q9UHD9				59559.6
Q9UHF0;Q9UHF0-2;Q9UHF0-3	Q9UHF0;Q9UHF0-2;Q9UHF0-3				3.69631e+06
Q9UHG2	Q9UHG2				7.6561e+07
Q9UHG3;Q9UHG3-2	Q9UHG3;Q9UHG3-2				1.69069e+06
Q9UHI8	Q9UHI8				2.81259e+06
Q9UHL4	Q9UHL4				7.87263e+06
Q9UHY7	Q9UHY7;Q9UHY7-2				371367
Q9UI15	Q9UI15				101360
Q9UI40;Q9UI40-2	Q9UI40;Q9UI40-2				1.32711e+07
Q9UI42;Q9UI42-2	Q9UI42;Q9UI42-2				210734
Q9UIB8;Q9UIB8-2;Q9UIB8-3;Q9UIB8-4;Q9UIB8-5;Q9UIB8-6	Q9UIB8;Q9UIB8-2;Q9UIB8-3;Q9UIB8-4;Q9UIB8-5;Q9UIB8-6				616401
Q9UIQ6;Q9UIQ6-2;Q9UIQ6-3	Q9UIQ6;Q9UIQ6-2;Q9UIQ6-3				597737
Q9UIW2	P51805;Q9UIW2				943156
Q9UJ14	Q9UJ14				4.54308e+06
Q9UJ99	Q9UJ99				4.01291e+06
Q9UJA9	Q9UJA9				3.48116e+06
Q9UJH8	Q9UJH8				1.15273e+06
Q9UJJ9	Q9UJJ9				7.72431e+06
Q9UJQ1;Q9UJQ1-2	Q9UJQ1;Q9UJQ1-2				1.77644e+06
Q9UK55	Q9UK55				1.52062e+06
Q9UKB5	Q9UKB5				4.7778e+06
Q9UKF6	Q9UKF6				32213.4
Q9UKJ1-3	Q9UKJ1;Q9UKJ1-2;Q9UKJ1-3;Q9UKJ1-4				2.59585e+06
Q9UKK9	Q9UKK9				13373.3
Q9UKM7	Q9UKM7				773669
Q9UKQ2;Q9UKQ2-2	Q9UKQ2;Q9UKQ2-2				739680
Q9UKU6	Q9UKU6				1.51369e+06
Q9UKU9	Q9UKU9;Q9UKU9-2				1.39656e+06
Q9UKZ4;Q9UKZ4-2	Q9UKZ4;Q9UKZ4-2				195598
Q9ULB1-2;Q9ULB1-3	P58400;Q9ULB1-2;Q9ULB1-3				1.76947e+07
Q9ULB4	Q9ULB4				1.3443e+06
Q9ULB5	Q9ULB5				1.65188e+06
Q9ULF5	Q9ULF5				7.33993e+06
Q9ULH4	Q9ULH4				925411
Q9ULI3;Q9ULI3-2	Q9ULI3;Q9ULI3-2				5.28192e+06
Q9ULI4	Q9ULI4				709776
Q9ULL4;Q9ULL4-2	Q9ULL4;Q9ULL4-2				1.44505e+06
Q9ULP0-3;Q9ULP0-6	Q9ULP0;Q9ULP0-2;Q9ULP0-3;Q9ULP0-4;Q9ULP0-5;Q9ULP0-6;Q9ULP0-7;Q9ULP0-8				1.23251e+06
Q9ULX7	Q9ULX7				1.2145e+06
Q9ULZ3;Q9ULZ3-2;Q9ULZ3-3	Q9ULZ3;Q9ULZ3-2;Q9ULZ3-3				32900.7
Q9ULZ9	Q9ULZ9;Q9ULZ9-2				1.5987e+06
Q9UM22	Q9UM22				6.88077e+06
Q9UM47	Q9UM47				2.98356e+06
Q9UMF0	Q9UMF0				8.34711e+06
Q9UMX5	Q9UMX5				1.13253e+07
Q9UN36-2;Q9UN36-6	Q9UN36-2;Q9UN36-4;Q9UN36-5;Q9UN36-6				3.46698e+06
Q9UN70;Q9UN70-2	Q9UN70;Q9UN70-2				1.73078e+06
Q9UNN8	Q9UNN8				3.99746e+06
Q9UNW1	Q9UNW1;Q9UNW1-4				3.31335e+06
Q9UP79	Q9UP79				1.42753e+06
Q9UPU3	Q9UPU3				1.61973e+07
Q9UQ52	Q9UQ52				1.70828e+06
Q9UQM7;Q9UQM7-2	Q9UQM7;Q9UQM7-2				5.97862e+06
Q9Y240	Q9Y240				3.75878e+06
Q9Y274	Q9Y274;Q9Y274-2				216428
Q9Y279;Q9Y279-2	Q9Y279;Q9Y279-2				1.65952e+06
Q9Y287	Q9Y287;Q9Y287-2				3.86509e+06
Q9Y2C2	Q9Y2C2				113524
Q9Y2E5	Q9Y2E5;Q9Y2E5-2				579267
Q9Y2G1;Q9Y2G1-2	Q9Y2G1;Q9Y2G1-2				264817
Q9Y2G5;Q9Y2G5-1;Q9Y2G5-2	Q9Y2G5;Q9Y2G5-1;Q9Y2G5-2				50061.6
Q9Y2I2;Q9Y2I2-1;Q9Y2I2-2;Q9Y2I2-4;Q9Y2I2-5;Q9Y2I2-6	Q9Y2I2;Q9Y2I2-1;Q9Y2I2-2;Q9Y2I2-4;Q9Y2I2-5;Q9Y2I2-6				3.65647e+06
Q9Y2T3;Q9Y2T3-3	Q9Y2T3;Q9Y2T3-2;Q9Y2T3-3				8.56081e+06
Q9Y2Z0;Q9Y2Z0-2	Q9Y2Z0;Q9Y2Z0-2				255518
Q9Y328	Q9Y328				66599.3
Q9Y334;Q9Y334-2	Q9Y334;Q9Y334-2				827034
Q9Y490	Q9Y490				34074.8
Q9Y4C0-4	Q9HDB5-3;Q9HDB5-4;Q9Y4C0-4				2.12258e+07
Q9Y4D7	Q9Y4D7;Q9Y4D7-2				4.98156e+07
Q9Y4L1	Q9Y4L1;Q9Y4L1-2				6.10708e+06
Q9Y5F6-2	Q9Y5F6;Q9Y5F6-2				1.75662e+07
Q9Y5G4;Q9Y5G4-2	Q9Y5G4;Q9Y5H3;Q9Y5G4-2;Q9Y5H3-2				204779
Q9Y5G9;Q9Y5G9-2	Q9Y5G6;Q9Y5G9;Q9Y5H0;Q9Y5H1;Q9Y5G6-2;Q9Y5G9-2;Q9Y5H0-2;Q9Y5H1-2				446883
Q9Y5I4;Q9Y5I4-2	Q9Y5I4;Q9Y5I4-2				2.89746e+06
Q9Y5L2	Q9Y5L2				2.44067e+06
Q9Y5Y7	Q9Y5Y7				1.67124e+07
Q9Y617	Q9Y617;Q9Y617-2				1.48423e+06
Q9Y625	Q9Y625				649289
Q9Y639-3;Q9Y639-5	Q9Y639;Q9Y639-1;Q9Y639-3;Q9Y639-4;Q9Y639-5				1.67115e+06
Q9Y646	Q9Y646				1.62729e+07
Q9Y653;Q9Y653-2;Q9Y653-3	Q9Y653;Q9Y653-2;Q9Y653-3;Q9Y653-4;Q9Y653-5				893140
Q9Y696	Q9Y696				727441
Q9Y6C2	Q9Y6C2;Q9Y6C2-2				828474
Q9Y6N6	Q9Y6N6				2.02401e+06
Q9Y6N7;Q9Y6N7-2;Q9Y6N7-3;Q9Y6N7-4;Q9Y6N7-5;Q9Y6N7-6	Q9Y6N7;Q9Y6N7-2;Q9Y6N7-3;Q9Y6N7-4;Q9Y6N7-5;Q9Y6N7-6				5.97471e+06
Q9Y6N8	Q9Y6N8				1.9905e+06
Q9Y6R7	Q9Y6R7				2.51207e+07
Q9Y6X5	Q9Y6X5				875067
Q9Y6Y8;Q9Y6Y8-2	Q9Y6Y8;Q9Y6Y8-2				1.15448e+07
