Protein.Group	Protein.Ids	Protein.Names	Genes	First.Protein.Description	/fs/pool/pool-mann-projects/Johannes/Jakob_AD_CSF_data/All_without_random_20/All_Raw/20190210_QX1_PhGe_SA_EASY12-10_Majken_A7_CSF_531-12_column_clog_repeat.mzML
A0A075B6H7;A0A0C4DH55;P01624	P01624;A0A075B6H7;A0A0C4DH55				3.0653e+08
A0A075B6H9	A0A075B6H9				1.85285e+07
A0A075B6I0	A0A075B6I0				4.12363e+07
A0A075B6I1	A0A075B6I1				1.02984e+07
A0A075B6J1;A0A0A0MRZ9	A0A075B6J1;A0A0A0MRZ9				1.22194e+06
A0A075B6J9	A0A075B6J9				1.70922e+06
A0A075B6K2	A0A075B6K2				685329
A0A075B6K4	A0A075B6K0;A0A075B6K4				8.231e+06
A0A075B6K5	A0A075B6K5				1.61182e+07
A0A075B6K6	A0A075B6K6				1.62368e+06
A0A075B6P5;P01615	P01615;A0A075B6P5				5.75304e+07
A0A075B6R2	A0A075B6R2				1.27096e+07
A0A075B6R9;A0A0C4DH68	A0A075B6R9;A0A0C4DH68				2.77603e+07
A0A075B6S2	A0A075B6S2;A2NJV5				2.32664e+08
A0A075B6S5	A0A075B6S5				2.01605e+06
A0A075B6S6	A0A075B6S6				696603
A0A087WSX0	A0A087WSX0;A0A0G2JS06				8.46395e+06
A0A087WSY4	A0A087WSY4				1.02395e+07
A0A087WSY6	A0A087WSY6				2.13322e+08
A0A087WW87;P01614	P01614;A0A087WW87				154296
A0A0A0MRZ8;P04433	P04433;A0A0A0MRZ8				2.84637e+08
A0A0A0MS15	A0A0A0MS15				824118
A0A0A0MT36;A0A0C4DH26	A0A0A0MT36;A0A0C4DH26				513200
A0A0A0MT89	A0A0A0MT89				1.65547e+06
A0A0B4J1U7	A0A0B4J1U7				2.75399e+07
A0A0B4J1V0	A0A0B4J1V0				1.98484e+08
A0A0B4J1V2	A0A0B4J1V2				5.35924e+06
A0A0B4J1X5	P01764;P01768;P01772;P01767;A0A0B4J1X5;A0A0C4DH42;P0DP02;P0DP03				8.08465e+07
A0A0B4J1Y8	A0A0B4J1Y8				1.17618e+07
A0A0B4J1Y9	A0A0B4J1Y9				1.58304e+06
A0A0B4J2D9;P0DP09	A0A0B4J2D9;P0DP09				174046
A0A0C4DH24	A0A0C4DH24				6.01723e+06
A0A0C4DH25	A0A0C4DH25				1.76167e+07
A0A0C4DH33	A0A0C4DH33				964346
A0A0C4DH34	A0A0C4DH34				1.25656e+07
A0A0C4DH35	A0A0C4DH35				1.9532e+06
A0A0C4DH36	A0A0C4DH36				2.7369e+06
A0A0C4DH38	A0A0C4DH38;A0A0J9YXX1				1.65459e+08
A0A0C4DH39	A0A0C4DH39				381777
A0A0C4DH43	A0A0C4DH43				1.39098e+07
A0A0C4DH67	A0A0C4DH67				1.98929e+07
A0A0C4DH72	P01599;A0A0C4DH72				3.5003e+07
A0A0G2JMI3	A0A0G2JMI3				2.33162e+06
A0A0J9YX35	A0A0J9YX35				6.872e+06
A0A2R8Y619;O60814;P06899;P23527;P33778;P57053;P58876;P62807;Q16778;Q5QNW6;Q5QNW6-2;Q8N257;Q93079;Q96A08;Q99877;Q99879;Q99880	O60814;P06899;P23527;P33778;P57053;P58876;P62807;Q16778;Q5QNW6;Q8N257;Q93079;Q96A08;Q99877;Q99879;Q99880;A0A2R8Y619;Q5QNW6-2				443215
A0M8Q6	P0CG04;P0DOY2;P0DOY3;A0M8Q6;P0CF74;B9A064;P0DOX8				3.87896e+08
A1L4H1	A1L4H1				3.39926e+06
A5D6W6	A5D6W6				2.87656e+06
A6BM72;A6BM72-2;A6BM72-4	A6BM72;A6BM72-2;A6BM72-4				1.61947e+06
A6NCE7;Q9GZQ8	Q9GZQ8;A6NCE7				254882
A6NGN9	A6NGN9				7.41538e+06
A6NHG4;P30046;P30046-2	P30046;A6NHG4;P30046-2				5.70968e+06
A6NL88	A6NL88				1.93636e+06
A6NLU5	A6NLU5				1.16254e+07
A6NML5	A6NML5				3.83733e+06
A8MTJ3;P04899;P04899-4;P08754;P11488;P19087;P63096	A8MTJ3;P04899;P08754;P09471;P11488;P19087;P38405;P63092;P63096;Q5JWF2;P63092-2;P04899-4;P63092-3;P63092-4;Q5JWF2-2;P09471-2;P38405-2				384290
A8MTW9	A8MTW9				762639
B4DS77;B4DS77-2;B4DS77-3	B4DS77;B4DS77-2;B4DS77-3				284823
C9JVW0	C9JVW0				5.04238e+06
E2RYF7	E2RYF7				3.05707e+06
I3L3R5	I3L3R5				260894
O00115;O00115-2	O00115;O00115-2				4.14185e+06
O00142;O00142-2;O00142-3;O00142-4;O00142-5;O00142-6	O00142;O00142-2;O00142-3;O00142-4;O00142-5;O00142-6				2.58748e+07
O00187;O00187-2	O00187;O00187-2				1.72987e+06
O00244	O00244				668741
O00264	O00264;O00264-2				1.42402e+08
O00292;O00292-2	O00292;O75610;O00292-2				1.83489e+06
O00299	O00299				1.11585e+06
O00339;O00339-2	O00339;O00339-2;O00339-3				2.61747e+06
O00391	O00391;O00391-2				2.0803e+07
O00451	O00451;O00451-2;O00451-3				9.24425e+06
O00461	O00461				9.69806e+06
O00462	O00462				1.06109e+07
O00468-6	O00468-6;O00468-7				1.69707e+07
O00469;O00469-2;O00469-3	O00469;O00469-2;O00469-3				292480
O00533	O00533				3.7407e+06
O00533-2	O00533;O00533-2				1.62766e+08
O00560;O00560-2;O00560-3	O00560;O00560-2;O00560-3				1.32541e+06
O00567	O00567				181637
O00584	O00584				1.35973e+07
O00754;O00754-2	O00754;O00754-2				2.35283e+06
O14498	O14498				5.93165e+07
O14514	O14514				2.62776e+06
O14522;O14522-1	O14522;O14522-1				1.49343e+06
O14525;O14525-2;O14525-3	O14525;O14525-2;O14525-3				325632
O14594	O14594				9.53276e+07
O14657	O14657				78069.5
O14668	O14668				1.48582e+06
O14672	O14672				2.86961e+06
O14737;O14737-2	O14737;O14737-2				99878.9
O14745	O14745;O14745-2				376772
O14773	O14773				1.16448e+07
O14786;O14786-2;O14786-3	O14786;O14786-2;O14786-3				6.30658e+06
O14791-2	O14791;O14791-2;O14791-3				1.90708e+07
O14793	O14793				1.94591e+06
O14917;O14917-2	O14917;O14917-2				3.39986e+06
O15031	O15031				2.94912e+07
O15041;O15041-2	O15041;O15041-2				193979
O15197;O15197-3	O15197;O15197-3				3.56848e+06
O15204;O15204-2	O15204;O15204-2				2.23996e+06
O15230	O15230				1.81124e+06
O15232;O15232-2	O15232;O15232-2				2.13846e+06
O15240	O15240				8.12754e+07
O15335	O15335				3.13171e+06
O15354	O15354				1.6049e+07
O15394	O15394;O15394-2				2.58556e+07
O15400;O15400-2	O15400;O15400-2				1.26421e+06
O15466;O15466-2	O15466;O15466-2				996140
O15540;O15540-2	O15540;O15540-2				3.37144e+06
O43155	O43155				349455
O43157	O43157;O43157-2;O43157-3				5.75629e+06
O43173	O43173				4.04375e+06
O43240	O43240				1.08688e+06
O43278;O43278-2	O43278;O43278-2				3.92189e+06
O43286	O43286				66738.1
O43291	O43291				4.15897e+06
O43300	O43300				2.05225e+06
O43323	O43323				933203
O43405	O43405;O43405-2				2.87247e+07
O43493;O43493-3;O43493-5;O43493-7	O43493;O43493-3;O43493-5;O43493-7				2.36e+07
O43505	O43505				4.79826e+08
O43508	O43508				770820
O43508-2	O75888;O43508-2;O75888-2;O75888-4;O75888-5				615375
O43529	O43529				5.51515e+07
O43556;O43556-3;O43556-4	O43556;O43556-3;O43556-4				1.16751e+07
O43567	O43567				4.30552e+06
O43581-2;O43581-3;O43581-5	O43581-2;O43581-3;O43581-5				367164
O43736;O43736-2	O43736;O43736-2				874570
O43827	O43827				7.02658e+06
O43852;O43852-2;O43852-3;O43852-4;O43852-5;O43852-9	O43852;O43852-10;O43852-11;O43852-12;O43852-13;O43852-14;O43852-2;O43852-3;O43852-4;O43852-5;O43852-6;O43852-7;O43852-8;O43852-9				702224
O43854;O43854-2	O43854;O43854-2				1.34201e+06
O43866	O43866				3.85528e+06
O43897;O43897-2	O43897;O43897-2				1.05286e+06
O43909	O43909				411452
O43916	O43916				2.22036e+06
O60241;O60241-2;O60241-3;O60241-4	O60241;O60241-2;O60241-3;O60241-4				7.76526e+06
O60242	O60242				2.26189e+06
O60243	O60243;O60243-2				2.62002e+06
O60245;O60245-2	O60245;O60245-2				8.15762e+06
O60279	O60279				1.58841e+07
O60449;O60449-2;O60449-3	O60449;O60449-2;O60449-3				1.07261e+06
O60462;O60462-2;O60462-3;O60462-4;O60462-5	O60462;O60462-2;O60462-3;O60462-4;O60462-5;O60462-6				4.83366e+06
O60476	O60476				2.23157e+06
O60477	O60477;Q76B58;O60477-3;Q76B58-2				745797
O60512	O60512				1.35836e+06
O60565	O60565				695710
O60568	O60568				2.63856e+06
O60613	O60613				2.31015e+06
O60641;O60641-3;O60641-4	O60641;O60641-3;O60641-4				260038
O60883	O60883				7.20496e+07
O60888-3	O60888;O60888-2;O60888-3				9.4044e+06
O60909;O60909-2;O60909-3	O60909;O60909-2;O60909-3				605559
O60939	O60939				2.96792e+06
O75051;O75051-2	O75051;O75051-2				529968
O75063	O75063				3.0319e+06
O75071	O75071				5.2582e+06
O75077;O75077-2;O75077-3	O75077;O75077-2;O75077-3				2.096e+06
O75078	O75078;O75078-2				4.29252e+06
O75083	O75083;O75083-3				2.25561e+06
O75084;Q14332	O75084;Q14332				448439
O75144;O75144-2	O75144;O75144-2;O75144-3				1.82217e+07
O75173;O75173-2	O75173;O75173-2				7.68595e+06
O75223	O75223;O75223-3				316429
O75326	O75326;O75326-2				3.5542e+07
O75339	O75339				1.13556e+06
O75347	O75347;O75347-2				817566
O75354;O75354-2;O75354-3	O75354;O75354-2;O75354-3				1.21074e+06
O75368	O75368				3.3301e+06
O75487	O75487;O75487-2				1.53981e+06
O75493	O75493				4.66626e+06
O75503	O75503				4.49235e+06
O75509	O75509				9.09972e+06
O75594	O75594				434714
O75629	O75629				1.95671e+06
O75636;O75636-2	O75636;O75636-2				1.22371e+06
O75711	O75711				1.80831e+08
O75752	O75752				6.08047e+06
O75787;O75787-2	O75787;O75787-2				2.49726e+07
O75828	O75828				2.21512e+06
O75874	O75874				673824
O75882;O75882-2;O75882-3	O75882;O75882-2;O75882-3				1.3831e+07
O75973	O75973				907876
O75976	O75976				1.17552e+06
O76061	O76061				7.04924e+06
O76070	O76070				534526
O94760	O94760;O94760-2				3.24176e+06
O94766	O94766;Q9NPZ5				7.36297e+06
O94769	O94769;O94769-2				1.59082e+07
O94772;O94772-2	O94772;O94772-2				6.7837e+07
O94779;O94779-2;O94779-4	O94779;O94779-2;O94779-4				862667
O94856-11	O94856;O94856-10;O94856-11;O94856-12;O94856-13;O94856-3;O94856-4;O94856-5;O94856-6;O94856-7;O94856-8;O94856-9				2.73206e+07
O94856-12;O94856-4;O94856-9	O94856-12;O94856-4;O94856-9				3.08248e+06
O94898	O94898				580008
O94910	O94910;O94910-2				8.54719e+06
O94919	O94919				1.8467e+07
O94923	O94923				204278
O94933	O94933				766104
O94973;O94973-2	O94973;O94973-2				382214
O94985	O94985				2.54751e+06
O94985-2	O94985;O94985-2				2.24537e+08
O94991	O94991;O94991-2				3.18924e+06
O95025	O95025				348839
O95084;O95084-2	O95084;O95084-2				1.20093e+06
O95156	O95156				395957
O95157	O95157				1.41376e+06
O95158	O95158				1.7715e+07
O95185;O95185-2	O95185;O95185-2				1.95917e+06
O95196;O95196-2	O95196;O95196-2				6.18654e+06
O95206;O95206-2	O95206;O95206-2				2.87503e+06
O95292	O95292;Q9P0L0;O95292-2;Q9P0L0-2				3.27703e+06
O95336	O95336				1.73334e+06
O95390	O95390				1.82391e+06
O95428;O95428-5;O95428-6	O95428;O95428-3;O95428-4;O95428-5;O95428-6				6.93205e+06
O95445	O95445;O95445-2				1.6364e+07
O95450;O95450-2	O95450;O95450-2				1.08484e+06
O95467	O95467				1.86707e+06
O95490;O95490-2;O95490-3;O95490-4;O95490-5;O95490-6;O95490-7	O95490;O95490-2;O95490-3;O95490-4;O95490-5;O95490-6;O95490-7				473409
O95497	O95497				637447
O95502	O95502				7.55727e+07
O95633;O95633-2	O95633;O95633-2				2.28654e+06
O95841	O95841				1.67492e+06
O95865	O95865				892827
O95881	O95881				243338
O95897	O95897				1.04049e+06
O95967	O95967				1.11528e+07
O95970	O95970;O95970-2				454954
O95980	O95980				1.55981e+07
O95998	O95998				4.98681e+06
P00338;P00338-3	P00338;P00338-3;P00338-4				1.02047e+07
P00352	P00352				2.35835e+06
P00390;P00390-2;P00390-3;P00390-4;P00390-5	P00390;P00390-2;P00390-3;P00390-4;P00390-5				2.26828e+06
P00441	P00441				2.92366e+08
P00450	P00450				2.9277e+08
P00488	P00488				6.12208e+06
P00492	P00492				1.98055e+06
P00505	P00505;P00505-2				6.27051e+06
P00533;P00533-3;P00533-4	P00533;P00533-3;P00533-4				1.87948e+06
P00558	P00558;P00558-2				5.72297e+06
P00568	P00568				618083
P00734	P00734				4.28938e+07
P00736	P00736				1.03184e+08
P00738	P00738;P00738-2				4.34134e+08
P00739	P00739;P00739-2				1.24426e+08
P00740;P00740-2	P00740;P00740-2				7.85674e+06
P00742	P00742				1.54466e+07
P00746	P00746				1.91569e+07
P00747	P00747				1.14873e+08
P00748	P00748				1.01223e+08
P00751	P00751;P00751-2				1.37095e+08
P00915	P00915				2.66921e+06
P01008	P01008				7.44671e+08
P01009	P01009;P01009-2;P01009-3				5.77732e+09
P01011	P01011				1.34306e+09
P01019	P01019				8.38885e+08
P01023	P01023;P20742;P20742-2				3.83023e+08
P01024	P01024				6.00432e+08
P01031	P01031				2.66591e+07
P01033	P01033				6.68895e+07
P01034	P01034				2.49848e+09
P01036;P01037	P01036;P01037				3.35957e+06
P01040	P01040				2.53899e+06
P01042	P01042;P01042-2;P01042-3				3.42281e+08
P01042-2;P01042-3	P01042-2;P01042-3				6.7259e+07
P01127;P01127-2	P01127;P01127-2				2.2439e+07
P01130;P01130-2;P01130-3;P01130-4;P01130-5;P01130-6	P01130;P01130-2;P01130-3;P01130-4;P01130-5;P01130-6				677018
P01137	P01137				289050
P01178	P01178				2.38414e+06
P01210	P01210				9.96999e+07
P01213	P01213				6.55216e+06
P01236	P01236				747506
P01258;P01258-2;P06881	P01258;P06881;P10092;P01258-2				817501
P01282;P01282-2	P01282;P01282-2				436521
P01303	P01303				8.10496e+06
P01344;P01344-2;P01344-3	P01344;P01344-2;P01344-3				2.17667e+07
P01591	P01591				1.62068e+07
P01593;P01594	P01593;P01594				6.46273e+07
P01597;P04432	P01597;P04432				6.21856e+06
P01599	P01599				441883
P01601	P01601				8.35074e+06
P01602	P01602				5.21042e+06
P01619	P01619				4.15221e+08
P01700	P01700				6.20674e+07
P01701	P01701				4.9771e+07
P01705	P01704;P01705				4.04336e+06
P01706	P01706				2.91556e+06
P01709	P01706;P01709;P0DOX8				9.48306e+06
P01714	P01714				6.07405e+06
P01717	P01717				4.53181e+07
P01721	P01721				2.20332e+06
P01742	P01742				6.41791e+06
P01743	P01743				299433
P01768;P0DP03	P01768;P01772;P0DP02;P0DP03				2.16462e+07
P01780	P01780				6.89778e+07
P01814	P01814				2.67765e+06
P01817	P01817				1.19018e+07
P01833	P01833				1.77075e+06
P01834	P01834				3.72215e+07
P01859;P01859-1	P01859;P01859-1				7.85648e+08
P01860;P01860-1	P01860;P01860-1				7.88781e+07
P01861;P01861-1	P01861;P01861-1				4.30376e+07
P01871;P01871-1	P01871;P0DOX6;P01871-1				4.57182e+07
P01876;P01876-1	P01876;P01876-1				3.56562e+08
P01903	P01903;P01906				2.99837e+06
P01911	P01911				2.25728e+06
P02042	P02042				3.02915e+06
P02144	P02144				2.25562e+06
P02452	P02452				3.73382e+07
P02461	P02461;P02461-2				9.35406e+06
P02462	P02462				171546
P02533	P02533				5.89791e+06
P02538	O95678;P02538;P48668				1.34644e+07
P02647	P02647				3.61058e+09
P02649	P02649				3.9318e+09
P02652	P02652				7.38469e+08
P02654	P02654				1.24798e+08
P02655	P02655				1.13357e+07
P02656	P02656				4.05105e+07
P02671	P02671;P02671-2				2.11446e+08
P02675	P02675				2.07837e+08
P02679;P02679-2	P02679;P02679-2				1.05743e+08
P02686;P02686-3;P02686-4;P02686-5;P02686-6	P02686;P02686-3;P02686-4;P02686-5;P02686-6				255897
P02741	P02741				332698
P02743	P02743				1.16352e+07
P02745	P02745				9.92002e+07
P02746	P02746				2.4782e+08
P02747	P02747				2.23886e+08
P02748	P02748				3.40278e+07
P02749	P02749				2.00736e+08
P02750	P02750				1.15335e+08
P02751;P02751-1	P02751;P02751-1;P02751-10;P02751-11;P02751-12;P02751-13;P02751-14;P02751-16;P02751-17;P02751-2;P02751-3;P02751-4;P02751-5;P02751-6;P02751-7;P02751-8;P02751-9				3.08615e+08
P02753	P02753				1.1503e+08
P02760	P02760				9.47321e+07
P02763	P02763				1.43382e+09
P02765	P02765				5.73326e+08
P02766	P02766				3.85378e+09
P02768	P02768				1.64542e+10
P02774;P02774-3	P02774;P02774-2;P02774-3				8.02205e+08
P02776;P10720	P02776;P10720				807654
P02786	P02786				896742
P02787	P02787				5.90551e+09
P02788;P02788-2	P02788;P02788-2				2.55134e+06
P02790	P02790				3.04155e+09
P02792	P02792				2.95338e+06
P02794	P02794				3.29432e+06
P02810	P02810				406944
P03950	P03950				4.55175e+06
P03951	P03951;P03951-2				5.655e+06
P03952	P03952				1.39125e+07
P04003	P04003				3.31028e+06
P04004	P04004				4.06629e+08
P04040	P04040				1.81612e+06
P04062;P04062-2;P04062-4;P04062-5	P04062;P04062-2;P04062-3;P04062-4;P04062-5				4.37861e+06
P04066	P04066				1.00348e+07
P04070;P04070-2	P04070;P04070-2				4.63492e+06
P04075	P04075;P04075-2				2.0792e+07
P04080	P04080				2.97412e+06
P04085;P04085-2	P04085;P04085-2				5.22753e+06
P04114	P04114				4.48826e+07
P04156	P04156				3.67694e+08
P04179	P04179;P04179-2;P04179-3;P04179-4				7.90881e+06
P04180	P04180				4.44248e+07
P04196	P04196				1.6729e+08
P04211	P04211;A0A075B6I9				2.47568e+07
P04216	P04216				2.66697e+08
P04217	P04217;P04217-2				2.39054e+08
P04217-2	P04217-2				5.26814e+06
P04233;P04233-2;P04233-4;P04233-5	P04233;P04233-2;P04233-4;P04233-5				818062
P04259	P04259;P48668				1.4613e+07
P04264	P04259;P04264				1.26155e+08
P04271	P04271				1.08244e+06
P04275	P04275				1.90052e+06
P04278	P04278;P04278-2;P04278-3;P04278-4;P04278-5				7.06884e+06
P04350;P07437;P68371	P04350;P07437;P68371				293411
P04406	P04406;P04406-2				2.47629e+07
P04439;P04439-2	P01893;P04439;P04439-2				5.52873e+06
P04746-2	P04746;P04746-2				211894
P04792	P04792				1.2912e+06
P04908;P0C0S5;P0C0S8;P16104;P20671;Q16777;Q6FI13;Q71UI9;Q71UI9-2;Q71UI9-5;Q7L7L0;Q8IUE6;Q93077;Q96KK5;Q96QV6;Q99878;Q9BTM1;Q9BTM1-2	P04908;P0C0S5;P0C0S8;P16104;P20671;Q16777;Q6FI13;Q71UI9;Q7L7L0;Q8IUE6;Q93077;Q96KK5;Q96QV6;Q99878;Q9BTM1;Q71UI9-2;Q71UI9-5;Q9BTM1-2				792382
P05023;P05023-2;P05023-4	P05023;P05023-2;P05023-4				590380
P05026;P05026-2	P05026;P05026-2				1.08908e+06
P05060	P05060				5.02349e+08
P05067;P05067-11;P05067-8	P05067;P05067-4;P05067-10;P05067-11;P05067-3;P05067-5;P05067-6;P05067-7;P05067-8;P05067-9				2.22266e+08
P05089;P05089-2;P05089-3	P05089;P05089-2;P05089-3				745671
P05090	P05090				1.96913e+09
P05107	P05107				45394.4
P05109	P05109				725920
P05121	P05121				1.66072e+06
P05154	P05154				2.38838e+07
P05155;P05155-3	P05155;P05155-2;P05155-3				4.33338e+08
P05156	P05156				1.99141e+07
P05160	P05160				1.67818e+06
P05362	P05362				2.79507e+06
P05408;P05408-2	P05408;P05408-2				2.16525e+08
P05413	P05413				3.45191e+06
P05451	P05451;P48304				841295
P05452	P05452				1.48894e+08
P05543	P05543				5.2365e+07
P05546	P05546				8.11671e+07
P05556;P05556-2;P05556-3;P05556-4;P05556-5	P05556;P05556-2;P05556-5;P05556-3;P05556-4				1.09472e+06
P05937	P05937;P05937-2				4.79549e+06
P05997	P05997				601024
P06276	P06276				5.93818e+06
P06280	P06280				646116
P06307	P06307				6.84146e+06
P06310	P06310				6.90706e+07
P06312	P06312				1.41193e+08
P06396	P06396;P06396-2;P06396-3;P06396-4				1.97061e+09
P06396-2	P06396-2				1.66981e+06
P06681	P06681;P06681-2;P06681-3				3.87918e+07
P06702	P06702				1.25697e+06
P06703	P06703				4.12958e+06
P06727	P06727				2.73883e+08
P06732	P06732				431164
P06733	P06733;P06733-2				5.78868e+06
P06744;P06744-2	P06744;P06744-2				4.31665e+06
P06865	P06865				9.79645e+06
P07093-2;P07093-3	P07093;P07093-2;P07093-3				3.50271e+06
P07108;P07108-2;P07108-3;P07108-4;P07108-5	P07108;P07108-2;P07108-3;P07108-4;P07108-5;P07108-6				1.46274e+07
P07148	P07148				593893
P07195	P00338;P07195;P07864;Q6ZMR3;P00338-3;P00338-2;P00338-4;P00338-5				2.73341e+07
P07225	P07225				9.65085e+07
P07237	P07237				1.75644e+06
P07307;P07307-2;P07307-3	P07307;P07307-3;P07307-2				1.90123e+06
P07311	P07311				2.29518e+06
P07333	P07333;P07333-2				4.53142e+07
P07339	P07339				1.33859e+08
P07355;P07355-2	A6NMY6;P07355;P07355-2				779220
P07357	P07357				1.84926e+07
P07358	P07358				1.62141e+07
P07359	P07359				370589
P07360	P07360				1.21085e+07
P07451	P07451				60787
P07477;Q9BYE2;Q9BYE2-2;Q9BYE2-3;Q9BYE2-6	P07477;Q9BYE2;Q9BYE2-2;Q9BYE2-3;Q9BYE2-6				5.83932e+06
P07492	P07492;P07492-2;P07492-3				783597
P07492-2	P07492-2				33594.8
P07585	P07585				2.85577e+07
P07602;P07602-2;P07602-3	P07602;P07602-2;P07602-3				2.71207e+07
P07686	P07686				9.38104e+06
P07711	P07711;P07711-3				1.17591e+07
P07737	P07737				3.61954e+06
P07858	P07858				3.48892e+07
P07900;P07900-2	P07900;P08238;P07900-2				888203
P07942	P07942				4.85354e+06
P07951-2;P07951-3	P06753;P07951;P09493;P09493-10;P67936;P07951-2;P09493-5;P06753-2;P06753-3;P09493-2;P09493-3;P09493-4;P09493-6;P09493-7;P09493-8;P09493-9;P06753-4;P06753-5;P06753-6;P07951-3;P67936-2				1.21716e+06
P07996	P07996;P07996-2				2.92517e+06
P07998	P07998				1.83992e+07
P08123	P08123				3.735e+07
P08133;P08133-2	P08133;P08133-2				301887
P08174;P08174-2;P08174-3;P08174-4;P08174-5;P08174-6;P08174-7	P08174;P08174-2;P08174-3;P08174-4;P08174-5;P08174-6;P08174-7				1.24776e+07
P08185	P08185				1.02657e+08
P08195;P08195-2;P08195-3;P08195-4;P08195-5	P08195;P08195-4;P08195-2;P08195-3;P08195-5				4.78712e+06
P08236;P08236-3	P08236;P08236-2;P08236-3				784655
P08238	P08238				229956
P08253	P08253;P08253-2;P08253-3				2.37055e+07
P08294	P08294				1.40887e+08
P08476	P08476				190672
P08493-2	P08493;P08493-2				7.30913e+07
P08571	P08571				2.16049e+08
P08572	P08572				3.14871e+06
P08581;P08581-2	P08581;P08581-2				3.81799e+06
P08582	P08582				601970
P08603	P08603				1.13405e+08
P08637	P08637				5.11996e+06
P08670	P08670				2.09565e+06
P08697	P08697;P08697-2				1.96247e+08
P08758	P08758				2.18307e+06
P08779	P08779				3.41915e+07
P08949;P08949-2	P08949;P08949-2				53060.7
P09104	P09104;P09104-2				6.03478e+06
P09172	P09172				149941
P09211	P09211				3.47311e+06
P09382	P09382				1.82441e+07
P09417;P09417-2	P09417;P09417-2				1.00526e+07
P09455	P09455;P09455-2;P09455-3				481604
P09486	P09486				1.00136e+08
P09529	P09529				622160
P09603	P09603				2.19896e+07
P09619	P09619;P09619-2				3.23575e+06
P09622	P09622;P09622-2				3.68968e+06
P09668	P09668				1.94888e+07
P09871	P09871				8.30897e+07
P09936	P09936				3.82301e+06
P09958	P09958				1.29255e+06
P09960;P09960-4	P09960;P09960-2;P09960-3;P09960-4				836638
P09972	P04075;P09972;P04075-2				2.74231e+07
P0C0L4;P0C0L4-2	P0C0L4;P0C0L4-2				2.46418e+08
P0C0L5	P0C0L4;P0C0L5;P0C0L4-2				1.0745e+09
P0C6S8	P0C6S8				1.0768e+06
P0CG47;P0CG48	P0CG47;P0CG48;P62979;P62987				1.02255e+08
P0DJI8;P0DJI9	P0DJI8;P0DJI9;P0DJI9-2				5.13297e+06
P0DMQ5	P0DMQ5				2.27376e+07
P0DMV8;P0DMV8-2;P0DMV9	P0DMV8;P0DMV9;P0DMV8-2				3.37732e+06
P0DOX2	P01876;P01877;P01876-1;P01877-1;P0DOX2				1.2488e+09
P0DOX3	P0DOX3				1.08755e+07
P0DOX5	P0DOX5				2.32895e+09
P0DOX7	P01834;P0DOX7				2.78677e+08
P0DOX8	B9A064;P0DOX8				1.77353e+08
P0DOY3	P0DOY2;P0DOY3				7.33934e+08
P0DP08	P01824;P01825;P06331;A0A0C4DH41;P0DP06;P0DP08				5.32811e+07
P0DP23;P0DP24;P0DP25	P0DP23;P0DP24;P0DP25;P27482				1.50173e+06
P0DP58	P0DP58				7.46803e+07
P0DTE1	P0DTE1				3.41475e+06
P0DTE7;P0DTE8;P0DUB6	P0DTE7;P0DTE8;P0DUB6				458648
P10124	P10124				4.26582e+06
P10153	P10153				9.61518e+06
P10253	P10253				1.70022e+07
P10321;P10321-2	P10321;P10321-2				2.55831e+06
P10451-3	P10451-3				3.42849e+07
P10451-5	P10451;P10451-4;P10451-5				1.63017e+08
P10451;P10451-4	P10451;P10451-4				2.13729e+06
P10586;P10586-2	P10586;P23468;P10586-2;P23468-3;P23468-4;P23468-5;P23468-6;P23468-7				5.30564e+06
P10599	P10599;P10599-2				1.35258e+07
P10619;P10619-2	P10619;P10619-2				1.46169e+06
P10636-2;P10636-6	P10636;P10636-8;P10636-6;P10636-2;P10636-3;P10636-4;P10636-5;P10636-7;P10636-9				898867
P10643	P10643				4.51912e+07
P10644	P10644;P10644-2				610471
P10645	P10645				2.68359e+08
P10721;P10721-2	P10721;P10721-2				4.55881e+06
P10745	P10745				397717
P10768	P10768				1.54635e+06
P10909-6	P10909;P10909-4;P10909-6;P10909-2;P10909-3;P10909-5				5.32916e+09
P10915	P10915				647333
P11021	P11021				7.09076e+06
P11047	P11047				1.59411e+07
P11117	P11117				2.03907e+06
P11137;P11137-3	P11137;P11137-3				64270.6
P11142	P11142				1.72945e+06
P11215;P11215-2	P11215;P11215-2				229852
P11226	P11226				113629
P11279	P11279;P11279-2				1.04174e+07
P11362-21;P11362-7	P11362;P11362-10;P11362-11;P11362-12;P11362-13;P11362-14;P11362-16;P11362-18;P11362-19;P11362-2;P11362-20;P11362-21;P11362-3;P11362-4;P11362-5;P11362-6;P11362-7;P11362-8;P11362-9				2.26346e+07
P11597	P11597;P11597-2				1.49764e+06
P11684	P11684				2.16404e+06
P11717	P11717				3.77108e+06
P12107;P12107-2;P12107-3;P12107-4	P12107;P12107-2;P12107-3;P12107-4				401155
P12109	P12109				3.66121e+07
P12110	P12110;P12110-2;P12110-3				4.37763e+06
P12111	P12111;P12111-2;P12111-4				1.43277e+07
P12111-4	P12111-4				1.28149e+06
P12259	P12259				1.68145e+07
P12272;P12272-2;P12272-3	P12272;P12272-2;P12272-3				1.18943e+06
P12273	P12273				885639
P12277	P12277				1.54084e+06
P12314;Q92637;Q92637-3	P12314;Q92637;Q92637-3				6.92347e+06
P12318;P12318-2	P12318;P31994;P31995;P12318-2;P31994-2;P31994-3;P31994-4;P31994-5;P31995-2;P31995-3;P31995-4				5.32586e+06
P12724	P12724				191887
P12821;P12821-2	P12821;P12821-2				1.49224e+06
P12830;P12830-2	P12830;P12830-2				2.16296e+06
P12955	P12955;P12955-3				1.58013e+06
P13284	P13284				3.35458e+06
P13385;P51864	P13385;P51864				1.64864e+06
P13473;P13473-2;P13473-3	P13473;P13473-2;P13473-3				5.76777e+07
P13489	P13489				671453
P13497;P13497-2;P13497-3;P13497-4;P13497-5;P13497-6	P13497;P13497-2;P13497-3;P13497-4;P13497-5;P13497-6				3.01385e+06
P13521	P13521				9.1074e+07
P13591	P13591;P13591-1;P13591-3;P13591-4;P13591-5;P13591-6				1.16137e+08
P13591-3	P13591-1;P13591-3;P13591-4				2.35741e+07
P13598	P13598				3.33303e+06
P13611;P13611-5	P13611;P13611-2;P13611-3;P13611-4;P13611-5				2.01463e+07
P13637;P13637-2;P13637-3	P13637;P13637-2;P13637-3				1.09645e+06
P13639	P13639				871481
P13645	P13645				1.05027e+08
P13647	P13647				1.51756e+07
P13667	P13667				913861
P13671	P13671				3.00334e+07
P13693	P13693;P13693-2;Q56UQ5				405572
P13747	P01889;P01893;P04439;P13747;P17693;P17693-2;P17693-5;P17693-6;P04439-2				5.49712e+06
P13796	P13796				4.70592e+06
P13797;P13797-2;P13797-3	P13797;P13797-2;P13797-3				267968
P13987;P13987-2	P13987;P13987-2				6.32986e+07
P14136	P14136				2.83822e+06
P14138;P14138-2	P14138;P14138-2				1.74212e+06
P14151;P14151-2	P14151;P14151-2				8.04358e+06
P14174	P14174				1.59513e+07
P14207	P14207				4.35232e+06
P14209;P14209-3	P14209;P14209-3				2.32495e+06
P14314-2	P14314;P14314-2				6.40983e+06
P14324;P14324-2	P14324;P14324-2				321274
P14384	P14384				1.41682e+06
P14415	P14415				3.49942e+06
P14543	P14543;P14543-2				1.27143e+07
P14550	P14550				1.20455e+06
P14618-2	P14618;P14618-2;P14618-3				5.19027e+07
P14618;P14618-3	P14618;P14618-3				699881
P14621	P14621				4.74935e+06
P14625	P14625				7.58737e+06
P14923	P14923				298734
P15086	P15085;P15086				1.85896e+06
P15090	P15090				4.51504e+06
P15121	P15121				1.21558e+06
P15144	P15144				3.36745e+06
P15151-3	P15151;P15151-2;P15151-3;P15151-4				5.32948e+06
P15169	P15169				9.44332e+06
P15259	P15259				98326
P15289;P15289-2	P15289;P15289-2				790940
P15291;P15291-2	P15291;P15291-2				4.08195e+06
P15311	P15311				498349
P15328	P15328				2.04944e+06
P15502;P15502-1;P15502-10;P15502-12;P15502-13;P15502-2;P15502-4;P15502-5;P15502-6;P15502-7;P15502-9	P15502;P15502-1;P15502-10;P15502-12;P15502-13;P15502-2;P15502-4;P15502-5;P15502-6;P15502-7;P15502-9				1.7109e+06
P15509;P15509-2;P15509-3;P15509-5;P15509-7	P15509;P15509-3;P15509-2;P15509-5;P15509-7;P15509-8				2.84857e+06
P15529;P15529-10;P15529-11;P15529-12;P15529-13;P15529-14;P15529-15;P15529-16;P15529-2;P15529-3;P15529-4;P15529-5;P15529-6;P15529-7;P15529-8;P15529-9	P15529;P15529-3;P15529-10;P15529-11;P15529-12;P15529-13;P15529-14;P15529-15;P15529-16;P15529-2;P15529-4;P15529-5;P15529-6;P15529-7;P15529-8;P15529-9				855248
P15531;P15531-2	P15531;P15531-2				391661
P15586	P15586;P15586-2				3.26415e+06
P15848;P15848-2	P15848;P15848-2				133299
P15924	P15924;P15924-2;P15924-3				1.04393e+07
P16035	P16035				9.77251e+07
P16070;P16070-10;P16070-11;P16070-12;P16070-13;P16070-14;P16070-15;P16070-16;P16070-17;P16070-18;P16070-3;P16070-4;P16070-5;P16070-6;P16070-7;P16070-8;P16070-9	P16070;P16070-10;P16070-11;P16070-12;P16070-13;P16070-14;P16070-15;P16070-16;P16070-17;P16070-18;P16070-3;P16070-4;P16070-5;P16070-6;P16070-7;P16070-8;P16070-9				1.0725e+08
P16083	P16083				446039
P16112;P16112-2;P16112-3	P16112;P16112-2;P16112-3				1.51551e+06
P16152	P16152				2.90178e+06
P16234;P16234-3	P16234;P16234-2;P16234-3				1.14264e+06
P16278;P16278-3	P16278;P16278-2;P16278-3				721380
P16519;P16519-2;P16519-3	P16519;P16519-2;P16519-3				1.50006e+06
P16870;P16870-2	P16870;P16870-2				1.08365e+08
P16930	P16930				1.67804e+06
P16949;P16949-2	P16949;P16949-2				4.83064e+06
P17050	P17050				1.8425e+06
P17066	P17066;P48741				4.35318e+06
P17174	P17174;P17174-2				2.86875e+07
P17302	P17302				1.35013e+06
P17405;P17405-4	P17405;P17405-4				1.34632e+06
P17600;P17600-2	P17600;P17600-2				1.77209e+06
P17677;P17677-2	P17677;P17677-2				2.37582e+06
P17813;P17813-2	P17813;P17813-2				815671
P17900	P17900				8.88247e+07
P17931	P17931				2.88099e+06
P17936;P17936-2	P17936;P17936-2				7.78296e+06
P18065	P18065				1.9804e+08
P18075	P18075				253766
P18206;P18206-2	P18206;P18206-2				3.65695e+06
P18428	P18428				8.10109e+06
P18509	P18509				1.43857e+06
P18669	P15259;P18669				4.72868e+06
P18850	P18850				352030
P19021;P19021-5;P19021-6	P19021;P19021-3;P19021-4;P19021-2;P19021-5;P19021-6				5.00038e+07
P19022	P19022;P19022-2				7.11849e+07
P19320	P19320;P19320-2;P19320-3				9.13967e+06
P19367;P19367-2;P19367-3;P19367-4	P19367;P52789;P19367-2;P19367-3;P19367-4				6.74097e+06
P19652	P19652				8.69786e+08
P19823	P19823				6.42359e+07
P19827	P19827;P19827-2				9.73443e+07
P19835	P19835				5.1153e+06
P19961	P04746;P0DTE7;P0DTE8;P0DUB6;P19961;P19961-2;P04746-2				1.85872e+06
P20036	P20036				267736
P20062	P20062				1.24329e+07
P20138;P20138-2	P20138;P20138-2				902489
P20231;Q15661;Q15661-2	P05981;P20231;Q15661;Q9BZJ3;A6NIE9;Q15661-2;Q9BZJ3-2				605708
P20340;P20340-2;Q9NRW1	P20340;Q9NRW1;P20340-2;P20340-4;Q9NRW1-2				207936
P20366;P20366-2	P20366;P20366-2;P20366-3;P20366-4				7.64863e+06
P20396	P20396				786996
P20472	P20472				6.36863e+06
P20618	P20618				2.26561e+06
P20742	P20742;P20742-2				740940
P20774	P20774				2.89064e+08
P20827	P20827;P20827-2				9.43108e+06
P20908;P20908-2	P20908;P20908-2				1.01559e+06
P20916;P20916-2;P20916-3	P20916;P20916-2;P20916-3				3.63923e+06
P20930	P20930				418970
P20933	P20933				6.82622e+07
P21246	P21246				605973
P21266	P21266				176289
P21291	P21291				647966
P21333;P21333-2	P21333;P21333-2				1.44409e+06
P21399	P21399				60869.4
P21554	P21554				1.34431e+06
P21579	P21579				1.50988e+06
P21802;P21802-16;P21802-2;P21802-5;P21802-6;P21802-8	P21802;P21802-3;P21802-15;P21802-16;P21802-17;P21802-18;P21802-19;P21802-2;P21802-20;P21802-21;P21802-22;P21802-4;P21802-5;P21802-6;P21802-8				1.58995e+07
P21810	P21810				2.56293e+06
P21860;P21860-4	P21860;P21860-4				1.09825e+06
P21926	P21926				1.79865e+06
P22004	P22004				1.39714e+06
P22061;P22061-2	P22061;P22061-2				1.10908e+07
P22105;P22105-1;P22105-4	P22105;P22105-1;P22105-4				6.59723e+06
P22303	P22303;P22303-2;P22303-3;P22303-4				2.36156e+06
P22304	P22304				2.49184e+07
P22352	P22352				3.34722e+07
P22392-2	P15531;P22392;O60361;P22392-2;P15531-2				2.89182e+06
P22466	P22466				36894.9
P22607;P22607-2;P22607-3;P22607-4	P22455;P22607;P22455-2;P22607-2;P22607-3;P22607-4				1.28562e+07
P22676	P22676				2.45998e+06
P22692;P22692-2	P22692;P22692-2				5.26142e+07
P22748	P22748				6.68095e+06
P22792	P22792				9.52977e+06
P22794;P22794-2	P22794;P22794-2				1.75775e+06
P22891;P22891-2	P22891;P22891-2				2.10764e+06
P22897	P22897				4.74094e+06
P23083	P23083				2.26366e+06
P23142	P23142				2.27569e+08
P23142-4	P23142-4				2.2705e+08
P23284	P23284				2.82324e+07
P23381;P23381-2	P23381;P23381-2				140798
P23435	P23435				4.24424e+07
P23468	P23468;P23468-2;P23468-3;P23468-4;P23468-5;P23468-6;P23468-7				1.23254e+07
P23468-2	P23468-2				1.36797e+06
P23468-7	P23468-4;P23468-5;P23468-6;P23468-7				925438
P23470;P23470-2	P23470;P23470-2				2.16538e+07
P23471;P23471-2	P23471;P23471-2;P23471-3				3.67653e+07
P23515	P23515				8.26306e+07
P23528	P23528;Q9Y281;Q9Y281-3				1.23507e+06
P23560;P23560-2;P23560-3;P23560-4;P23560-5	P23560;P23560-2;P23560-3;P23560-4;P23560-5				4.69131e+06
P23582	P23582				3.49287e+07
P23588;P23588-2	P23588;P23588-2				70197.2
P24043	P24043				6.00878e+06
P24347	P24347				7.18951e+06
P24387	P24387				459558
P24592	P24592				2.13088e+08
P24593	P24593				2.10029e+07
P24666;P24666-2;P24666-3;P24666-4	P24666;P24666-2;P24666-3;P24666-4				1.41261e+06
P24821;P24821-4	P24821;P24821-2;P24821-3;P24821-4;P24821-5;P24821-6				3.71587e+06
P25189;P25189-2	P25189;P25189-2				2.69094e+06
P25311	P25311				2.04727e+08
P25391	P25391				1.34511e+06
P25713	P25713				4.85982e+06
P25774	P25774;P25774-2				7.70464e+06
P25788;P25788-2	P25788;P25788-2				203606
P25789	P25789;P25789-2				532606
P26038	P26038				3.57386e+06
P26447	P26447				497122
P26572	P26572				4.66921e+06
P26927	P26927;Q2TV78;Q2TV78-2				3.77674e+06
P26992	P26992				1.25635e+07
P27169	P27169				2.18949e+07
P27348	P27348				205734
P27487	P27487				611078
P27658	P27658				363506
P27694	P27694				1.31668e+06
P27797	P27797				1.57411e+07
P27824;P27824-2	P27824;P27824-2;P27824-3				3.56517e+06
P28074;P28074-2	P28074;P28074-2				227162
P28300	P28300				1.08208e+06
P28482	P28482				462570
P28799;P28799-2	P28799;P28799-2				1.69695e+06
P28827;P28827-2	P28827;P28827-2				1.55304e+06
P29120;P29120-2	P29120;P29120-2				4.60358e+06
P29218;P29218-3	P29218;P29218-3;P29218-2				4.40648e+06
P29279;P29279-2	P29279;P29279-2				577956
P29323;P29323-2;P29323-3	P29323;P29323-3;P29323-2				769496
P29401;P29401-2	P29401;P29401-2				2.11115e+06
P29622	P29622				4.7207e+07
P29762	P29762				1.1253e+06
P29966	P29966				2.5713e+06
P29972	P29972				251763
P30041	P30041				3.50494e+06
P30043	P30043				716235
P30044;P30044-2;P30044-3	P30044;P30044-2;P30044-3				128673
P30047;P30047-2	P30047;P30047-2				386587
P30048;P30048-2	P30048;P30048-2				727918
P30086	P30086				3.52008e+07
P30101	P30101				4.62192e+06
P30530;P30530-2	P30530;P30530-2				1.79745e+07
P30533	P30533				115107
P30740	P30740				1.25249e+06
P30990	P30990				1.36774e+06
P31146	P31146				623424
P31150	P31150				5.91003e+06
P31151	P31151;Q86SG5				873005
P31153	P31153				6.39551e+06
P31321	P31321				468970
P31431;P31431-2	P31431;P31431-2				169649
P31937	P31937				172568
P31944	P31944				1.36824e+06
P31946;P31946-2	P31946;P31946-2				2.43318e+06
P31948;P31948-2;P31948-3	P31948;P31948-2;P31948-3				168579
P31949	P31949				1.70887e+06
P32004;P32004-2;P32004-3	P32004;P32004-2;P32004-3				7.07013e+06
P32119	P32119				1.12761e+07
P32971	P32971				307504
P33151	P33151;P33151-2				7.26369e+06
P33908	P33908				3.94782e+07
P34059	P34059				1.25965e+06
P34096	P34096				7.20418e+06
P34741	P34741				1.1711e+06
P34949;P34949-2	P34949;P34949-2				359110
P35052	P35052				9.21115e+06
P35080	P35080				852120
P35237	P35237				801074
P35318	P35318				5.24814e+06
P35442	P35442				3.55362e+06
P35443	P35443				1.42728e+07
P35475	P35475				305292
P35527	P35527				1.26764e+07
P35542	P35542				7.84263e+07
P35555	P35555				6.12742e+06
P35590	P35590;P35590-2;P35590-3				1.4362e+06
P35613;P35613-2	P35613;P35613-2;P35613-3;P35613-4				4.51964e+06
P35625	P35625				411525
P35754	P35754				2.60419e+06
P35858;P35858-2	P35858;P35858-2				2.76064e+07
P35908	P35908				1.98156e+07
P35968;P35968-2;P35968-3	P35968;P35968-2;P35968-3				2.58309e+06
P36222	P36222				1.51031e+08
P36269;P36269-2;P36269-3	P36269;P36269-2;P36269-3				98133.2
P36871	P36871;P36871-2				1.5581e+06
P36888;P36888-2	P36888;P36888-2				392917
P36955	P36955				5.17064e+08
P36957	P36957;P36957-2				3.6788e+07
P36980	P36980				4.6453e+07
P37173;P37173-2	P37173;P37173-2				2.508e+06
P37802;P37802-2	P37802;P37802-2				678853
P37837;P37837-2	P37837;P37837-2				1.20036e+07
P37840;P37840-2	P37840;P37840-2				185889
P38571;P38571-2	P38571;P38571-2				3.51054e+06
P39059	P39059				4.28218e+06
P39060;P39060-1;P39060-2	P39060;P39060-1;P39060-2				3.07248e+07
P40121;P40121-2	P40121;P40121-2				767542
P40189	P40189;P40189-3				9.92108e+06
P40925;P40925-3	P40925;P40925-3				3.96715e+07
P40926	P40926;P40926-2				1.17966e+06
P41217;P41217-2;P41217-3	P41217;P41217-2;P41217-3				2.46768e+06
P41222	P41222				5.62375e+09
P41271;P41271-2	P41271;P41271-2				7.74195e+07
P42262;P42262-2;P42262-3	P42262;P42262-2;P42262-3				1.46003e+06
P42658;P42658-2	P42658;P42658-2				4.21605e+06
P42702	P42702				855014
P42785	P42785;P42785-2				1.28301e+07
P42857;P42857-2	P42857;P42857-2				4.06376e+06
P43004;P43004-2;P43004-3	P43004;P43004-2;P43004-3				523238
P43121	P43121;P43121-2				2.35243e+07
P43146	P43146				9.39981e+06
P43234	P43234				4.42574e+06
P43251;P43251-2;P43251-3;P43251-4	P43251;P43251-2;P43251-3;P43251-4				2.67289e+07
P43652	P43652				1.229e+08
P45877	P45877				5.93198e+06
P46459	P46459				1.77882e+06
P47972	P47972				6.18592e+06
P48058;P48058-2	P48058;P48058-2				9.80918e+06
P48061;P48061-2;P48061-3;P48061-4;P48061-5;P48061-6	P48061;P48061-2;P48061-3;P48061-4;P48061-5;P48061-6				9.54904e+06
P48066;P48066-2	P48066;P48066-2				245345
P48147	P48147				503515
P48163;P48163-2	P48163;P48163-2				345982
P48539	P48539				3.35182e+06
P48551;P48551-2;P48551-3	P48551;P48551-2;P48551-3				1.10052e+06
P48637	P48637				1.66316e+06
P48723	P48723				5.16796e+06
P48740-2;P48740-4	P48740-2;P48740-4				9.99403e+06
P48740-3	P48740;P48740-2;P48740-3;P48740-4				8.21605e+06
P48745	P48745				2.57592e+06
P49257	P49257				6.10318e+06
P49418;P49418-2	P49418;P49418-2				1.11715e+06
P49641	P49641;P49641-1;P49641-2				1.53377e+07
P49720	P49720				19415.4
P49747;P49747-2	P49747;P49747-2				3.36857e+06
P49862;P49862-2	P49862;P49862-2				853516
P49908	P49908				3.40782e+07
P50238	P50238				4.01486e+06
P50281	P50281				1.67147e+06
P50395;P50395-2	P50395;P50395-2				1.32703e+06
P50502	P50502;Q8IZP2				1.81349e+06
P50750-2	P50750-2				582753
P50895	P50895				1.73113e+06
P50897;P50897-2	P50897;P50897-2				1.22971e+06
P50993	P50993				1.96108e+06
P51511	P51511				514203
P51688	P51688				337990
P51693	P51693;P51693-2				2.62061e+08
P51693-2	P51693-2				2.58083e+06
P51805	P51805				271388
P51812	P51812;Q15418;Q15418-2;Q15418-3;Q15418-4				1.26462e+06
P51884	P51884				6.67087e+07
P51888	P51888				1.48576e+07
P52565;P52565-2	P52565;P52565-2				374587
P52758	P52758				1.23904e+06
P52797	P52797				3.225e+06
P52799	P52799				4.61192e+06
P52803	P52803				6.57275e+06
P52823;P52823-2	P52823;P52823-2				140210
P52848	P52848				1.16441e+06
P52943;P52943-2	P52943;P52943-2				512973
P53004	P53004				175478
P53041	P53041				343625
P53634	P53634				1.62307e+07
P54108;P54108-2;P54108-3	P54108;P54108-2;P54108-3				1.06059e+07
P54253	P54253				2.81519e+08
P54289-2;P54289-3	P54289;P54289-2;P54289-3;P54289-4;P54289-5				3.26281e+07
P54652	P54652				7.3347e+06
P54727	P54725;P54727;P54725-2;P54725-3				1.82806e+06
P54764	P54764;P54764-2				1.42297e+07
P54802	P54802				3.76268e+06
P54803	P54803;P54803-3;P54803-4;P54803-5				478746
P54826	P54826				1.12886e+06
P55058	P55058;P55058-2;P55058-3;P55058-4				2.60879e+08
P55083;P55083-2	P55083;P55083-2				1.00475e+07
P55087;P55087-2	P55087;P55087-2				2.85896e+06
P55103	P55103				326078
P55268	P55268				4.27918e+06
P55283;P55283-2	P55283;P55283-2				1.44639e+07
P55285;P55285-2	P55285;P55285-2				3.93782e+06
P55286	P55286				4.783e+06
P55287;P55287-2	P55287;P55287-2				3.999e+06
P55289;P55289-2	P55289;P55289-2				558193
P55290;P55290-4	P55290;P55290-2;P55290-3;P55290-4;P55290-5				4.70597e+07
P55291	P55291				8.20698e+06
P55774	P55774				655830
P55786	P55786;P55786-2				1.7426e+06
P55854;P55854-2;P61956;P61956-2;Q6EEV6	P55854;P61956;Q6EEV6;P55854-2;P61956-2				428816
P55899	P55899				159315
P55957;P55957-2	P55957;P55957-2;P55957-4				351868
P56159;P56159-2	P56159;P56159-2				2.47735e+06
P56199	P56199				5.05449e+06
P56705;P56705-2	P56705;P56705-2				1.818e+06
P56817;P56817-2	P56817;P56817-2;P56817-3;P56817-4;P56817-5;P56817-6				4.15822e+06
P57087;P57087-2;P57087-3	P57087;P57087-2;P57087-3				2.98646e+06
P58215	P58215;P58215-2;P58215-3				1.08452e+06
P58400	P58400;P58400-1				1.80743e+06
P58401	P58401				2.15e+06
P58417	O95156;P58417				1.29121e+07
P59190;P59190-2	P59190;P59190-2				2.81163e+06
P60174;P60174-3	P60174;P60174-3;P60174-4				1.91757e+07
P60520	O95166;P60520;Q9H0R8;Q9H0R8-2				920416
P60660;P60660-2	P60660;P60660-2				310738
P60709;P63261	P60709;P63261				4.64367e+07
P60900;P60900-2	P60900;P60900-2				82750.3
P60981;P60981-2	P60981;P60981-2				1.08026e+06
P60983	P60983				1.16859e+06
P61018;P61018-2	P61018;P61018-2				1.26604e+06
P61088	P61088				1.76988e+06
P61106	P61106				692482
P61158	P61158;Q9P1U1;Q9C0K3;Q9P1U1-2;Q9P1U1-3				521213
P61204;P61204-2;P84077;P84085	P18085;P61204;P84077;P84085;P61204-2				593985
P61266;P61266-2	P61266;P61266-2				562987
P61278	P61278				2.43039e+07
P61604	P61604				3.20295e+06
P61626	P61626				8.25684e+07
P61769	P61769				6.28608e+08
P61812;P61812-2	P61812;P61812-2				241714
P61916	P61916;P61916-2				5.12149e+07
P61970	P61970				5.18468e+06
P61981	P61981				2.37474e+06
P62258	P62258;P62258-2				4.22178e+06
P62328	P62328;P63313				9.17265e+06
P62805	P62805				1.00087e+06
P62873;P62873-2;P62879;Q9HAV0	P62873;P62879;Q9HAV0;P62873-2;P62879-2				1.30183e+06
P62937	P62937				3.64101e+07
P62942	P62942				2.17272e+06
P62993	P62993;P62993-2				1.23615e+06
P63010;P63010-2;P63010-3	P63010;P63010-2;Q10567;Q10567-3;P63010-3;Q10567-2;Q10567-4				4.09416e+06
P63104	P63104;P63104-2				8.44056e+06
P63208;P63208-2	P63208;P63208-2				2.92687e+06
P63241;P63241-2;Q6IS14;Q9GZV4	P63241;Q9GZV4;Q6IS14;P63241-2				122803
P63302	P63302				99278.5
P68032	P62736;P63267;P68032;P68133				5.84378e+06
P68036;P68036-2;P68036-3	P68036;A0A1B0GUS4;P68036-2;P68036-3				2.37467e+06
P68104;Q05639;Q5VTE0	P68104;Q05639;Q5VTE0				976086
P68363;Q71U36;Q71U36-2;Q9BQE3	P0DPH7;P0DPH8;P68363;P68366;Q6PEY2;Q71U36;Q9BQE3;Q9NY65;P0DPH7-2;P68363-2;P68366-2;Q71U36-2;Q9NY65-2				418759
P68402	P68402				630198
P68871	P02042;P68871				1.00343e+08
P69849;Q15155;Q5JPE7;Q5JPE7-2	P69849;Q15155;Q5JPE7;Q5JPE7-2;Q5JPE7-3				866319
P69891;P69892	P02100;P69891;P69892				185988
P69905	P69905				1.37576e+08
P78310;P78310-2;P78310-5;P78310-6;P78310-7	P78310;P78310-2;P78310-4;P78310-5;P78310-6;P78310-7				916282
P78324;P78324-2	P78324;Q9P1W8;Q5TFQ8;P78324-2;P78324-4;Q9P1W8-2;Q9P1W8-3;Q9P1W8-4				3.89189e+07
P78417;P78417-3	P78417;P78417-3				2.07343e+06
P78504	P78504;P78504-2				1.15148e+06
P78509;P78509-2	P78509;P78509-2;P78509-3				2.04104e+07
P78536;P78536-2	P78536;P78536-2				1.1509e+06
P78539;P78539-2;P78539-3;P78539-5	P78539;P78539-2;P78539-3;P78539-4;P78539-5				3.60991e+06
P80108	P80108				1.11833e+07
P80188;P80188-2	P80188;P80188-2				3.01027e+06
P80303;P80303-2	P80303;P80303-2				2.95923e+06
P80723	P80723;P80723-2				5.82099e+06
P80748	P80748				3.40295e+07
P81605	P81605				4.68048e+06
P82987;P82987-2	P82987;P82987-2				337239
P84157	P84157;P84157-2;P84157-3				222862
P84157-2	P84157-2				256826
P98095;P98095-2	P98095;P98095-2				7.46263e+06
P98153;P98153-2;P98153-3	P98153;P98153-2;P98153-3				2.48585e+06
P98155;P98155-2	P98155;P98155-2				1.4961e+06
P98160	P98160				5.17873e+07
P98172	P98172				2.98182e+06
P98173;P98173-2;P98173-3	P98173;P98173-2;P98173-3				1.94935e+06
P99999	P99999				4.08437e+06
Q00973	Q00973;Q00973-2;Q00973-3				2.29149e+06
Q01082	Q01082				98464.9
Q01459	Q01459				8.69777e+06
Q01469	Q01469				1.0189e+07
Q01973;Q01973-3	Q01973;Q01973-3				584869
Q01995	Q01995				7.6681e+06
Q02246	Q02246				2.79072e+07
Q02413	Q02413				1.64327e+06
Q02487;Q02487-2	Q02487;Q02487-2				5.85608e+06
Q02747	Q02747				798123
Q02790	Q02790				243569
Q02809;Q02809-2	Q02809;Q02809-2				3.86e+06
Q02818	Q02818				1.98056e+07
Q02985;Q02985-2	Q02985;Q92496;Q02985-2;Q92496-2;Q92496-3				6.8222e+06
Q03167;Q03167-2	Q03167;Q03167-2				1.06564e+07
Q04609;Q04609-10;Q04609-3;Q04609-6;Q04609-7;Q04609-8;Q04609-9;Q9HBA9	Q04609;Q04609-6;Q04609-8;Q9HBA9;Q04609-10;Q04609-3;Q04609-7;Q04609-9				628915
Q04695	Q04695				4.47443e+06
Q04721	Q04721				4.02753e+06
Q04756	Q04756				3.43775e+06
Q04760;Q04760-2	Q04760;Q04760-2				2.45999e+06
Q04917	Q04917				1.0758e+06
Q05193;Q05193-2;Q05193-3;Q05193-5	Q05193;Q05193-2;Q05193-3;Q05193-5				474929
Q05707;Q05707-2	Q05707;Q05707-2;Q05707-3				2.29301e+06
Q05996;Q05996-2	Q05996;Q05996-2				3.98509e+06
Q06033;Q06033-2	Q06033;Q06033-2				7.06502e+06
Q06418	Q06418				4.78132e+06
Q06481	Q06481;Q06481-3;Q06481-6				6.12612e+07
Q06828	Q06828				4.44374e+07
Q06830	Q06830				6.05461e+06
Q07092;Q07092-2	Q07092;Q07092-2				1.35725e+06
Q07507	Q07507				3.54953e+06
Q07699;Q07699-2	Q07699;Q07699-2				2.04998e+06
Q07954	Q07954				6.78165e+06
Q08043	Q08043				1.36447e+06
Q08174;Q08174-2	Q08174;Q08174-2				6.25521e+06
Q08257;Q08257-2	Q08257;Q08257-2;Q08257-3				811900
Q08345;Q08345-5	Q08345;Q08345-2;Q08345-4;Q08345-5;Q08345-6				7.47161e+06
Q08380	Q08380				1.27353e+08
Q08397	Q08397				1.61076e+06
Q08431;Q08431-2;Q08431-4	Q08431;Q08431-2;Q08431-3;Q08431-4				5.05197e+06
Q08554;Q08554-2	Q08554;Q08554-2				3.50766e+06
Q08629	Q08629				2.04139e+07
Q08ET2	O15389;Q08ET2				9.28844e+06
Q09327	Q09327				1.96687e+06
Q09328	Q09328				2.39933e+06
Q09666	Q09666				935028
Q0P6D2	Q0P6D2;Q0P6D2-2				3.48276e+06
Q10469	Q10469				5.8884e+06
Q10471	Q10471				7.65489e+06
Q10472	Q10472				3.22562e+06
Q10567;Q10567-2;Q10567-3	Q10567;Q10567-3;Q10567-2;Q10567-4				441675
Q10588	Q10588				1.70603e+06
Q12765;Q12765-2;Q12765-3	Q12765;Q12765-2;Q12765-3				324224
Q12792;Q12792-3;Q12792-4;Q6IBS0	Q12792;Q6IBS0;Q12792-3;Q12792-4				317243
Q12794;Q12794-2;Q12794-7	Q12794;Q12794-2;Q12794-4;Q12794-7				3.45614e+06
Q12797;Q12797-10	Q12797;Q12797-10				2.50772e+06
Q12805;Q12805-2;Q12805-3;Q12805-4;Q12805-5	Q12805;Q12805-2;Q12805-3;Q12805-4;Q12805-5				1.18812e+08
Q12841;Q12841-2	Q12841;Q12841-2				6.51023e+06
Q12860	Q12860;Q12860-2				6.64158e+07
Q12866	Q12866				4.25346e+06
Q12884	Q12884;Q12884-2				104636
Q12907	Q12907				7.73993e+07
Q12913;Q12913-3	Q12913;Q12913-2;Q12913-3				2.9979e+06
Q13093	Q13093				649375
Q13145	Q13145				404618
Q13201;Q13201-2	Q13201;Q13201-2				1.64064e+06
Q13214;Q13214-2	Q13214;Q13214-2				3.57769e+06
Q13217	Q13217				2.69696e+06
Q13228;Q13228-4	Q13228;Q13228-2;Q13228-3;Q13228-4				1.76509e+07
Q13231;Q13231-3	Q13231;Q13231-2;Q13231-3;Q13231-4				4.38091e+06
Q13232	Q13232				486703
Q13275-2	Q13275;Q13275-2				626793
Q13308;Q13308-2;Q13308-4;Q13308-5;Q13308-6	Q13308;Q13308-2;Q13308-3;Q13308-4;Q13308-5;Q13308-6				1.35292e+06
Q13332-2;Q13332-6	Q13332;Q13332-2;Q13332-3;Q13332-4;Q13332-5;Q13332-6;Q13332-7				1.55768e+07
Q13404;Q13404-1;Q13404-2;Q13404-6;Q13404-7	Q13404;Q13404-1;Q13404-2;Q13404-6;Q13404-7				1.7524e+06
Q13421-2;Q13421-3;Q13421-4	Q13421;Q13421-2;Q13421-3;Q13421-4				537140
Q13433	Q13433				912635
Q13443;Q13443-2	Q13443;Q13443-2				1.88817e+06
Q13444;Q13444-10;Q13444-12;Q13444-2;Q13444-3;Q13444-4;Q13444-5;Q13444-6;Q13444-7;Q13444-8;Q13444-9	Q13444;Q13444-2;Q13444-10;Q13444-11;Q13444-12;Q13444-3;Q13444-4;Q13444-5;Q13444-6;Q13444-7;Q13444-8;Q13444-9				5.35318e+06
Q13449	Q13449				1.68446e+08
Q13501;Q13501-2	Q13501;Q13501-2				1.06649e+06
Q13508;Q13508-2;Q13508-3	Q13508;Q13508-2;Q13508-3				9.56501e+06
Q13510;Q13510-2	Q13510;Q13510-2;Q13510-3				8.94817e+06
Q13519;Q13519-2	Q13519;Q13519-2				942664
Q13554;Q13554-2;Q13554-3;Q13554-4;Q13554-5;Q13554-7;Q13554-8	Q13554;Q13554-3;Q13554-2;Q13554-4;Q13554-5;Q13554-6;Q13554-7;Q13554-8				4.26744e+06
Q13555;Q13555-10;Q13555-11;Q13555-2;Q13555-3;Q13555-4;Q13555-5;Q13555-6;Q13555-7;Q13555-8;Q13555-9	Q13555;Q13555-5;Q13555-10;Q13555-11;Q13555-2;Q13555-3;Q13555-4;Q13555-6;Q13555-7;Q13555-8;Q13555-9				1.27934e+06
Q13557;Q13557-10;Q13557-11;Q13557-12;Q13557-3;Q13557-4;Q13557-5;Q13557-6;Q13557-8;Q13557-9	Q13557;Q13557-8;Q13557-10;Q13557-11;Q13557-12;Q13557-3;Q13557-4;Q13557-5;Q13557-6;Q13557-9				1.37501e+06
Q13591	Q13591				347416
Q13634;Q13634-2	Q13634;Q13634-2				3.34844e+06
Q13641	Q13641				781594
Q13683;Q13683-10;Q13683-3;Q13683-7;Q13683-9	Q13683;Q13683-10;Q13683-13;Q13683-3;Q13683-7;Q13683-9				3.20729e+06
Q13740;Q13740-2	Q13740;Q13740-2;Q13740-3				2.17098e+07
Q13790	Q13790				4.71104e+06
Q13822-3	Q13822;Q13822-3				2.83026e+08
Q13867	Q13867				1.33154e+06
Q14019	Q14019				4.64115e+06
Q14112;Q14112-2	Q14112;Q14112-2				5.54648e+06
Q14114;Q14114-2;Q14114-3;Q14114-4	Q14114;Q14114-3;Q14114-2;Q14114-4				470700
Q14118	Q14118				1.35034e+08
Q14126	Q14126				8.99554e+06
Q14165	Q14165				2.72556e+06
Q14242;Q14242-2	Q14242;Q14242-2				4.34114e+06
Q14257;Q14257-2	Q14257;Q14257-2				1.93191e+06
Q14314	Q14314				7.35767e+06
Q14315;Q14315-2	Q14315;Q14315-2				9.36207e+06
Q14393;Q14393-1;Q14393-3;Q14393-4;Q14393-5	Q14393;Q14393-1;Q14393-3;Q14393-4;Q14393-5				9.47977e+06
Q14515	Q14515;Q14515-2				2.18894e+08
Q14517	Q14517				779366
Q14520;Q14520-2	Q14520;Q14520-2				7.77892e+06
Q14563	Q14563				1.19201e+06
Q14574;Q14574-2	Q14574;Q14574-2				3.51609e+06
Q14624	Q14624				1.32352e+08
Q14624-2;Q14624-3;Q14624-4	Q14624-2;Q14624-3;Q14624-4				1.76087e+07
Q14696	Q14696				2.97531e+06
Q14697;Q14697-2	Q14697;Q14697-2				5.91482e+06
Q14703	Q14703				446618
Q14766	Q14766;Q14766-4				5.47285e+06
Q14767	Q14767				1.59874e+07
Q14894	Q14894				1.64735e+06
Q14956;Q14956-2	Q14956;Q14956-2				1.80778e+06
Q14982;Q14982-2;Q14982-3;Q14982-4	Q14982;Q14982-2;Q14982-3;Q14982-4				2.03854e+07
Q14C87	Q14C87;Q14C87-2				1.97639e+06
Q14CZ8	Q14CZ8				2.90551e+06
Q14DG7	Q14DG7;Q14DG7-2				1.60397e+06
Q15063-3;Q15063-4;Q15063-7	Q15063-3;Q15063-4;Q15063-7				562793
Q15084;Q15084-2;Q15084-3;Q15084-4;Q15084-5	Q15084;Q15084-2;Q15084-3;Q15084-4;Q15084-5				1.94489e+06
Q15113	Q15113				4.99829e+07
Q15121;Q15121-2	Q15121;Q15121-2				570999
Q15149;Q15149-2;Q15149-3;Q15149-4;Q15149-5;Q15149-6;Q15149-7;Q15149-8;Q15149-9	Q15149;Q15149-2;Q15149-3;Q15149-4;Q15149-5;Q15149-6;Q15149-7;Q15149-8;Q15149-9				1.17017e+06
Q15166	Q15166				2.55753e+07
Q15223;Q15223-2;Q15223-3	Q15223;Q15223-2;Q15223-3				5.47632e+06
Q15256	Q15256;Q15256-5				1.11706e+06
Q15257;Q15257-2;Q15257-3;Q15257-4	Q15257;Q15257-2;Q15257-3;Q15257-4				70638.4
Q15262;Q15262-2;Q15262-3;Q15262-4	Q15262;Q15262-2;Q15262-3;Q15262-4				2.1539e+06
Q15293;Q15293-2	Q15293;Q15293-2				2.45696e+06
Q15303;Q15303-2;Q15303-3;Q15303-4	Q15303;Q15303-2;Q15303-3;Q15303-4				1.56314e+06
Q15375;Q15375-2;Q15375-4	Q15375;Q15375-2;Q15375-4				2.26416e+06
Q15435;Q15435-2	Q15435;Q15435-2				448455
Q15459;Q15459-2	Q15459;Q15459-2				1.43042e+06
Q15465	Q15465				2.74806e+06
Q15493;Q15493-2	Q15493;Q15493-2				230504
Q15582	Q15582				4.37362e+07
Q15768	Q15768				2.46806e+06
Q15782;Q15782-6	Q15782;Q15782-6				8.29724e+06
Q15818	Q15818				4.44298e+07
Q15819	Q15819				3.10265e+06
Q15828	Q15828				2.21388e+06
Q15846	Q15846				1.31126e+06
Q15847	Q15847				1.31011e+06
Q15848	Q15848				8.63182e+06
Q15904	Q15904				1.14976e+08
Q16143	O76070;Q16143				1.50986e+06
Q16270	Q16270;Q16270-2				1.31669e+08
Q16288;Q16288-2;Q16288-3;Q16288-4;Q16288-5	Q16288;Q16288-2;Q16288-3;Q16288-4;Q16288-5				5.60005e+06
Q16363;Q16363-2	Q16363;Q16363-2				2.02091e+06
Q16394	Q16394				581945
Q16531	Q16531				1.4848e+06
Q16555;Q16555-2	Q16555;Q16555-2				1.44852e+06
Q16568	Q16568				4.69697e+06
Q16610;Q16610-4	Q16610;Q16610-2;Q16610-4				5.48967e+07
Q16620;Q16620-2;Q16620-3;Q16620-4;Q16620-5;Q16620-6	Q16620;Q16620-2;Q16620-3;Q16620-4;Q16620-5;Q16620-6				6.37281e+06
Q16627;Q16627-2	Q16627;Q16627-2				3.7298e+06
Q16651	Q16651;Q16651-2				2.17969e+06
Q16653;Q16653-10;Q16653-11;Q16653-13;Q16653-2;Q16653-3;Q16653-5;Q16653-6;Q16653-7;Q16653-8;Q16653-9	Q16653;Q16653-10;Q16653-11;Q16653-13;Q16653-2;Q16653-3;Q16653-5;Q16653-6;Q16653-7;Q16653-8;Q16653-9				4.1251e+06
Q16658	Q16658				5.29844e+06
Q16674	Q16674				3.53353e+06
Q16706	Q16706				5.78786e+06
Q16769	Q16769				2.36002e+07
Q16775;Q16775-2	Q16775;Q16775-2				5.29307e+06
Q16799	Q16799;Q16799-2				574277
Q16832	Q16832				430497
Q16849	Q16849;Q16849-3;Q16849-2				1.97909e+07
Q16853;Q16853-2	Q16853;Q16853-2				1.23046e+06
Q16881;Q16881-2;Q16881-3;Q16881-4;Q16881-5;Q16881-6;Q16881-7	Q16881;Q16881-4;Q16881-5;Q16881-2;Q16881-3;Q16881-6;Q16881-7				1.51088e+06
Q17RC7	Q17RC7				1.50675e+07
Q24JP5;Q24JP5-2	Q24JP5;Q24JP5-2;Q24JP5-3				1.18413e+07
Q2TAL6	Q2TAL6				1.22502e+06
Q2UY09	Q2UY09;Q2UY09-2;Q2UY09-3				1.24396e+06
Q495W5	Q495W5;Q495W5-2				2.91855e+06
Q496H8	Q496H8				253394
Q4G0I0	Q4G0I0				2.48275e+06
Q4G148;Q4G148-2	Q4G148;Q4G148-2				317314
Q4KWH8;Q4KWH8-3;Q4KWH8-4	Q4KWH8;Q4KWH8-3;Q4KWH8-4				4.84436e+06
Q4LDE5	Q4LDE5				289128
Q4ZHG4;Q4ZHG4-2	Q4ZHG4;Q4ZHG4-2				95461.9
Q504Y0;Q504Y0-3;Q504Y0-4;Q504Y0-5	Q504Y0;Q504Y0-2;Q504Y0-3;Q504Y0-4;Q504Y0-5				1.49575e+06
Q53EL9;Q53EL9-3	Q53EL9;Q53EL9-2;Q53EL9-3				4.4976e+07
Q53RD9;Q53RD9-2;Q53RD9-3;Q53RD9-4	Q53RD9;Q53RD9-2;Q53RD9-3;Q53RD9-4				7.42413e+06
Q562R1	Q562R1				2.54378e+07
Q58EX2;Q58EX2-2;Q58EX2-3;Q58EX2-4	Q58EX2;Q58EX2-2;Q58EX2-3;Q58EX2-4				480586
Q5BIV9	Q5BIV9				4.21289e+06
Q5BLP8;Q5BLP8-2;Q5BLP8-3	Q5BLP8;Q5BLP8-2;Q5BLP8-3				6.28984e+06
Q5D862	Q5D862				395510
Q5FWE3;Q5FWE3-3	Q5FWE3;Q5FWE3-3				2.06983e+07
Q5IJ48;Q5IJ48-2;Q5IJ48-3	Q5IJ48;Q5IJ48-2;Q5IJ48-3				3.782e+06
Q5JRA6;Q5JRA6-2	Q5JRA6;Q5JRA6-2				2.14262e+06
Q5JS37;Q5JS37-2	Q5JS37;Q5JS37-2				2.02077e+06
Q5JZY3;Q5JZY3-2;Q5JZY3-3	Q5JZY3;Q5JZY3-2;Q5JZY3-3				2.60826e+06
Q5KU26	Q5KU26				1.3196e+07
Q5R3F8	Q5R3F8				808457
Q5SGD2;Q5SGD2-2;Q5SGD2-3	Q5SGD2;Q5SGD2-2;Q5SGD2-3				660458
Q5SRI9	Q5SRI9				1.00848e+06
Q5SZI1	Q5SZI1				1.01037e+06
Q5SZK8;Q5SZK8-2	Q5SZK8;Q5SZK8-2				580246
Q5T5C0;Q5T5C0-2	Q5T5C0;Q5T5C0-2				1.61525e+07
Q5T848	Q5T848				8.69023e+06
Q5VSG8	Q5VSG8				1.50105e+07
Q5VU43;Q5VU43-10;Q5VU43-11;Q5VU43-12;Q5VU43-3;Q5VU43-4;Q5VU43-6;Q5VU43-7;Q5VU43-8;Q5VU43-9;Q96SN8;Q96SN8-2;Q96SN8-3;Q96SN8-4	Q5VU43;Q5VU43-11;Q96SN8;Q5VU43-8;Q5VU43-10;Q5VU43-12;Q5VU43-3;Q5VU43-4;Q5VU43-6;Q5VU43-7;Q5VU43-9;Q96SN8-2;Q96SN8-3;Q96SN8-4				2.16303e+06
Q5VU97	Q5VU97				1.072e+07
Q5VUB5	Q5VUB5				3.13223e+06
Q5VV43;Q5VV43-2;Q5VV43-4	Q5VV43;Q5VV43-2;Q5VV43-4				2.76102e+06
Q5VV63	Q5VV63				475663
Q5VWW1;Q5VWW1-2;Q5VWW1-3	Q5VWW1;Q5VWW1-2;Q5VWW1-3				2.33111e+06
Q5VY80;Q6H3X3;Q6H3X3-2;Q9BZM5	Q5VY80;Q6H3X3;Q9BZM5;Q6H3X3-2;Q6H3X3-3				678117
Q63HQ2;Q63HQ2-2	Q63HQ2;Q63HQ2-2				721726
Q641Q3	Q641Q3;Q641Q3-2				7.21322e+06
Q658N2	Q658N2				7.08763e+06
Q68BL7;Q68BL7-2;Q68BL7-3	Q68BL7;Q68BL7-2;Q68BL7-3				4.5701e+06
Q68BL8	Q68BL8				222799
Q68D85	Q68D85				1.23382e+06
Q6E0U4;Q6E0U4-16;Q6E0U4-2;Q6E0U4-3;Q6E0U4-4;Q6E0U4-5;Q6E0U4-6;Q6E0U4-7	Q6E0U4;Q6E0U4-16;Q6E0U4-2;Q6E0U4-3;Q6E0U4-4;Q6E0U4-5;Q6E0U4-6;Q6E0U4-7				805585
Q6EMK4	Q6EMK4				9.71721e+06
Q6FHJ7	Q6FHJ7				4.12145e+06
Q6GTX8;Q6GTX8-2;Q6GTX8-3;Q6GTX8-4;Q6ISS4;Q6ISS4-2	Q6GTX8;Q6ISS4;Q6GTX8-2;Q6GTX8-3;Q6GTX8-4;Q6ISS4-2				7.82643e+06
Q6IEE7	Q6IEE7				1.0116e+06
Q6IS24	Q6IS24				1.54288e+06
Q6MZW2	Q6MZW2;Q6MZW2-2;Q6MZW2-3				1.18974e+07
Q6NUJ2	Q6NUJ2				2.37259e+06
Q6NW40	Q6NW40				2.55574e+07
Q6P0Q8;Q6P0Q8-2	Q6P0Q8;Q6P0Q8-2				3.99137e+06
Q6P4E1;Q6P4E1-5	Q6P4E1;Q6P4E1-2;Q6P4E1-5				8.84631e+06
Q6P9A2	Q6P9A2				2.14216e+06
Q6PCB0	Q6PCB0				2.11186e+06
Q6PUV4	O14810;Q6PUV4				1.28348e+06
Q6RVD6	Q6RVD6				911282
Q6UVK1	Q6UVK1				4.52676e+06
Q6UVY6;Q6UVY6-2	Q6UVY6;Q6UVY6-2				966451
Q6UW01	Q6UW01				1.75749e+07
Q6UW49	Q6UW49				405955
Q6UWH4;Q6UWH4-2	Q6UWH4;Q6UWH4-2				3.8441e+06
Q6UWP8	Q6UWP8;Q6UWP8-2				4.02975e+06
Q6UWR7	Q6UWR7				3.45741e+06
Q6UWU2;Q6UWU2-2	Q6UWU2;Q6UWU2-2				208172
Q6UWY5	Q6UWY5				1.01626e+06
Q6UX15;Q6UX15-2	Q6UX15;Q6UX15-2				1.74845e+06
Q6UX71	Q6UX71;Q6UX71-2				2.19354e+07
Q6UX72	Q6UX72				1.12495e+06
Q6UX73;Q6UX73-2	Q6UX73;Q6UX73-2				4.7768e+07
Q6UXB8	Q6UXB8;Q6UXB8-2				1.51964e+07
Q6UXD5-3;Q6UXD5-5	Q6UXD5;Q6UXD5-2;Q6UXD5-3;Q6UXD5-4;Q6UXD5-5;Q6UXD5-6				2.25888e+07
Q6UXF1;Q6UXF1-2	Q6UXF1;Q6UXF1-2				220658
Q6UXH9;Q6UXH9-2	Q6UXH9;Q6UXH9-2;Q6UXH9-3				2.55584e+06
Q6UXI7;Q6UXI7-2;Q6UXI7-4;Q6UXI7-5	Q6UXI7;Q6UXI7-2;Q6UXI7-3;Q6UXI7-4;Q6UXI7-5				3.32537e+06
Q6UXI9;Q6UXI9-3;Q6UXI9-4;Q6UXI9-5;Q6UXI9-6	Q6UXI9;Q6UXI9-2;Q6UXI9-3;Q6UXI9-4;Q6UXI9-5;Q6UXI9-6				1.5353e+06
Q6UXK2	Q6UXK2				1.74838e+06
Q6UXK5	Q6UXK5				1.62355e+06
Q6UXZ4;Q6UXZ4-2	Q6UXZ4;Q6UXZ4-2				1.57062e+06
Q6UY14;Q6UY14-2;Q6UY14-3	Q6UY14;Q6UY14-3;Q6UY14-2				1.2654e+06
Q6YHK3	Q6YHK3;Q6YHK3-2;Q6YHK3-4				5.561e+06
Q6ZMI3	Q6ZMI3;Q6ZMI3-2				5.55889e+06
Q6ZMP0	Q6ZMP0;Q6ZMP0-2;Q6ZMP0-3;Q6ZMP0-4				1.21553e+06
Q6ZN30;Q6ZN30-2	Q6ZN30;Q6ZN30-2				2.98491e+06
Q6ZN44;Q6ZN44-2	Q6ZN44;Q6ZN44-2				94363.3
Q6ZRI8;Q6ZRI8-2;Q6ZRI8-3;Q6ZRI8-4;Q6ZRI8-5	Q6ZRI8;Q6ZRI8-2;Q6ZRI8-3;Q6ZRI8-4;Q6ZRI8-5				903930
Q6ZRP7	Q6ZRP7				2.3163e+06
Q6ZSJ9;Q6ZSJ9-2;Q6ZSJ9-3	Q6ZSJ9;Q6ZSJ9-2;Q6ZSJ9-3				3.24252e+07
Q6ZVL6;Q6ZVL6-2	Q6ZVL6;Q6ZVL6-2				4.24485e+06
Q76KP1	Q76KP1				834406
Q7KYR7;Q7KYR7-1;Q7KYR7-4;Q7KYR7-5;Q7KYR7-6;Q8WVV5;Q8WVV5-2;Q8WVV5-3	Q7KYR7;Q8WVV5;Q7KYR7-4;Q7KYR7-1;Q7KYR7-5;Q7KYR7-6;Q8WVV5-2;Q8WVV5-3				396915
Q7L014	Q7L014				9.25385e+07
Q7L0X0	Q7L0X0				7.97911e+06
Q7LFX5	Q7LFX5				7.83566e+06
Q7LGC8	Q7LGC8				2.0453e+06
Q7Z304	Q7Z304;Q7Z304-2				1.94934e+06
Q7Z3B1	Q7Z3B1;Q7Z3B1-2				6.15975e+07
Q7Z3D4	Q7Z3D4				587352
Q7Z408;Q7Z408-4	Q7Z408;Q7Z408-4				122990
Q7Z553;Q7Z553-3	Q7Z553;Q7Z553-3				1.71028e+06
Q7Z5A7;Q7Z5A7-2	Q7Z5A7;Q7Z5A7-2;Q7Z5A7-3				1.29153e+07
Q7Z5L0	Q7Z5L0				1.34938e+06
Q7Z5L7;Q7Z5L7-2;Q7Z5L7-3	Q7Z5L7;Q7Z5L7-2;Q7Z5L7-3;Q7Z5L7-4				3.50443e+06
Q7Z5N4;Q7Z5N4-3	Q7Z5N4;Q7Z5N4-3				96836.4
Q7Z6G3	Q7Z6G3				68694
Q7Z794	Q7Z794				365788
Q7Z7G0;Q7Z7G0-3;Q7Z7G0-4	Q7Z7G0;Q7Z7G0-2;Q7Z7G0-3;Q7Z7G0-4				1.71014e+06
Q7Z7H5;Q7Z7H5-3	Q7Z7H5;Q7Z7H5-2;Q7Z7H5-3				2.57461e+06
Q7Z7M0	Q7Z7M0;Q7Z7M0-2				3.32216e+07
Q7Z7M8	Q7Z7M8				335591
Q7Z7M9	Q7Z7M9				2.62205e+06
Q86SF2	Q86SF2				6.5386e+06
Q86SJ2	Q86SJ2				338517
Q86SQ4;Q86SQ4-2;Q86SQ4-3;Q86SQ4-4	Q86SQ4;Q86SQ4-2;Q86SQ4-3;Q86SQ4-4				479878
Q86SR1	Q86SR1;Q86SR1-2;Q86SR1-3				2.03521e+07
Q86TE4;Q86TE4-4	Q86TE4;Q86TE4-4				2.37748e+06
Q86TH1	Q86TH1				303501
Q86TY3;Q86TY3-2	Q86TY3;Q86TY3-2				1.15102e+07
Q86UD1	Q86UD1				6.41119e+06
Q86UN2	Q86UN2				2.59526e+06
Q86UN3	Q86UN3				2.1174e+07
Q86UW8	Q86UW8				714222
Q86UX2	Q86UX2;Q86UX2-2;Q86UX2-3				3.1084e+07
Q86V85	Q86V85				502485
Q86VB7;Q86VB7-2;Q86VB7-3;Q86VB7-4	Q86VB7;Q86VB7-2;Q86VB7-3;Q86VB7-4				1.83299e+07
Q86VP6;Q86VP6-2	Q86VP6;Q86VP6-2				198157
Q86VR8	Q86VR8				1.03137e+06
Q86VV8;Q86VV8-3	Q86VV8;Q86VV8-2;Q86VV8-4;Q86VV8-3				1.19489e+06
Q86VZ4	Q86VZ4				3.34976e+06
Q86X29;Q86X29-4;Q86X29-5;Q86X29-6	Q86X29;Q86X29-2;Q86X29-3;Q86X29-4;Q86X29-5;Q86X29-6				3.20826e+06
Q86XR7-2;Q9Y3B3;Q9Y3B3-2	Q9Y3B3;Q86XR7-2;Q9Y3B3-2				1.00434e+06
Q86Y38	Q86Y38				2.68412e+06
Q86Y82	Q86Y82				1.63353e+06
Q86YD3;Q86YD3-2;Q86YD3-4;Q86YD3-5	Q86YD3;Q86YD3-2;Q86YD3-3;Q86YD3-4;Q86YD3-5				7.82247e+06
Q86YT9;Q86YT9-2;Q86YT9-3;Q86YT9-4	Q86YT9;Q86YT9-2;Q86YT9-3;Q86YT9-4				404925
Q86YZ3	Q86YZ3				871186
Q8IUC8	Q10472;Q8IUC8;Q8IUC8-3;Q8IUC8-2				6.58413e+06
Q8IUK5;Q8IUK5-2;Q8IUK5-3	Q8IUK5;Q8IUK5-2;Q8IUK5-3;Q8IUK5-4				3.04038e+06
Q8IUK8	Q8IUK8				1.00024e+07
Q8IUX7	Q8IUX7;Q8IUX7-2				1.13411e+07
Q8IV08	Q8IV08				1.55183e+07
Q8IW45;Q8IW45-2;Q8IW45-4	Q8IW45;Q8IW45-2;Q8IW45-4				446893
Q8IW52	Q8IW52				6.58767e+06
Q8IWT1	Q8IWT1;Q8IWT1-2				1.81247e+06
Q8IWU5;Q8IWU5-2	Q8IWU5;Q8IWU5-2				2.60958e+07
Q8IWV2	Q8IWV2				4.62445e+06
Q8IWY4	Q8IWY4				1.13836e+06
Q8IXL6	Q8IXL6				5.60516e+06
Q8IYE1	Q8IYE1				1.44559e+08
Q8IYJ0;Q8IYJ0-2	Q8IYJ0;Q8IYJ0-2				1.89477e+07
Q8IYS5-2;Q8IYS5-3;Q8IYS5-6	Q8IYS5;Q8IYS5-2;Q8IYS5-3;Q8IYS5-4;Q8IYS5-5;Q8IYS5-6;Q8IYS5-7				4.00518e+07
Q8IZ52	Q8IZ52				176289
Q8IZA0;Q8IZA0-2	Q8IZA0;Q8IZA0-2				7.61738e+06
Q8IZF2;Q8IZF2-2;Q8IZF2-3	Q8IZF2;Q8IZF2-2;Q8IZF2-3				146112
Q8IZJ1;Q8IZJ1-2	Q8IZJ1;Q8IZJ1-2				1.16547e+06
Q8IZJ3;Q8IZJ3-2	Q8IZJ3;Q8IZJ3-2				918564
Q8IZP7	Q8IZP7				5.28323e+06
Q8IZS8	Q8IZS8;Q8IZS8-2;Q8IZS8-3				2.64465e+06
Q8N0W4;Q8N0W4-2;Q8NFZ3;Q8NFZ3-2	Q8N0W4;Q8NFZ3;Q8NFZ3-2;Q8N0W4-2				1.02083e+07
Q8N111	Q8N111				240454
Q8N114;Q8N114-2	Q8N114;Q8N114-2				8.97703e+06
Q8N126;Q8N126-2	Q8N126;Q8N126-2				2.97221e+07
Q8N149;Q8N149-2;Q8N149-3;Q8N149-4	Q8N149;Q8N149-2;Q8N149-3;Q8N149-4				494653
Q8N2Q7;Q8N2Q7-2	Q8N2Q7;Q8N2Q7-2				1.01222e+06
Q8N2S1;Q8N2S1-2;Q8N2S1-3	Q8N2S1;Q8N2S1-2;Q8N2S1-3				1.12807e+07
Q8N3G9	Q8N3G9;Q8N3G9-2;Q8N3G9-3				465798
Q8N3J2	Q8N3J2				6.33762e+06
Q8N3J6;Q8N3J6-2;Q8N3J6-3;Q8N3J6-4;Q8N3J6-5	Q8N3J6;Q8N3J6-2;Q8N3J6-3;Q8N3J6-4;Q8N3J6-5				4.95408e+06
Q8N3T1	Q8N3T1				1.42418e+06
Q8N3T6	Q8N3T6				3.78523e+06
Q8N428	Q8N428;Q8N428-2				1.61152e+06
Q8N436	Q8N436				1.33374e+06
Q8N474	Q8N474				938982
Q8N475;Q8N475-2	Q8N475;Q8N475-2;Q8N475-3				4.6138e+06
Q8N608;Q8N608-2;Q8N608-3;Q8N608-4	Q8N608;Q8N608-2;Q8N608-3;Q8N608-4				690009
Q8N6C5;Q8N6C5-2;Q8N6C5-4	Q8N6C5;Q8N6C5-2;Q8N6C5-4				1.84433e+06
Q8N967	Q8N967				841926
Q8N9I0	Q8N9I0				847536
Q8NBI6	Q8NBI6				2.61503e+06
Q8NBJ4;Q8NBJ4-2	Q8NBJ4;Q8NBJ4-2				1.15184e+07
Q8NBJ7;Q8NBJ7-2	Q8NBJ7;Q8NBJ7-2;Q8NBJ7-3				1.31754e+06
Q8NBP7	Q8NBP7				1.27737e+06
Q8NBS9;Q8NBS9-2	Q8NBS9;Q8NBS9-2				1.33338e+06
Q8NC42	Q8NC42				737704
Q8NCC3	Q8NCC3;Q8NCC3-2				3.72669e+06
Q8NCH0	Q8NCH0				2.08367e+06
Q8NCL4	Q8NCL4				6.16904e+06
Q8NCW5;Q8NCW5-2	Q8NCW5;Q8NCW5-2				2.64999e+06
Q8NCW6	Q8NCW6				1.67686e+06
Q8NDA2;Q8NDA2-2;Q8NDA2-4	Q8NDA2;Q8NDA2-2;Q8NDA2-4				1.32845e+06
Q8NEP3;Q8NEP3-2;Q8NEP3-3	Q8NEP3;Q8NEP3-2;Q8NEP3-3				2.29192e+09
Q8NES3;Q8NES3-3	Q8NES3;Q8NES3-2;Q8NES3-3;Q8NES3-4				9.16857e+06
Q8NFL0	Q8NFL0				445945
Q8NFP4;Q8NFP4-2	Q8NFP4;Q8NFP4-2				2.58073e+06
Q8NFT8	Q8NFT8				755350
Q8NFY4;Q8NFY4-6	Q8NFY4;Q8NFY4-6				6.28648e+06
Q8NFZ4	Q8NFZ4				8.02877e+06
Q8NFZ8	Q8NFZ8				5.47351e+07
Q8NHG7	Q8NHG7				1.55701e+06
Q8NHL6;Q8NHL6-2;Q8NHL6-3;Q8NHL6-4;Q8NHL6-5	Q8NHL6;Q8NHL6-5;Q8NHL6-2;Q8NHL6-3;Q8NHL6-4				497812
Q8NHP8	Q8NHP8;Q8NHP8-2				7.25579e+06
Q8NHQ9	Q8NHQ9				3.09092e+08
Q8TAB3;Q8TAB3-2;Q8TAB3-3	Q8TAB3;Q8TAB3-2;Q8TAB3-3				706724
Q8TAG5;Q8TAG5-2	Q8TAG5;Q8TAG5-2				2.2065e+07
Q8TBP5	Q8TBP5				6.42012e+06
Q8TCZ2	Q8TCZ2;Q8TCZ2-2;Q8TCZ2-3;Q8TCZ2-5;Q8TCZ2-6				5.28759e+07
Q8TDF5;Q8TDF5-1;Q8TDF5-2	Q8TDF5;Q8TDF5-1;Q8TDF5-2				564679
Q8TDQ0;Q8TDQ0-2	Q8TDQ0;Q8TDQ0-2				3.61175e+06
Q8TE57;Q8TE57-2	Q8TE57;Q8TE57-2				365040
Q8TEA8	Q8TEA8				1.16246e+06
Q8TER0;Q8TER0-5	Q8TER0;Q8TER0-3;Q8TER0-4;Q8TER0-5				1.36626e+07
Q8TEU8	Q8TEU8				2.7556e+07
Q8WUA8	Q8WUA8				923857
Q8WUJ3	Q8WUJ3;Q8WUJ3-2				3.60054e+06
Q8WVN6	Q8WVN6				5.29859e+06
Q8WVQ1;Q8WVQ1-3	Q8WVQ1;Q8WVQ1-2;Q8WVQ1-3				4.66653e+06
Q8WWA0	Q8WWA0				581483
Q8WWX9	Q8WWX9				4.3114e+06
Q8WX77	Q8WX77				1.46681e+06
Q8WXD2	Q8WXD2				7.74889e+07
Q8WXD2-2	Q8WXD2-2				5.39795e+06
Q8WY21;Q8WY21-2;Q8WY21-3;Q8WY21-4	Q8WY21;Q8WY21-2;Q8WY21-3;Q8WY21-4				6.07299e+06
Q8WYK1	Q8WYK1				1.34881e+06
Q8WZ75;Q8WZ75-2;Q8WZ75-3	Q8WZ75;Q8WZ75-2;Q8WZ75-3				3.55274e+06
Q8WZA1	Q8WZA1;Q8WZA1-2				2.47337e+07
Q92484;Q92484-2	Q92484;Q92484-2				3.96824e+06
Q92485	Q92485;Q92485-2				2.48958e+06
Q92520	Q92520				1.63267e+08
Q92542;Q92542-2	Q92542;Q92542-2				1.59065e+06
Q92563	Q92563				2.23604e+07
Q92626	Q92626;Q92626-2				619232
Q92673	Q92673				4.99631e+06
Q92692;Q92692-2	Q92692;Q92692-2				1.8121e+06
Q92729;Q92729-2;Q92729-3;Q92729-4	Q92729;Q92729-2;Q92729-3;Q92729-4				536012
Q92743	Q92743				6.35614e+06
Q92752	Q92752;Q92752-2				5.33399e+06
Q92765	Q92765				1.33989e+07
Q92820	Q92820				1.99708e+07
Q92823;Q92823-2;Q92823-5	Q92823;Q92823-2;Q92823-3;Q92823-4;Q92823-5;Q92823-6				7.97813e+07
Q92832;Q92832-2	Q92832;Q92832-2				903671
Q92854	Q92854;Q92854-2				1.82967e+06
Q92859;Q92859-2;Q92859-3	Q92859;Q92859-2;Q92859-3;Q92859-4				1.52971e+07
Q92876	Q92876;Q92876-2				1.52288e+08
Q92896;Q92896-2;Q92896-3	Q92896;Q92896-2;Q92896-3				2.59052e+06
Q92911	Q92911				1.77828e+06
Q92932-2	Q92932;Q92932-2;Q92932-3;Q92932-4				1.35305e+07
Q92945;Q96AE4;Q96AE4-2	Q92945;Q96AE4;Q96AE4-2				8.40094e+06
Q92954;Q92954-2;Q92954-5;Q92954-6	Q92954;Q92954-2;Q92954-3;Q92954-4;Q92954-5;Q92954-6				7.36965e+06
Q93063;Q93063-3	Q93063;Q93063-2;Q93063-3				1.22597e+06
Q93091	Q93091				2.62769e+06
Q969H8	Q969H8				2.75452e+06
Q969P0;Q969P0-3	Q969P0;Q969P0-3				8.27675e+07
Q969T9	Q969T9;Q969T9-2				9.09046e+06
Q969Z4	Q969Z4				1.80967e+06
Q96AP7	Q96AP7				1.06828e+07
Q96AQ1;Q96AQ1-2;Q96LY2;Q96LY2-2	Q96LY2;Q96LY2-2;Q96AQ1;Q96AQ1-2				1.40976e+06
Q96AQ6;Q96AQ6-2	Q96AQ6;Q96AQ6-2;Q96AQ6-3				843839
Q96B86;Q96B86-3;Q96B86-4	Q96B86;Q96B86-3;Q96B86-4				1.18745e+07
Q96BY9	Q96BY9				882855
Q96BZ4	Q96BZ4				1.28583e+07
Q96CG8;Q96CG8-2;Q96CG8-3	Q96CG8;Q96CG8-2;Q96CG8-3				2.84723e+06
Q96CW9;Q96CW9-2	Q96CW9;Q96CW9-2				277745
Q96CX2	Q96CX2;Q68DU8				827963
Q96DB5;Q96DB5-2	Q96DB5;Q96DB5-2				490084
Q96DT5	Q96DT5				1.33761e+07
Q96EE4	Q96EE4				780096
Q96EG1	Q96EG1				77278.9
Q96EU7	Q96EU7				96095.2
Q96FE5;Q96FE5-2	Q96FE5;Q7L985;Q96FE5-2				7.53293e+06
Q96FE7-4	Q96FE7;Q96FE7-2;Q96FE7-4;Q96FE7-5				3.7903e+07
Q96FJ2	P63167;Q96FJ2				3.41824e+06
Q96FW1;Q96FW1-2	Q96FW1;Q96FW1-2				281325
Q96GD0	Q96GD0				3.29522e+06
Q96GW7	Q96GW7;Q96GW7-2				2.3488e+08
Q96HC4;Q96HC4-4;Q96HC4-6;Q96HC4-7	Q96HC4;Q96HC4-4;Q96HC4-6;Q96HC4-7				48694.4
Q96HD1;Q96HD1-2	Q96HD1;Q96HD1-2				3.18907e+06
Q96HF1	Q96HF1				748332
Q96HU1;Q96HU1-2	Q96HU1;Q96HU1-2				6.32726e+06
Q96I82	Q96I82				303479
Q96ID5	Q96ID5				1.18752e+07
Q96IU4	Q96IU4				992579
Q96IY4	Q96IY4				3.23758e+07
Q96JA1;Q96JA1-2	Q96JA1;Q96JA1-2				612879
Q96JF0	Q96JF0;Q96JF0-2				9.13032e+06
Q96JP9	Q96JP9				281410
Q96JQ0	Q96JQ0				4.38234e+06
Q96KN2	Q96KN2				3.43073e+08
Q96KR4;Q96KR4-3	Q96KR4;Q96KR4-3				1.07092e+06
Q96MC2	Q96MC2				8.67655e+06
Q96MK3	Q96MK3				135504
Q96MU8;Q96MU8-2;Q96MU8-3	Q96MU8;Q96MU8-2;Q96MU8-3				440934
Q96NI6	Q96NI6				602910
Q96NU0;Q96NU0-2;Q9BZ76;Q9BZ76-2	Q96NU0;Q9BZ76;Q9BZ76-2;Q96NU0-2				306644
Q96NZ9	Q96NZ9;Q96NZ9-3;Q96NZ9-4				6.67068e+06
Q96P44;Q96P44-3	Q96P44;Q96P44-3				1.54943e+06
Q96PD2;Q96PD2-2	Q96PD2;Q96PD2-2				1.62836e+06
Q96PD5	Q96PD5;Q96PD5-2				3.0185e+07
Q96PQ0	Q96PQ0				6.11731e+06
Q96PX8	Q96PX8				1.9284e+07
Q96RP7	Q96RP7				149587
Q96RW7;Q96RW7-2	Q96RW7;Q96RW7-2				1.03259e+06
Q96S96	Q96S96				7.77166e+07
Q96SM3	Q96SM3				1.15941e+06
Q96TA2;Q96TA2-2;Q96TA2-3	Q96TA2;Q96TA2-2;Q96TA2-3				8.08745e+06
Q96TC7	Q96TC7;Q96TC7-2				2.76439e+07
Q99435;Q99435-2;Q99435-3;Q99435-4	Q99435;Q99435-2;Q99435-3;Q99435-4				1.01385e+08
Q99497	Q99497				1.18842e+07
Q99519	Q99519				2.87393e+06
Q99523	Q99523;Q99523-2				7.27943e+06
Q99536;Q99536-2;Q99536-3	Q99536;Q99536-2;Q99536-3				421543
Q99538	Q99538;Q99538-2;Q99538-3				1.30721e+06
Q99574	Q99574				1.89941e+07
Q99584	Q99584				147907
Q99650;Q99650-2	Q99650;Q99650-2				396085
Q99674	Q99674;Q99674-2				7.88068e+07
Q99715	Q99715;Q99715-4				3.03722e+06
Q99784	Q99784;Q99784-3;Q99784-5				3.8687e+06
Q99805	Q99805				260379
Q99941;Q99941-2	Q99941;Q99941-2				1.11037e+06
Q99946	Q99946				2.94707e+06
Q99969	Q99969				2.30362e+07
Q99972	Q99972				6.83981e+06
Q99983	Q99983				3.75292e+07
Q99985	Q99985				1.58771e+06
Q9BQ16	Q9BQ16;Q9BQ16-1;Q9BQ16-4;Q9BQ16-5;Q9BQ16-6;Q9BQ16-7;Q9BQ16-8				7.27547e+06
Q9BQS7;Q9BQS7-2;Q9BQS7-3	Q9BQS7;Q9BQS7-2;Q9BQS7-3;Q9BQS7-4				226794
Q9BQT9;Q9BQT9-2	Q9BQT9;Q9BQT9-2				4.37766e+07
Q9BRA2	Q9BRA2				1.91449e+06
Q9BRK3;Q9BRK3-2;Q9BRK3-3	Q9BRK3;Q9BRK3-2;Q9BRK3-3				3.49428e+06
Q9BRK5	Q9BRK5;Q9BRK5-2;Q9BRK5-5				1.06452e+07
Q9BRR6;Q9BRR6-2	Q9BRR6;Q9BRR6-2;Q9BRR6-6				114635
Q9BS26	Q9BS26				1.45429e+06
Q9BSG5;Q9BSG5-2;Q9BSG5-3	Q9BSG5;Q9BSG5-2;Q9BSG5-3				2.57611e+06
Q9BTY2	Q9BTY2				1.38106e+07
Q9BU40-3;Q9BU40-4;Q9BU40-5	Q9BU40;Q9BU40-3;Q9BU40-4;Q9BU40-5				5.95343e+06
Q9BUD6	Q9BUD6				1.93753e+06
Q9BUJ0	Q9BUJ0				3.79779e+06
Q9BUN1	Q9BUN1				9.83796e+06
Q9BVH7	Q9BVH7				190066
Q9BVK6	Q9BVK6				464640
Q9BW30	Q9BW30				370896
Q9BWD1;Q9BWD1-2	Q9BWD1;Q9BWD1-2				60966.9
Q9BWP8;Q9BWP8-10;Q9BWP8-2;Q9BWP8-3;Q9BWP8-4;Q9BWP8-5;Q9BWP8-6;Q9BWP8-7;Q9BWP8-8;Q9BWP8-9	Q9BWP8;Q9BWP8-10;Q9BWP8-2;Q9BWP8-3;Q9BWP8-4;Q9BWP8-5;Q9BWP8-6;Q9BWP8-7;Q9BWP8-8;Q9BWP8-9				652635
Q9BWQ8	Q9BWQ8				3.73553e+06
Q9BWS9;Q9BWS9-3	Q9BWS9;Q9BWS9-3				2.38332e+06
Q9BWV1;Q9BWV1-3	Q9BWV1;Q9BWV1-3				283262
Q9BX67;Q9BX67-2	Q9BX67;Q9BX67-2				4.67953e+06
Q9BXJ0	Q9BXJ0				5.90556e+06
Q9BXJ1;Q9BXJ1-2	Q9BXJ1;Q9BXJ1-2				5.0704e+06
Q9BXJ3	Q9BXJ3				8.17903e+06
Q9BXJ4;Q9BXJ4-2;Q9BXJ4-3	Q9BXJ4;Q9BXJ4-2;Q9BXJ4-3				1.00214e+07
Q9BXP8	Q9BXP8				620158
Q9BXR6	Q9BXR6				277722
Q9BXX0	Q9BXX0				1.16322e+06
Q9BY67-2	Q9BY67;Q9BY67-2;Q9BY67-3;Q9BY67-4;Q9BY67-5				5.28146e+07
Q9BY76;Q9BY76-2	Q9BY76;Q9BY76-2				266922
Q9BYC5	Q9BYC5;Q9BYC5-3				242040
Q9BYH1;Q9BYH1-5;Q9BYH1-6;Q9BYH1-7	Q9BYH1;Q9BYH1-2;Q9BYH1-3;Q9BYH1-4;Q9BYH1-5;Q9BYH1-6;Q9BYH1-7				2.12415e+07
Q9BYJ0	Q9BYJ0				2.09911e+06
Q9BZC7;Q9BZC7-2;Q9BZC7-3;Q9BZC7-4	Q9BZC7;Q9BZC7-2;Q9BZC7-3;Q9BZC7-4				1.43891e+06
Q9BZR6	Q9BZR6				1.04556e+07
Q9C0A0	Q9C0A0;Q96NU0;Q9BZ76;Q9BZ76-2;Q96NU0-2;Q9C0A0-2				1.84302e+07
Q9C0C4	Q9C0C4				411315
Q9GZM5	Q9GZM5				1.08123e+07
Q9GZP0;Q9GZP0-2	Q9GZP0;Q9GZP0-2				542534
Q9GZP4;Q9GZP4-2	Q9GZP4;Q9GZP4-2				2.87409e+06
Q9GZS9;Q9GZS9-2;Q9GZX3	Q9GZS9;Q9GZX3;Q9GZS9-2				1.38027e+06
Q9GZT8;Q9GZT8-2	Q9GZT8;Q9GZT8-2;Q9GZT8-3				675826
Q9GZV7	Q9GZV7				1.38945e+06
Q9GZX9	Q9GZX9				6.66555e+06
Q9H008	Q9H008;Q9H008-2				800108
Q9H019;Q9H019-2;Q9H019-3	Q9H019;Q9H019-2;Q9H019-3				2.5572e+06
Q9H0E2;Q9H0E2-2	Q9H0E2;Q9H0E2-2				157528
Q9H0Q3;Q9H0Q3-2	Q9H0Q3;Q9H0Q3-2				4.98148e+06
Q9H0R4;Q9H0R4-2	Q9H0R4;Q9H0R4-2				811926
Q9H0W9;Q9H0W9-2;Q9H0W9-3	Q9H0W9;Q9H0W9-3;Q9H0W9-2;Q9H0W9-4				757075
Q9H156;Q9H156-2	Q9H156;Q9H156-2				2.48809e+06
Q9H173	Q9H173				3.53676e+07
Q9H1U4	Q9H1U4				7.7955e+06
Q9H1Z8	Q9H1Z8				5.99898e+07
Q9H251;Q9H251-2;Q9H251-3;Q9H251-4;Q9H251-8	Q9H251;Q9H251-2;Q9H251-3;Q9H251-4;Q9H251-8				1.38477e+06
Q9H299	Q9H299				4.45285e+06
Q9H2A7	Q9H2A7				1.53456e+07
Q9H2A9	Q9H2A9				756442
Q9H2E6;Q9H2E6-2	Q9H2E6;Q9H2E6-2				8.79206e+06
Q9H2X0;Q9H2X0-5	Q9H2X0;Q9H2X0-5				3.25654e+06
Q9H2X8	Q9H2X8				334521
Q9H3G5	Q9H3G5				8.47229e+06
Q9H3S1;Q9H3S1-2	Q9H3S1;Q9H3S1-2				725989
Q9H3S3	Q9H3S3				1.15276e+06
Q9H3T2;Q9H3T2-3	Q9H3T2;Q9H3T2-2;Q9H3T2-3				2.21717e+06
Q9H3T3;Q9H3T3-3	Q9H3T3;Q9H3T3-3				1.76644e+06
Q9H3U7;Q9H3U7-2	Q9H3U7;Q9H3U7-2				155933
Q9H461	Q9H461				191305
Q9H492;Q9H492-2	Q9GZQ8;Q9H492;A6NCE7;Q9H492-2				1.07134e+06
Q9H4A9;Q9H4A9-2	Q9H4A9;Q9H4A9-2;Q9H4A9-3				243200
Q9H4D0	Q9H4D0				7.38729e+06
Q9H4F8;Q9H4F8-2	Q9H4F8;Q9H4F8-2				3.4102e+06
Q9H5Y7	Q9H5Y7				2.00707e+06
Q9H6B4	Q9H6B4				1.39562e+06
Q9H6X2;Q9H6X2-5	Q9H6X2;Q9H6X2-2;Q9H6X2-3;Q9H6X2-4;Q9H6X2-5;Q9H6X2-6				4.04436e+06
Q9H741	Q9H741				979982
Q9H7Y0	Q9H7Y0				2.488e+06
Q9H8J5	Q9H8J5				2.9568e+06
Q9H8L6	Q9H8L6				9.97929e+06
Q9H9S5	Q9H9S5				1.06362e+06
Q9HAR2;Q9HAR2-2;Q9HAR2-3;Q9HAR2-4	Q9HAR2;Q9HAR2-2;Q9HAR2-3;Q9HAR2-4				3.872e+06
Q9HAT2;Q9HAT2-2	Q9HAT2;Q9HAT2-2				6.91976e+06
Q9HB40	Q9HB40;Q9HB40-2				801354
Q9HBR0	Q9HBR0				4.00468e+06
Q9HBT6	Q9HBT6				1.70736e+06
Q9HBW1	Q9HBW1				996563
Q9HC38-2	Q9HC38;Q9HC38-2;Q9HC38-3				942092
Q9HC56;Q9HC56-2	Q9HC56;Q9HC56-2				7.86838e+06
Q9HC57	Q9HC57				4.20542e+06
Q9HCB6	Q9HCB6				3.63546e+06
Q9HCK4;Q9HCK4-2;Q9HCK4-3	Q9HCK4;Q9HCK4-2;Q9HCK4-3				1.70371e+06
Q9HCL0;Q9HCL0-2	Q9HCL0;Q9HCL0-2				320329
Q9HCU0	Q9HCU0				4.37732e+06
Q9HCU4	Q9HCU4				1.51505e+07
Q9HD45	Q9HD45				1.40521e+06
Q9HDB5	Q9HDB5;Q9Y4C0;Q9HDB5-2;Q9HDB5-4;Q9Y4C0-3				1.63555e+07
Q9HDC9	Q9HDC9;Q9HDC9-2				3.43104e+06
Q9NP58;Q9NP58-4	Q9NP58;Q9NP58-4				3.4092e+06
Q9NP78;Q9NP78-2;Q9NP78-3;Q9NP78-5;Q9NP78-6;Q9NP78-7	Q9NP78;Q9NP78-2;Q9NP78-3;Q9NP78-5;Q9NP78-6;Q9NP78-7				630963
Q9NP80;Q9NP80-2;Q9NP80-3	Q9NP80;Q9NP80-2;Q9NP80-3				8.26161e+06
Q9NP84	Q9NP84				1.83957e+06
Q9NPC4	Q9NPC4				1.76518e+06
Q9NPD7	Q9NPD7				7.92004e+06
Q9NPG4	Q9NPG4				2.2199e+06
Q9NPH3;Q9NPH3-2;Q9NPH3-5	Q9NPH3;Q9NPH3-2;Q9NPH3-3;Q9NPH3-5				1.82438e+06
Q9NPR2;Q9NPR2-2	Q9NPR2;Q9NPR2-2				1.31787e+07
Q9NQ30	Q9NQ30				271737
Q9NQ36;Q9NQ36-2;Q9NQ36-3	Q9NQ36;Q9NQ36-2;Q9NQ36-3				1.26206e+06
Q9NQ38-3	Q9NQ38;Q9NQ38-2;Q9NQ38-3				4.98769e+06
Q9NQ79;Q9NQ79-2	Q9NQ79;Q9NQ79-2;Q9NQ79-3				8.4007e+07
Q9NQS3;Q9NQS3-2;Q9NQS3-3	Q9NQS3;Q9NQS3-2;Q9NQS3-3				1.34233e+06
Q9NQX5	Q9NQX5				1.38887e+06
Q9NR34	Q9NR34				6.92287e+06
Q9NRB3	Q9NRB3				1.40194e+06
Q9NRN5	Q9NRN5;Q9NRN5-2				1.23554e+07
Q9NRR1	Q9NRR1				1.2207e+07
Q9NRV9	Q9NRV9				301265
Q9NS00;Q9NS00-2	Q9NS00;Q9NS00-2				220342
Q9NS15;Q9NS15-2	Q9NS15;Q9NS15-2				645317
Q9NS84	Q9NS84				419845
Q9NS85	Q9NS85;Q9NS85-2				3.46129e+06
Q9NS98	Q9NS98				1.04445e+07
Q9NSC7	Q9NSC7				4.4452e+06
Q9NT22	Q9NT22;Q9NT22-2				3.84863e+06
Q9NT99	Q9NT99				1.6588e+07
Q9NTU7	Q9NTU7				9.34006e+06
Q9NU53	Q9NU53				2.14529e+06
Q9NUQ9	Q9NUQ9				1.70955e+06
Q9NVJ2;Q9NVJ2-2	Q96BM9;Q9NVJ2;Q9NVJ2-2				164328
Q9NX62	Q9NX62				2.19439e+07
Q9NXS2;Q9NXS2-3	Q9NXS2;Q9NXS2-3				1.0536e+06
Q9NY15	Q9NY15;Q9NY15-2				1.33207e+06
Q9NY33;Q9NY33-4	Q9NY33;Q9NY33-2;Q9NY33-4				4.51449e+06
Q9NY47;Q9NY47-2;Q9NY47-3;Q9NY47-4;Q9NY47-5	Q9NY47;Q9NY47-2;Q9NY47-3;Q9NY47-4;Q9NY47-5				4.65792e+06
Q9NY72	Q9NY72				3.77664e+06
Q9NY97;Q9NY97-2	Q9NY97;Q9NY97-2				7.31629e+06
Q9NYQ8	Q9NYQ8				1.22256e+07
Q9NYX4	Q9NYX4				9.1269e+06
Q9NZ08;Q9NZ08-2	Q9NZ08;Q9NZ08-2				1.35272e+07
Q9NZ53	Q9NZ53;Q9NZ53-2				3.32449e+06
Q9NZ72;Q9NZ72-2	Q9NZ72;Q9NZ72-2				1.02188e+06
Q9NZ94;Q9NZ94-2;Q9NZ94-3	Q9NZ94;Q9NZ94-2;Q9NZ94-3				1.6362e+06
Q9NZC2;Q9NZC2-2;Q9NZC2-3	Q9NZC2;Q9NZC2-2;Q9NZC2-3				3.93053e+06
Q9NZK5	Q9NZK5				3.1796e+06
Q9NZN1	Q9NZN1				936270
Q9NZP8	Q9NZP8				1.44622e+07
Q9NZR2	Q9NZR2				2.50814e+06
Q9NZU0	Q9NZU0				170046
Q9NZU1	Q9NZU1				1.78723e+06
Q9P035	Q9P035				96344.7
Q9P0K1;Q9P0K1-2;Q9P0K1-5	Q9P0K1;Q9P0K1-2;Q9P0K1-3;Q9P0K1-4;Q9P0K1-5				4.17376e+07
Q9P0K9	Q9P0K9				3.92352e+06
Q9P0L0;Q9P0L0-2	Q9P0L0;Q9P0L0-2				1.85501e+06
Q9P0S2	Q9P0S2				838502
Q9P121-4	Q9P121;Q9P121-3;Q9P121-2;Q9P121-4				6.89039e+07
Q9P232	Q9P232				2.54616e+06
Q9P2E7;Q9P2E7-2	Q9P2E7;Q9P2E7-2				2.27085e+06
Q9P2S2	P58401;Q9P2S2				1.8171e+07
Q9UBG0	Q9UBG0				7.61474e+06
Q9UBP4	Q9UBP4				2.43892e+08
Q9UBQ6	Q9UBQ6				7.25724e+06
Q9UBR2	Q9UBR2				1.73588e+07
Q9UBX1	Q9UBX1				7.73721e+06
Q9UBX5	Q9UBX5				2.43062e+07
Q9UBX7;Q9UBX7-1;Q9UBX7-3;Q9UBX7-4	Q9UBX7;Q9UBX7-1;Q9UBX7-3;Q9UBX7-4				1.8939e+06
Q9UBX8	Q9UBX8				49566.5
Q9UD71;Q9UD71-2	Q9UD71;Q9UD71-2				125076
Q9UEW3;Q9UEW3-2	Q9UEW3;Q9UEW3-2				591838
Q9UF11;Q9UF11-2;Q9UF11-3;Q9UF11-4	Q9UF11;Q9UF11-2;Q9UF11-3;Q9UF11-4				4.17488e+06
Q9UF33	Q9UF33				909035
Q9UFP1	Q9UFP1				1.78506e+06
Q9UGM5;Q9UGM5-2	Q9UGM5;Q9UGM5-2				6.85934e+06
Q9UGV2;Q9UGV2-2;Q9UGV2-3	Q9UGV2;Q9UGV2-2;Q9UGV2-3				412772
Q9UHC6	Q9UHC6				1.08505e+07
Q9UHD9	Q9UHD9				143812
Q9UHF0-2	Q9UHF0-2				1.90106e+06
Q9UHG2	Q9UHG2				1.67344e+08
Q9UHG3	Q9UHG3				1.99319e+06
Q9UHI8	Q9UHI8				4.29699e+06
Q9UHL4	Q9UHL4				8.2742e+06
Q9UHY7	Q9UHY7;Q9UHY7-2				649725
Q9UI15	Q9UI15				1.64825e+06
Q9UI40;Q9UI40-2	Q9UI40;Q9UI40-2				1.27203e+07
Q9UI42;Q9UI42-2	Q9UI42;Q9UI42-2				516447
Q9UIB8;Q9UIB8-2;Q9UIB8-3;Q9UIB8-4;Q9UIB8-5;Q9UIB8-6	Q9UIB8;Q9UIB8-2;Q9UIB8-3;Q9UIB8-4;Q9UIB8-5;Q9UIB8-6				3.66951e+06
Q9UIQ6;Q9UIQ6-2;Q9UIQ6-3	Q9UIQ6;Q9UIQ6-2;Q9UIQ6-3				734476
Q9UIW2	P51805;Q9UIW2				4.071e+06
Q9UJ14	Q9UJ14				3.50542e+06
Q9UJ37	Q9UJ37				1.17962e+06
Q9UJ99	Q9UJ99				5.22582e+06
Q9UJA9	Q9UJA9				2.963e+06
Q9UJH8	Q9UJH8				3.25664e+06
Q9UJJ9	Q9UJJ9				1.21655e+07
Q9UK28	Q9UK28				279731
Q9UK55	Q9UK55				2.29179e+06
Q9UK76;Q9UK76-2;Q9UK76-3	Q9UK76;Q9UK76-2;Q9UK76-3				112131
Q9UKB5	Q9UKB5				2.38282e+06
Q9UKJ1-3	Q9UKJ1;Q9UKJ1-2;Q9UKJ1-3;Q9UKJ1-4				2.79831e+06
Q9UKK9	Q9UKK9				639531
Q9UKM7	Q9UKM7				1.71348e+07
Q9UKQ2;Q9UKQ2-2	Q9UKQ2;Q9UKQ2-2				483786
Q9UKU6	Q9UKU6				926019
Q9UKU9	Q9UKU9;Q9UKU9-2				3.76036e+06
Q9UKZ4;Q9UKZ4-2	Q9UKZ4;Q9UKZ4-2				475253
Q9ULB1-2;Q9ULB1-3	P58400;Q9ULB1-2;Q9ULB1-3				1.69945e+07
Q9ULB4	Q9ULB4				484517
Q9ULB5	Q9ULB5				457565
Q9ULF5	Q9ULF5				7.53592e+06
Q9ULH4	Q9ULH4				831656
Q9ULI3;Q9ULI3-2	Q9ULI3;Q9ULI3-2				3.5896e+06
Q9ULL4;Q9ULL4-2	Q9ULL4;Q9ULL4-2				3.56264e+06
Q9ULP0-3;Q9ULP0-6	Q9ULP0;Q9ULP0-2;Q9ULP0-3;Q9ULP0-4;Q9ULP0-5;Q9ULP0-6;Q9ULP0-7;Q9ULP0-8				2.46356e+06
Q9ULP0;Q9ULP0-2;Q9ULP0-4;Q9ULP0-5	Q9ULP0;Q9ULP0-2;Q9ULP0-4;Q9ULP0-5				175203
Q9ULZ3;Q9ULZ3-2;Q9ULZ3-3	Q9ULZ3;Q9ULZ3-2;Q9ULZ3-3				151783
Q9ULZ9	Q9ULZ9;Q9ULZ9-2				880317
Q9UM21;Q9UM21-2	Q9UM21;Q9UM21-2				113209
Q9UM22	Q9UM22;Q9UM22-3				6.42882e+06
Q9UM47	Q9UM47				5.51026e+06
Q9UMF0	Q9UMF0				1.54118e+07
Q9UMX5	Q9UMX5				2.20553e+07
Q9UN36-2;Q9UN36-6	Q9UN36;Q9UN36-2;Q9UN36-3;Q9UN36-5;Q9UN36-6				5.65968e+06
Q9UN70;Q9UN70-2	Q9UN70;Q9UN70-2				3.98616e+06
Q9UN75;Q9UN75-2;Q9Y5H6;Q9Y5H6-2;Q9Y5H7;Q9Y5H7-2;Q9Y5H7-3;Q9Y5H8;Q9Y5H8-2;Q9Y5I0;Q9Y5I0-2;Q9Y5I1;Q9Y5I1-2	Q9UN72;Q9Y5H8;Q9UN75;Q9Y5H6;Q9Y5H7;Q9Y5I0;Q9Y5I1;Q9UN72-2;Q9UN75-2;Q9Y5H6-2;Q9Y5H7-2;Q9Y5H7-3;Q9Y5H8-2;Q9Y5I0-2;Q9Y5I1-2				1.71014e+06
Q9UNN8	Q9UNN8				2.68885e+06
Q9UNW1	Q9UNW1;Q9UNW1-4				1.92914e+07
Q9UP79	Q9UP79				1.15278e+06
Q9UPU3	Q9UPU3				1.54317e+07
Q9UQ52	Q9UQ52				3.60251e+06
Q9UQM7;Q9UQM7-2	Q9UQM7;Q9UQM7-2				3.71197e+06
Q9Y227;Q9Y227-2	Q9Y227;Q9Y227-2				200594
Q9Y240	Q9Y240				6.44251e+06
Q9Y274	Q9Y274;Q9Y274-2				792083
Q9Y279;Q9Y279-2	Q9Y279;Q9Y279-2;Q9Y279-3				4.18799e+06
Q9Y281;Q9Y281-3	Q9Y281;Q9Y281-3				359136
Q9Y287	Q9Y287;Q9Y287-2				1.01951e+07
Q9Y2E5	Q9Y2E5;Q9Y2E5-2				1.28385e+06
Q9Y2G1;Q9Y2G1-2	Q9Y2G1;Q9Y2G1-2				798011
Q9Y2G5;Q9Y2G5-1;Q9Y2G5-2	Q9Y2G5;Q9Y2G5-1;Q9Y2G5-2				234113
Q9Y2I2;Q9Y2I2-1;Q9Y2I2-2;Q9Y2I2-4;Q9Y2I2-5;Q9Y2I2-6	Q9Y2I2;Q9Y2I2-1;Q9Y2I2-2;Q9Y2I2-4;Q9Y2I2-5;Q9Y2I2-6				2.85176e+06
Q9Y2S2;Q9Y2S2-2	Q9Y2S2;Q9Y2S2-2				83830.6
Q9Y2T3;Q9Y2T3-3	Q9Y2T3;Q9Y2T3-2;Q9Y2T3-3				5.13625e+06
Q9Y2V2	Q9Y2V2				301280
Q9Y2Z0;Q9Y2Z0-2	Q9Y2Z0;Q9Y2Z0-2				581524
Q9Y328	Q9Y328				232518
Q9Y334;Q9Y334-2	Q9Y334;Q9Y334-2				679823
Q9Y3D6	Q9Y3D6				326391
Q9Y490	Q9Y490				448042
Q9Y4C0-4	Q9HDB5-3;Q9HDB5-4;Q9Y4C0-4				3.83649e+07
Q9Y4D7	Q9Y4D7;Q9Y4D7-2				6.18462e+07
Q9Y4L1	Q9Y4L1;Q9Y4L1-2				9.01285e+06
Q9Y5E5	Q9Y5E5				275388
Q9Y5F6-2	Q9Y5F6;Q9Y5F6-2				2.39493e+07
Q9Y5G4;Q9Y5G4-2	Q9Y5G4;Q9Y5H3;Q9Y5G4-2;Q9Y5H3-2				487905
Q9Y5G9;Q9Y5G9-2	Q9Y5G6;Q9Y5G9;Q9Y5H0;Q9Y5H1;Q9Y5G6-2;Q9Y5G9-2;Q9Y5H0-2;Q9Y5H1-2				1.47065e+06
Q9Y5I4;Q9Y5I4-2	Q9Y5I4;Q9Y5I4-2				1.08729e+07
Q9Y5L2	Q9Y5L2				2.37551e+06
Q9Y5Y7	Q9Y5Y7				2.67915e+07
Q9Y617	Q9Y617;Q9Y617-2				1.68458e+06
Q9Y625	Q9Y625				1.19519e+06
Q9Y639;Q9Y639-1;Q9Y639-3;Q9Y639-4;Q9Y639-5	Q9Y639;Q9Y639-1;Q9Y639-3;Q9Y639-4;Q9Y639-5				2.20405e+06
Q9Y644	Q9Y644				1.03783e+06
Q9Y646	Q9Y646				3.25488e+07
Q9Y653;Q9Y653-2;Q9Y653-3	Q9Y653;Q9Y653-2;Q9Y653-3;Q9Y653-4;Q9Y653-5				1.77292e+06
Q9Y696	Q9Y696				2.08477e+06
Q9Y6C2	Q9Y6C2;Q9Y6C2-2				2.26542e+06
Q9Y6N6	Q9Y6N6				1.09788e+06
Q9Y6N7;Q9Y6N7-2;Q9Y6N7-3;Q9Y6N7-4;Q9Y6N7-5;Q9Y6N7-6	Q9Y6N7;Q9Y6N7-2;Q9Y6N7-3;Q9Y6N7-4;Q9Y6N7-5;Q9Y6N7-6				1.22421e+07
Q9Y6N8	Q9Y6N8				2.40104e+06
Q9Y6R7	Q9Y6R7				1.43073e+07
Q9Y6X5	Q9Y6X5				1.2337e+06
Q9Y6Y8;Q9Y6Y8-2	Q9Y6Y8;Q9Y6Y8-2				2.04256e+07
