Protein.Group	Protein.Ids	Protein.Names	Genes	First.Protein.Description	/fs/pool/pool-mann-projects/Johannes/Jakob_AD_CSF_data/All_without_random_20/All_Raw/20190228_QX1_PhGe_SA_EASY12-10_Deigendesch_F11_82542649.mzML
A0A075B6H7;A0A0C4DH55;P01624	P01624;A0A075B6H7;A0A0C4DH55				6.33084e+08
A0A075B6H9	A0A075B6H9				5.68412e+07
A0A075B6I0	A0A075B6I0				3.77849e+07
A0A075B6I1	A0A075B6I1				3.76705e+06
A0A075B6J1	A0A075B6J1;A0A0A0MRZ9				1.71073e+06
A0A075B6J9	A0A075B6J9				8.11973e+06
A0A075B6K2	A0A075B6K2				3.5424e+06
A0A075B6K4	A0A075B6K0;A0A075B6K4				2.32056e+07
A0A075B6K5	A0A075B6K5				1.64795e+07
A0A075B6P5;P01615	P01615;A0A075B6P5				4.63736e+08
A0A075B6R2	A0A075B6R2				3.8249e+07
A0A075B6R9;A0A0C4DH68	A0A075B6R9;A0A0C4DH68				3.15906e+07
A0A075B6S2	A0A075B6S2;A2NJV5				4.41013e+08
A0A075B6S5	A0A075B6S5;A0A0C4DH67;A0A0C4DH69				2.11817e+08
A0A087WSX0	A0A087WSX0				4.1919e+06
A0A087WSY4	A0A087WSY4				2.63175e+07
A0A087WSY6	A0A087WSY6				2.58054e+08
A0A087WSZ0	A0A087WSZ0				5.41656e+06
A0A087WW87;P01614	P01614;A0A087WW87				861683
A0A0A0MRZ8;P04433	P04433;A0A0A0MRZ8				2.60183e+08
A0A0A0MS15	A0A0A0MS15				4.41542e+06
A0A0A0MT36;A0A0C4DH26	A0A0A0MT36;A0A0C4DH26				2.23835e+06
A0A0A0MT89	A0A0A0MT89				1.49103e+07
A0A0B4J1U7	A0A0B4J1U7				1.32008e+07
A0A0B4J1V0	A0A0B4J1V0				2.21857e+08
A0A0B4J1V2	A0A0B4J1V2				4.33953e+06
A0A0B4J1X5	P01764;P01768;P01772;P01767;A0A0B4J1X5;A0A0C4DH42;P0DP02;P0DP03				1.53809e+08
A0A0B4J1Y8	A0A0B4J1Y8				2.74448e+07
A0A0B4J1Y9	A0A0B4J1Y9				2.71707e+06
A0A0C4DH24	A0A0C4DH24				1.69953e+07
A0A0C4DH25	A0A0C4DH25				3.46984e+07
A0A0C4DH29	A0A0C4DH29				581363
A0A0C4DH30	A0A0C4DH30				600417
A0A0C4DH33	A0A0C4DH33				1.69651e+06
A0A0C4DH34	A0A0C4DH34				1.4404e+07
A0A0C4DH35	A0A0C4DH35				1.31727e+07
A0A0C4DH36	A0A0C4DH36				1.0924e+07
A0A0C4DH38	A0A0C4DH38				1.74677e+06
A0A0C4DH39	A0A0C4DH39				1.55532e+07
A0A0C4DH41;P01824;P01825;P06331;P0DP06;P0DP08	P01824;P01825;P06331;A0A0C4DH41;P0DP06;P0DP08				7.39217e+07
A0A0C4DH43	A0A0C4DH43				4.4531e+07
A0A0G2JMI3	A0A0G2JMI3				2.65593e+07
A0A0G2JS06	A0A0G2JS06				1.18943e+07
A0A0J9YX35	A0A0J9YX35				1.57472e+07
A0A0J9YXX1	A0A0C4DH38;A0A0J9YXX1				1.59622e+08
A0A2R8Y619;O60814;P06899;P23527;P33778;P57053;P58876;P62807;Q16778;Q5QNW6;Q5QNW6-2;Q8N257;Q93079;Q96A08;Q99877;Q99879;Q99880	O60814;P06899;P23527;P33778;P57053;P58876;P62807;Q16778;Q5QNW6;Q8N257;Q93079;Q96A08;Q99877;Q99879;Q99880;A0A2R8Y619;Q5QNW6-2				881922
A0M8Q6	P0CG04;P0DOY2;A0M8Q6;P0CF74;B9A064;P0DOX8				2.03993e+08
A1L4H1	A1L4H1				7.95262e+06
A2RU67	A2RU67				823981
A5D6W6	A5D6W6				4.5733e+06
A6BM72;A6BM72-2;A6BM72-4	A6BM72;A6BM72-2;A6BM72-4				2.2182e+06
A6NCE7;Q9GZQ8	Q9GZQ8;A6NCE7				1.69365e+06
A6NGN9	A6NGN9				1.7088e+07
A6NHG4;P30046;P30046-2	P30046;A6NHG4;P30046-2				5.28017e+06
A6NKN8	A6NKN8				232628
A6NL88	A6NL88				9.34978e+06
A6NLU5	A6NLU5				6.42021e+07
A6NML5	A6NML5				6.05766e+06
A8MTW9	A8MTW9				4.69536e+06
B4DS77;B4DS77-2	B4DS77;B4DS77-2;B4DS77-3				1.17865e+06
C9JVW0	C9JVW0				3.14471e+07
I3L3R5	I3L3R5				1.4283e+06
O00115;O00115-2	O00115;O00115-2				6.85445e+06
O00142;O00142-2;O00142-3;O00142-4;O00142-5;O00142-6	O00142;O00142-2;O00142-3;O00142-4;O00142-5;O00142-6				8.35206e+07
O00187;O00187-2	O00187;O00187-2				5.29798e+06
O00230	O00230				652276
O00244	O00244				2.96462e+06
O00264	O00264;O00264-2				6.1153e+06
O00299	O00299				3.16144e+06
O00339;O00339-2;O00339-3	O00339;O00339-2;O00339-3				2.74652e+06
O00391	O00391;O00391-2				4.38723e+07
O00451	O00451;O00451-2;O00451-3				5.6871e+07
O00461	O00461				1.88285e+07
O00462	O00462				9.13765e+06
O00468-6	O00468-6;O00468-7				4.04036e+07
O00533	O00533				1.62993e+07
O00533-2	O00533;O00533-2				6.24035e+08
O00560;O00560-2;O00560-3	O00560;O00560-2;O00560-3				2.2198e+06
O00567	O00567				1.13603e+06
O00584	O00584				2.44438e+07
O00587;O00587-2	O00587;O00587-2				106392
O00754;O00754-2	O00754;O00754-2				4.78999e+06
O14498	O14498				1.89712e+08
O14514	O14514				5.56035e+06
O14522	O14522;O14522-1				4.69074e+06
O14525;O14525-2	O14525;O14525-2;O14525-3				2.79109e+06
O14594	O14594				2.9154e+08
O14657	O14657				466062
O14668;O14668-2	O14668;O14668-2				2.12642e+06
O14672	O14672				3.8571e+06
O14733;O14733-2;O14733-3;O14733-4	O14733;O14733-2;O14733-3;O14733-4				4.86482e+07
O14737;O14737-2	O14737;O14737-2				523751
O14745	O14745;O14745-2				455394
O14773	O14773				2.15046e+07
O14786	O14786;O14786-2;O14786-3				2.01289e+07
O14791-2	O14791;O14791-2;O14791-3				4.60552e+07
O14793	O14793				4.34782e+06
O14810	O14810;Q6PUV4				926617
O14917;O14917-2	O14917;O14917-2				7.97766e+06
O14960	O14960				585985
O15031	O15031				3.46268e+07
O15041;O15041-2	O15041;O15041-2				1.15835e+07
O15123;O15123-2;O15123-3	O15123;O15123-2;O15123-3				661546
O15144	O15144				215521
O15145	O15145				198461
O15197;O15197-3	O15197;O15197-3				2.31865e+07
O15204;O15204-2	O15204;O15204-2				3.23083e+06
O15230	O15230				2.49638e+07
O15232;O15232-2	O15232;O15232-2				4.82512e+06
O15240	O15240				5.24818e+08
O15335	O15335				1.25802e+07
O15354	O15354				4.92946e+07
O15394	O15394;O15394-2				6.80539e+07
O15400;O15400-2	O15400;O15400-2				1.79348e+06
O15466;O15466-2	O15466;O15466-2				2.35307e+06
O15498;O15498-2	O15498;O15498-2				706647
O15540;O15540-2	O15540;O15540-2				1.35667e+07
O43155	O43155				3.52808e+06
O43157	O43157;O43157-2;O43157-3				1.01367e+07
O43173	O43173				8.83758e+06
O43240	O43240				5.16715e+06
O43278;O43278-2	O43278;O43278-2				5.53229e+06
O43286	O43286				166398
O43291	O43291				2.52029e+07
O43300	O43300				9.18685e+07
O43323	O43323				1.05083e+06
O43396	O43396				1.04784e+06
O43405	O43405;O43405-2				2.31272e+07
O43493;O43493-3;O43493-5;O43493-7	O43493;O43493-3;O43493-5;O43493-4;O43493-6;O43493-7				1.20607e+08
O43504	O43504				1.68221e+06
O43505	O43505				1.21863e+09
O43508	O43508				3.19176e+06
O43508-2;O75888;O75888-2;O75888-4;O75888-5	O75888;O43508-2;O75888-2;O75888-4;O75888-5				2.38977e+06
O43529	O43529				1.75582e+07
O43556;O43556-3;O43556-4	O43556;O43556-3;O43556-4				1.31016e+07
O43567	O43567				2.82657e+07
O43581-2;O43581-3;O43581-5	O43581-2;O43581-3;O43581-5				2.60539e+06
O43707	O43707;O43707-2;O43707-3				309972
O43736;O43736-2	O43736;O43736-2				3.52919e+06
O43827	O43827				1.55868e+07
O43852;O43852-2;O43852-3;O43852-4;O43852-5;O43852-9	O43852;O43852-10;O43852-11;O43852-12;O43852-13;O43852-14;O43852-2;O43852-3;O43852-4;O43852-5;O43852-6;O43852-7;O43852-8;O43852-9				1.27845e+07
O43854;O43854-2	O43854;O43854-2				207796
O43866	O43866				1.28306e+07
O43897;O43897-2	O43897;O43897-2				2.6175e+06
O43909	O43909				905654
O43916	O43916				5.92753e+06
O60241;O60241-2;O60241-3;O60241-4	O60241;O60241-2;O60241-3;O60241-4				5.14772e+07
O60242	O60242				4.73406e+06
O60243	O60243;O60243-2				7.42057e+06
O60245;O60245-2	O60245;O60245-2				6.62582e+06
O60279	O60279				4.98175e+07
O60291;O60291-2;O60291-3;O60291-4	O60291;O60291-2;O60291-3;O60291-4				9.56796e+06
O60449;O60449-2;O60449-3	O60449;O60449-2;O60449-3				1.17241e+06
O60462;O60462-2;O60462-3;O60462-4;O60462-5	O60462;O60462-2;O60462-3;O60462-4;O60462-5;O60462-6				1.57354e+07
O60476	O60476				4.81669e+06
O60477	O60477;Q76B58;O60477-3;Q76B58-2				1.88592e+06
O60486	O60486				228842
O60512	O60512				4.67139e+06
O60565	O60565				1.43713e+06
O60568	O60568				7.83465e+06
O60613	O60613				5.00796e+06
O60741	O60741				931812
O60883	O60883				2.52298e+08
O60888-3	O60888;O60888-2;O60888-3				1.99607e+07
O60909;O60909-2;O60909-3	O60909;O60909-2;O60909-3				1.52481e+06
O60939	O60939				1.09034e+07
O75051;O75051-2	O75051;O75051-2				2.05228e+06
O75063	O75063				5.55836e+06
O75071	O75071				2.27163e+07
O75077;O75077-2;O75077-3	O75077;O75077-2;O75077-3				6.51605e+06
O75078	O75078;O75078-2				1.59322e+07
O75083	O75083;O75083-3				5.52562e+06
O75084;Q14332	O75084;Q14332				531724
O75144;O75144-2	O75144;O75144-2;O75144-3				6.2226e+07
O75173;O75173-2	O75173;O75173-2				2.2709e+07
O75223	O75223				1.79178e+06
O75326	O75326;O75326-2				8.78421e+07
O75340;O75340-2	O75340;O75340-2				1.02873e+06
O75347	O75347;O75347-2				8.59949e+06
O75354;O75354-2;O75354-3	O75354;O75354-2;O75354-3				2.79848e+06
O75363-2	O75363;O75363-2				662462
O75368	O75368				5.20862e+06
O75467;Q6AW86	O75467;Q6AW86				1.54722e+07
O75487	O75487;O75487-2				3.6404e+06
O75493	O75493				1.48022e+07
O75503	O75503				6.49522e+06
O75509	O75509				6.11959e+07
O75629	O75629				1.27047e+06
O75636;O75636-2	O75636;O75636-2				2.08269e+06
O75711	O75711				7.59072e+08
O75752	O75752				1.91383e+07
O75781;O75781-2	O75781;O75781-2				1.0618e+07
O75787;O75787-2	O75787;O75787-2				4.15966e+07
O75828	O75828				8.30498e+06
O75874	O75874				2.83833e+06
O75882;O75882-2;O75882-3	O75882;O75882-2;O75882-3				2.69178e+07
O75884;O75884-2	O75884;O75884-2				1.59197e+07
O75973	O75973				2.10703e+06
O75976	O75976				3.24527e+06
O76061	O76061				9.51141e+06
O76070	O76070				5.72307e+06
O94760	O94760				1.1113e+07
O94766	O94766;Q9NPZ5				3.97306e+06
O94769	O94769;O94769-2				2.8882e+07
O94772;O94772-2	O94772;O94772-2				2.65652e+08
O94779;O94779-2	O94779;O94779-2				3.00582e+06
O94856-11	O94856;O94856-10;O94856-11;O94856-12;O94856-13;O94856-3;O94856-4;O94856-5;O94856-6;O94856-7;O94856-8;O94856-9				7.55528e+07
O94898	O94898				2.1653e+06
O94910;O94910-2	O94910;O94910-2				2.809e+07
O94919	O94919				5.76223e+07
O94923	O94923				640647
O94933	O94933				4.79384e+06
O94973;O94973-2	O94973;O94973-2				1.18112e+06
O94985	O94985				4.60945e+06
O94985-2	O94985;O94985-2				9.25631e+08
O94991	O94991;O94991-2				1.37887e+07
O95084;O95084-2	O95084;O95084-2				4.30977e+06
O95156	O95156				1.88506e+06
O95157	O95157				3.58722e+06
O95158	O95158				5.56968e+07
O95159	O95159				3.04129e+06
O95185;O95185-2	O95185;O95185-2				4.10835e+06
O95196;O95196-2	O95196;O95196-2				1.8989e+07
O95206;O95206-2	O95206;O95206-2				1.74008e+07
O95292	O95292;Q9P0L0;O95292-2;Q9P0L0-2				1.12749e+07
O95297;O95297-2;O95297-3	O95297;O95297-2;O95297-3;O95297-4				1.86976e+06
O95336	O95336				3.57438e+06
O95390	O95390				9.96759e+06
O95428;O95428-5;O95428-6	O95428;O95428-3;O95428-4;O95428-5;O95428-6				1.5958e+07
O95445	O95445;O95445-2				7.45753e+07
O95450;O95450-2	O95450;O95450-2				3.12936e+06
O95467	O95467				1.49903e+07
O95477	O95477				1.32745e+07
O95479;O95479-2	O95479;O95479-2				293845
O95490;O95490-2;O95490-3;O95490-4;O95490-5;O95490-6;O95490-7	O95490;O95490-2;O95490-3;O95490-4;O95490-5;O95490-6;O95490-7				2.41672e+06
O95497	O95497				4.97218e+06
O95502	O95502				3.29987e+08
O95633;O95633-2	O95633;O95633-2				4.89819e+06
O95747	O95747				290696
O95803;O95803-3;Q9H3R1	O95803;Q9H3R1;O95803-3;Q9H3R1-2				3.01665e+06
O95841	O95841				1.56808e+06
O95865	O95865				3.26661e+06
O95881	O95881				627582
O95897	O95897				2.68423e+06
O95967	O95967				3.53655e+07
O95970	O95970;O95970-2				2.45956e+06
O95980	O95980				1.11477e+07
O95998	O95998;O95998-4				2.48962e+07
P00338;P00338-3	P00338;P00338-3;P00338-4				4.4483e+07
P00352	P00352				1.9893e+06
P00390;P00390-2;P00390-3;P00390-4;P00390-5	P00390;P00390-2;P00390-3;P00390-4;P00390-5				6.70089e+06
P00441	P00441				1.14277e+09
P00450	P00450				4.34689e+08
P00488	P00488				2.56483e+06
P00492	P00492				4.71297e+06
P00505	P00505;P00505-2				2.44429e+07
P00533;P00533-3;P00533-4	P00533;P00533-2;P00533-3;P00533-4				3.05036e+06
P00558	P00558;P00558-2				2.0856e+07
P00568	P00568				1.6036e+06
P00734	P00734				1.12463e+08
P00736	P00736				1.5677e+08
P00738	P00738;P00738-2				1.1833e+09
P00739	P00739;P00739-2				6.66496e+08
P00740;P00740-2	P00740;P00740-2				7.32843e+06
P00742	P00742				4.47211e+07
P00746	P00746				3.72302e+07
P00747	P00747				1.72276e+08
P00748	P00748				5.43265e+07
P00751	P00751;P00751-2				1.86007e+08
P00813	P00813				302669
P00915	P00915				351428
P00918	P00918				2.24496e+06
P01008	P01008				4.63684e+08
P01009	P01009;P01009-2;P01009-3				4.00722e+09
P01011	P01011				2.72906e+09
P01019	P01019				1.24261e+09
P01023	P01023;P20742;P20742-2				8.0189e+08
P01024	P01024				2.58135e+09
P01031	P01031				8.17671e+07
P01033	P01033				1.21066e+08
P01034	P01034				2.89118e+10
P01036;P01037	P01036;P01037				5.93847e+06
P01040	P01040				2.6784e+06
P01042	P01042;P01042-2;P01042-3				4.27825e+08
P01042-2;P01042-3	P01042-2;P01042-3				1.50018e+08
P01127;P01127-2	P01127;P01127-2				8.33869e+07
P01130;P01130-2;P01130-3;P01130-4;P01130-5;P01130-6	P01130;P01130-2;P01130-3;P01130-4;P01130-5;P01130-6				1.52721e+06
P01178	P01178				2.70639e+06
P01210	P01210				1.80489e+08
P01213	P01213				1.5126e+07
P01236	P01236				717069
P01258;P01258-2;P06881	P01258;P06881;P10092;P01258-2				4.05632e+06
P01282;P01282-2	P01282;P01282-2				3.53026e+06
P01303	P01303				1.92837e+07
P01344;P01344-2;P01344-3	P01344;P01344-2;P01344-3				6.1687e+07
P01591	P01591				2.19934e+07
P01593;P01594	P01593;P01594				4.08988e+07
P01597;P04432	P01597;P01611;P04432;A0A0C4DH72;A0A0C4DH73				4.67599e+07
P01599	P01599;A0A0C4DH72				7.55008e+06
P01601	P01601				1.75118e+06
P01602	P01602				3.42716e+06
P01619	P01619				1.48612e+09
P01700	P01700				1.14486e+08
P01701	P01701				3.62392e+07
P01703	P01703				7.20159e+06
P01704	P01704				1.14133e+07
P01705	P01705				4.43084e+06
P01706	P01706				5.06182e+06
P01709	P01706;P01709;P0DOX8				2.36878e+07
P01714	P01714				3.22475e+07
P01715	P01715				6.69139e+07
P01718	P01717;P01718				1.11019e+08
P01721	P01721				2.82903e+06
P01742	P01742				3.41877e+07
P01743	P01743				647731
P01768;P0DP03	P01768;P01772;P0DP02;P0DP03				7.1242e+07
P01780	P01780				6.52342e+07
P01814	P01814				5.77768e+06
P01817	P01817				9.45263e+06
P01833	P01833				1.44198e+06
P01834	P01834				8.63743e+07
P01859;P01859-1	P01859;P01859-1				2.63262e+09
P01860;P01860-1	P01860;P01860-1				1.73128e+08
P01861;P01861-1	P01861;P01861-1				6.89496e+08
P01871;P01871-1	P01871;P0DOX6;P01871-1				1.1554e+08
P01876;P01876-1	P01876;P01876-1				1.2245e+09
P01889	P01889;P04439;P04439-2				1.07503e+07
P01903	P01903;P01906				775626
P02144	P02144				2.75661e+06
P02452	P02452				5.65004e+07
P02461	P02461;P02461-2				1.55017e+07
P02462	P02462				213259
P02511	P02511				3.9315e+06
P02647	P02647				9.39705e+09
P02649	P02649				5.91173e+09
P02652	P02652				1.62445e+09
P02654	P02654				6.96048e+07
P02655	P02655				1.66461e+07
P02656	P02656				8.96316e+07
P02671	P02671;P02671-2				6.23016e+08
P02675	P02675				1.62499e+08
P02679;P02679-2	P02679;P02679-2				3.08896e+08
P02686;P02686-3;P02686-4;P02686-5;P02686-6	P02686;P02686-3;P02686-4;P02686-5;P02686-6				5.68913e+06
P02741	P02741				1.10595e+06
P02743	P02743				1.69124e+07
P02745	P02745				2.45463e+08
P02746	P02746				4.79063e+08
P02747	P02747				1.97674e+08
P02748	P02748				7.95389e+07
P02749	P02749				2.14444e+08
P02750	P02750				1.74362e+08
P02751-11	P02751;P02751-1;P02751-10;P02751-11;P02751-12;P02751-13;P02751-14;P02751-16;P02751-17;P02751-2;P02751-3;P02751-4;P02751-5;P02751-6;P02751-7;P02751-8;P02751-9				1.18658e+09
P02751;P02751-1;P02751-10;P02751-13;P02751-14;P02751-17;P02751-3;P02751-4;P02751-5;P02751-6;P02751-7;P02751-8;P02751-9	P02751;P02751-1;P02751-10;P02751-13;P02751-14;P02751-17;P02751-3;P02751-4;P02751-5;P02751-6;P02751-7;P02751-8;P02751-9				5.08091e+08
P02753	P02753				1.3527e+08
P02760	P02760				1.02526e+08
P02763	P02763				2.15532e+09
P02765	P02765				9.22735e+08
P02766	P02766				1.36571e+10
P02768	P02768				3.5643e+10
P02774;P02774-3	P02774;P02774-2;P02774-3				1.37878e+09
P02786	P02786				3.74868e+06
P02787	P02787				8.98688e+09
P02790	P02790				3.39664e+09
P02792	P02792				8.18334e+06
P02794	P02794				1.28395e+07
P02810	P02810				1.23243e+06
P03950	P03950				4.39891e+06
P03951;P03951-2	P03951;P03951-2				2.29196e+07
P03952	P03952				2.95444e+07
P04003	P04003				1.23981e+07
P04004	P04004				9.43074e+08
P04040	P04040				1.55721e+06
P04062;P04062-2;P04062-4;P04062-5	P04062;P04062-2;P04062-3;P04062-4;P04062-5				6.15814e+06
P04066	P04066				1.12651e+07
P04070;P04070-2	P04070;P04070-2				1.6359e+07
P04075	P04075;P09972;P04075-2				9.2818e+07
P04080	P04080				1.176e+07
P04083	P04083				29585.8
P04085;P04085-2	P04085;P04085-2				2.8988e+07
P04114	P04114				7.6158e+07
P04156	P04156				1.07231e+09
P04179	P04179;P04179-2;P04179-3;P04179-4				1.8818e+07
P04180	P04180				4.20648e+07
P04196	P04196				1.91231e+08
P04211	P04211;A0A075B6I9				6.71048e+07
P04216	P04216				1.45574e+09
P04217	P04217;P04217-2				4.96626e+08
P04217-2	P04217-2				2.65732e+06
P04233;P04233-2;P04233-4;P04233-5	P04233;P04233-2;P04233-4;P04233-5				1.0281e+07
P04264	P04259;P04264				5.93337e+06
P04271	P04271				1.72049e+06
P04275	P04275				6.15324e+06
P04278	P04278;P04278-2;P04278-3;P04278-4;P04278-5				1.34989e+07
P04350;P07437;P68371	P04350;P07437;P68371				1.35812e+06
P04406	P04406;P04406-2				8.18534e+07
P04424;P04424-2;P04424-3	P04424;P04424-2;P04424-3				681852
P04430	P04430				401947
P04439;P04439-2	P04439;P04439-2				2.43532e+06
P04629;P04629-2;P04629-3;P04629-4	P04629;P04629-2;P04629-3;P04629-4				397538
P04632	P04632				1.26895e+06
P04792	P04792				3.50701e+06
P04908;P0C0S5;P0C0S8;P16104;P20671;Q16777;Q6FI13;Q71UI9;Q71UI9-2;Q71UI9-5;Q7L7L0;Q8IUE6;Q93077;Q96KK5;Q96QV6;Q99878;Q9BTM1;Q9BTM1-2	P04908;P0C0S5;P0C0S8;P16104;P20671;Q16777;Q6FI13;Q71UI9;Q7L7L0;Q8IUE6;Q93077;Q96KK5;Q96QV6;Q99878;Q9BTM1;Q71UI9-2;Q71UI9-5;Q9BTM1-2				2.09863e+06
P05023;P05023-2;P05023-4	P05023;P05023-2;P05023-4				2.45489e+06
P05026;P05026-2	P05026;P05026-2				2.22231e+06
P05060	P05060				1.31357e+09
P05067;P05067-11;P05067-8	P05067;P05067-4;P05067-10;P05067-11;P05067-3;P05067-5;P05067-6;P05067-7;P05067-8;P05067-9				2.24351e+09
P05090	P05090				3.86107e+09
P05107	P05107				719864
P05109	P05109				423244
P05121	P05121				1.8945e+06
P05154	P05154				4.16046e+07
P05155;P05155-3	P05155;P05155-2;P05155-3				1.35479e+09
P05156	P05156				3.56554e+07
P05160	P05160				4.07379e+06
P05186;P05186-3	P05186;P05186-2;P05186-3				231901
P05362	P05362				4.10546e+06
P05408;P05408-2	P05408;P05408-2				8.20674e+08
P05413	P05413				7.47276e+06
P05452	P05452				3.12549e+08
P05543	P05543				8.70268e+07
P05546	P05546				1.80547e+08
P05556;P05556-2;P05556-3;P05556-4;P05556-5	P05556;P05556-2;P05556-5;P05556-3;P05556-4				2.34917e+06
P05783	O76013;O76013-2;O76014;O76015;P02533;P05783;P08727;P08779;P13645;P13646;P19012;Q04695;Q14525;Q14532;Q15323;Q2M2I5;Q7Z3Y7;Q92764;P13646-2;P13646-3				1.04124e+07
P05937	P05937;P05937-2				1.10663e+07
P05997	P05997				4.01473e+06
P06276	P06276				1.01491e+07
P06280	P06280				1.2324e+06
P06307	P06307				4.08707e+07
P06310	P06310				2.59898e+08
P06312	P06312				6.39711e+08
P06396	P06396;P06396-2;P06396-3;P06396-4				2.39311e+09
P06396-2	P06396-2				1.03459e+07
P06681	P06681;P06681-2;P06681-3				7.70202e+07
P06702	P06702				923333
P06703	P06703				7.69877e+06
P06727	P06727				7.26503e+08
P06733	P06733;P06733-2				1.99531e+07
P06744;P06744-2	P06744;P06744-2				1.09345e+07
P06756;P06756-2;P06756-3	P06756;P06756-2;P06756-3				120181
P06865	P06865				3.84201e+07
P07093	P07093;P07093-2;P07093-3				1.18757e+07
P07093-2;P07093-3	P07093-2;P07093-3				1.81616e+07
P07108;P07108-2;P07108-3;P07108-4;P07108-5	P07108;P07108-2;P07108-3;P07108-4;P07108-5;P07108-6				4.32926e+07
P07195	P00338;P07195;P07864;Q6ZMR3;P00338-3;P00338-2;P00338-4;P00338-5				5.79956e+07
P07225	P07225				1.07577e+08
P07237	P07237				1.47404e+07
P07307;P07307-2;P07307-3	P07307;P07307-3;P07307-2				656346
P07311	P07311				3.17912e+06
P07333	P07333;P07333-2				1.25555e+08
P07339	P07339				2.77146e+08
P07357	P07357				4.99579e+07
P07358	P07358				4.14402e+07
P07360	P07360				1.90126e+07
P07477;Q9BYE2;Q9BYE2-2;Q9BYE2-3;Q9BYE2-6	P07477;Q9BYE2;Q9BYE2-2;Q9BYE2-3;Q9BYE2-6				1.39728e+07
P07492	P07492;P07492-2;P07492-3				3.45822e+06
P07492-2	P07492-2				506918
P07585	P07585				6.31485e+07
P07602;P07602-2;P07602-3	P07602;P07602-2;P07602-3				3.71796e+08
P07686	P07686				1.40774e+07
P07711	P07711;P07711-3				2.36953e+07
P07737	P07737				1.01782e+07
P07858	P07858				1.09206e+08
P07900;P07900-2	P07900;P07900-2				4.02149e+06
P07942	P07942				8.63392e+06
P07996	P07996;P35442;P07996-2				6.67679e+06
P07998	P07998				6.51401e+07
P08123	P08123				4.12326e+07
P08133;P08133-2	P08133;P08133-2				596791
P08174;P08174-2;P08174-3;P08174-4;P08174-5;P08174-6;P08174-7	P08174;P08174-2;P08174-3;P08174-4;P08174-5;P08174-6;P08174-7				5.34829e+07
P08185	P08185				3.1041e+08
P08195;P08195-2;P08195-3;P08195-4;P08195-5	P08195;P08195-4;P08195-2;P08195-3;P08195-5				1.57615e+07
P08238	P07900;P08238;P07900-2				2.45048e+06
P08253	P08253;P08253-2;P08253-3				5.6832e+07
P08294	P08294				1.63069e+08
P08476	P08476				266779
P08493-2	P08493;P08493-2				1.00866e+08
P08571	P08571				6.34553e+08
P08572	P08572				5.71809e+06
P08581;P08581-2	P08581;P08581-2				7.07602e+06
P08582	P08582;P08582-2				5.4835e+06
P08603	P08603				4.30238e+08
P08637	P08637				1.50967e+07
P08670	P08670				4.66694e+06
P08697	P08697;P08697-2				4.03187e+08
P08758	P08758				4.33861e+06
P08949;P08949-2	P08949;P08949-2				31228.8
P09104	P09104;P09104-2				2.1091e+07
P09172	P09172				1.16134e+07
P09211	P09211				1.39984e+07
P09382	P09382				2.66805e+07
P09417;P09417-2	P09417;P09417-2				2.95067e+07
P09455;P09455-2;P09455-3	P09455;P09455-2;P09455-3				752961
P09486	P09486				2.48444e+08
P09488	P09488				890123
P09529	P09529				1.10711e+06
P09603	P09603				1.1773e+08
P09619	P09619;P09619-2				5.49576e+07
P09622	P09622;P09622-2				1.22195e+07
P09668	P09668				5.76774e+07
P09871	P09871				1.57861e+08
P09936	P09936				1.50761e+07
P09958	P09958				2.84695e+06
P09960;P09960-4	P09960;P09960-2;P09960-3;P09960-4				2.30053e+06
P09972	P09972				3.14498e+07
P0C0L4;P0C0L4-2	P0C0L4;P0C0L4-2				1.86213e+08
P0C0L5	P0C0L4;P0C0L5;P0C0L4-2				1.12425e+09
P0C6S8	P0C6S8				4.26001e+06
P0CG47;P0CG48	P0CG47;P0CG48;P62979;P62987				3.63381e+08
P0DJD7;P0DJD8;P0DJD9	P0DJD7;P0DJD8;P0DJD9				2.79637e+06
P0DJI8;P0DJI9	P0DJI8;P0DJI9;P0DJI9-2				5.81668e+06
P0DMQ5	P0DMQ5				3.74455e+07
P0DMV8;P0DMV8-2;P0DMV9	P0DMV8;P0DMV9;P0DMV8-2				4.59493e+06
P0DOX2	P01876;P01877;P01876-1;P01877-1;P0DOX2				6.08189e+08
P0DOX3	P0DOX3				4.29877e+07
P0DOX5	P0DOX5				1.16658e+10
P0DOX7	P01834;P0DOX7				9.91129e+08
P0DOX8	B9A064;P0DOX8				8.49106e+08
P0DOY3	P0DOY2;P0DOY3				1.69327e+09
P0DP23;P0DP24;P0DP25	P0DP23;P0DP24;P0DP25;P27482				4.23888e+06
P0DP58	P0DP58				3.22741e+08
P0DTE1	P0DTE1				1.42276e+07
P10124	P10124				1.31467e+07
P10153	P10153				2.29565e+07
P10253	P10253				7.30901e+06
P10321;P10321-2	P10321;P10321-2				1.76831e+08
P10451-3	P10451-3				6.31372e+07
P10451-5	P10451;P10451-4;P10451-5				8.75698e+08
P10451;P10451-4	P10451;P10451-4				1.9334e+06
P10586;P10586-2	P10586;P23468;P10586-2;P23468-3;P23468-4;P23468-5;P23468-6;P23468-7				2.71198e+07
P10599	P10599;P10599-2				2.20067e+07
P10619;P10619-2	P10619;P10619-2				1.31106e+06
P10636-2;P10636-6	P10636;P10636-8;P10636-6;P10636-2;P10636-3;P10636-4;P10636-5;P10636-7;P10636-9				2.85309e+06
P10643	P10643				1.24046e+08
P10644	P10644;P10644-2				1.50839e+06
P10645	P10645				1.13454e+09
P10646	P10646				351093
P10721;P10721-2	P10721;P10721-2				1.39612e+07
P10745	P10745				3.48796e+06
P10768	P10768				5.97769e+06
P10909-6	P10909;P10909-4;P10909-6;P10909-2;P10909-3;P10909-5				1.06252e+10
P10915	P10915				858063
P11021	P11021				2.12983e+07
P11047	P11047				2.44278e+07
P11117	P11117				5.56093e+06
P11137;P11137-3	P11137;P11137-3				748243
P11142	P11142				2.49819e+07
P11215;P11215-2	P11215;P11215-2				281888
P11226	P11226				792251
P11279	P11279;P11279-2				1.75638e+07
P11362-16	P11362;P11362-10;P11362-11;P11362-16;P11362-2;P11362-20;P11362-3;P11362-4;P11362-8;P11362-9				1.71103e+06
P11362-21;P11362-7	P11362;P11362-10;P11362-11;P11362-12;P11362-13;P11362-14;P11362-16;P11362-18;P11362-19;P11362-2;P11362-20;P11362-21;P11362-3;P11362-4;P11362-5;P11362-6;P11362-7;P11362-8;P11362-9				6.22077e+07
P11464-4	P11464-4				1.16578e+07
P11597	P11597;P11597-2				4.03283e+06
P11717	P11717				6.00634e+06
P12107;P12107-2;P12107-3;P12107-4	P12107;P12107-2;P12107-3;P12107-4				762191
P12109	P12109				1.20735e+08
P12110	P12110;P12110-2;P12110-3				6.72359e+06
P12111	P12111;P12111-2;P12111-4				4.02434e+07
P12111-4	P12111-4				2.62701e+06
P12259	P12259				5.79033e+07
P12272;P12272-2;P12272-3	P12272;P12272-2;P12272-3				7.02186e+06
P12273	P12273				144446
P12277	P12277				3.599e+06
P12314;Q92637;Q92637-3	P12314;Q92637;Q92637-3				1.99021e+07
P12318;P12318-2	P12318;P31994;P31995;P12318-2;P31994-2;P31994-3;P31994-4;P31994-5;P31995-2;P31995-3;P31995-4				1.03159e+07
P12724	P12724				732032
P12821;P12821-2	P12821;P12821-2				3.53606e+06
P12830;P12830-2	P12830;P12830-2				3.93012e+06
P12955	P12955;P12955-2				4.27425e+06
P13284	P13284				3.8595e+06
P13473;P13473-2;P13473-3	P13473;P13473-2;P13473-3				2.97671e+08
P13489	P13489				1.97449e+06
P13497;P13497-2;P13497-3;P13497-4;P13497-5;P13497-6	P13497;P13497-2;P13497-3;P13497-4;P13497-5;P13497-6				5.87449e+06
P13521	P13521				2.87982e+08
P13591	P13591;P13591-1;P13591-3;P13591-4;P13591-5;P13591-6				6.82332e+08
P13591-3	P13591-1;P13591-3;P13591-4				2.2702e+08
P13598	P13598				9.75154e+06
P13611;P13611-5	P13611;P13611-2;P13611-3;P13611-4;P13611-5				6.51258e+07
P13637;P13637-2;P13637-3	P13637;P13637-2;P13637-3				4.44481e+06
P13667	P13667				2.53837e+06
P13671	P13671				5.50344e+07
P13693	P13693;P13693-2;Q56UQ5				3.02009e+06
P13726;P13726-2	P13726;P13726-2				1.31227e+06
P13796	P13796				6.88846e+06
P13797;P13797-2;P13797-3	P13797;P13797-2;P13797-3				1.33998e+06
P13987;P13987-2	P13987;P13987-2				2.06747e+08
P14136	P14136				1.09837e+06
P14138;P14138-2	P14138;P14138-2				1.03998e+07
P14151;P14151-2	P14151;P14151-2				9.15553e+06
P14174	P14174				1.72378e+07
P14207	P14207				1.32723e+07
P14209	P14209;P14209-3				3.51486e+06
P14314-2	P14314;P14314-2				1.74212e+07
P14324;P14324-2	P14324;P14324-2				1.10444e+06
P14384	P14384				2.12327e+06
P14415	P14415				1.02056e+07
P14543	P14543;P14543-2				5.88924e+07
P14550	P14550				1.43534e+06
P14618-2	P14618;P14618-2;P14618-3				1.17459e+08
P14618;P14618-3	P14618;P14618-3				1.5762e+06
P14621	P14621				1.68841e+07
P14625	P14625				2.32606e+07
P14778	P14778				137574
P15086	P15085;P15086				5.42892e+06
P15090	P15090				6.85904e+06
P15121	P15121				3.68543e+06
P15144	P15144				3.19736e+06
P15151-3	P15151;P15151-2;P15151-3;P15151-4				1.15714e+07
P15169	P15169				8.25961e+06
P15259	P15259				707618
P15289;P15289-2	P15289;P15289-2				5.57209e+06
P15291;P15291-2	P15291;P15291-2				1.5235e+07
P15311	P15311				268481
P15328	P15328				6.85518e+06
P15502-1;P15502-2;P15502-4;P15502-5	P15502-1;P15502-2;P15502-4;P15502-5				9.12821e+06
P15509;P15509-2;P15509-3;P15509-5;P15509-7	P15509;P15509-3;P15509-2;P15509-5;P15509-7;P15509-8				8.32219e+06
P15529;P15529-10;P15529-11;P15529-12;P15529-13;P15529-14;P15529-15;P15529-16;P15529-2;P15529-3;P15529-4;P15529-5;P15529-6;P15529-7;P15529-8;P15529-9	P15529;P15529-3;P15529-10;P15529-11;P15529-12;P15529-13;P15529-14;P15529-15;P15529-16;P15529-2;P15529-4;P15529-5;P15529-6;P15529-7;P15529-8;P15529-9				1.03299e+06
P15531;P15531-2	P15531;P15531-2				635158
P15586	P15586;P15586-2				4.00223e+06
P15848;P15848-2	P15848;P15848-2				348023
P15907	P15907;P15907-2				369703
P16035	P16035				1.15841e+08
P16070;P16070-10;P16070-11;P16070-12;P16070-13;P16070-14;P16070-15;P16070-16;P16070-17;P16070-18;P16070-3;P16070-4;P16070-5;P16070-6;P16070-7;P16070-8;P16070-9	P16070;P16070-10;P16070-11;P16070-12;P16070-13;P16070-14;P16070-15;P16070-16;P16070-17;P16070-18;P16070-3;P16070-4;P16070-5;P16070-6;P16070-7;P16070-8;P16070-9				2.46063e+08
P16083	P16083				6.04664e+06
P16112;P16112-2	P16112;P16112-2;P16112-3				6.90207e+06
P16152	P16152				5.92341e+06
P16234;P16234-2;P16234-3	P16234;P16234-2;P16234-3				1.60556e+06
P16278;P16278-3	P16278;P16278-2;P16278-3				1.40977e+06
P16519;P16519-3	P16519;P16519-2;P16519-3				4.81055e+07
P16870;P16870-2	P16870;P16870-2				1.92392e+08
P16930	P16930				4.91645e+06
P16949;P16949-2	P16949;P16949-2				8.17547e+06
P17050	P17050				3.46898e+06
P17066	P17066;P48741				1.73661e+07
P17174	P17174;P17174-2				1.12202e+08
P17302	P17302				3.40181e+06
P17405;P17405-4	P17405;P17405-4				1.21609e+06
P17600;P17600-2	P17600;P17600-2				3.74447e+06
P17677;P17677-2	P17677;P17677-2				6.68783e+06
P17813;P17813-2	P17813;P17813-2				2.77422e+06
P17900	P17900				1.36171e+08
P17931	P17931				8.10913e+06
P17936;P17936-2	P17936;P17936-2				1.59924e+07
P18065	P18065				1.723e+08
P18075	P18075				1.1124e+06
P18206;P18206-2	P18206;P18206-2				6.38629e+06
P18428	P18428				1.05392e+07
P18509	P18509				3.10506e+06
P18669	P15259;P18669				1.6471e+07
P18850	P18850				696110
P19021;P19021-5;P19021-6	P19021;P19021-3;P19021-4;P19021-2;P19021-5;P19021-6				2.43028e+08
P19022	P19022;P19022-2				2.20953e+08
P19256;P19256-2;P19256-3	P19256;P19256-2;P19256-3				2.47973e+06
P19320	P19320;P19320-2;P19320-3				1.7733e+07
P19367;P19367-2;P19367-3;P19367-4	P19367;P19367-2;P19367-3;P19367-4				3.85425e+06
P19526	P19526				845600
P19652	P19652				1.6665e+09
P19823	P19823				2.05883e+08
P19827	P19827;P19827-2				8.19712e+07
P19835	P19835				5.2123e+06
P19961	P04746;P0DTE7;P0DTE8;P0DUB6;P19961;P19961-2;P04746-2				3.86564e+06
P20036	P20036				158556
P20062	P20062				4.90843e+07
P20138;P20138-2	P20138;P20138-2				2.55209e+06
P20366;P20366-2	P20366;P20366-2;P20366-3;P20366-4				5.73255e+07
P20382	P20382				1.21483e+06
P20396	P20396				1.47944e+06
P20472	P20472				3.16607e+07
P20618	P20618				1.49691e+07
P20742	P20742;P20742-2				1.15262e+06
P20774	P20774				3.55638e+08
P20827	P20827;P20827-2				2.13426e+07
P20908;P20908-2	P20908;P20908-2				2.42958e+06
P20916;P20916-2;P20916-3	P20916;P20916-2;P20916-3				1.18087e+07
P20933	P20933				8.16709e+07
P21246	P21246				6.92586e+06
P21266	P21266				749986
P21333;P21333-2	P21333;P21333-2				1.05258e+07
P21399	P21399				173842
P21554	P21554				3.89193e+06
P21579	P21579				6.91761e+06
P21695;P21695-2	P21695;P21695-2				1.14781e+06
P21802;P21802-16;P21802-2;P21802-5;P21802-6;P21802-8	P21802;P21802-3;P21802-14;P21802-15;P21802-16;P21802-17;P21802-18;P21802-19;P21802-2;P21802-23;P21802-5;P21802-6;P21802-8				1.97909e+07
P21810	P21810				1.53028e+07
P21860;P21860-4	P21860;P21860-4				4.3782e+06
P21926	P21926				3.52389e+06
P21980	P21980				104793
P22004	P22004				4.84256e+06
P22061;P22061-2	P22061;P22061-2				2.14486e+07
P22105;P22105-1;P22105-4	P22105;P22105-1;P22105-2;P22105-4				1.47174e+07
P22303	P22303;P22303-2;P22303-3;P22303-4				5.4047e+06
P22304	P22304				3.9533e+07
P22352	P22352				7.09338e+07
P22392-2	P15531;P22392-2;P15531-2				9.94338e+06
P22607-2	P22455;P22607;P22455-2;P22607-2;P22607-3;P22607-4				2.62184e+07
P22676	P22676				1.83695e+06
P22692;P22692-2	P22692;P22692-2				1.40308e+08
P22748	P22748				2.51823e+07
P22792	P22792				1.39952e+07
P22794;P22794-2	P22794;P22794-2				6.9336e+06
P22891;P22891-2	P22891;P22891-2				2.80877e+06
P22897	P22897				7.59503e+06
P23083	P23083;A0A0C4DH31				6.46982e+08
P23142	P23142				3.66841e+08
P23142-4	P23142-4				4.99134e+08
P23284	P23284				5.46044e+07
P23381;P23381-2	P23381;P23381-2				2.12589e+06
P23435	P23435;Q8IUK8				1.30603e+08
P23467;P23467-2;P23467-3;P23467-4	P23467;P23467-2;P23467-3;P23467-4				211482
P23468-2	P23468;P23468-2;P23468-3;P23468-4;P23468-5;P23468-6;P23468-7				3.2267e+07
P23468-7	P23468-4;P23468-5;P23468-6;P23468-7				3.34427e+06
P23470;P23470-2	P23470;P23470-2				2.92433e+07
P23471;P23471-2	P23471;P23471-2;P23471-3				5.69531e+07
P23515	P23515				4.92234e+08
P23526;P23526-2	P23526;P23526-2				836306
P23528	P23528;Q9Y281;Q9Y281-3				1.18312e+07
P23560;P23560-2;P23560-3;P23560-4;P23560-5	P23560;P23560-2;P23560-3;P23560-4;P23560-5				1.11121e+07
P23582	P23582				1.55351e+08
P24043	P24043				1.82779e+07
P24347	P24347				1.32824e+07
P24387	P24387				704165
P24592	P24592				3.64406e+08
P24593	P24593				3.15674e+07
P24666;P24666-2;P24666-3	P24666;P24666-2;P24666-3;P24666-4				3.88291e+06
P24821;P24821-2;P24821-3;P24821-4;P24821-5;P24821-6	P24821;P24821-2;P24821-3;P24821-4;P24821-5;P24821-6				2.88857e+06
P25189;P25189-2	P25189;P25189-2				2.87773e+06
P25311	P25311				2.74331e+08
P25391	P25391				2.00647e+06
P25713	P25713				1.75808e+07
P25774	P25774;P25774-2				1.65563e+07
P25786;P25786-2	P25786;P25786-2				264256
P25788;P25788-2	P25788;P25788-2				1.10071e+06
P26022	P26022				228463
P26038	P26038				1.27177e+07
P26447	P26447				5.04416e+06
P26572	P26572				1.17751e+07
P26641;P26641-2	P26641;P26641-2				1.84216e+06
P26927	P26927;Q2TV78;Q2TV78-2				4.74431e+06
P26992	P26992				1.28041e+08
P27169	P27169				4.18453e+07
P27348	P27348				337850
P27658	P27658				1.56752e+06
P27694	P27694				3.5147e+06
P27797	P27797				7.73776e+07
P27824;P27824-2	P27824;P27824-2;P27824-3				1.72447e+07
P28066	P28066;P28066-2				343910
P28072	P28072				343440
P28074;P28074-2	P28074;P28074-2				678202
P28161;P28161-2	P28161;P28161-2				922711
P28482	P28482				960981
P28799;P28799-2;P28799-3	P28799;P28799-2;P28799-3				1.17911e+06
P28827;P28827-2	P28827;P28827-2				5.5049e+06
P28838;P28838-2	P28838;P28838-2				665615
P29120;P29120-2	P29120;P29120-2				6.48435e+07
P29218;P29218-3	P29218;P29218-3;P29218-2				1.4751e+07
P29279;P29279-2	P29279;P29279-2				1.45228e+06
P29323;P29323-2;P29323-3	P29323;P29323-3;P29323-2				2.60693e+07
P29401;P29401-2	P29401;P29401-2				8.17118e+06
P29622	P29622				5.93071e+07
P29762	P29762				1.82177e+06
P29966	P29966				8.85614e+06
P30041	P30041				8.74062e+06
P30043	P30043				1.56325e+06
P30044;P30044-2	P30044;P30044-2;P30044-3				1.14957e+06
P30047;P30047-2	P30047;P30047-2				1.55388e+06
P30048;P30048-2	P30048;P30048-2				3.6934e+06
P30086	P30086				9.70654e+07
P30101	P30101				1.16268e+07
P30530;P30530-2	P30530;P30530-2				3.50433e+07
P30533	P30533				450369
P30740	P30740				2.02448e+06
P30990	P30990				1.38231e+06
P31146	P31146				3.85395e+06
P31150	P31150				1.94246e+07
P31151	P31151;Q86SG5				220539
P31153;P31153-2	P31153;P31153-2				1.04763e+07
P31321	P31321				6.99597e+06
P31937	P31937				697486
P31946;P31946-2	P31946;P31946-2				6.96212e+06
P31948;P31948-2;P31948-3	P31948;P31948-2;P31948-3				524874
P31949	P31949				573928
P32004;P32004-2;P32004-3	P32004;P32004-2;P32004-3				3.49814e+07
P32119	P32119				3.01036e+07
P32926	P32926				2.22176e+06
P33151	P33151;P33151-2				1.36287e+07
P33908	P33908				8.7818e+07
P34059	P34059				1.18063e+07
P34096	P34096				1.18687e+07
P34741	P34741				4.67298e+06
P34932	P34932				1.03776e+06
P34949	P34949;P34949-2				1.769e+06
P35030;P35030-2;P35030-3;P35030-4;P35030-5	P35030;P35030-2;P35030-3;P35030-4;P35030-5				6.58023e+06
P35052	P35052				2.15363e+07
P35080	P35080				2.97444e+06
P35237	P35237				3.28229e+06
P35318	P35318				1.80777e+07
P35442	P35442				1.73156e+07
P35443	P35443				3.06406e+07
P35475	P35475				235525
P35527	P35527				4.04185e+06
P35542	P35542				1.41386e+08
P35555	P35555				9.4252e+07
P35579	P35579;P35579-2				318565
P35590	P35590;P35590-2;P35590-3				5.72794e+06
P35613;P35613-2	P35613;P35613-2;P35613-3;P35613-4				1.82068e+07
P35625	P35625				389823
P35754	P35754				8.42663e+06
P35858;P35858-2	P35858;P35858-2				1.03975e+07
P35908	P35908				2.7642e+06
P35968;P35968-2;P35968-3	P35968;P35968-2;P35968-3				2.32988e+06
P36222	P36222				2.7285e+08
P36269;P36269-2;P36269-3	P36269;P36269-2;P36269-3				541968
P36871	P36871;P36871-2				1.10951e+07
P36888;P36888-2	P36888;P36888-2				1.78587e+06
P36955	P36955				2.02997e+09
P36957	P36957;P36957-2				9.58938e+07
P36980	P36980				1.05625e+08
P37173;P37173-2	P37173;P37173-2				6.743e+06
P37235;P61601;P84074	P37235;P61601;P84074				1.05371e+06
P37802;P37802-2	P37802;P37802-2				2.35171e+06
P37837;P37837-2	P37837;P37837-2				8.78496e+06
P37840;P37840-2	P37840;P37840-2				806393
P38571;P38571-2	P38571;P38571-2				4.13313e+06
P39059	P39059				4.9251e+06
P39060	P39060;P39060-1;P39060-2				1.25926e+08
P39748;P39748-2	P39748;P39748-2				1.573e+06
P40121;P40121-2	P40121;P40121-2				1.01481e+06
P40189	P40189;P40189-3				6.06672e+07
P40925;P40925-3	P40925;P40925-3				5.91594e+07
P40926	P40926;P40926-2				1.54894e+07
P40967;P40967-2;P40967-4;P40967-5	P40967;P40967-2;P40967-4;P40967-5				1.10327e+06
P41159	P41159				375416
P41217;P41217-2;P41217-3	P41217;P41217-2;P41217-3				1.77568e+07
P41222	P41222				1.92621e+10
P41271;P41271-2	P41271;P41271-2				4.85433e+08
P42262;P42262-2;P42262-3	P42262;P42262-2;P42262-3;P42262-4				5.67448e+06
P42658;P42658-2	P42658;P42658-2				1.95674e+07
P42702	P42702				8.43955e+06
P42785	P42785;P42785-2				3.56557e+07
P42857;P42857-2	P42857;P42857-2				7.18989e+06
P43004;P43004-2;P43004-3	P43004;P43004-2;P43004-3				3.35329e+06
P43121	P43121;P43121-2				9.08339e+07
P43146	P43146				1.60345e+07
P43234	P43234				2.60348e+06
P43251;P43251-2;P43251-3;P43251-4	P43251;P43251-2;P43251-3;P43251-4				1.4095e+08
P43652	P43652				3.35801e+08
P45877	P45877				1.33588e+07
P46459	P46459				5.3956e+06
P46926;P46926-2	P46926;P46926-2				407639
P47755;P47755-2;P52907	P47755;P52907;P47755-2				1.64519e+06
P47972	P47972				6.05709e+07
P48058;P48058-2	P48058;P48058-2				6.63079e+07
P48061;P48061-2;P48061-3;P48061-4;P48061-5;P48061-6	P48061;P48061-2;P48061-3;P48061-4;P48061-5;P48061-6				1.35045e+07
P48066;P48066-2	P48066;P48066-2				873055
P48147	P48147				2.35779e+06
P48163	P48163				998307
P48539	P48539				1.12219e+07
P48551;P48551-2;P48551-3	P48551;P48551-2;P48551-3				2.94324e+06
P48637	P48637				5.32181e+06
P48723	P48723				8.604e+06
P48740-2;P48740-4	P48740-2;P48740-4				1.11787e+07
P48740-3	P48740;P48740-2;P48740-3;P48740-4				1.28621e+08
P48745	P48745				1.23397e+06
P49221	P49221				1.37882e+07
P49257	P49257				1.34882e+07
P49418;P49418-2	P49418;P49418-2				3.59077e+06
P49588;P49588-2	P49588;P49588-2				365468
P49641	P49641;P49641-1;P49641-2				4.8724e+07
P49720	P49720				166447
P49747;P49747-2	P49747;P49747-2				6.32237e+06
P49767	P49767				2.08541e+06
P49908	P49908				1.14997e+08
P50238	P50238				6.85771e+06
P50281	P50281				2.55499e+06
P50395;P50395-2	P50395;P50395-2				2.7064e+06
P50502	P50502;Q8IZP2				4.57067e+06
P50750-2	P50750-2				2.85572e+06
P50895	P50895				4.2112e+06
P50897;P50897-2	P50897;P50897-2				2.48537e+06
P50993	P05023;P13637;P20648;P50993;P05023-2;P05023-3;P05023-4;P13637-2;P13637-3				6.10384e+06
P51511	P51511				120318
P51512;P51512-2	P51512;P51512-2				3.73772e+06
P51668;P61077;P61077-2;P61077-3;P62837;P62837-2;Q9Y2X8	P51668;P61077;P62837;Q9Y2X8;P62837-2;P61077-2;P61077-3				1.02197e+06
P51674;P51674-2;P51674-3	P51674;P51674-2;P51674-3				3.15012e+06
P51688	P51688				460448
P51693	P51693;P51693-2				1.83062e+09
P51693-2	P51693-2				9.40137e+06
P51805	P51805				504660
P51884	P51884				4.56677e+07
P51888	P51888				3.7402e+07
P52209;P52209-2	P52209;P52209-2				603845
P52565;P52565-2	P52565;P52565-2				1.08711e+06
P52758	P52758				3.50544e+06
P52797	P52797				1.80544e+06
P52799	P52799				1.3003e+07
P52803	P52803				2.57357e+07
P52823;P52823-2	P52823;P52823-2				756559
P52848	P52848				3.11156e+06
P52943;P52943-2	P52943;P52943-2				1.18833e+06
P53004	P53004				573731
P53041	P53041				2.88007e+06
P53634	P53634				1.66664e+07
P54108;P54108-2;P54108-3	P54108;P54108-2;P54108-3				6.84387e+06
P54253	P54253				4.2752e+08
P54289-2;P54289-3	P54289;P54289-2;P54289-3;P54289-4;P54289-5				6.88432e+07
P54652	P54652				1.32027e+06
P54709;P54709-2	P54709;P54709-2				810591
P54725;P54725-2;P54725-3	P54725;P54727;P54725-2;P54725-3				7.77072e+06
P54764	P54764;P54764-2				6.44911e+07
P54802	P54802				6.1951e+06
P54803	P54803;P54803-3;P54803-4;P54803-5				2.06635e+07
P54826	P54826				918602
P55011;P55011-3	P55011;P55011-3				1.31999e+06
P55058	P55058;P55058-2;P55058-3;P55058-4				6.41187e+08
P55083;P55083-2	P55083;P55083-2				6.56503e+07
P55087;P55087-2	P55087;P55087-2				9.60601e+06
P55103	P55103				1.05049e+06
P55268	P55268				9.10184e+06
P55283	P55283;P55283-2				2.37157e+07
P55285;P55285-2	P55285;P55285-2				1.14855e+07
P55286	P55286				1.3819e+07
P55287;P55287-2	P55287;P55287-2				1.06541e+07
P55289;P55289-2	P55289;P55289-2				3.14392e+06
P55290;P55290-4	P55290;P55290-2;P55290-3;P55290-4;P55290-5				3.62423e+08
P55291	P55291				2.29574e+07
P55774	P55774				1.6429e+06
P55786	P55786;P55786-2				2.04843e+07
P55899	P55899				1.41698e+06
P55957;P55957-2	P55957;P55957-2;P55957-4				3.54481e+06
P56159;P56159-2	P56159;P56159-2				9.37551e+06
P56199	P56199				8.34309e+06
P56705;P56705-2	P56705;P56705-2				655099
P56817;P56817-2	P56817;P56817-2;P56817-3;P56817-4;P56817-5;P56817-6				3.64707e+06
P57087;P57087-2;P57087-3	P57087;P57087-2;P57087-3				1.36258e+07
P58215	P58215;P58215-2;P58215-3				1.46775e+06
P58400	P58400;P58400-1				7.7212e+06
P58401	P58401				6.83359e+06
P58417	O95156;P58417				7.89048e+07
P60174;P60174-3	P60174;P60174-3;P60174-4				4.57328e+07
P60520	O95166;P60520;Q9H0R8;Q9H0R8-2				4.13137e+06
P60660;P60660-2	P60660;P60660-2				3.42791e+06
P60709;P63261	P60709;P63261				1.19731e+08
P60900;P60900-2	P60900;P60900-2				459494
P60981;P60981-2	P60981;P60981-2				2.34976e+06
P60983	P60983				3.10442e+06
P61018;P61018-2	P61018;P61018-2				3.64187e+06
P61088	P61088				4.35133e+06
P61106	P61106				2.07223e+06
P61158	P61158;Q9P1U1;Q9C0K3;Q9P1U1-2;Q9P1U1-3				1.02866e+06
P61204;P61204-2;P84077;P84085	P18085;P61204;P84077;P84085;P61204-2				1.81532e+06
P61266;P61266-2	P61266;P61266-2				7.61099e+06
P61278	P61278				1.66682e+08
P61604	P61604				2.51362e+06
P61626	P61626				4.30027e+07
P61769	P61769				3.38157e+09
P61812;P61812-2	P61812;P61812-2				470580
P61916	P61916;P61916-2				1.09803e+08
P61970	P61970				2.36842e+07
P61981	P61981				3.27572e+07
P62258	P62258;P62258-2				1.54929e+07
P62328	P62328;P63313				2.38457e+07
P62491;P62491-2;Q15907;Q15907-2	P62491;Q15907;P62491-2;Q15907-2				555190
P62805	P62805				656628
P62873;P62873-2;P62879;Q9HAV0	P62873;P62879;Q9HAV0;P62873-2;P62879-2				3.56096e+06
P62913;P62913-2	P62913;P62913-2				3.0419e+07
P62937	P62937				2.70642e+07
P62942	P62942				5.21849e+06
P62993	P62993;P62993-2				3.81857e+06
P63000;P63000-2	P63000;P63000-2				209866
P63010;P63010-2;P63010-3	P63010;P63010-2;Q10567;Q10567-3;P63010-3;Q10567-2;Q10567-4				1.49547e+07
P63104	P63104;P63104-2				1.81046e+07
P63208	P63208;P63208-2				2.44017e+07
P63241;P63241-2;Q6IS14;Q9GZV4	P63241;Q9GZV4;Q6IS14;P63241-2				807573
P63302	P63302				430002
P67936	P06753;P07951;P09493;P09493-10;P67936;P07951-2;P09493-5;P06753-2;P06753-3;P09493-2;P09493-3;P09493-4;P09493-6;P09493-7;P09493-8;P09493-9;P06753-4;P06753-5;P06753-6;P07951-3;P67936-2				4.15596e+06
P68032;P68133	P62736;P63267;P68032;P68133				8.14348e+06
P68036;P68036-2;P68036-3	P68036;A0A1B0GUS4;P68036-2;P68036-3				2.89993e+06
P68104;Q05639;Q5VTE0	P68104;Q05639;Q5VTE0				783380
P68363;Q71U36;Q71U36-2;Q9BQE3	P0DPH7;P0DPH8;P68363;P68366;Q6PEY2;Q71U36;Q9BQE3;P0DPH7-2;P68363-2;P68366-2;Q71U36-2				846515
P68402	P68402				1.40721e+06
P68871	P02042;P68871				2.20606e+06
P69849;Q15155;Q5JPE7;Q5JPE7-2	P69849;Q15155;Q5JPE7;Q5JPE7-2;Q5JPE7-3				2.31898e+06
P69905	P69905				2.82499e+06
P78310;P78310-2;P78310-5;P78310-6;P78310-7	P78310;P78310-2;P78310-4;P78310-5;P78310-6;P78310-7				4.52596e+06
P78324;P78324-2	P78324;Q9P1W8;Q5TFQ8;P78324-2;P78324-4;Q9P1W8-2;Q9P1W8-3;Q9P1W8-4				1.27473e+08
P78330	P78330				1.05005e+06
P78333	P78333				2.72249e+06
P78417	P78417;P78417-3				1.15647e+07
P78504	P78504;P78504-2				8.19937e+06
P78509;P78509-2	P78509;P78509-2;P78509-3				7.82698e+07
P78536;P78536-2	P78536;P78536-2				1.98645e+06
P78539;P78539-2;P78539-3;P78539-5	P78539;P78539-2;P78539-3;P78539-4;P78539-5				4.20589e+06
P79483;Q30154	P79483;Q30154				1.58887e+06
P80108	P80108				1.68458e+07
P80188;P80188-2	P80188;P80188-2				2.73264e+06
P80303;P80303-2	P80303;P80303-2				9.18506e+06
P80723	P80723;P80723-2				2.95322e+07
P80748	P80748				1.04205e+08
P81605;P81605-2	P81605;P81605-2				2.63491e+06
P82987;P82987-2	P82987;P82987-2				678246
P84157	P84157				782936
P98095;P98095-2	P98095;P98095-2				1.52195e+07
P98153;P98153-2;P98153-3	P98153;P98153-2;P98153-3				4.86044e+06
P98155;P98155-2	P98155;P98155-2				1.83493e+06
P98160	P98160				1.1347e+08
P98164	P98164				1.13309e+06
P98172	P98172				5.38835e+06
P98173;P98173-2;P98173-3	P98173;P98173-2;P98173-3				6.22039e+06
P99999	P99999				1.81646e+07
Q00169	Q00169				901832
Q00973	Q00973;Q00973-2;Q00973-3				6.47517e+06
Q01082	Q01082				829714
Q01459	Q01459				2.27683e+07
Q01469	Q01469				2.55957e+07
Q01973;Q01973-3	Q01973;Q01973-3				1.04883e+06
Q01995	Q01995				3.83678e+07
Q02246	Q02246				1.18226e+08
Q02487;Q02487-2	Q02487;Q02487-2				1.14781e+07
Q02790	Q02790				551971
Q02809;Q02809-2	Q02809;Q02809-2				8.8031e+06
Q02818	Q02818				8.96234e+07
Q02952;Q02952-2;Q02952-3	Q02952;Q02952-2;Q02952-3				885406
Q03167;Q03167-2	Q03167;Q03167-2				1.74471e+07
Q04721	Q04721				1.12988e+07
Q04756	Q04756				4.13115e+06
Q04760;Q04760-2	Q04760;Q04760-2				6.58841e+06
Q04917	Q04917				5.07966e+06
Q05193;Q05193-2;Q05193-3;Q05193-5	Q05193;Q05193-2;Q05193-3;Q05193-5				2.08142e+06
Q05707;Q05707-2	Q05707;Q05707-2;Q05707-3				5.96336e+06
Q05996;Q05996-2	Q05996;Q05996-2				1.71483e+07
Q06033;Q06033-2	Q06033;Q06033-2				8.72983e+06
Q06418	Q06418				2.4363e+07
Q06481	Q06481;Q06481-3;Q06481-6				1.44498e+08
Q06828	Q06828				7.15464e+07
Q06830	Q06830;Q13162				1.52084e+07
Q07092;Q07092-2	Q07092;Q07092-2				5.11353e+06
Q07507	Q07507				3.46452e+06
Q07699;Q07699-2	Q07699;Q07699-2				5.92704e+06
Q07954	Q07954				1.89629e+07
Q08174;Q08174-2	Q08174;Q08174-2				2.07107e+07
Q08209;Q08209-2;Q08209-3;Q08209-5	Q08209;Q08209-2;Q08209-3;Q08209-5				1.0141e+06
Q08257;Q08257-2;Q08257-3	Q08257;Q08257-2;Q08257-3				859239
Q08345;Q08345-5	Q08345;Q08345-2;Q08345-4;Q08345-5;Q08345-6				1.31428e+08
Q08380	Q08380				2.74043e+08
Q08397	Q08397				1.32478e+06
Q08431;Q08431-2;Q08431-4	Q08431;Q08431-2;Q08431-3;Q08431-4				2.22101e+07
Q08554;Q08554-2	Q08554;Q08554-2				2.54492e+06
Q08629	Q08629				2.41996e+07
Q08ET2	O15389;Q08ET2				2.04964e+07
Q09327	Q09327				2.18033e+06
Q09328	Q09328				5.39105e+06
Q09666	Q09666				2.63083e+06
Q0P6D2	Q0P6D2				1.59704e+07
Q10469	Q10469				1.56905e+07
Q10471	Q10471				1.74407e+07
Q10472	Q10472				1.45175e+07
Q10567;Q10567-2;Q10567-3	Q10567;Q10567-3;Q10567-2;Q10567-4				859254
Q10588	Q10588;Q10588-2				1.12136e+07
Q10589;Q10589-2	Q10589;Q10589-2				775789
Q11201	Q11201				257000
Q12765;Q12765-2;Q12765-3	Q12765;Q12765-2;Q12765-3				2.05761e+06
Q12794;Q12794-2;Q12794-7	Q12794;Q12794-2;Q12794-3;Q12794-7				2.99246e+06
Q12797;Q12797-10	Q12797;Q12797-10				5.43712e+06
Q12805;Q12805-2;Q12805-3;Q12805-4;Q12805-5	Q12805;Q12805-2;Q12805-3;Q12805-4;Q12805-5				7.2288e+08
Q12841;Q12841-2	Q12841;Q12841-2				1.64565e+07
Q12860	Q12860;Q12860-2				2.94406e+08
Q12866	Q12866				5.02616e+06
Q12907	Q12907				1.91269e+08
Q12913;Q12913-3	Q12913;Q12913-2;Q12913-3				4.4475e+06
Q13093	Q13093				1.94915e+06
Q13145	Q13145				2.24899e+06
Q13162	Q13162				100066
Q13214;Q13214-2	Q13214;Q13214-2				3.00792e+06
Q13217	Q13217				6.95493e+06
Q13228;Q13228-4	Q13228;Q13228-2;Q13228-3;Q13228-4				3.59544e+07
Q13231;Q13231-3	Q13231;Q13231-2;Q13231-3;Q13231-4				9.88274e+06
Q13232	Q13232				2.96195e+06
Q13275-2	Q13275;Q13275-2				1.42489e+07
Q13332-7	Q13332-5;Q13332-7				4.56894e+06
Q13332;Q13332-3;Q13332-4	Q13332;Q13332-2;Q13332-3;Q13332-4;Q13332-5;Q13332-6;Q13332-7				3.50104e+07
Q13404;Q13404-1;Q13404-2;Q13404-7	Q13404;Q13404-1;Q13404-2;Q13404-6;Q13404-7				7.51252e+06
Q13421-2;Q13421-3;Q13421-4	Q13421;Q13421-2;Q13421-3;Q13421-4				4.68935e+06
Q13433	Q13433				1.951e+06
Q13443;Q13443-2	Q13443;Q13443-2				1.95684e+06
Q13444;Q13444-10;Q13444-12;Q13444-13;Q13444-2;Q13444-3;Q13444-4;Q13444-5;Q13444-6;Q13444-7;Q13444-8;Q13444-9	Q13444;Q13444-2;Q13444-10;Q13444-12;Q13444-13;Q13444-3;Q13444-4;Q13444-5;Q13444-6;Q13444-7;Q13444-8;Q13444-9				5.0097e+06
Q13449	Q13449				8.14587e+08
Q13477;Q13477-2;Q13477-3;Q13477-4	Q13477;Q13477-2;Q13477-3;Q13477-4				2.53929e+06
Q13501;Q13501-2	Q13501;Q13501-2				2.2283e+06
Q13508;Q13508-2;Q13508-3	Q13508;Q13508-2;Q13508-3				2.75333e+07
Q13510;Q13510-2	Q13510;Q13510-2;Q13510-3				1.17387e+07
Q13519;Q13519-2	Q13519;Q13519-2				2.39465e+06
Q13554;Q13554-2;Q13554-3;Q13554-4;Q13554-5;Q13554-7;Q13554-8	Q13554;Q13554-3;Q13554-2;Q13554-4;Q13554-5;Q13554-6;Q13554-7;Q13554-8				1.37752e+07
Q13555;Q13555-10;Q13555-11;Q13555-2;Q13555-3;Q13555-4;Q13555-5;Q13555-6;Q13555-7;Q13555-8;Q13555-9	Q13555;Q13555-5;Q13555-10;Q13555-11;Q13555-2;Q13555-3;Q13555-4;Q13555-6;Q13555-7;Q13555-8;Q13555-9				5.88242e+06
Q13557;Q13557-10;Q13557-11;Q13557-12;Q13557-3;Q13557-4;Q13557-5;Q13557-6;Q13557-8;Q13557-9	Q13557;Q13557-8;Q13557-10;Q13557-11;Q13557-12;Q13557-3;Q13557-4;Q13557-5;Q13557-6;Q13557-9				5.95663e+06
Q13634;Q13634-2	Q13634;Q13634-2				2.8073e+07
Q13641	Q13641				3.80757e+06
Q13642-1;Q13642-4;Q13642-5	Q13642-1;Q13642-4;Q13642-5				2.67537e+06
Q13683;Q13683-10;Q13683-13;Q13683-3;Q13683-7;Q13683-9	Q13683;Q13683-10;Q13683-13;Q13683-3;Q13683-7;Q13683-9				1.06031e+07
Q13740;Q13740-2	Q13740;Q13740-2;Q13740-3				5.99168e+07
Q13790	Q13790				4.19372e+06
Q13822-3	Q13822;Q13822-3				5.36758e+08
Q13867	Q13867				4.4844e+06
Q14019	Q14019				1.26795e+07
Q14112;Q14112-2	Q14112;Q14112-2				1.8378e+07
Q14114;Q14114-2;Q14114-3;Q14114-4	Q14114;Q14114-3;Q14114-2;Q14114-4				2.57489e+06
Q14118	Q14118				3.81651e+08
Q14126	Q14126				1.01988e+07
Q14165	Q14165				1.17367e+07
Q14213	Q14213				912060
Q14242;Q14242-2	Q14242;Q14242-2				8.50438e+06
Q14257;Q14257-2	Q14257;Q14257-2				3.69549e+06
Q14314	Q14314				1.13575e+07
Q14315;Q14315-2	Q14315;Q14315-2				4.39229e+06
Q14393;Q14393-1;Q14393-3;Q14393-4;Q14393-5	Q14393;Q14393-1;Q14393-3;Q14393-4;Q14393-5				1.65399e+07
Q14515	Q14515;Q14515-2				6.41275e+08
Q14517	Q14517				2.6743e+06
Q14520;Q14520-2	Q14520;Q14520-2				1.14573e+07
Q14563	Q14563				2.51946e+06
Q14566	Q14566				1.50158e+07
Q14574;Q14574-2	Q14574;Q14574-2				5.13308e+06
Q14596;Q14596-2	Q14596;Q14596-2				2.21862e+06
Q14624	Q14624				1.5908e+08
Q14624-2;Q14624-3;Q14624-4	Q14624-2;Q14624-3;Q14624-4				3.16187e+07
Q14696	Q14696				3.82473e+06
Q14697;Q14697-2	Q14697;Q14697-2				2.10309e+07
Q14703	Q14703				161279
Q14766	Q14766;Q14766-4				1.43472e+07
Q14767	Q14767				9.86137e+06
Q14894	Q14894				5.94479e+06
Q14956;Q14956-2	Q14956;Q14956-2				3.86218e+06
Q14982;Q14982-2;Q14982-3;Q14982-4	Q14982;Q14982-2;Q14982-3;Q14982-4				6.7957e+07
Q14C87	Q14C87;Q14C87-2				1.6895e+07
Q14CZ8	Q14CZ8				9.34604e+06
Q14DG7	Q14DG7;Q14DG7-2				8.46939e+06
Q15063-3	Q15063-3;Q15063-4;Q15063-7				1.75517e+06
Q15084;Q15084-2;Q15084-3;Q15084-4;Q15084-5	Q15084;Q15084-2;Q15084-3;Q15084-4;Q15084-5				3.79941e+06
Q15113	Q15113				9.13112e+07
Q15121;Q15121-2	Q15121;Q15121-2				1.60392e+06
Q15149;Q15149-2;Q15149-3;Q15149-4;Q15149-5;Q15149-6;Q15149-7;Q15149-8;Q15149-9	Q15149;Q15149-2;Q15149-3;Q15149-4;Q15149-5;Q15149-6;Q15149-7;Q15149-8;Q15149-9				6.15323e+06
Q15165;Q15165-1;Q15165-3	Q15165;Q15165-1;Q15165-3				789739
Q15166	Q15166				8.04217e+07
Q15223;Q15223-2;Q15223-3	Q15223;Q15223-2;Q15223-3				6.73287e+07
Q15256	Q15256;Q15256-5				1.0173e+07
Q15257;Q15257-2;Q15257-3	Q15257;Q15257-2;Q15257-3				8.02604e+06
Q15262;Q15262-2;Q15262-3;Q15262-4	Q15262;Q15262-2;Q15262-3;Q15262-4				8.72636e+06
Q15293;Q15293-2	Q15293;Q15293-2				1.23573e+07
Q15303;Q15303-2;Q15303-3;Q15303-4	Q15303;Q15303-2;Q15303-3;Q15303-4				3.99409e+06
Q15375;Q15375-4	Q15375;Q15375-2;Q15375-4				7.56983e+06
Q15435;Q15435-2	Q15435;Q15435-2;Q15435-3;Q15435-4;Q15435-5				1.9092e+06
Q15459;Q15459-2	Q15459;Q15459-2				7.63597e+06
Q15465	Q15465				3.16224e+06
Q15582	Q15582				6.96535e+07
Q15768	Q15768				8.97407e+06
Q15782;Q15782-6	Q15782;Q15782-6				1.18099e+07
Q15818	Q15818				2.78525e+08
Q15828	Q15828				1.23951e+06
Q15846	Q15846				2.50056e+06
Q15847	Q15847				8.44024e+06
Q15848	Q15848				8.38217e+06
Q15904	Q15904				3.7856e+08
Q16143	Q16143				2.76097e+06
Q16270	Q16270;Q16270-2				9.63305e+08
Q16288;Q16288-2;Q16288-3;Q16288-4;Q16288-5	Q16288;Q16288-2;Q16288-3;Q16288-4;Q16288-5				1.69428e+07
Q16363;Q16363-2	Q16363;Q16363-2				1.03426e+07
Q16394	Q16394				1.19793e+06
Q16531	Q16531				5.6206e+06
Q16555;Q16555-2	Q16555;Q16555-2				1.94198e+06
Q16568	Q16568				1.2076e+07
Q16581	Q16581				4.56717e+06
Q16610;Q16610-4	Q16610;Q16610-2;Q16610-3;Q16610-4				9.82598e+07
Q16620;Q16620-2;Q16620-3;Q16620-4;Q16620-5;Q16620-6	Q16620;Q16620-2;Q16620-3;Q16620-4;Q16620-5;Q16620-6				1.79121e+07
Q16623;Q16623-2;Q16623-3	Q16623;Q16623-2;Q16623-3				1.34366e+06
Q16627;Q16627-2	Q16627;Q16627-2				8.39067e+06
Q16651	Q16651;Q16651-2				1.21374e+06
Q16653;Q16653-10;Q16653-11;Q16653-13;Q16653-2;Q16653-3;Q16653-5;Q16653-6;Q16653-7;Q16653-8;Q16653-9	Q16653;Q16653-10;Q16653-11;Q16653-13;Q16653-2;Q16653-3;Q16653-5;Q16653-6;Q16653-7;Q16653-8;Q16653-9				2.46775e+07
Q16658	Q16658				2.00718e+07
Q16674	Q16674				9.34149e+06
Q16706	Q16706				1.77587e+07
Q16769	Q16769				9.09611e+07
Q16775;Q16775-2	Q16775;Q16775-2				3.69015e+06
Q16799	Q16799;Q16799-2				2.59493e+07
Q16832	Q16832				1.49547e+06
Q16849	Q16849;Q16849-3;Q16849-2				1.2176e+08
Q16853;Q16853-2	Q16853;Q16853-2				1.77178e+06
Q16881;Q16881-2;Q16881-3;Q16881-4;Q16881-5;Q16881-6;Q16881-7	Q16881;Q16881-4;Q16881-5;Q16881-2;Q16881-3;Q16881-6;Q16881-7				1.74475e+06
Q17RC7	Q17RC7				1.33274e+08
Q24JP5;Q24JP5-2	Q24JP5;Q24JP5-2;Q24JP5-3				4.02951e+07
Q2TAL6	Q2TAL6				4.16172e+06
Q2UY09	Q2UY09;Q2UY09-2;Q2UY09-3				1.16474e+06
Q3SYC2;Q3SYC2-2	Q3SYC2;Q3SYC2-2				5.02935e+06
Q495W5	Q495W5;Q495W5-2				1.25589e+07
Q4G0I0	Q4G0I0				622882
Q4G0P3	Q4G0P3;Q4G0P3-10;Q4G0P3-5;Q4G0P3-6;Q4G0P3-8				3.61267e+07
Q4G148;Q4G148-2	Q4G148;Q4G148-2				920438
Q4KMG0;Q4KMG0-2	Q4KMG0;Q4KMG0-2				418123
Q4KWH8;Q4KWH8-3;Q4KWH8-4	Q4KWH8;Q4KWH8-3;Q4KWH8-4				9.00648e+06
Q4LDE5	Q4LDE5				1.77108e+06
Q4ZHG4;Q4ZHG4-2	Q4ZHG4;Q4ZHG4-2				154337
Q504Y0;Q504Y0-3;Q504Y0-4;Q504Y0-5	Q504Y0;Q504Y0-2;Q504Y0-3;Q504Y0-4;Q504Y0-5				3.83197e+06
Q53EL9;Q53EL9-3	Q53EL9;Q53EL9-2;Q53EL9-3				1.19086e+08
Q53RD9;Q53RD9-2;Q53RD9-3;Q53RD9-4	Q53RD9;Q53RD9-2;Q53RD9-3;Q53RD9-4				1.42061e+07
Q53RT3;Q53RT3-2	Q53RT3;Q53RT3-2				856356
Q562R1	Q562R1				6.24228e+07
Q58EX2;Q58EX2-2;Q58EX2-3;Q58EX2-4	Q58EX2;Q58EX2-2;Q58EX2-3;Q58EX2-4				1.39196e+06
Q58FF6	Q58FF6				2.44606e+06
Q5BIV9	Q5BIV9				2.97562e+07
Q5BLP8;Q5BLP8-2;Q5BLP8-3	Q5BLP8;Q5BLP8-2;Q5BLP8-3				2.46265e+07
Q5FWE3;Q5FWE3-3	Q5FWE3;Q5FWE3-3				2.62727e+07
Q5IJ48;Q5IJ48-2;Q5IJ48-3	Q5IJ48;Q5IJ48-2;Q5IJ48-3				1.11054e+07
Q5JRA6;Q5JRA6-2	Q5JRA6;Q5JRA6-2				1.81756e+07
Q5JS37;Q5JS37-2	Q5JS37;Q5JS37-2				2.54907e+06
Q5JZY3;Q5JZY3-2;Q5JZY3-3	Q5JZY3;Q5JZY3-2;Q5JZY3-3				1.80435e+07
Q5KU26	Q5KU26				2.93476e+07
Q5R3F8	Q5R3F8				4.50985e+06
Q5SGD2;Q5SGD2-2;Q5SGD2-3	Q5SGD2;Q5SGD2-2;Q5SGD2-3				939676
Q5SRI9	Q5SRI9				4.96288e+06
Q5SZI1	Q5SZI1				1.38299e+06
Q5SZK8	Q5SZK8;Q5SZK8-2				1.24087e+06
Q5T013;Q5T013-2;Q5T013-3;Q5T013-4	Q5T013;Q5T013-2;Q5T013-3;Q5T013-4				3.62327e+08
Q5T5C0;Q5T5C0-2	Q5T5C0;Q5T5C0-2				4.94e+06
Q5T848	Q5T848				2.03652e+07
Q5T9L3;Q5T9L3-2	Q5T9L3;Q5T9L3-2				7.10268e+06
Q5VSG8	Q5VSG8				1.28205e+07
Q5VU43;Q5VU43-3;Q5VU43-4	Q5VU43;Q5VU43-3;Q5VU43-4				1.55115e+06
Q5VU97	Q5VU97				1.06257e+07
Q5VUB5	Q5VUB5				2.23626e+06
Q5VV43;Q5VV43-2;Q5VV43-4	Q5VV43;Q5VV43-2;Q5VV43-4				7.54282e+06
Q5VV63	Q5VV63				2.74841e+06
Q5VWW1	Q5VWW1;Q5VWW1-2;Q5VWW1-3				9.14866e+06
Q5VY80;Q6H3X3;Q6H3X3-2;Q9BZM5	Q5VY80;Q6H3X3;Q9BZM5;Q6H3X3-2;Q6H3X3-3				3.68943e+06
Q5ZPR3;Q5ZPR3-3;Q5ZPR3-4	Q5ZPR3;Q5ZPR3-3;Q5ZPR3-4				2.23412e+06
Q63HQ2;Q63HQ2-2	Q63HQ2;Q63HQ2-2				2.26253e+06
Q641Q3;Q641Q3-2	Q641Q3;Q641Q3-2				1.83884e+07
Q658N2	Q658N2				1.88377e+07
Q68BL7;Q68BL7-2;Q68BL7-3	Q68BL7;Q68BL7-2;Q68BL7-3				7.50866e+06
Q68BL8	Q68BL8				378221
Q68D85	Q68D85				3.69159e+06
Q6BCY4;Q6BCY4-2	Q6BCY4;Q6BCY4-2				217158
Q6E0U4;Q6E0U4-16;Q6E0U4-2;Q6E0U4-3;Q6E0U4-4;Q6E0U4-5;Q6E0U4-6;Q6E0U4-7	Q6E0U4;Q6E0U4-16;Q6E0U4-2;Q6E0U4-3;Q6E0U4-4;Q6E0U4-5;Q6E0U4-6;Q6E0U4-7				2.94978e+06
Q6EMK4	Q6EMK4				3.02367e+07
Q6FHJ7	Q6FHJ7				4.04232e+07
Q6GTX8;Q6GTX8-2;Q6GTX8-3;Q6GTX8-4;Q6ISS4;Q6ISS4-2	Q6GTX8;Q6ISS4;Q6GTX8-2;Q6GTX8-3;Q6GTX8-4;Q6ISS4-2				1.74918e+07
Q6IBS0	Q12792;Q6IBS0;Q12792-3;Q12792-4				1.23022e+06
Q6IEE7	Q6IEE7				2.33431e+07
Q6IS24	Q6IS24				2.88405e+07
Q6JBY9;Q6JBY9-2	Q6JBY9;Q6JBY9-2				292915
Q6MZW2	Q6MZW2;Q6MZW2-2;Q6MZW2-3				4.75231e+07
Q6NUI6;Q6NUI6-2	Q6NUI6;Q6NUI6-2				1.38952e+06
Q6NUJ2	Q6NUJ2				1.37935e+07
Q6NW40	Q6NW40				7.30992e+07
Q6P0Q8;Q6P0Q8-2	Q6P0Q8;Q6P0Q8-2				2.62289e+07
Q6P179	Q6P179;Q6P179-3				2.37346e+06
Q6P4E1;Q6P4E1-5	Q6P4E1;Q6P4E1-2;Q6P4E1-5				2.09386e+07
Q6P9A2	Q6P9A2				1.12447e+07
Q6PCB0	Q6PCB0				1.22006e+07
Q6PUV4	Q6PUV4				2.32315e+06
Q6RVD6	Q6RVD6				3.07983e+06
Q6UVK1	Q6UVK1				1.07471e+07
Q6UVY6;Q6UVY6-2	Q6UVY6;Q6UVY6-2				1.15729e+07
Q6UW01	Q6UW01				5.41204e+07
Q6UWH4;Q6UWH4-2	Q6UWH4;Q6UWH4-2				5.61733e+06
Q6UWP8	Q6UWP8;Q6UWP8-2				455566
Q6UWR7	Q6UWR7				6.63763e+06
Q6UWU2;Q6UWU2-2	Q6UWU2;Q6UWU2-2				279426
Q6UWY5	Q6UWY5				3.52573e+06
Q6UX15;Q6UX15-2	Q6UX15;Q6UX15-2				7.19363e+06
Q6UX71	Q6UX71;Q6UX71-2				5.14851e+07
Q6UX72	Q6UX72				4.44638e+06
Q6UX73;Q6UX73-2	Q6UX73;Q6UX73-2				7.47904e+07
Q6UXB8	Q6UXB8;Q6UXB8-2				3.06683e+07
Q6UXD5-3;Q6UXD5-5	Q6UXD5;Q6UXD5-2;Q6UXD5-3;Q6UXD5-4;Q6UXD5-5;Q6UXD5-6				7.55894e+07
Q6UXF1;Q6UXF1-2	Q6UXF1;Q6UXF1-2				4.98426e+06
Q6UXH9;Q6UXH9-2	Q6UXH9;Q6UXH9-2;Q6UXH9-3				3.62878e+06
Q6UXI7;Q6UXI7-2;Q6UXI7-4;Q6UXI7-5	Q6UXI7;Q6UXI7-2;Q6UXI7-3;Q6UXI7-4;Q6UXI7-5				7.39228e+06
Q6UXI9;Q6UXI9-3;Q6UXI9-4;Q6UXI9-5;Q6UXI9-6	Q6UXI9;Q6UXI9-2;Q6UXI9-3;Q6UXI9-4;Q6UXI9-5;Q6UXI9-6				2.80767e+06
Q6UXK2	Q6UXK2				3.69699e+06
Q6UXK5	Q6UXK5				5.83052e+06
Q6UXZ4;Q6UXZ4-2	Q6UXZ4;Q6UXZ4-2				7.60475e+06
Q6UY14;Q6UY14-2;Q6UY14-3	Q6UY14;Q6UY14-3;Q6UY14-2				969427
Q6YHK3	Q6YHK3;Q6YHK3-2;Q6YHK3-4				5.69823e+06
Q6ZMI3	Q6ZMI3;Q6ZMI3-2				1.41479e+07
Q6ZMP0;Q6ZMP0-2	Q6ZMP0;Q6ZMP0-2				8.49285e+06
Q6ZN30;Q6ZN30-2	Q6ZN30;Q6ZN30-2				7.59603e+06
Q6ZN44;Q6ZN44-2	Q6ZN44;Q6ZN44-2				727752
Q6ZRI8;Q6ZRI8-2;Q6ZRI8-3;Q6ZRI8-4;Q6ZRI8-5	Q6ZRI8;Q6ZRI8-2;Q6ZRI8-3;Q6ZRI8-4;Q6ZRI8-5				3.03427e+06
Q6ZRP7	Q6ZRP7				1.22973e+07
Q6ZSJ9;Q6ZSJ9-2;Q6ZSJ9-3	Q6ZSJ9;Q6ZSJ9-2;Q6ZSJ9-3				9.74859e+07
Q6ZVL6	Q6ZVL6;Q6ZVL6-2				1.50343e+07
Q70JA7	Q70JA7				859805
Q71H61	Q71H61				1.20486e+06
Q76KP1	Q76KP1				3.36936e+06
Q76LX8;Q76LX8-2;Q76LX8-3;Q76LX8-4	Q76LX8;Q76LX8-2;Q76LX8-3;Q76LX8-4				473762
Q7KYR7;Q7KYR7-1;Q7KYR7-4;Q7KYR7-5;Q7KYR7-6;Q8WVV5;Q8WVV5-2;Q8WVV5-3	Q7KYR7;Q8WVV5;Q7KYR7-4;Q7KYR7-1;Q7KYR7-5;Q7KYR7-6;Q8WVV5-2;Q8WVV5-3				2.35844e+06
Q7L014	Q7L014				1.61692e+08
Q7L0X0	Q7L0X0				1.4836e+06
Q7L266;Q7L266-2	Q7L266;Q7L266-2				744221
Q7LFX5	Q7LFX5				1.05476e+07
Q7LGC8	Q7LGC8				1.31189e+06
Q7Z304	Q7Z304				5.21918e+06
Q7Z398;Q7Z398-2	Q7Z398;Q7Z398-2				7.26202e+06
Q7Z3B1	Q7Z3B1;Q7Z3B1-2				1.79991e+08
Q7Z3D4	Q7Z3D4				2.1874e+06
Q7Z408;Q7Z408-4	Q7Z408;Q7Z408-4				2.10728e+06
Q7Z4R8	Q7Z4R8				1.46903e+06
Q7Z553;Q7Z553-3	Q7Z553;Q7Z553-2;Q7Z553-3				5.75631e+06
Q7Z5A7;Q7Z5A7-2	Q7Z5A7;Q7Z5A7-2;Q7Z5A7-3				5.12345e+07
Q7Z5B4;Q7Z5B4-2;Q7Z5B4-5;Q7Z5B4-6	Q7Z5B4;Q7Z5B4-5;Q7Z5B4-2;Q7Z5B4-6				3.26184e+06
Q7Z5L0	Q7Z5L0				671854
Q7Z5L3	Q7Z5L3				743111
Q7Z5L7;Q7Z5L7-2;Q7Z5L7-3	Q7Z5L7;Q7Z5L7-2;Q7Z5L7-3;Q7Z5L7-4				5.6942e+06
Q7Z5N4;Q7Z5N4-3	Q7Z5N4;Q7Z5N4-3				675124
Q7Z6G3	Q7Z6G3				378096
Q7Z6L0;Q7Z6L0-2;Q7Z6L0-3	Q7Z6L0;Q7Z6L0-2;Q7Z6L0-3				1.61536e+06
Q7Z7G0;Q7Z7G0-3;Q7Z7G0-4	Q7Z7G0;Q7Z7G0-2;Q7Z7G0-3;Q7Z7G0-4				3.5476e+06
Q7Z7H5;Q7Z7H5-3	Q7Z7H5;Q7Z7H5-2;Q7Z7H5-3				6.45879e+06
Q7Z7M0	Q7Z7M0;Q7Z7M0-2				1.01266e+08
Q7Z7M8	Q7Z7M8				688904
Q7Z7M9	Q7Z7M9				1.55353e+06
Q86SF2	Q86SF2				1.5929e+07
Q86SJ2	Q86SJ2				990162
Q86SQ4;Q86SQ4-2;Q86SQ4-3;Q86SQ4-4	Q86SQ4;Q86SQ4-2;Q86SQ4-3;Q86SQ4-4				376175
Q86SR1	Q86SR1;Q86SR1-2;Q86SR1-4				1.26585e+07
Q86SU0;Q86SU0-2;Q86SU0-5;Q86SU0-6	Q86SU0;Q86SU0-2;Q86SU0-5;Q86SU0-6				1.05678e+07
Q86TE4;Q86TE4-4	Q86TE4;Q86TE4-4				5.13667e+06
Q86TH1	Q86TH1				943645
Q86TY3;Q86TY3-2	Q86TY3;Q86TY3-2				4.71046e+07
Q86UD1	Q86UD1				1.45765e+07
Q86UE6	Q86UE6				242242
Q86UN2	Q86UN2				1.58404e+07
Q86UN3	Q86UN3				4.94142e+07
Q86UW8	Q86UW8				6.71333e+06
Q86UX2	Q86UX2;Q86UX2-2;Q86UX2-3				5.60265e+07
Q86V85	Q86V85				1.77665e+06
Q86VB7;Q86VB7-2;Q86VB7-3;Q86VB7-4	Q86VB7;Q86VB7-2;Q86VB7-3;Q86VB7-4				3.93133e+07
Q86VP6;Q86VP6-2	Q86VP6;Q86VP6-2				1.09134e+06
Q86VR8	Q86VR8				3.14195e+06
Q86VV8;Q86VV8-3	Q86VV8;Q86VV8-2;Q86VV8-4;Q86VV8-3				4.37904e+06
Q86VZ4	Q86VZ4				1.95896e+07
Q86WG3;Q86WG3-3	Q86WG3;Q86WG3-3				1.66772e+06
Q86X10;Q86X10-2;Q86X10-3;Q86X10-4	Q86X10;Q86X10-2;Q86X10-3;Q86X10-4				2.77419e+08
Q86X29;Q86X29-4;Q86X29-5;Q86X29-6	Q86X29;Q86X29-2;Q86X29-3;Q86X29-4;Q86X29-5;Q86X29-6				1.17243e+07
Q86XR7-2;Q9Y3B3;Q9Y3B3-2	Q9Y3B3;Q86XR7-2;Q9Y3B3-2				3.62252e+06
Q86XX4;Q86XX4-2;Q86XX4-5	Q86XX4;Q86XX4-2;Q86XX4-5				189262
Q86Y38	Q86Y38				6.9383e+07
Q86Y82	Q86Y82				4.10579e+06
Q86YD3;Q86YD3-2;Q86YD3-4;Q86YD3-5	Q86YD3;Q86YD3-2;Q86YD3-3;Q86YD3-4;Q86YD3-5				2.66019e+07
Q86YL7;Q86YL7-3;Q86YL7-4;Q86YL7-5;Q86YL7-6	Q86YL7;Q86YL7-3;Q86YL7-4;Q86YL7-5;Q86YL7-6				286590
Q86YT9;Q86YT9-2;Q86YT9-3;Q86YT9-4	Q86YT9;Q86YT9-2;Q86YT9-3;Q86YT9-4				1.88625e+06
Q8IUC8	Q8IUC8;Q8IUC8-3;Q8IUC8-2				2.64892e+07
Q8IUK5;Q8IUK5-2;Q8IUK5-3	Q8IUK5;Q8IUK5-2;Q8IUK5-3;Q8IUK5-4				2.10692e+07
Q8IUK8	Q8IUK8				4.83202e+07
Q8IUX7	Q8IUX7;Q8IUX7-2				2.53173e+07
Q8IV08	Q8IV08				2.72825e+07
Q8IW45;Q8IW45-2;Q8IW45-4	Q8IW45;Q8IW45-2;Q8IW45-4				1.32523e+06
Q8IW52	Q8IW52				2.36177e+07
Q8IWT1	Q8IWT1;Q8IWT1-2				3.43182e+06
Q8IWU2	Q8IWU2				1.32528e+07
Q8IWU5;Q8IWU5-2	Q8IWU5;Q8IWU5-2				1.07907e+08
Q8IWU6	Q8IWU6				650371
Q8IWV2	Q8IWV2				1.07467e+07
Q8IWV2-3	Q8IWV2-3				1.11365e+06
Q8IWY4	Q8IWY4				4.01566e+06
Q8IXL6	Q8IXL6				1.34665e+07
Q8IYD8;Q8IYD8-2;Q8IYD8-3	Q8IYD8;Q8IYD8-2;Q8IYD8-3				1.41858e+08
Q8IYE1	Q8IYE1				3.01091e+08
Q8IYJ0;Q8IYJ0-2	Q8IYJ0;Q8IYJ0-2				1.58195e+08
Q8IYS5-2;Q8IYS5-3;Q8IYS5-6	Q8IYS5;Q8IYS5-2;Q8IYS5-3;Q8IYS5-4;Q8IYS5-5;Q8IYS5-6;Q8IYS5-7				8.64173e+07
Q8IZA0;Q8IZA0-2	Q8IZA0;Q8IZA0-2				1.86747e+07
Q8IZF2;Q8IZF2-2;Q8IZF2-3	Q8IZF2;Q8IZF2-2;Q8IZF2-3				348619
Q8IZJ1;Q8IZJ1-2	Q8IZJ1;Q8IZJ1-2				2.45654e+06
Q8IZJ3;Q8IZJ3-2	Q8IZJ3;Q8IZJ3-2				1.17335e+06
Q8IZP7	Q8IZP7				2.80871e+07
Q8IZS8	Q8IZS8;Q8IZS8-2;Q8IZS8-3				7.6067e+06
Q8IZU9;Q8IZU9-2	Q8IZU9;Q8IZU9-2				623335
Q8N0W4;Q8N0W4-2;Q8NFZ3;Q8NFZ3-2	Q8N0W4;Q8NFZ3;Q8NFZ3-2;Q8N0W4-2				6.7235e+06
Q8N111	Q8N111				2.91595e+06
Q8N114;Q8N114-2	Q8N114;Q8N114-2				6.75976e+07
Q8N126;Q8N126-2	Q8N126;Q8N126-2;Q8N126-3				1.52033e+08
Q8N149;Q8N149-2;Q8N149-3;Q8N149-4	Q8N149;Q8N149-2;Q8N149-3;Q8N149-4				8.30024e+06
Q8N2Q7;Q8N2Q7-2	Q8N2Q7;Q8N2Q7-2				869342
Q8N2S1;Q8N2S1-2;Q8N2S1-3	Q8N2S1;Q8N2S1-2;Q8N2S1-3				2.68994e+07
Q8N3G9;Q8N3G9-2;Q8N3G9-3	Q8N3G9;Q8N3G9-2;Q8N3G9-3				1.8582e+06
Q8N3H0	Q8N3H0				3.09193e+06
Q8N3J2	Q8N3J2				4.99403e+07
Q8N3J6;Q8N3J6-2;Q8N3J6-3;Q8N3J6-4;Q8N3J6-5	Q8N3J6;Q8N3J6-2;Q8N3J6-3;Q8N3J6-4;Q8N3J6-5				1.62261e+07
Q8N3T1	Q8N3T1				2.80008e+06
Q8N3T6	Q8N3T6				4.00936e+07
Q8N428	Q8N428;Q8N428-2				7.32891e+06
Q8N436	Q8N436				3.06191e+06
Q8N474	Q8N474				3.85416e+06
Q8N475;Q8N475-2	Q8N475;Q8N475-2;Q8N475-3				1.31655e+07
Q8N4A0	Q8N4A0				107851
Q8N608;Q8N608-2;Q8N608-3;Q8N608-4	Q8N608;Q8N608-2;Q8N608-3;Q8N608-4				3.19054e+06
Q8N6C5;Q8N6C5-2;Q8N6C5-4	Q8N6C5;Q8N6C5-2;Q8N6C5-4				5.22131e+06
Q8N729	Q8N729				1.35551e+06
Q8N8Z6;Q8N8Z6-2	Q8N8Z6;Q8N8Z6-2				5.59785e+06
Q8N967	Q8N967				4.91964e+06
Q8N9I0	Q8N9I0				2.17736e+06
Q8NBI6	Q8NBI6				1.23551e+07
Q8NBJ4;Q8NBJ4-2	Q8NBJ4;Q8NBJ4-2				5.52128e+07
Q8NBJ7;Q8NBJ7-2	Q8NBJ7;Q8NBJ7-2;Q8NBJ7-3				1.31809e+06
Q8NBM8	Q8NBM8				344892
Q8NBP7	Q8NBP7				2.85731e+06
Q8NBS9;Q8NBS9-2	Q8NBS9;Q8NBS9-2				4.19041e+06
Q8NC42	Q8NC42				2.14871e+06
Q8NC67;Q8NC67-3	Q8NC67;Q8NC67-3				701433
Q8NCC3	Q8NCC3;Q8NCC3-2				4.7901e+06
Q8NCH0	Q8NCH0				3.14062e+06
Q8NCL4	Q8NCL4				1.58882e+07
Q8NCW5;Q8NCW5-2	Q8NCW5;Q8NCW5-2				1.01285e+07
Q8NCW6	Q8NCW6;Q8NCW6-2				1.94899e+06
Q8NEP3;Q8NEP3-2;Q8NEP3-3	Q8NEP3;Q8NEP3-2;Q8NEP3-3				5.71257e+08
Q8NES3;Q8NES3-3	Q8NES3;Q8NES3-2;Q8NES3-3;Q8NES3-4				3.22724e+07
Q8NEY1;Q8NEY1-2;Q8NEY1-3;Q8NEY1-4;Q8NEY1-6;Q8NEY1-7	Q8NEY1;Q8NEY1-2;Q8NEY1-3;Q8NEY1-4;Q8NEY1-6;Q8NEY1-7				2.6227e+07
Q8NFL0	Q8NFL0				963812
Q8NFP4;Q8NFP4-2	Q8NFP4;Q8NFP4-2				4.32567e+06
Q8NFT8	Q8NFT8				1.00929e+06
Q8NFY4;Q8NFY4-6	Q8NFY4;Q8NFY4-6				3.19608e+07
Q8NFZ4	Q8NFZ4				1.6564e+07
Q8NFZ8	Q8NFZ8				1.67359e+08
Q8NHG7	Q8NHG7				1.98693e+06
Q8NHJ6;Q8NHJ6-2;Q8NHJ6-3	Q8NHJ6;Q8NHJ6-2;Q8NHJ6-3				2.73762e+06
Q8NHP8	Q8NHP8;Q8NHP8-2				6.52166e+06
Q8NHQ9	Q8NHQ9				5.66325e+08
Q8NHS9;Q8NHS9-2	Q8NHS9;Q8NHS9-2				1.05891e+07
Q8TAB3;Q8TAB3-2;Q8TAB3-3	Q8TAB3;Q8TAB3-2;Q8TAB3-3				3.80721e+06
Q8TAG5;Q8TAG5-2	Q8TAG5;Q8TAG5-2				1.70757e+08
Q8TBP5	Q8TBP5				4.08941e+07
Q8TCZ2	Q8TCZ2;Q8TCZ2-2;Q8TCZ2-3;Q8TCZ2-5;Q8TCZ2-6				1.29515e+08
Q8TDF5;Q8TDF5-1;Q8TDF5-2	Q8TDF5;Q8TDF5-1;Q8TDF5-2				3.33363e+06
Q8TDQ0;Q8TDQ0-2	Q8TDQ0;Q8TDQ0-2				6.78105e+06
Q8TDW7;Q8TDW7-1	Q8TDW7;Q8TDW7-1;Q8TDW7-2				1.78427e+06
Q8TEA8	Q8TEA8				6.24461e+06
Q8TER0;Q8TER0-5	Q8TER0;Q8TER0-3;Q8TER0-4;Q8TER0-5				5.54374e+07
Q8TEU8	Q8TEU8				9.43153e+07
Q8WUJ3	Q8WUJ3;Q8WUJ3-2				1.28112e+07
Q8WVN6	Q8WVN6				3.96436e+06
Q8WVQ1;Q8WVQ1-3	Q8WVQ1;Q8WVQ1-2;Q8WVQ1-3				1.51084e+07
Q8WWX9	Q8WWX9				1.0956e+07
Q8WX77	Q8WX77				3.46243e+06
Q8WXD2	Q8WXD2				5.84762e+08
Q8WXD2-2	Q8WXD2-2				1.77902e+07
Q8WXS5	Q8WXS5				499903
Q8WY21;Q8WY21-2;Q8WY21-3;Q8WY21-4	Q8WY21;Q8WY21-2;Q8WY21-3;Q8WY21-4				2.57047e+07
Q8WYK1	Q8WYK1				9.02353e+06
Q8WZ75;Q8WZ75-2;Q8WZ75-3	Q8WZ75;Q8WZ75-2;Q8WZ75-3				9.40316e+06
Q8WZA1	Q8WZA1;Q8WZA1-2				8.4005e+07
Q92484;Q92484-2	Q92484;Q92484-2				1.01828e+07
Q92485	Q92485;Q92485-2				1.55854e+07
Q92520	Q92520				1.34781e+09
Q92542;Q92542-2	Q92542;Q92542-2				4.7015e+06
Q92563	Q92563				2.95314e+07
Q92581;Q92581-1;Q92581-3	Q92581;Q92581-1;Q92581-3				175535
Q92597;Q92597-2;Q92597-3	Q92597;Q92597-2;Q92597-3				1.72021e+06
Q92598;Q92598-2;Q92598-3;Q92598-4	Q92598;Q92598-2;Q92598-3;Q92598-4				233897
Q92626	Q92626;Q92626-2				722530
Q92673	Q92673				1.42259e+07
Q92686	Q92686				1.55037e+06
Q92692;Q92692-2	Q92692;Q92692-2				2.91194e+06
Q92729;Q92729-2;Q92729-3;Q92729-4	Q92729;Q92729-2;Q92729-3;Q92729-4				2.20174e+06
Q92743	Q92743				7.76086e+06
Q92752	Q92752;Q92752-2				1.32589e+07
Q92765	Q92765				7.36578e+06
Q92820	Q92820				3.14457e+07
Q92823	Q92823;Q92823-2;Q92823-3;Q92823-4;Q92823-5;Q92823-6				3.96098e+08
Q92824;Q92824-2	Q92824;Q92824-2				264895
Q92832;Q92832-2	Q92832;Q92832-2				2.80586e+06
Q92854	Q92854;Q92854-2				6.56131e+06
Q92859;Q92859-2;Q92859-3	Q92859;Q92859-2;Q92859-3;Q92859-4				5.97099e+07
Q92876	Q92876;Q92876-2				5.11039e+08
Q92890;Q92890-1;Q92890-3	Q92890;Q92890-1;Q92890-3				1.8045e+06
Q92896;Q92896-2;Q92896-3	Q92896;Q92896-2;Q92896-3				4.54204e+06
Q92911	Q92911				2.44035e+07
Q92932-2	Q92932;Q92932-2;Q92932-3;Q92932-4				2.68823e+07
Q92935	Q92935				1.17203e+06
Q92945;Q96AE4;Q96AE4-2	Q92945;Q96AE4;Q96AE4-2				7.46781e+06
Q92954;Q92954-2;Q92954-5;Q92954-6	Q92954;Q92954-2;Q92954-3;Q92954-4;Q92954-5;Q92954-6				1.29383e+07
Q93063;Q93063-3	Q93063;Q93063-2;Q93063-3				3.07024e+06
Q93091	Q93091				1.42816e+07
Q969H8	Q969H8				7.79039e+06
Q969P0;Q969P0-3	Q969P0;Q969P0-3				1.04728e+08
Q969T9	Q969T9;Q969T9-2				3.73119e+07
Q969Z4	Q969Z4				1.4349e+06
Q96AP7	Q96AP7				2.09313e+07
Q96AQ1;Q96AQ1-2;Q96LY2;Q96LY2-2	Q96LY2;Q96LY2-2;Q96AQ1;Q96AQ1-2				5.27776e+06
Q96AQ6;Q96AQ6-2	Q96AQ6;Q96AQ6-2;Q96AQ6-3				3.68012e+06
Q96B86;Q96B86-3;Q96B86-4	Q96B86;Q96B86-3;Q96B86-4				3.13067e+07
Q96BY9	Q96BY9				4.62969e+06
Q96BZ4	Q96BZ4				1.45264e+07
Q96C19;Q9BUP0;Q9BUP0-2	Q9BUP0;Q96C19;Q9BUP0-2				552406
Q96CG8;Q96CG8-2;Q96CG8-3	Q96CG8;Q96CG8-2;Q96CG8-3				1.0319e+07
Q96CS7;Q96CS7-2;Q96CS7-3;Q96CS7-5;Q96CS7-6	Q96CS7;Q96CS7-2;Q96CS7-3;Q96CS7-5;Q96CS7-6				3.77727e+06
Q96CW9;Q96CW9-2	Q96CW9;Q96CW9-2				655981
Q96CX2	Q96CX2;Q68DU8				2.38886e+06
Q96DD7	Q96DD7				456238
Q96DG6	Q96DG6				270859
Q96DT5	Q96DT5				4.67902e+06
Q96DZ1;Q96DZ1-2;Q96DZ1-3	Q96DZ1;Q96DZ1-2;Q96DZ1-3				427882
Q96EE4	Q96EE4				2.69709e+06
Q96EG1	Q96EG1				1.89547e+06
Q96EU7	Q96EU7				1.07338e+06
Q96FE5;Q96FE5-2	Q96FE5;Q7L985;Q96FE5-2				2.27463e+07
Q96FE7-4	Q96FE7;Q96FE7-2;Q96FE7-4;Q96FE7-5				4.73008e+07
Q96FJ2	P63167;Q96FJ2				1.51571e+07
Q96FW1;Q96FW1-2	Q96FW1;Q96FW1-2				930068
Q96GD0	Q6ZT62;Q96GD0;Q6ZT62-2				2.11272e+06
Q96GW7	Q96GW7;Q96GW7-2				5.72696e+08
Q96HC4;Q96HC4-4;Q96HC4-6;Q96HC4-7	Q96HC4;Q96HC4-4;Q96HC4-6;Q96HC4-7				169718
Q96HD1-2	Q96HD1;Q96HD1-2				6.99807e+06
Q96HF1	Q96HF1				865531
Q96HU1;Q96HU1-2	Q96HU1;Q96HU1-2				4.57887e+06
Q96HY6;Q96HY6-2	Q96HY6;Q96HY6-2				2.20395e+06
Q96I82	Q96I82				1.26012e+06
Q96ID5	Q96ID5				3.48561e+07
Q96IU4	Q96IU4				3.17016e+06
Q96IY4	Q96IY4;Q96IY4-2				4.18693e+07
Q96J42;Q96J42-2	Q96J42;Q96J42-2				1.82786e+06
Q96JA1;Q96JA1-2	Q96JA1;Q96JA1-2				754668
Q96JF0	Q96JF0;Q96JF0-2				2.28727e+07
Q96JP9	Q96JP9				939403
Q96JQ0	Q96JQ0				3.75137e+06
Q96KG7;Q96KG7-2	Q96KG7;Q96KG7-2				664440
Q96KN2	Q96KN2				1.16187e+09
Q96KP4;Q96KP4-2	Q96KP4;Q96KP4-2				338090
Q96KR4;Q96KR4-3	Q96KR4;Q96KR4-3				5.28898e+06
Q96L96	Q96L96				1.28265e+06
Q96MK3	Q96MK3				993560
Q96MU8;Q96MU8-2;Q96MU8-3	Q96MU8;Q96MU8-2;Q96MU8-3				1.34446e+06
Q96NI6	Q96NI6				1.90731e+06
Q96NZ9	Q96NZ9;Q96NZ9-3;Q96NZ9-4				1.79035e+07
Q96P44;Q96P44-3	Q96P44;Q96P44-3				1.94838e+06
Q96PD2;Q96PD2-2	Q96PD2;Q96PD2-2				2.88733e+06
Q96PD5	Q96PD5;Q96PD5-2				5.41929e+07
Q96PQ0	Q96PQ0				2.04699e+07
Q96PX8	Q96PX8				1.21325e+08
Q96PY6;Q96PY6-3	Q96PY6;Q96PY6-3;Q96PY6-5				5.09264e+06
Q96RP7	Q96RP7				457057
Q96RW7;Q96RW7-2	Q96RW7;Q96RW7-2				1.19638e+06
Q96S96	Q96S96				5.67071e+07
Q96SM3	Q96SM3				3.4441e+06
Q96TC7;Q96TC7-2	Q96TC7;Q96TC7-2				3.7627e+06
Q99435;Q99435-2;Q99435-3;Q99435-4	Q99435;Q99435-2;Q99435-3;Q99435-4				2.72727e+08
Q99497	Q99497				2.71466e+07
Q99519	Q99519				1.79811e+07
Q99523	Q99523;Q99523-2				1.22947e+07
Q99536;Q99536-2;Q99536-3	Q99536;Q99536-2;Q99536-3				758420
Q99538	Q99538;Q99538-2;Q99538-3				3.47376e+06
Q99574	Q99574				7.77077e+07
Q99584	Q99584				1.50815e+06
Q99590;Q99590-2	Q99590;Q99590-2				8.72367e+06
Q99650;Q99650-2	Q99650;Q99650-2				1.51682e+06
Q99674	Q99674;Q99674-2				3.85686e+07
Q99715;Q99715-4	Q99715;Q99715-4				4.09365e+06
Q99731	Q99731				234430
Q99784	Q99784;Q99784-3;Q99784-5				1.02348e+07
Q99805	Q99805				2.54693e+06
Q99941;Q99941-2	Q99941;Q99941-2				3.55127e+06
Q99946	Q99946				1.7085e+07
Q99969	Q99969				3.68148e+07
Q99972	Q99972				3.07953e+06
Q99983	Q99983				4.2048e+07
Q99985	Q99985				4.62089e+06
Q9BQ16	Q9BQ16;Q9BQ16-1;Q9BQ16-4;Q9BQ16-5;Q9BQ16-6;Q9BQ16-7;Q9BQ16-8				1.6141e+07
Q9BQI4;Q9BQI4-2	Q9BQI4;Q9BQI4-2				1.09226e+06
Q9BQS7;Q9BQS7-2;Q9BQS7-3	Q9BQS7;Q9BQS7-2;Q9BQS7-3;Q9BQS7-4				847669
Q9BQT9;Q9BQT9-2	Q9BQT9;Q9BQT9-2				2.70504e+08
Q9BRA2	Q9BRA2				9.20649e+06
Q9BRF8	Q9BRF8				3.46523e+07
Q9BRK3;Q9BRK3-2;Q9BRK3-3	Q9BRK3;Q9BRK3-2;Q9BRK3-3				6.2267e+06
Q9BRK5	Q9BRK5;Q9BRK5-2;Q9BRK5-5				3.84652e+07
Q9BRR6;Q9BRR6-2	Q9BRR6;Q9BRR6-2				270563
Q9BS26	Q9BS26				7.31786e+06
Q9BSG5;Q9BSG5-2;Q9BSG5-3	Q9BSG5;Q9BSG5-2;Q9BSG5-3				5.67092e+06
Q9BT30	Q9BT30				2.67612e+07
Q9BT88	Q9BT88				1.36889e+06
Q9BTY2	Q9BTY2				1.20062e+07
Q9BU40-4;Q9BU40-5	Q9BU40;Q9BU40-3;Q9BU40-4;Q9BU40-5				1.85616e+07
Q9BUD6	Q9BUD6				3.20476e+06
Q9BUJ0	Q9BUJ0				7.48243e+06
Q9BUN1	Q9BUN1				1.62645e+07
Q9BV94;Q9BV94-2	Q9BV94;Q9BV94-2				2.30099e+06
Q9BVH7	Q9BVH7				6.06646e+06
Q9BVK6	Q9BVK6				1.14629e+06
Q9BW30	Q9BW30				1.22288e+06
Q9BWD1;Q9BWD1-2	Q9BWD1;Q9BWD1-2				361006
Q9BWP8;Q9BWP8-10;Q9BWP8-2;Q9BWP8-3;Q9BWP8-4;Q9BWP8-5;Q9BWP8-6;Q9BWP8-7;Q9BWP8-8;Q9BWP8-9	Q9BWP8;Q9BWP8-10;Q9BWP8-2;Q9BWP8-3;Q9BWP8-4;Q9BWP8-5;Q9BWP8-6;Q9BWP8-7;Q9BWP8-8;Q9BWP8-9				1.46956e+06
Q9BWQ8	Q9BWQ8				1.72195e+07
Q9BWS9	Q9BWS9;Q9BWS9-3				4.72414e+06
Q9BWV1;Q9BWV1-3	Q9BWV1;Q9BWV1-3				391097
Q9BXJ0	Q9BXJ0				1.25959e+07
Q9BXJ1;Q9BXJ1-2	Q9BXJ1;Q9BXJ1-2				1.53378e+07
Q9BXJ3	Q9BXJ3				1.26001e+07
Q9BXJ4-3	Q9BXJ4;Q9BXJ4-2;Q9BXJ4-3				1.87239e+07
Q9BXP8	Q9BXP8				6.46564e+06
Q9BXS4	Q9BXS4				66829.9
Q9BXX0	Q9BXX0				1.16375e+06
Q9BY67-2	Q9BY67;Q9BY67-2;Q9BY67-3;Q9BY67-4;Q9BY67-5				1.33185e+08
Q9BY76;Q9BY76-2	Q9BY76;Q9BY76-2				424380
Q9BYC5	Q9BYC5;Q9BYC5-3				638118
Q9BYH1;Q9BYH1-5;Q9BYH1-6;Q9BYH1-7	Q9BYH1;Q9BYH1-2;Q9BYH1-3;Q9BYH1-4;Q9BYH1-5;Q9BYH1-6;Q9BYH1-7				9.25304e+07
Q9BYJ0	Q9BYJ0				1.16978e+06
Q9BZ76;Q9BZ76-2	Q96NU0;Q9BZ76;Q9BZ76-2;Q96NU0-2				981538
Q9BZC7;Q9BZC7-2;Q9BZC7-3;Q9BZC7-4	Q9BZC7;Q9BZC7-2;Q9BZC7-3;Q9BZC7-4				2.47105e+07
Q9BZR6	Q9BZR6				4.32158e+07
Q9C0A0	Q9C0A0;Q96NU0;Q9BZ76;Q9BZ76-2;Q96NU0-2;Q9C0A0-2				4.80259e+07
Q9C0C4	Q9C0C4				1.29652e+06
Q9GZM5	Q9GZM5				1.66007e+07
Q9GZP0;Q9GZP0-2	Q9GZP0;Q9GZP0-2				1.4081e+06
Q9GZP4;Q9GZP4-2	Q9GZP4;Q9GZP4-2				1.05993e+07
Q9GZS9;Q9GZS9-2;Q9GZX3	Q9GZS9;Q9GZX3;Q9GZS9-2				1.83142e+06
Q9GZT8;Q9GZT8-2	Q9GZT8;Q9GZT8-2;Q9GZT8-3				3.67147e+06
Q9GZV7	Q9GZV7				1.68559e+06
Q9GZX9	Q9GZX9				1.69706e+07
Q9H008	Q9H008;Q9H008-2				2.72251e+06
Q9H019;Q9H019-2;Q9H019-3	Q9H019;Q9H019-2;Q9H019-3				8.90583e+06
Q9H0Q3;Q9H0Q3-2	Q9H0Q3;Q9H0Q3-2				1.17694e+07
Q9H0R4;Q9H0R4-2	Q9H0R4;Q9H0R4-2				3.30713e+06
Q9H0W9;Q9H0W9-2;Q9H0W9-3	Q9H0W9;Q9H0W9-3;Q9H0W9-2;Q9H0W9-4				1.23551e+06
Q9H0X4;Q9H0X4-2	Q9H0X4;Q9H0X4-2				944517
Q9H156;Q9H156-2	Q9H156;Q9H156-2				2.68889e+06
Q9H173	Q9H173				3.15915e+06
Q9H1B5;Q9H1B5-2	Q9H1B5;Q9H1B5-2				4.74533e+06
Q9H1U4	Q9H1U4				1.39984e+07
Q9H1Z8	Q9H1Z8				7.34741e+07
Q9H251;Q9H251-2;Q9H251-3;Q9H251-4;Q9H251-8	Q9H251;Q9H251-2;Q9H251-3;Q9H251-4;Q9H251-8				2.25709e+06
Q9H299	Q9H299				7.31442e+06
Q9H2A7	Q9H2A7				2.48707e+07
Q9H2A9	Q9H2A9				2.00758e+06
Q9H2B2;Q9H2B2-2	Q9H2B2;Q9H2B2-2				1.50395e+07
Q9H2E6;Q9H2E6-2	Q9H2E6;Q9H2E6-2				1.68676e+07
Q9H2G2	Q9H2G2;Q9H2G2-2				7.34407e+06
Q9H2X0;Q9H2X0-5	Q9H2X0;Q9H2X0-5				6.12056e+06
Q9H2X8	Q9H2X8				1.03969e+06
Q9H2X9;Q9H2X9-2	Q9H2X9;Q9H2X9-2				1.62996e+06
Q9H3G5	Q9H3G5				2.41609e+07
Q9H3S1;Q9H3S1-2	Q9H3S1;Q9H3S1-2				1.34683e+06
Q9H3S3	Q9H3S3				2.56598e+06
Q9H3T2;Q9H3T2-3	Q9H3T2;Q9H3T2-2;Q9H3T2-3				1.17255e+06
Q9H3T3;Q9H3T3-3	Q9H3T3;Q9H3T3-3				5.31699e+06
Q9H3U7;Q9H3U7-2	Q9H3U7;Q9H3U7-2				386890
Q9H461	Q9H461				836664
Q9H467	Q9H467				1.51034e+06
Q9H492;Q9H492-2	Q9GZQ8;Q9H492;A6NCE7;Q9H492-2				4.63519e+06
Q9H4A4	Q9H4A4				112670
Q9H4A9;Q9H4A9-2	Q9H4A9;Q9H4A9-2;Q9H4A9-3				666363
Q9H4D0	Q9H4D0				1.66866e+07
Q9H4F8;Q9H4F8-2	Q9H4F8;Q9H4F8-2				8.89457e+06
Q9H5I5;Q9H5I5-2;Q9H5I5-3;Q9H5I5-4	Q9H5I5;Q9H5I5-2;Q9H5I5-3;Q9H5I5-4				4.73949e+06
Q9H5P4	Q9H5P4				3.80075e+07
Q9H6B4	Q9H6B4				3.48695e+06
Q9H6X2;Q9H6X2-5	Q9H6X2;Q9H6X2-2;Q9H6X2-3;Q9H6X2-4;Q9H6X2-5;Q9H6X2-6				8.29098e+06
Q9H741	Q9H741				4.65715e+06
Q9H7Y0	Q9H7Y0;Q9H7Y0-2				7.5808e+06
Q9H853	Q9H853				366244
Q9H8J5	Q9H8J5				7.93662e+06
Q9H8L6	Q9H8L6				1.71273e+07
Q9H8Y8;Q9H8Y8-2;Q9H8Y8-3	Q9H8Y8;Q9H8Y8-2;Q9H8Y8-3				690197
Q9H9S5	Q9H9S5				2.9438e+06
Q9HAR2;Q9HAR2-2;Q9HAR2-3;Q9HAR2-4	Q9HAR2;Q9HAR2-2;Q9HAR2-3;Q9HAR2-4				1.43324e+07
Q9HAT2	Q9HAT2;Q9HAT2-2				3.12854e+07
Q9HB40	Q9HB40;Q9HB40-2				1.80487e+06
Q9HBR0	Q9HBR0				6.93951e+06
Q9HBT6	Q9HBT6				3.71861e+06
Q9HBW1	Q9HBW1				4.97666e+06
Q9HC38-2	Q9HC38;Q9HC38-2;Q9HC38-3				3.27412e+07
Q9HC56;Q9HC56-2	Q9HC56;Q9HC56-2				1.47257e+07
Q9HC57	Q9HC57				1.99609e+07
Q9HCB6	Q9HCB6				1.5134e+07
Q9HCK4;Q9HCK4-2;Q9HCK4-3	Q9HCK4;Q9HCK4-2;Q9HCK4-3				4.97708e+06
Q9HCL0;Q9HCL0-2	Q9HCL0;Q9HCL0-2				1.04168e+06
Q9HCM2	Q9HCM2;Q9HCM2-2;Q9HCM2-3				1.44064e+06
Q9HCU0	Q9HCU0				6.98824e+06
Q9HCU4	Q9HCU4				4.4627e+07
Q9HD45	Q9HD45				2.08591e+06
Q9HDB5	Q9HDB5;Q9Y4C0;Q9HDB5-2;Q9HDB5-4;Q9Y4C0-3				3.58085e+07
Q9HDC9	Q9HDC9;Q9HDC9-2				3.53184e+06
Q9NP58;Q9NP58-4	Q9NP58;Q9NP58-4				3.89178e+07
Q9NP80;Q9NP80-2;Q9NP80-3	Q9NP80;Q9NP80-2;Q9NP80-3				1.36804e+07
Q9NPC4	Q9NPC4				3.40276e+06
Q9NPD7	Q9NPD7				9.89825e+06
Q9NPG4	Q9NPG4				4.18507e+06
Q9NPH0	Q9NPH0				315001
Q9NPH3;Q9NPH3-2;Q9NPH3-5	Q9NPH3;Q9NPH3-2;Q9NPH3-3;Q9NPH3-5				4.34172e+06
Q9NPR2;Q9NPR2-2	Q9NPR2;Q9NPR2-2				4.11508e+07
Q9NPY3	Q9NPY3				2.31572e+06
Q9NQ30	Q9NQ30				1.33913e+06
Q9NQ36;Q9NQ36-2;Q9NQ36-3	Q9NQ36;Q9NQ36-2;Q9NQ36-3				3.33659e+06
Q9NQ79;Q9NQ79-2	Q9NQ79;Q9NQ79-2;Q9NQ79-3				3.10028e+08
Q9NQS3;Q9NQS3-2;Q9NQS3-3	Q9NQS3;Q9NQS3-2;Q9NQS3-3				4.15241e+06
Q9NQX5	Q9NQX5				5.79792e+06
Q9NQX7	Q9NQX7;Q9NQX7-3				1.59576e+06
Q9NR34	Q9NR34				1.79513e+07
Q9NRB3	Q9NRB3				3.52578e+06
Q9NRN5	Q9NRN5;Q9NRN5-2				2.41185e+07
Q9NRR1	Q9NRR1				1.90834e+07
Q9NRV9	Q9NRV9				779670
Q9NRX5	Q9NRX5				881671
Q9NS00;Q9NS00-2	Q9NS00;Q9NS00-2				2.98803e+06
Q9NS15;Q9NS15-2	Q9NS15;Q9NS15-2				934420
Q9NS84	Q9NS84				5.37698e+06
Q9NS85	Q9NS85;Q9NS85-2				9.12878e+06
Q9NS98	Q9NS98				2.87233e+07
Q9NSC7	Q9NSC7				5.35918e+06
Q9NT22;Q9NT22-2	Q9NT22;Q9NT22-2				2.15202e+06
Q9NT99	Q9NT99				2.81075e+07
Q9NTU7	Q9NTU7				6.78595e+07
Q9NU53	Q9NU53				2.98854e+06
Q9NUQ9	Q9NUQ9;Q9NUQ9-2				4.6151e+06
Q9NVJ2	Q96BM9;Q9NVJ2;Q9NVJ2-2				2.46534e+06
Q9NWD8	Q9NWD8				6.01151e+06
Q9NX62	Q9NX62				8.89134e+07
Q9NXS2;Q9NXS2-3	Q9NXS2;Q9NXS2-3				3.50602e+06
Q9NY15	Q9NY15;Q9NY15-2				5.30765e+06
Q9NY25;Q9NY25-2	Q9NY25;Q9NY25-2				264851
Q9NY33	Q9NY33;Q9NY33-2;Q9NY33-4				3.21705e+06
Q9NY47;Q9NY47-2	Q9NY47;Q9NY47-2;Q9NY47-3;Q9NY47-4;Q9NY47-5				1.57899e+07
Q9NY72	Q9NY72				1.70083e+07
Q9NY97;Q9NY97-2	Q9NY97;Q9NY97-2				1.76709e+07
Q9NYQ7;Q9NYQ7-2	Q9NYQ7;Q9NYQ7-2				597077
Q9NYQ8	Q9NYQ8				4.09304e+07
Q9NYU2;Q9NYU2-2	Q9NYU2;Q9NYU2-2				146301
Q9NYX4	Q9NYX4				2.60742e+07
Q9NZ08;Q9NZ08-2	Q9NZ08;Q9NZ08-2				1.64948e+07
Q9NZ53	Q9NZ53;Q9NZ53-2				1.49653e+07
Q9NZ72;Q9NZ72-2	Q9NZ72;Q9NZ72-2				3.26718e+06
Q9NZ94;Q9NZ94-2;Q9NZ94-3	Q9NZ94;Q9NZ94-2;Q9NZ94-3				7.9539e+06
Q9NZC2;Q9NZC2-2;Q9NZC2-3	Q9NZC2;Q9NZC2-2;Q9NZC2-3				1.01017e+07
Q9NZK5	Q9NZK5				8.95487e+06
Q9NZN1	Q9NZN1				3.91619e+06
Q9NZN4;Q9NZN4-2	Q9NZN4;Q9NZN4-2				856448
Q9NZP8	Q9NZP8				3.82113e+07
Q9NZR2	Q9NZR2				4.77446e+06
Q9NZU0	Q9NZU0				799302
Q9NZU1	Q9NZU1				7.93375e+06
Q9P035	Q9P035				573790
Q9P0K1;Q9P0K1-2;Q9P0K1-5	Q9P0K1;Q9P0K1-2;Q9P0K1-3;Q9P0K1-4;Q9P0K1-5				1.24286e+08
Q9P0K9	Q9P0K9				2.85147e+07
Q9P0L0;Q9P0L0-2	Q9P0L0;Q9P0L0-2				8.07e+06
Q9P0S2	Q9P0S2				1.1751e+06
Q9P121-4	Q9P121;Q9P121-3;Q9P121-2;Q9P121-4				2.71182e+08
Q9P1F3	Q9P1F3				2.66142e+06
Q9P232	Q9P232				8.87074e+06
Q9P2E7;Q9P2E7-2	Q9P2E7;Q9P2E7-2				4.33066e+07
Q9P2S2	P58401;Q9P2S2				7.42934e+07
Q9UBG0	Q9UBG0				7.8151e+06
Q9UBP4	Q9UBP4				1.04536e+09
Q9UBQ6	Q9UBQ6				2.74136e+07
Q9UBR2	Q9UBR2				3.88012e+07
Q9UBX1	Q9UBX1				2.17307e+07
Q9UBX5	Q9UBX5				3.65168e+07
Q9UBX7;Q9UBX7-1;Q9UBX7-3;Q9UBX7-4	Q9UBX7;Q9UBX7-1;Q9UBX7-3;Q9UBX7-4				4.32582e+06
Q9UBX8	Q9UBX8				306336
Q9UD71;Q9UD71-2	Q9UD71;Q9UD71-2				1.98926e+06
Q9UEW3;Q9UEW3-2	Q9UEW3;Q9UEW3-2				2.5631e+06
Q9UF11;Q9UF11-2;Q9UF11-3;Q9UF11-4	Q9UF11;Q9UF11-2;Q9UF11-3;Q9UF11-4				5.94249e+06
Q9UFP1	Q9UFP1				4.0971e+06
Q9UGM5;Q9UGM5-2	Q9UGM5;Q9UGM5-2				1.82855e+07
Q9UGT4	Q9UGT4				2.23382e+06
Q9UGV2;Q9UGV2-2;Q9UGV2-3	Q9UGV2;Q9UGV2-2;Q9UGV2-3				1.3203e+06
Q9UHC6	Q9UHC6				4.20963e+07
Q9UHD9	Q9UHD9				1.24023e+06
Q9UHF0-2	Q9UHF0-2				1.31755e+07
Q9UHG2	Q9UHG2				6.47194e+08
Q9UHG3	Q9UHG3;Q9UHG3-2				5.57371e+06
Q9UHI8	Q9UHI8				4.3059e+06
Q9UHL4	Q9UHL4				3.11233e+07
Q9UHY7	Q9UHY7;Q9UHY7-2				874852
Q9UI15	Q9UI15				2.10223e+06
Q9UI42;Q9UI42-2	Q9UI42;Q9UI42-2				509711
Q9UIB8;Q9UIB8-2;Q9UIB8-3;Q9UIB8-4;Q9UIB8-5;Q9UIB8-6	Q9UIB8;Q9UIB8-2;Q9UIB8-3;Q9UIB8-4;Q9UIB8-5;Q9UIB8-6				3.11607e+06
Q9UIQ6;Q9UIQ6-2;Q9UIQ6-3	Q9UIQ6;Q9UIQ6-2;Q9UIQ6-3				1.30763e+06
Q9UIW2	P51805;Q9UIW2				5.86457e+06
Q9UJ14	Q9UJ14				5.53462e+06
Q9UJ37	Q9UJ37				330576
Q9UJ99	Q9UJ99				1.42505e+07
Q9UJA9	Q9UJA9				2.17732e+07
Q9UJH8	Q9UJH8				3.26744e+06
Q9UJJ9	Q9UJJ9				1.86725e+07
Q9UJQ1;Q9UJQ1-2	Q9UJQ1;Q9UJQ1-2				3.16714e+06
Q9UK28	Q9UK28				2.70837e+06
Q9UK55	Q9UK55				3.44068e+06
Q9UKB5	Q9UKB5				3.86485e+07
Q9UKF6	Q9UKF6				1.16489e+06
Q9UKJ1-3	Q9UKJ1;Q9UKJ1-2;Q9UKJ1-3;Q9UKJ1-4				2.31851e+06
Q9UKK9	Q9UKK9				816497
Q9UKM7	Q9UKM7				7.70876e+06
Q9UKQ2;Q9UKQ2-2	Q9UKQ2;Q9UKQ2-2				1.23525e+06
Q9UKU6	Q9UKU6				1.26534e+06
Q9UKU9	Q9UKU9;Q9UKU9-2				6.12544e+06
Q9UKZ4;Q9UKZ4-2	Q9UKZ4;Q9UKZ4-2				1.36688e+06
Q9UKZ9	Q9UKZ9				192872
Q9ULB1-2;Q9ULB1-3	P58400;Q9ULB1-2;Q9ULB1-3				8.05559e+07
Q9ULB4	Q9ULB4				4.09833e+06
Q9ULB5	Q9ULB5				3.20624e+06
Q9ULF5	Q9ULF5				4.15602e+07
Q9ULH4	Q9ULH4				7.90298e+06
Q9ULI3;Q9ULI3-2	Q9ULI3;Q9ULI3-2				2.39477e+07
Q9ULI4	Q9ULI4				1.71335e+06
Q9ULL4;Q9ULL4-2	Q9ULL4;Q9ULL4-2				3.88463e+06
Q9ULP0-3;Q9ULP0-6	Q9ULP0-2;Q9ULP0-3;Q9ULP0-5;Q9ULP0-6;Q9ULP0-7;Q9ULP0-8				2.07448e+07
Q9ULP0-5	Q9ULP0;Q9ULP0-2;Q9ULP0-4;Q9ULP0-5				397784
Q9ULX7	Q9ULX7				2.37108e+06
Q9ULZ3;Q9ULZ3-2;Q9ULZ3-3	Q9ULZ3;Q9ULZ3-2;Q9ULZ3-3				787499
Q9ULZ9	Q9ULZ9;Q9ULZ9-2				4.54161e+06
Q9UM22	Q9UM22;Q9UM22-3				1.62686e+07
Q9UM47	Q9UM47				4.92026e+06
Q9UMF0	Q9UMF0				3.95309e+07
Q9UMX0;Q9UMX0-2	Q9UMX0;Q9UMX0-2;Q9UMX0-4				2.34227e+06
Q9UMX5	Q9UMX5				1.43502e+07
Q9UN36-2;Q9UN36-6	Q9UN36;Q9UN36-2;Q9UN36-3;Q9UN36-5;Q9UN36-6				1.47657e+07
Q9UN67;Q9Y5E1	Q9UN67;Q9Y5E1				613946
Q9UN70;Q9UN70-2	Q9UN70;Q9UN70-2				8.60387e+06
Q9UN75;Q9UN75-2;Q9Y5H6;Q9Y5H6-2;Q9Y5H7;Q9Y5H7-2;Q9Y5H7-3;Q9Y5H8;Q9Y5H8-2;Q9Y5I0;Q9Y5I0-2;Q9Y5I1;Q9Y5I1-2	Q9UN72;Q9Y5H8;Q9UN75;Q9Y5H6;Q9Y5H7;Q9Y5I0;Q9Y5I1;Q9UN72-2;Q9UN75-2;Q9Y5H6-2;Q9Y5H7-2;Q9Y5H7-3;Q9Y5H8-2;Q9Y5I0-2;Q9Y5I1-2				5.71281e+06
Q9UNN8	Q9UNN8				1.3952e+07
Q9UNW1	Q9UNW1;Q9UNW1-4				3.30065e+07
Q9UP79	Q9UP79				7.4075e+06
Q9UPU3	Q9UPU3				2.63713e+07
Q9UQ52	Q9UQ52				1.37393e+07
Q9UQ53;Q9UQ53-2;Q9UQ53-3	Q9UQ53;Q9UQ53-2;Q9UQ53-3				311671
Q9UQM7	Q9UQM7;Q9UQM7-2				2.79005e+07
Q9Y227;Q9Y227-2	Q9Y227;Q9Y227-2				761834
Q9Y240	Q9Y240				1.3062e+07
Q9Y266	Q9Y266				556650
Q9Y274	Q9Y274;Q9Y274-2				2.30273e+06
Q9Y275;Q9Y275-2	Q9Y275;Q9Y275-2				490443
Q9Y279;Q9Y279-2	Q9Y279;Q9Y279-2;Q9Y279-3				8.53373e+06
Q9Y281;Q9Y281-3	Q9Y281;Q9Y281-3				1.33448e+06
Q9Y287	Q9Y287;Q9Y287-2				1.80672e+07
Q9Y2C2	Q9Y2C2				1.87854e+06
Q9Y2E5	Q9Y2E5;Q9Y2E5-2				2.19433e+06
Q9Y2G1;Q9Y2G1-2	Q9Y2G1;Q9Y2G1-2				2.12611e+06
Q9Y2G5;Q9Y2G5-1;Q9Y2G5-2	Q9Y2G5;Q9Y2G5-1;Q9Y2G5-2				517150
Q9Y2I2;Q9Y2I2-1;Q9Y2I2-2;Q9Y2I2-4;Q9Y2I2-5;Q9Y2I2-6	Q9Y2I2;Q9Y2I2-1;Q9Y2I2-2;Q9Y2I2-4;Q9Y2I2-5;Q9Y2I2-6				2.10795e+07
Q9Y2S2;Q9Y2S2-2	Q9Y2S2;Q9Y2S2-2				353557
Q9Y2T3;Q9Y2T3-3	Q9Y2T3;Q9Y2T3-2;Q9Y2T3-3				5.16518e+07
Q9Y2V2	Q9Y2V2				408775
Q9Y2Z0;Q9Y2Z0-2	Q9Y2Z0;Q9Y2Z0-2				2.37011e+06
Q9Y328	Q9Y328				1.39445e+06
Q9Y334;Q9Y334-2	Q9Y334;Q9Y334-2				1.88437e+06
Q9Y3D6	Q9Y3D6				396854
Q9Y490	Q9Y490				494112
Q9Y4C0-4	Q9HDB5-3;Q9HDB5-4;Q9Y4C0-4				1.14448e+08
Q9Y4D7	Q9Y4D7;Q9Y4D7-2				1.40223e+08
Q9Y4L1	Q9Y4L1;Q9Y4L1-2				2.13231e+07
Q9Y5E5	Q9Y5E5				1.40161e+06
Q9Y5E6	Q9NRJ7;Q9Y5F1;Q9Y5F2;Q9UN66;Q9Y5E4;Q9Y5E6;Q9Y5F0				1.15899e+06
Q9Y5F6-2	Q9Y5F6;Q9Y5F6-2				2.14742e+07
Q9Y5F7;Q9Y5F7-2	Q9Y5F7;Q9Y5F7-2				1.81479e+06
Q9Y5G9;Q9Y5G9-2	Q9Y5G6;Q9Y5G9;Q9Y5H0;Q9Y5H1;Q9Y5G6-2;Q9Y5G9-2;Q9Y5H0-2;Q9Y5H1-2				2.8e+06
Q9Y5I2;Q9Y5I2-2;Q9Y5I2-3	Q9Y5I2;Q9Y5I2-2;Q9Y5I2-3				491084
Q9Y5I4;Q9Y5I4-2	Q9Y5I4;Q9Y5I4-2				1.88142e+07
Q9Y5L2	Q9Y5L2				1.27423e+07
Q9Y5Y7	Q9Y5Y7				9.35437e+07
Q9Y617	Q9Y617;Q9Y617-2				5.52963e+06
Q9Y625	Q9Y625				2.33085e+06
Q9Y639-3;Q9Y639-5	Q9Y639;Q9Y639-1;Q9Y639-3;Q9Y639-4;Q9Y639-5				1.31137e+07
Q9Y644	Q9Y644				1.34624e+07
Q9Y646	Q9Y646				5.11279e+07
Q9Y653;Q9Y653-2;Q9Y653-3	Q9Y653;Q9Y653-2;Q9Y653-3;Q9Y653-4;Q9Y653-5				6.67136e+06
Q9Y696	Q9Y696				5.72561e+06
Q9Y6C2	Q9Y6C2;Q9Y6C2-2				4.05725e+06
Q9Y6N6	Q9Y6N6				3.00962e+06
Q9Y6N7;Q9Y6N7-2;Q9Y6N7-4	Q9Y6N7;Q9Y6N7-2;Q9Y6N7-3;Q9Y6N7-4;Q9Y6N7-5;Q9Y6N7-6				4.02069e+07
Q9Y6N8	Q9Y6N8				7.4656e+06
Q9Y6R7	Q9Y6R7				2.96249e+07
Q9Y6X5	Q9Y6X5				6.33784e+06
Q9Y6Y8;Q9Y6Y8-2	Q9Y6Y8;Q9Y6Y8-2				9.38135e+07
