Protein.Group	Protein.Ids	Protein.Names	Genes	First.Protein.Description	/fs/pool/pool-mann-projects/Johannes/Jakob_AD_CSF_data/All_without_random_20/All_Raw/20190228_QX1_PhGe_SA_EASY12-10_Deigendesch_G9_82879903_190312181946.mzML
A0A075B6H7;A0A0C4DH55;P01624	P01624;A0A075B6H7;A0A0C4DH55				5.62131e+08
A0A075B6H9	A0A075B6H9				4.50042e+07
A0A075B6I0	A0A075B6I0				3.16298e+07
A0A075B6I1	A0A075B6I1				1.99617e+06
A0A075B6J1;A0A0A0MRZ9	A0A075B6J1;A0A0A0MRZ9				4.12588e+06
A0A075B6J9	A0A075B6J9				5.15114e+06
A0A075B6K4	A0A075B6K0;A0A075B6K4				3.41621e+07
A0A075B6K5	A0A075B6K5				2.26494e+07
A0A075B6P5;P01615	P01615;A0A075B6P5				2.55498e+08
A0A075B6R2	A0A075B6R2				5.22652e+07
A0A075B6R9;A0A0C4DH68	A0A075B6R9;A0A0C4DH68				5.37786e+07
A0A075B6S2	A0A075B6S2;A2NJV5				3.39121e+08
A0A075B6S5	A0A075B6S5;A0A0C4DH67;A0A0C4DH69				3.50092e+07
A0A087WSX0	A0A087WSX0;A0A0G2JS06				7.40913e+06
A0A087WSY4	A0A087WSY4				1.58998e+07
A0A087WSY6	A0A087WSY6				7.54606e+08
A0A087WSZ0	A0A087WSZ0				5.55638e+06
A0A087WW87;P01614	P01614;A0A087WW87				47545.4
A0A0A0MRZ8;P04433	P04433;A0A0A0MRZ8				8.11244e+07
A0A0A0MS15	A0A0A0MS15				4.45447e+06
A0A0A0MT36;A0A0C4DH26	A0A0A0MT36;A0A0C4DH26				3.43112e+06
A0A0B4J1U7	A0A0B4J1U7				4.89859e+07
A0A0B4J1V0	A0A0B4J1V0				8.11135e+08
A0A0B4J1X5	P01764;P01768;P01772;P01767;A0A0B4J1X5;A0A0C4DH42;P0DP02;P0DP03				2.84843e+08
A0A0B4J1Y8	A0A0B4J1Y8				1.95553e+07
A0A0B4J2D9;P0DP09	A0A0B4J2D9;P0DP09				2.72525e+06
A0A0C4DH24	A0A0C4DH24				2.40494e+07
A0A0C4DH25	A0A0C4DH25				1.20442e+08
A0A0C4DH33	A0A0C4DH33				2.96952e+06
A0A0C4DH34	A0A0C4DH34				6.07162e+06
A0A0C4DH35	A0A0C4DH35				5.511e+06
A0A0C4DH36	A0A0C4DH36				1.27903e+07
A0A0C4DH38	A0A0C4DH38				7.62495e+07
A0A0C4DH39	A0A0C4DH39				8.2699e+06
A0A0C4DH43	A0A0C4DH43				1.96625e+07
A0A0C4DH72;A0A0C4DH73;P01597;P01611;P04432	P01597;P01611;P04432;A0A0C4DH72;A0A0C4DH73				2.38548e+07
A0A0J9YX35	A0A0J9YX35				2.51645e+07
A0A0J9YXX1	A0A0C4DH38;A0A0J9YXX1				1.6597e+08
A0A2R8Y619;O60814;P06899;P23527;P33778;P57053;P58876;P62807;Q16778;Q5QNW6;Q5QNW6-2;Q8N257;Q93079;Q96A08;Q99877;Q99879;Q99880	O60814;P06899;P23527;P33778;P57053;P58876;P62807;Q16778;Q5QNW6;Q8N257;Q93079;Q96A08;Q99877;Q99879;Q99880;A0A2R8Y619;Q5QNW6-2				555228
A0M8Q6	P0CG04;P0DOY2;A0M8Q6;P0CF74;B9A064;P0DOX8				6.30026e+08
A1L4H1	A1L4H1				7.20094e+06
A6NCE7;Q9GZQ8	Q9GZQ8;A6NCE7				183514
A6NGN9	A6NGN9				6.29762e+06
A6NL88	A6NL88				143506
A6NLU5	A6NLU5				9.92886e+06
A6NML5	A6NML5				1.46284e+06
A8MTW9	A8MTW9				495256
B1AJZ9;B1AJZ9-4	B1AJZ9;B1AJZ9-4				904870
B4DS77;B4DS77-2;B4DS77-3	B4DS77;B4DS77-2;B4DS77-3				224247
C9JVW0	C9JVW0				517713
O00115;O00115-2	O00115;O00115-2				3.19486e+06
O00142;O00142-2;O00142-3;O00142-4;O00142-5;O00142-6	O00142;O00142-2;O00142-3;O00142-4;O00142-5;O00142-6				3.22946e+07
O00187;O00187-2	O00187;O00187-2				821108
O00264	O00264;O00264-2				1.26146e+06
O00292;O00292-2	O00292;O00292-2				2.9875e+06
O00299	O00299				1.07086e+06
O00339;O00339-2;O00339-3	O00339;O00339-2;O00339-3				2.40754e+06
O00391	O00391;O00391-2				3.40266e+07
O00451	O00451;O00451-2;O00451-3				5.86527e+06
O00461	O00461				1.18485e+07
O00462	O00462				4.32922e+06
O00468-6	O00468-6;O00468-7				9.13307e+06
O00533	O00533				2.7632e+06
O00533-2	O00533;O00533-2				1.19073e+08
O00584	O00584				1.04398e+07
O00754;O00754-2	O00754;O00754-2				914927
O14498	O14498				6.22013e+07
O14522;O14522-1	O14522;O14522-1				1.43414e+06
O14594	O14594				1.95198e+08
O14657	O14657				155816
O14672	O14672				3.95982e+06
O14745	O14745				152736
O14773	O14773				9.94256e+06
O14786	O14786;O14786-2;O14786-3				3.72493e+06
O14791;O14791-2	O14791;O14791-2;O14791-3				5.31248e+07
O14793	O14793				3.13066e+06
O14917;O14917-2	O14917;O14917-2				2.89611e+06
O15031	O15031				1.2e+07
O15197;O15197-3	O15197;O15197-3				5.24238e+06
O15204;O15204-2	O15204;O15204-2				2.64467e+06
O15230	O15230				1.3558e+06
O15232;O15232-2	O15232;O15232-2				1.63718e+06
O15240	O15240				8.09538e+07
O15335	O15335				2.62624e+06
O15354	O15354				3.24699e+07
O15389;Q08ET2	O15389;Q08ET2				633594
O15394	O15394;O15394-2				2.00471e+07
O15466;O15466-2	O15466;O15466-2				366772
O15540;O15540-2	O15540;O15540-2				3.24757e+06
O43157	O43157;O43157-2;O43157-3				9.0467e+06
O43173	O43173				2.96183e+06
O43240	O43240				1.93955e+06
O43278;O43278-2	O43278;O43278-2				2.33288e+06
O43291;O43291-2	O43291;O43291-2				3.4871e+06
O43300	O43300				841962
O43323	O43323				1.27776e+06
O43405;O43405-2	O43405;O43405-2				1.21247e+07
O43493;O43493-3;O43493-5;O43493-7	O43493;O43493-3;O43493-5;O43493-7				1.32802e+07
O43505	O43505				3.4116e+08
O43529	O43529				6.76323e+06
O43556;O43556-3;O43556-4	O43556;O43556-3;O43556-4				1.04667e+07
O43567	O43567				2.10278e+07
O43827	O43827				9.20856e+06
O43837;O43837-2;O43837-3	O43837;O43837-2;O43837-3				6.1683e+06
O43852;O43852-10;O43852-11;O43852-12;O43852-13;O43852-14;O43852-2;O43852-3;O43852-4;O43852-5;O43852-6;O43852-7;O43852-8;O43852-9	O43852;O43852-10;O43852-11;O43852-12;O43852-13;O43852-14;O43852-2;O43852-3;O43852-4;O43852-5;O43852-6;O43852-7;O43852-8;O43852-9				276311
O43866	O43866				5.94529e+06
O43916	O43916				1.14345e+06
O60241;O60241-2;O60241-3;O60241-4	O60241;O60241-2;O60241-3;O60241-4				5.04894e+06
O60242	O60242				1.46116e+06
O60243	O60243;O60243-2				2.75332e+06
O60245;O60245-2	O60245;O60245-2				995442
O60279	O60279				2.33287e+07
O60449;O60449-2;O60449-3	O60449;O60449-2;O60449-3				1.85692e+06
O60462;O60462-2;O60462-3;O60462-4;O60462-5	O60462;O60462-2;O60462-3;O60462-4;O60462-5;O60462-6				5.81877e+06
O60476	O60476				3.71186e+06
O60512	O60512				279696
O60568	O60568				2.51016e+06
O60613	O60613				2.01424e+06
O60883	O60883				3.52947e+07
O60888-3	O60888-3				4.74087e+06
O60909;O60909-2;O60909-3	O60909;O60909-2;O60909-3				26075.2
O60939	O60939				1.20176e+06
O75063	O75063				2.08121e+06
O75071	O75071				3.05161e+06
O75077;O75077-2;O75077-3	O75077;O75077-2;O75077-3				7.00706e+06
O75078	O75078;O75078-2				8.16154e+06
O75084;Q14332	O75084;Q14332				794319
O75144;O75144-2	O75144;O75144-2;O75144-3				1.167e+07
O75173;O75173-2	O75173;O75173-2				6.06229e+06
O75326	O75326;O75326-2				4.67394e+07
O75354;O75354-2;O75354-3	O75354;O75354-2;O75354-3				669217
O75368	O75368				2.02411e+06
O75493	O75493				4.80971e+06
O75503	O75503				3.54656e+06
O75509	O75509				1.35787e+07
O75629	O75629				572173
O75636;O75636-2	O75636;O75636-2				2.26638e+06
O75711	O75711				1.0942e+08
O75752	O75752				5.01896e+06
O75787;O75787-2	O75787;O75787-2				1.60068e+07
O75874	O75874				752327
O75882;O75882-2;O75882-3	O75882;O75882-2;O75882-3				1.25764e+07
O75976	O75976				1.9896e+06
O76061	O76061				3.00885e+06
O94760	O94760;O94760-2				6.6115e+07
O94766;O94766-2	O94766;O94766-2				532063
O94769;O94769-2	O94769;O94769-2				2.02015e+07
O94772;O94772-2	O94772;O94772-2				2.59579e+07
O94779;O94779-2;O94779-4	O94779;O94779-2;O94779-4				66538.4
O94856-11	O94856;O94856-10;O94856-11;O94856-12;O94856-13;O94856-3;O94856-4;O94856-5;O94856-6;O94856-7;O94856-8;O94856-9				3.04561e+07
O94910;O94910-2	O94910;O94910-2				4.1387e+06
O94919	O94919				2.70963e+07
O94923	O94923				103323
O94933	O94933				700393
O94985	O94985				698812
O94985-2	O94985;O94985-2				2.20873e+08
O94991	O94991;O94991-2				6.71932e+06
O95084;O95084-2	O95084;O95084-2				1.41297e+06
O95157	O95157				718618
O95158	O95158				9.9102e+06
O95185;O95185-2	O95185;O95185-2				1.87302e+06
O95196;O95196-2	O95196;O95196-2				1.43993e+06
O95206;O95206-2	O95206;O95206-2				1.5058e+06
O95336	O95336				1.47687e+06
O95390	O95390				3.63136e+06
O95428;O95428-5;O95428-6	O95428;O95428-3;O95428-4;O95428-5;O95428-6				5.86885e+06
O95445	O95445;O95445-2				5.02081e+07
O95450;O95450-2	O95450;O95450-2				2.79003e+06
O95467	O95467				474036
O95477	O95477				8.61726e+06
O95479;O95479-2	O95479;O95479-2				687184
O95490;O95490-2;O95490-3;O95490-4;O95490-5;O95490-6;O95490-7	O95490;O95490-2;O95490-3;O95490-4;O95490-5;O95490-6;O95490-7				89127.7
O95502	O95502				6.83251e+07
O95633;O95633-2	O95633;O95633-2				3.80077e+06
O95881	O95881				164926
O95897	O95897				628846
O95967	O95967				8.83126e+06
O95980	O95980				1.79856e+07
O95998	O95998;O95998-4				1.02723e+07
P00338;P00338-3	P00338;P00338-3;P00338-4				8.24395e+06
P00352	P00352				119273
P00390;P00390-2;P00390-3;P00390-4;P00390-5	P00390;P00390-2;P00390-3;P00390-4;P00390-5				1.23537e+06
P00441	P00441				1.30637e+08
P00450	P00450				1.56953e+08
P00488	P00488				2.23985e+06
P00492	P00492				1.58823e+06
P00505	P00505;P00505-2				5.85222e+06
P00533;P00533-3;P00533-4	P00533;P00533-3;P00533-4				2.06422e+06
P00558;P00558-2	P00558;P00558-2				5.14697e+06
P00734	P00734				1.47958e+08
P00736	P00736				5.79612e+07
P00738	P00738;P00738-2				2.55526e+09
P00739	P00739;P00739-2				1.34556e+09
P00740;P00740-2	P00740;P00740-2				6.36472e+06
P00742	P00742				1.40951e+07
P00746	P00746				3.33264e+07
P00747	P00747				2.46657e+08
P00748	P00748				5.22397e+07
P00751	P00751;P00751-2				1.78735e+08
P01008	P01008				8.29707e+08
P01009	P01009;P01009-2;P01009-3				6.43451e+09
P01011	P01011				1.86501e+09
P01019	P01019				3.40857e+08
P01023	P01023;P20742;P20742-2				3.84678e+08
P01024	P01024				1.51641e+09
P01031	P01031				5.75154e+07
P01033	P01033				4.1876e+07
P01034	P01034				2.30515e+09
P01036;P01037	P01036;P01037				432579
P01042	P01042;P01042-2;P01042-3				5.04186e+08
P01042-2;P01042-3	P01042-2;P01042-3				2.06257e+08
P01127;P01127-2	P01127;P01127-2				2.64456e+07
P01130;P01130-2;P01130-3;P01130-4;P01130-5;P01130-6	P01130;P01130-2;P01130-3;P01130-4;P01130-5;P01130-6				909300
P01178	P01178				878912
P01210	P01210				2.66651e+07
P01213	P01213				1.79125e+06
P01236	P01236				954227
P01258;P01258-2;P06881	P01258;P06881;P10092;P01258-2				310582
P01303	P01303				2.68009e+06
P01344;P01344-2;P01344-3	P01344;P01344-2;P01344-3				2.20817e+07
P01591	P01591				1.15404e+07
P01593;P01594	P01593;P01594				2.6998e+07
P01599	P01599;A0A0C4DH72				1.0272e+07
P01601	P01601				1.65189e+06
P01602	P01602				7.1954e+06
P01619	P01619				8.59098e+08
P01700	P01700				5.64095e+07
P01701	P01701				3.03884e+07
P01703	P01703				1.1122e+07
P01704	P01704				2.59665e+07
P01705	P01704;P01705				2.26694e+07
P01706	P01706				4.19071e+06
P01709	P01706;P01709;P0DOX8				2.58565e+07
P01714	P01714				5.74461e+06
P01715	P01715				2.46631e+06
P01717;P01718	P01717;P01718				2.85765e+07
P01721	P01721				3.82854e+06
P01742	P01742				1.68798e+08
P01743	P01743				1.5584e+06
P01768;P0DP03	P01768;P01772;P0DP02;P0DP03				5.81081e+07
P01780	P01780				7.96598e+07
P01814	P01814				6.95322e+06
P01817	P01817				1.30883e+07
P01834	P01834				7.11791e+07
P01859;P01859-1	P01859;P01859-1				2.74139e+09
P01860;P01860-1	P01860;P01860-1				5.52685e+07
P01861;P01861-1	P01861;P01861-1				1.23435e+08
P01871;P01871-1	P01871;P0DOX6;P01871-1				7.64681e+07
P01876;P01876-1	P01876;P01876-1				1.43251e+09
P01903;P01906	P01903;P01906				188267
P01911	P01911;P04440				954938
P02042;P68871	P02042;P68871				1.7043e+06
P02144	P02144				3.05128e+06
P02452	P02452				2.84424e+07
P02461	P02461;P02461-2				8.12515e+06
P02647	P02647				6.26722e+09
P02649	P02649				2.89745e+09
P02652	P02652				1.18106e+09
P02654	P02654				7.81216e+07
P02655	P02655				1.40634e+07
P02656	P02656				1.47968e+08
P02671	P02671;P02671-2				2.90375e+08
P02675	P02675				5.39763e+08
P02679;P02679-2	P02679;P02679-2				1.88178e+08
P02743	P02743				2.14097e+07
P02745	P02745				1.07003e+08
P02746	P02746				1.51477e+08
P02747	P02747				4.34552e+07
P02748	P02748				3.48979e+07
P02749	P02749				2.02622e+08
P02750	P02750				1.06166e+08
P02751;P02751-1	P02751;P02751-1;P02751-10;P02751-11;P02751-12;P02751-13;P02751-14;P02751-16;P02751-17;P02751-2;P02751-3;P02751-4;P02751-5;P02751-6;P02751-7;P02751-8;P02751-9				2.31367e+08
P02753	P02753				3.88827e+08
P02760	P02760				8.97426e+07
P02763	P02763				1.449e+09
P02765	P02765				1.6132e+09
P02766	P02766				3.34891e+09
P02768	P02768				4.56088e+10
P02774;P02774-3	P02774;P02774-2;P02774-3				1.81271e+09
P02786	P02786				1.65182e+06
P02787	P02787				5.53045e+09
P02788;P02788-2	P02788;P02788-2				2.3068e+07
P02790	P02790				2.8885e+09
P02792	P02792				2.36953e+06
P02794	P02794				4.72346e+06
P02810	P02810				317211
P03950	P03950				3.55265e+06
P03951;P03951-2	P03951;P03951-2				4.78648e+07
P03952	P03952				2.75676e+07
P04003	P04003				5.25832e+06
P04004	P04004				8.04994e+08
P04062;P04062-2;P04062-4;P04062-5	P04062;P04062-2;P04062-3;P04062-4;P04062-5				7.19604e+06
P04066	P04066				2.92173e+06
P04070;P04070-2	P04070;P04070-2				4.19807e+06
P04075;P04075-2	P04075;P04075-2				1.82844e+07
P04080	P04080				2.01391e+06
P04085;P04085-2	P04085;P04085-2				3.88548e+06
P04114	P04114				2.00006e+07
P04156	P04156				2.51201e+08
P04179	P04179;P04179-2;P04179-3;P04179-4				6.11576e+06
P04180	P04180				2.72449e+07
P04196	P04196				1.4904e+08
P04211	P04211;A0A075B6I9				2.4762e+08
P04216	P04216				3.43291e+08
P04217	P04217;P04217-2				7.63779e+08
P04217-2	P04217-2				2.38497e+06
P04271	P04271				1.52239e+06
P04275	P04275				4.3084e+06
P04278;P04278-5	P04278;P04278-5				7.96795e+06
P04350;P07437;P68371	P04350;P07437;P68371				394963
P04406	P04406;P04406-2				2.80126e+07
P04430	P04430				348508
P04746	P04746;P0DTE7;P0DTE8;P0DUB6;P19961;P19961-2				1.52374e+06
P05023;P05023-2;P05023-4	P05023;P05023-2;P05023-4				472364
P05060	P05060				3.23951e+08
P05067;P05067-11;P05067-8	P05067;P05067-4;P05067-10;P05067-11;P05067-3;P05067-5;P05067-6;P05067-7;P05067-8;P05067-9				5.70104e+08
P05090	P05090				2.18232e+09
P05154	P05154				1.48989e+07
P05155;P05155-3	P05155;P05155-2;P05155-3				6.95436e+08
P05156	P05156				4.07607e+07
P05160	P05160				3.65842e+06
P05362	P05362				797105
P05408;P05408-2	P05408;P05408-2				2.54567e+08
P05451	P05451;P48304				732414
P05452	P05452				8.02904e+07
P05543	P05543				3.55889e+07
P05546	P05546				9.66654e+07
P05937	P05937;P05937-2				3.81651e+06
P06276	P06276				8.25524e+06
P06280	P06280				1.00991e+06
P06307	P06307				5.61135e+06
P06310	P06310				3.26245e+07
P06312	P06312				3.18179e+08
P06331	P01824;P01825;P06331;A0A0C4DH41;P0DP06;P0DP08				3.3915e+07
P06396	P06396;P06396-2;P06396-3;P06396-4				1.52832e+09
P06396-2	P06396-2				3.172e+06
P06681	P06681;P06681-2;P06681-3				4.76027e+07
P06702	P06702				365512
P06703	P06703				2.75777e+06
P06727	P06727				6.73924e+08
P06733	P06733				6.62118e+06
P06744;P06744-2	P06744;P06744-2				4.27626e+06
P06865	P06865				8.76262e+06
P07093;P07093-2;P07093-3	P07093;P07093-2;P07093-3				1.72083e+06
P07108;P07108-2;P07108-3;P07108-4;P07108-5;P07108-6	P07108;P07108-2;P07108-3;P07108-4;P07108-5;P07108-6				6.42461e+06
P07195	P00338;P07195;P07864;Q6ZMR3;P00338-3;P00338-2;P00338-4;P00338-5				2.63817e+07
P07225	P07225				7.37258e+07
P07237	P07237				5.58368e+06
P07307;P07307-2;P07307-3	P07307;P07307-3;P07307-2				904999
P07333	P07333;P07333-2				6.01496e+07
P07339	P07339				1.33485e+08
P07357	P07357				3.3957e+07
P07358	P07358				2.91612e+07
P07360	P07360				1.23138e+07
P07477;Q9BYE2;Q9BYE2-2;Q9BYE2-3;Q9BYE2-6	P07477;Q9BYE2;Q9BYE2-2;Q9BYE2-3;Q9BYE2-6				9.22094e+06
P07585	P07585				2.95842e+07
P07602;P07602-2;P07602-3	P07602;P07602-2;P07602-3				2.06192e+07
P07686	P07686				5.50129e+06
P07711	P07711;P07711-3				2.33435e+07
P07737	P07737				1.29274e+06
P07858	P07858				1.70733e+07
P07900;P07900-2	P07900;P07900-2				896086
P07942	P07942				7.28109e+06
P07996	P07996;P07996-2				646358
P07998	P07998				1.02067e+07
P08123	P08123				4.08194e+07
P08133;P08133-2	P08133;P08133-2				179961
P08134;P61586	P08134;P61586				187366
P08174;P08174-2;P08174-3;P08174-4;P08174-5;P08174-6;P08174-7	P08174;P08174-2;P08174-3;P08174-4;P08174-5;P08174-6;P08174-7				1.85349e+07
P08185	P08185				1.62276e+08
P08195;P08195-2;P08195-3;P08195-4;P08195-5	P08195;P08195-4;P08195-2;P08195-3;P08195-5				6.09628e+06
P08236;P08236-3	P08236;P08236-3				894865
P08253	P08253;P08253-2;P08253-3				1.68944e+07
P08294	P08294				2.53806e+08
P08493;P08493-2	P08493;P08493-2				1.61778e+07
P08571	P08571				1.52226e+08
P08572	P08572				1.79008e+06
P08581;P08581-2	P08581;P08581-2				4.86896e+06
P08582	P08582				968846
P08603	P08603				1.40443e+08
P08637	P08637				5.59886e+06
P08670	P08670				1.78783e+06
P08697	P08697;P08697-2				1.63146e+08
P08758	P08758				535323
P09104	P09104;P09104-2				5.55949e+06
P09172	P09172				2.02637e+06
P09211	P09211				2.29137e+06
P09382	P09382				1.18112e+07
P09417;P09417-2	P09417;P09417-2				4.85182e+06
P09486	P09486				1.07077e+08
P09603	P09603				1.92225e+07
P09619	P09619;P09619-2				7.0841e+06
P09622;P09622-2;P09622-3	P09622;P09622-2;P09622-3				2.47296e+06
P09668	P09668				2.44883e+07
P09871	P09871				8.92472e+07
P09960;P09960-4	P09960;P09960-2;P09960-3;P09960-4				829816
P09972	P09972				2.04264e+07
P0C0L4;P0C0L4-2	P0C0L4;P0C0L4-2				4.94661e+07
P0C0L5	P0C0L4;P0C0L5;P0C0L4-2				4.5934e+08
P0C6S8	P0C6S8				1.16169e+06
P0CG47;P0CG48;P62979;P62987	P0CG47;P0CG48;P62979;P62987				2.96179e+07
P0DMQ5	P0DMQ5				1.38247e+07
P0DMV8;P0DMV8-2;P0DMV9	P0DMV8;P0DMV9;P0DMV8-2				2.25788e+06
P0DOX2	P01876;P01877;P01876-1;P01877-1;P0DOX2				2.01736e+09
P0DOX3	P0DOX3				4.05965e+07
P0DOX5	P01857;P01859;P0DOX5;P01857-1;P01859-1				9.1615e+09
P0DOX7	P01834;P0DOX7				1.10278e+09
P0DOX8	B9A064;P0DOX8				5.11528e+08
P0DOY3	P0DOY2;P0DOY3				1.36575e+08
P0DP23;P0DP24;P0DP25;P27482	P0DP23;P0DP24;P0DP25;P27482				640636
P0DP58	P0DP58				5.56079e+07
P0DTE1	P0DTE1				5.10653e+06
P10153	P10153				5.21221e+06
P10253	P10253				1.8127e+06
P10321;P10321-2	P10321;P10321-2				3.06821e+06
P10451-5	P10451;P10451-4;P10451-5				1.51254e+08
P10586;P10586-2	P10586;P10586-2				4.03521e+06
P10599	P10599;P10599-2				7.08794e+06
P10619;P10619-2	P10619;P10619-2				1.67005e+06
P10643	P10643				6.31229e+07
P10645	P10645				2.38692e+08
P10721;P10721-2	P10721;P10721-2				3.79273e+06
P10768	P10768				1.10795e+06
P10909-6	P10909;P10909-4;P10909-6;P10909-2;P10909-3;P10909-5				4.21387e+09
P11021	P11021				5.7371e+06
P11047	P11047				4.52817e+06
P11117	P11117				1.73901e+06
P11142	P11142				1.62596e+07
P11279	P11279				1.44151e+06
P11362-21;P11362-7	P11362;P11362-10;P11362-11;P11362-12;P11362-13;P11362-14;P11362-16;P11362-18;P11362-19;P11362-2;P11362-20;P11362-21;P11362-3;P11362-4;P11362-5;P11362-6;P11362-7;P11362-8;P11362-9				2.70505e+07
P11597;P11597-2	P11597;P11597-2				2.77257e+06
P11717	P11717				8.22653e+06
P12109	P12109				3.22566e+07
P12110	P12110;P12110-2;P12110-3				3.36413e+06
P12111	P12111				386322
P12111-4	P12111;P12111-2;P12111-4				1.12859e+07
P12259	P12259				1.72181e+07
P12277	P12277				1.22246e+06
P12314;Q92637;Q92637-3	P12314;Q92637;Q92637-3				3.07051e+07
P12318;P12318-2	P12318;P31994;P31995;P12318-2;P31994-2;P31994-3;P31994-4;P31994-5;P31995-2;P31995-3;P31995-4				3.9718e+06
P12830;P12830-2	P12830;P12830-2				4.3452e+06
P12955;P12955-2	P12955;P12955-2;P12955-3				2.65994e+06
P13284	P13284				1.97027e+06
P13473;P13473-2;P13473-3	P13473;P13473-2;P13473-3				3.49895e+07
P13521	P13521				4.72496e+07
P13591	P13591;P13591-1;P13591-3;P13591-4;P13591-5;P13591-6				9.66135e+07
P13591-3	P13591-1;P13591-3;P13591-4				3.38629e+07
P13598	P13598				4.51755e+06
P13611;P13611-5	P13611;P13611-2;P13611-3;P13611-4;P13611-5				3.58017e+07
P13637;P13637-2;P13637-3	P13637;P13637-2;P13637-3				177176
P13667	P13667				430740
P13671	P13671				7.381e+07
P13693	P13693;P13693-2;Q56UQ5				1.29149e+06
P13796	P13796				8.02979e+06
P13797;P13797-2;P13797-3	P13797;P13797-2;P13797-3				471462
P13987;P13987-2	P13987;P13987-2				3.72988e+07
P14138;P14138-2;P14138-3	P14138;P14138-2;P14138-3				1.15449e+06
P14151;P14151-2	P14151;P14151-2				8.09078e+06
P14174	P14174				6.71601e+06
P14209	P14209;P14209-3				2.20003e+06
P14314-2	P14314;P14314-2				4.98413e+06
P14384	P14384				1.15805e+06
P14415	P14415				1.44428e+06
P14543	P14543;P14543-2				1.59712e+07
P14550	P14550				1.05794e+06
P14618-2	P14618;P14618-2;P14618-3				1.5561e+07
P14618;P14618-3	P14618;P14618-3				613566
P14621	P14621				2.66761e+06
P14625	P14625				9.54948e+06
P15085;P15086	P15085;P15086				398870
P15121	P15121				1.26445e+06
P15144	P15144				2.65992e+06
P15151;P15151-2;P15151-3;P15151-4	P15151;P15151-2;P15151-3;P15151-4				1.8964e+06
P15169	P15169				1.05656e+07
P15289;P15289-2	P15289;P15289-2				2.62228e+06
P15291;P15291-2	P15291;P15291-2				7.2916e+06
P15502;P15502-1;P15502-10;P15502-12;P15502-13;P15502-2;P15502-4;P15502-5;P15502-6;P15502-7;P15502-9	P15502;P15502-1;P15502-10;P15502-12;P15502-13;P15502-2;P15502-4;P15502-5;P15502-6;P15502-7;P15502-9				656582
P15509;P15509-2;P15509-3;P15509-4;P15509-5;P15509-7	P15509;P15509-3;P15509-4;P15509-2;P15509-5;P15509-7;P15509-8				2.47368e+06
P15531;P15531-2	P15531;P22392;P22392-2;P15531-2				1.66609e+06
P15586;P15586-2	P15586;P15586-2				3.6705e+06
P15848;P15848-2	P15848;P15848-2				50846.7
P15907	P15907;P15907-2				89427.8
P16035	P16035				7.73957e+07
P16070;P16070-10;P16070-11;P16070-12;P16070-13;P16070-14;P16070-15;P16070-16;P16070-17;P16070-18;P16070-3;P16070-4;P16070-5;P16070-6;P16070-7;P16070-8;P16070-9	P16070;P16070-10;P16070-11;P16070-12;P16070-13;P16070-14;P16070-15;P16070-16;P16070-17;P16070-18;P16070-3;P16070-4;P16070-5;P16070-6;P16070-7;P16070-8;P16070-9				1.11781e+08
P16083	P16083				1.26497e+06
P16112;P16112-2	P16112;P16112-2;P16112-3				229247
P16152	P16152;P16152-2				4.48893e+07
P16278;P16278-3	P16278;P16278-3				485005
P16519;P16519-2;P16519-3	P16519;P16519-2;P16519-3				755910
P16870;P16870-2	P16870;P16870-2				5.35398e+07
P16949;P16949-2	P16949;P16949-2				1.6344e+06
P17050	P17050				1.28274e+06
P17066;P48741	P17066;P48741				6.52152e+06
P17174	P17174				1.70349e+07
P17302	P17302				1.06353e+06
P17677;P17677-2	P17677;P17677-2				242047
P17900	P17900				6.95078e+07
P17931	P17931				1.41178e+06
P17936;P17936-2	P17936;P17936-2				7.80264e+06
P18065	P18065				9.63953e+07
P18428	P18428				4.48047e+06
P18669	P15259;P18669				8.16441e+06
P19021;P19021-5;P19021-6	P19021;P19021-3;P19021-4;P19021-2;P19021-5;P19021-6				3.58178e+07
P19022	P19022;P19022-2				1.14829e+08
P19320;P19320-3	P19320;P19320-2;P19320-3				8.44342e+06
P19367;P19367-2;P19367-3;P19367-4	P19367;P52789;P19367-2;P19367-3;P19367-4				4.60033e+06
P19652	P19652				3.12507e+09
P19823	P19823				1.51133e+08
P19827	P19827;P19827-2				4.53453e+07
P19835	P19835;P19835-2				500262
P20062	P20062				2.92129e+07
P20138;P20138-2	P20138;P20138-2				1.43913e+06
P20366;P20366-2	P20366;P20366-2;P20366-3;P20366-4				8.1695e+06
P20472	P20472				5.32064e+06
P20742	P20742;P20742-2				978912
P20774	P20774				8.75611e+07
P20827	P20827;P20827-2				9.9658e+06
P20908;P20908-2	P20908;P20908-2				877844
P20916;P20916-2;P20916-3	P20916;P20916-2;P20916-3				1.87274e+06
P20933	P20933				9.85514e+06
P21246	P21246				567762
P21333;P21333-2	P21333;P21333-2				1.44339e+06
P21579	P21579				8.14255e+06
P21802;P21802-16;P21802-2;P21802-5;P21802-6;P21802-8	P21802;P21802-3;P21802-14;P21802-15;P21802-16;P21802-17;P21802-18;P21802-19;P21802-2;P21802-23;P21802-5;P21802-6;P21802-8				4.34481e+06
P21810	P21810				1.70583e+06
P21926	P21926				485587
P22004	P22004				1.78301e+06
P22061;P22061-2	P22061;P22061-2				8.99612e+06
P22105;P22105-1;P22105-4	P22105;P22105-1;P22105-4				1.86371e+07
P22304	P22304				2.96218e+07
P22352	P22352				1.97733e+07
P22607;P22607-2;P22607-3;P22607-4	P22607;P22607-2;P22607-3;P22607-4				1.1036e+07
P22676	P22676				25060.1
P22692;P22692-2	P22692;P22692-2				3.96765e+07
P22748	P22748				5.40211e+06
P22792	P22792				7.04013e+06
P22794;P22794-2	P22794;P22794-2				5.93887e+06
P22891;P22891-2	P22891;P22891-2				3.70259e+06
P22897	P22897				5.35286e+06
P23083	P23083;P01743;A0A0C4DH29;A0A0C4DH31;A0A0C4DH33;A0A0J9YVY3;P0DP01				1.56968e+09
P23142	P23142				1.06556e+08
P23142-4	P23142-4				1.74488e+08
P23284	P23284				1.37798e+07
P23381;P23381-2	P23381;P23381-2				425704
P23435	P23435				5.20242e+07
P23468	P10586;P23468;P10586-2;P23468-3;P23468-4;P23468-5;P23468-6;P23468-7				8.71903e+06
P23470;P23470-2	P23470;P23470-2				1.15424e+07
P23471;P23471-2	P23471;P23471-2;P23471-3				3.15837e+07
P23515	P23515				6.29021e+07
P23528	P23528				586138
P23560;P23560-2;P23560-3;P23560-4;P23560-5	P23560;P23560-2;P23560-3;P23560-4;P23560-5				2.38978e+06
P23582	P23582				2.01868e+07
P24043	P24043				9.79308e+06
P24347	P24347				1.37854e+06
P24387	P24387				66066
P24592	P24592				1.75938e+08
P24593	P24593				1.15608e+07
P24821;P24821-2;P24821-3;P24821-4;P24821-5;P24821-6	P24821;P24821-2;P24821-3;P24821-4;P24821-5;P24821-6				1.12033e+06
P25189;P25189-2	P25189;P25189-2				6.06687e+06
P25311	P25311				2.46652e+08
P25713	P25713				2.95515e+06
P25774;P25774-2	P25774;P25774-2				4.04547e+06
P26038	P26038				2.12985e+06
P26572	P26572				5.07938e+06
P26927	P26927;Q2TV78;Q2TV78-2				7.15234e+06
P26992	P26992				2.25319e+07
P27169	P27169				3.97308e+07
P27797	P27797				2.96263e+07
P27824;P27824-2	P27824;P27824-2;P27824-3				3.68619e+06
P28482	P28482				363857
P28799;P28799-2	P28799;P28799-2				1.37132e+06
P28827;P28827-2	P28827;P28827-2				1.76736e+06
P29120;P29120-2	P29120;P29120-2				5.44632e+06
P29218;P29218-3	P29218;P29218-3;P29218-2				2.26857e+06
P29323;P29323-2;P29323-3	P29323;P29323-3;P29323-2				771362
P29622	P29622				4.80445e+07
P29762	P29762				970712
P29966	P29966				2.70086e+06
P30041	P30041				1.10968e+06
P30086	P30086				2.78668e+07
P30101	P30101				3.90224e+06
P30530;P30530-2	P30530;P30530-2				1.76572e+07
P30740	P30740;P30740-2				1.36541e+06
P31150	P31150				4.56115e+06
P31937	P31937				299919
P31946;P31946-2	P31946;P31946-2				2.07021e+06
P32004;P32004-2;P32004-3	P32004;P32004-2;P32004-3				7.94836e+06
P32119	P32119				8.58162e+06
P33151	P33151;P33151-2				1.01053e+07
P33908	P33908				3.72457e+07
P34059	P34059				1.25687e+06
P34096	P34096				8.65482e+06
P34949;P34949-2	P34949;P34949-2				372567
P35052	P35052;P35052-2				8.48058e+06
P35080	P35080				360342
P35237	P35237				854894
P35318	P35318				2.07652e+06
P35442	P35442				4.79042e+06
P35443	P35443				9.36988e+06
P35475;P35475-2	P35475;P35475-2				228604
P35542	P35542				2.85351e+08
P35555	P35555				9.90947e+06
P35590	P35590;P35590-2;P35590-3				1.68266e+06
P35613;P35613-2	P35613;P35613-2;P35613-3;P35613-4				2.52483e+06
P35754	P35754				1.63953e+06
P35858;P35858-2	P35858;P35858-2				1.81977e+07
P36222	P36222				4.25941e+07
P36269;P36269-2;P36269-3	P36269;P36269-2;P36269-3				310162
P36871;P36871-2	P36871;P36871-2;P36871-3				1.6723e+06
P36888;P36888-2	P36888;P36888-2				238248
P36955	P36955				6.35634e+08
P36957;P36957-2	P36957;P36957-2				1.52838e+08
P36980	P36980				6.24151e+07
P37173;P37173-2	P37173;P37173-2				3.43201e+06
P37837;P37837-2	P37837;P37837-2				9.98504e+06
P38571;P38571-2	P38571;P38571-2				3.19186e+06
P39059	P39059				7.65561e+06
P39060;P39060-1;P39060-2	P39060;P39060-1;P39060-2				2.86731e+07
P40189	P40189;P40189-3				9.6811e+06
P40925;P40925-3	P40925;P40925-3				1.64633e+07
P40926	P40926;P40926-2				1.44659e+06
P41217;P41217-2;P41217-3	P41217;P41217-2;P41217-3				1.71987e+06
P41222	P41222				1.10601e+10
P41271;P41271-2	P41271;P41271-2				1.5771e+07
P42262;P42262-2;P42262-3	P42262;P42262-2;P42262-3				715531
P42658;P42658-2	P42658;P42658-2				3.78907e+06
P42785	P42785;P42785-2				1.85265e+07
P42857;P42857-2	P42857;P42857-2				1.95098e+06
P43121	P43121;P43121-2				1.83255e+07
P43146	P43146				3.33978e+06
P43234	P43234				2.27921e+06
P43251;P43251-2;P43251-3;P43251-4	P43251;P43251-2;P43251-3;P43251-4				8.36549e+07
P43652	P43652				5.09539e+08
P45877	P45877				2.99982e+06
P46459	P46459;P46459-2				709369
P47972	P47972				2.04787e+07
P48058;P48058-2	P48058;P48058-2				5.17506e+06
P48061;P48061-2;P48061-3;P48061-4;P48061-5;P48061-6	P48061;P48061-2;P48061-3;P48061-4;P48061-5;P48061-6				1.08408e+07
P48147	P48147				439680
P48637	P48637				948964
P48723	P48723				5.21154e+06
P48740-2;P48740-4	P48740-2;P48740-4				4.23259e+06
P48740-3	P48740-3				8.6169e+06
P48745	P48745				588559
P49257	P49257				4.50689e+06
P49641	P49641;P49641-1;P49641-2				1.20251e+07
P49747;P49747-2	P49747;P49747-2				1.99822e+06
P49908	P49908				2.08056e+07
P50281	P50281				1.2982e+06
P50395;P50395-2	P50395;P50395-2				1.09657e+06
P50895	P50895				1.73252e+06
P50993	P50993				1.08715e+06
P51688	P51688				415452
P51693	P51693;P51693-2				3.17701e+08
P51693-2	P51693-2				1.94095e+06
P51805	P51805				227581
P51884	P51884				5.91348e+07
P51888	P51888				2.31608e+07
P52566	P52566				561648
P52799	P52799				1.64959e+06
P52803	P52803				7.2356e+06
P52848	P52848;P52848-3;P52848-2				1.6321e+06
P53041	P53041				167538
P53634	P53634				1.68701e+07
P54253	P54253				2.97893e+08
P54289-2;P54289-3	P54289;P54289-2;P54289-3;P54289-4;P54289-5				1.53684e+07
P54725;P54725-2;P54725-3;P54727	P54725;P54727;P54725-2;P54725-3				1.20525e+06
P54764	P54764				3.00167e+06
P54802	P54802				3.97765e+06
P55058	P55058;P55058-2;P55058-3;P55058-4				2.66596e+08
P55083;P55083-2	P55083;P55083-2				7.63204e+06
P55087;P55087-2	P55087;P55087-2				2.96524e+06
P55103	P55103				668334
P55268	P55268				3.18115e+06
P55283;P55283-2	P55283;P55283-2				5.99088e+06
P55285;P55285-2	P55285;P55285-2				5.05288e+06
P55286	P55286				4.07948e+06
P55287;P55287-2	P55287;P55287-2				3.59621e+06
P55290;P55290-4	P55290;P55290-2;P55290-3;P55290-4;P55290-5				3.78145e+07
P55291	P55291				9.12985e+06
P55786;P55786-2	P55786;P55786-2				1.89979e+06
P55899	P55899				24817
P55957;P55957-2;P55957-4	P55957;P55957-2;P55957-4				3.34141e+06
P56159;P56159-2	P56159;P56159-2				4.54968e+06
P56817;P56817-2;P56817-3;P56817-4	P56817;P56817-2;P56817-3;P56817-4				1.89009e+06
P57087;P57087-2;P57087-3	P57087;P57087-2;P57087-3				578556
P58215	P58215				2.20838e+06
P58400	P58400;P58400-1				1.43167e+06
P58401	P58401				3.213e+06
P58417	O95156;P58417				6.985e+06
P60174;P60174-3	P60174;P60174-3;P60174-4				1.38038e+07
P60520	O95166;P60520;Q9H0R8;Q9H0R8-2				717140
P60709;P63261	P60709;P63261				5.2138e+07
P60983	O60234;P60983				694587
P61106	P61106				1.17043e+06
P61204;P61204-2;P84077;P84085	P18085;P61204;P84077;P84085;P61204-2				340393
P61278	P61278				1.41359e+07
P61626	P61626				2.94317e+07
P61769	P61769				7.46282e+08
P61916	P61916;P61916-2				5.45335e+07
P61970	P61970				2.26648e+06
P61981	P27348;P31946;P31947;P61981;P62258;P63104;Q04917;P31946-2;P31947-2;P62258-2				8.66409e+07
P62258;P62258-2	P62258;P62258-2				4.78069e+06
P62328;P63313	P62328;P63313				4.544e+06
P62873;P62873-2;P62879;P62879-2;Q9HAV0	P62873;P62879;Q9HAV0;P62873-2;P62879-2				494042
P62913;P62913-2	P62913;P62913-2				3.45493e+07
P62937	P62937				8.44466e+06
P62993	P62993;P62993-2				1.42579e+06
P63010;P63010-2;P63010-3	P63010;P63010-2;Q10567;Q10567-3;P63010-3;Q10567-2;Q10567-4				6.49489e+06
P63104	P63104;P63104-2				2.64336e+06
P63167;Q96FJ2	P63167;Q96FJ2				2.32758e+06
P63208;P63208-2	P63208;P63208-2				1.80118e+06
P68032;P68133	P62736;P63267;P68032;P68133				3.72184e+06
P68036;P68036-2;P68036-3	P68036;A0A1B0GUS4;P68036-2;P68036-3				466351
P68363;Q71U36;Q71U36-2;Q9BQE3	P0DPH7;P0DPH8;P68363;P68366;Q6PEY2;Q71U36;Q9BQE3;P0DPH7-2;P68363-2;P68366-2;Q71U36-2				544058
P69849;Q15155;Q5JPE7;Q5JPE7-2;Q5JPE7-3	P69849;Q15155;Q5JPE7;Q5JPE7-2;Q5JPE7-3				518607
P69905	P69905				897568
P78310;P78310-2;P78310-5;P78310-6;P78310-7	P78310;P78310-2;P78310-4;P78310-5;P78310-6;P78310-7				957076
P78324;P78324-2;P78324-4	P78324;Q5TFQ8;P78324-2;P78324-4				1.7479e+07
P78417;P78417-3	P78417;P78417-3				1.53773e+06
P78504	P78504				301777
P78509;P78509-2;P78509-3	P78509;P78509-2;P78509-3				1.56005e+07
P78539;P78539-2;P78539-3;P78539-5	P78539;P78539-2;P78539-3;P78539-5				2.37516e+06
P80108	P80108				2.09015e+07
P80303;P80303-2	P80303;P80303-2				6.15807e+06
P80723	P80723;P80723-2				3.01952e+06
P80748	P80748				1.46846e+08
P81605	P81605				1.70406e+06
P82987;P82987-2	P82987;P82987-2				389609
P98095;P98095-2	P98095;P98095-2				8.46864e+06
P98153;P98153-2;P98153-3	P98153;P98153-2;P98153-3				1.50535e+06
P98155;P98155-2	P98155;P98155-2				2.09455e+06
P98160	P98160				3.3517e+07
P98164	P98164				1.99114e+07
P98172	P98172				2.5607e+06
P99999	P99999				852358
Q00973;Q00973-2	Q00973;Q00973-2;Q00973-3				3.70628e+06
Q01459	Q01459				1.07988e+07
Q01469	Q01469				1.96972e+06
Q01995	Q01995				6.29595e+06
Q02246	Q02246				2.15051e+07
Q02487;Q02487-2	Q02487;Q02487-2				4.16926e+06
Q02790	Q02790				273350
Q02809;Q02809-2	Q02809;Q02809-2				2.76668e+06
Q02818	Q02818				3.71169e+07
Q02985;Q02985-2	Q02985;Q02985-2				4.98358e+06
Q03167;Q03167-2	Q03167;Q03167-2				5.21494e+06
Q04721	Q04721				897991
Q04756	Q04756				6.88572e+06
Q04760;Q04760-2	Q04760;Q04760-2				1.84358e+06
Q05707;Q05707-2	Q05707;Q05707-2;Q05707-3				3.06442e+06
Q05996;Q05996-2	Q05996;Q05996-2				1.94812e+06
Q06033;Q06033-2	Q06033;Q06033-2				6.52447e+06
Q06418	Q06418				6.69048e+06
Q06481	Q06481;Q06481-3;Q06481-6				1.46235e+08
Q06828	Q06828				5.2521e+07
Q06830	Q06830				6.28047e+06
Q07092;Q07092-2	Q07092;Q07092-2				4.60678e+06
Q07954	Q07954				1.00991e+07
Q08174-2	Q08174;Q08174-2				4.37404e+06
Q08345;Q08345-5	Q08345;Q08345-2;Q08345-4;Q08345-5;Q08345-6				9.3946e+07
Q08380	Q08380				8.34183e+07
Q08431;Q08431-4	Q08431;Q08431-3;Q08431-4				3.31817e+06
Q08554;Q08554-2	Q08554;Q08554-2				2.01851e+06
Q08629	Q08629				1.15488e+07
Q09328	Q09328				1.12011e+06
Q09666	Q09666				694418
Q0P6D2	Q0P6D2				6.93953e+06
Q10469	Q10469				1.5959e+06
Q10471	Q10471;Q10471-2				5.87715e+06
Q10472	Q10472				4.76103e+06
Q10588	Q10588;Q10588-2				3.12233e+06
Q12794;Q12794-2;Q12794-7	Q12794;Q12794-2;Q12794-4;Q12794-7				1.85986e+06
Q12805;Q12805-2;Q12805-3;Q12805-4;Q12805-5	Q12805;Q12805-2;Q12805-3;Q12805-4;Q12805-5				1.6438e+08
Q12841;Q12841-2	Q12841;Q12841-2				6.90981e+06
Q12860	Q12860;Q12860-2				1.47201e+08
Q12866	Q12866				446067
Q12907	Q12907				2.36589e+07
Q12913;Q12913-2;Q12913-3	Q12913;Q12913-2;Q12913-3				1.27153e+06
Q13214;Q13214-2	Q13214;Q13214-2				4.53881e+06
Q13217	Q13217				2.07927e+06
Q13228;Q13228-4	Q13228;Q13228-4				1.08861e+07
Q13232	Q13232				430014
Q13332;Q13332-2;Q13332-3;Q13332-4;Q13332-6	Q13332;Q13332-2;Q13332-3;Q13332-4;Q13332-5;Q13332-6;Q13332-7				8.77756e+06
Q13421-2;Q13421-3;Q13421-4	Q13421;Q13421-2;Q13421-3;Q13421-4				2.39017e+06
Q13433	Q13433				340908
Q13443;Q13443-2	Q13443;Q13443-2				1.54086e+06
Q13444;Q13444-10;Q13444-12;Q13444-2;Q13444-3;Q13444-4;Q13444-5;Q13444-6;Q13444-7;Q13444-8;Q13444-9	Q13444;Q13444-2;Q13444-10;Q13444-11;Q13444-12;Q13444-3;Q13444-4;Q13444-5;Q13444-6;Q13444-7;Q13444-8;Q13444-9				1.4481e+06
Q13449	Q13449				2.6024e+08
Q13508;Q13508-2;Q13508-3	Q13508;Q13508-2;Q13508-3				8.3279e+06
Q13510;Q13510-2	Q13510;Q13510-2;Q13510-3				2.03064e+07
Q13554;Q13554-2;Q13554-3;Q13554-4;Q13554-5;Q13554-7;Q13554-8	Q13554;Q13554-3;Q13555;Q13555-5;Q13554-2;Q13554-4;Q13554-5;Q13554-6;Q13554-7;Q13554-8;Q13555-10;Q13555-11;Q13555-2;Q13555-3;Q13555-4;Q13555-6;Q13555-7;Q13555-8;Q13555-9				5.17514e+06
Q13557;Q13557-10;Q13557-11;Q13557-12;Q13557-3;Q13557-4;Q13557-5;Q13557-6;Q13557-8;Q13557-9	Q13557;Q13557-8;Q13557-10;Q13557-11;Q13557-12;Q13557-3;Q13557-4;Q13557-5;Q13557-6;Q13557-9				1.36218e+06
Q13634;Q13634-2	Q13634;Q13634-2				2.4011e+06
Q13641	Q13641				472116
Q13740;Q13740-2	Q13740;Q13740-2;Q13740-3				1.12716e+07
Q13790	Q13790				3.33726e+06
Q13822-3	Q13822;Q13822-3				6.58395e+08
Q13867	Q13867				1.01488e+06
Q14019	Q14019				2.80611e+06
Q14112;Q14112-2	Q14112;Q14112-2				1.47175e+07
Q14118	Q14118				5.75064e+07
Q14126	Q14126				1.73933e+06
Q14165	Q14165				2.86322e+06
Q14242;Q14242-2	Q14242;Q14242-2				1.27565e+06
Q14257;Q14257-2	Q14257;Q14257-2				552719
Q14314	Q14314				7.09352e+06
Q14315;Q14315-2	Q14315;Q14315-2				2.17762e+06
Q14393;Q14393-1;Q14393-3;Q14393-4;Q14393-5	Q14393;Q14393-1;Q14393-3;Q14393-4;Q14393-5				5.79498e+06
Q14515	Q14515;Q14515-2				3.24741e+08
Q14517	Q14517				802736
Q14520;Q14520-2	Q14520;Q14520-2				3.10307e+07
Q14566	Q14566				4.4141e+06
Q14574;Q14574-2	Q14574;Q14574-2				1.57915e+06
Q14624	Q14624				1.86353e+08
Q14624-2;Q14624-3;Q14624-4	Q14624-2;Q14624-3;Q14624-4				2.84974e+07
Q14696	Q14696				3.60205e+06
Q14697;Q14697-2	Q14697;Q14697-2				6.83458e+06
Q14766;Q14766-2;Q14766-3	Q14766;Q14766-2;Q14766-3;Q14766-4;Q14766-5				4.24999e+06
Q14767	Q14767				3.79829e+06
Q14894	Q14894				1.15975e+06
Q14982;Q14982-2;Q14982-3;Q14982-4	Q14982;Q14982-2;Q14982-3;Q14982-4				4.43363e+07
Q14C87	Q14C87;Q14C87-2				1.94678e+06
Q14CZ8	Q14CZ8				770647
Q14DG7	Q14DG7;Q14DG7-2				966970
Q15063;Q15063-3;Q15063-5	Q15063;Q15063-2;Q15063-3;Q15063-4;Q15063-5;Q15063-6;Q15063-7				595910
Q15084;Q15084-2;Q15084-3;Q15084-4;Q15084-5	Q15084;Q15084-2;Q15084-3;Q15084-4;Q15084-5				190214
Q15113	Q15113				3.44575e+07
Q15149;Q15149-2;Q15149-3;Q15149-4;Q15149-5;Q15149-6;Q15149-7;Q15149-8;Q15149-9	Q15149;Q15149-2;Q15149-3;Q15149-4;Q15149-5;Q15149-6;Q15149-7;Q15149-8;Q15149-9				7.33281e+06
Q15165;Q15165-1;Q15165-3	Q15165;Q15165-1;Q15165-3				412596
Q15166	Q15166				7.61806e+07
Q15223;Q15223-2;Q15223-3	Q15223;Q15223-2;Q15223-3				1.97521e+07
Q15256;Q15256-5	Q15256;Q15256-5				671296
Q15257;Q15257-2;Q15257-3;Q15257-4	Q15257;Q15257-2;Q15257-3;Q15257-4				13372.6
Q15262;Q15262-2;Q15262-3;Q15262-4	Q15262;Q15262-2;Q15262-3;Q15262-4				4.48136e+06
Q15293;Q15293-2	Q15293;Q15293-2				4.11603e+06
Q15375;Q15375-2;Q15375-4	Q15375;Q15375-2;Q15375-4				1.81002e+06
Q15465	Q15465				3.35233e+06
Q15582	Q15582				2.98037e+07
Q15768	Q15768				2.12983e+06
Q15782;Q15782-5;Q15782-6	Q15782;Q15782-5;Q15782-6				3.05216e+06
Q15818	Q15818				8.09413e+07
Q15828	Q15828				872071
Q15846	Q15846				478318
Q15848	Q15848				5.2944e+06
Q15904	Q15904				1.48071e+08
Q16270	Q16270;Q16270-2				3.97824e+07
Q16288;Q16288-2;Q16288-3;Q16288-4;Q16288-5	Q16288;Q16288-2;Q16288-3;Q16288-4;Q16288-5				4.94318e+06
Q16363;Q16363-2	Q16363;Q16363-2				1.80572e+06
Q16531	Q16531				1.09982e+06
Q16568	Q16568				3.62963e+06
Q16581	Q16581				1.73473e+06
Q16610;Q16610-4	Q16610;Q16610-2;Q16610-4				4.45631e+07
Q16620;Q16620-2;Q16620-3;Q16620-4;Q16620-5;Q16620-6	Q16620;Q16620-2;Q16620-3;Q16620-4;Q16620-5;Q16620-6				3.34094e+06
Q16627;Q16627-2	Q16627;Q16627-2				2.60458e+06
Q16653;Q16653-10;Q16653-11;Q16653-13;Q16653-2;Q16653-3;Q16653-5;Q16653-6;Q16653-7;Q16653-8;Q16653-9	Q16653;Q16653-10;Q16653-11;Q16653-13;Q16653-2;Q16653-3;Q16653-5;Q16653-6;Q16653-7;Q16653-8;Q16653-9				8.65537e+06
Q16658	Q16658				1.08134e+06
Q16674	Q16674				7.07778e+06
Q16706	Q16706				4.86581e+06
Q16769	Q16769				2.13597e+07
Q16849	Q16849;Q16849-3;Q16849-2				1.95638e+07
Q16853;Q16853-2	Q16853;Q16853-2				815748
Q16880	Q16880				9.58539e+06
Q17RC7	Q17RC7				1.22236e+06
Q24JP5;Q24JP5-2	Q24JP5;Q24JP5-2;Q24JP5-3				1.5307e+07
Q2TAL6	Q2TAL6				875942
Q2UY09	Q2UY09;Q2UY09-2;Q2UY09-3				2.64503e+06
Q3SYC2;Q3SYC2-2	Q3SYC2;Q3SYC2-2				2.40995e+06
Q495W5;Q495W5-2	Q495W5;Q495W5-2				3.19717e+06
Q4G0P3	Q4G0P3;Q4G0P3-10;Q4G0P3-5;Q4G0P3-6;Q4G0P3-8				2.3535e+07
Q4G148;Q4G148-2	Q4G148;Q4G148-2				156408
Q4KWH8;Q4KWH8-3;Q4KWH8-4	Q4KWH8;Q4KWH8-3;Q4KWH8-4				2.77419e+06
Q53EL9;Q53EL9-3	Q53EL9;Q53EL9-2;Q53EL9-3;Q53EL9-4				5.13805e+08
Q53FZ2	Q53FZ2				3.85111e+07
Q53RD9;Q53RD9-2;Q53RD9-3;Q53RD9-4	Q53RD9;Q53RD9-2;Q53RD9-3;Q53RD9-4				7.4949e+06
Q562R1	Q562R1				2.4123e+07
Q58EX2;Q58EX2-2;Q58EX2-3;Q58EX2-4	Q58EX2;Q58EX2-2;Q58EX2-3;Q58EX2-4				144697
Q5BIV9	Q5BIV9				4.19087e+06
Q5BLP8;Q5BLP8-2;Q5BLP8-3	Q5BLP8;Q5BLP8-2;Q5BLP8-3				2.31448e+06
Q5FWE3;Q5FWE3-3	Q5FWE3;Q5FWE3-3				2.09769e+07
Q5IJ48;Q5IJ48-2;Q5IJ48-3	Q5IJ48;Q5IJ48-2;Q5IJ48-3				8.42573e+06
Q5JRA6;Q5JRA6-2	Q5JRA6;Q5JRA6-2				853763
Q5JS37;Q5JS37-2	Q5JS37;Q5JS37-2				3.20586e+06
Q5KU26	Q5KU26				2.86424e+07
Q5R3F8	Q5R3F8				531062
Q5SGD2;Q5SGD2-2;Q5SGD2-3	Q5SGD2;Q5SGD2-2;Q5SGD2-3				649011
Q5SRI9	Q5SRI9				1.27026e+06
Q5SZK8;Q5SZK8-2	Q5SZK8;Q5SZK8-2				605847
Q5T5C0;Q5T5C0-2	Q5T5C0;Q5T5C0-2				4.43176e+06
Q5T848	Q5T848				4.77315e+06
Q5VSG8	Q5VSG8				1.24891e+07
Q5VST9-6	Q5VST9;Q5VST9-3;Q5VST9-2;Q5VST9-5;Q5VST9-6				1.14565e+07
Q5VU97	Q5VU97				6.94327e+06
Q5VUB5	Q5VUB5				347533
Q5VV43;Q5VV43-2;Q5VV43-3;Q5VV43-4	Q5VV43;Q5VV43-2;Q5VV43-3;Q5VV43-4				624158
Q5VWW1;Q5VWW1-2;Q5VWW1-3	Q5VWW1;Q5VWW1-2;Q5VWW1-3				2.0199e+06
Q641Q3	Q641Q3;Q641Q3-2				6.42344e+06
Q658N2	Q658N2				3.57461e+06
Q68BL7;Q68BL7-2;Q68BL7-3	Q68BL7;Q68BL7-2;Q68BL7-3				5.35386e+06
Q6E0U4;Q6E0U4-16;Q6E0U4-2;Q6E0U4-3;Q6E0U4-4;Q6E0U4-5;Q6E0U4-6;Q6E0U4-7	Q6E0U4;Q6E0U4-16;Q6E0U4-2;Q6E0U4-3;Q6E0U4-4;Q6E0U4-5;Q6E0U4-6;Q6E0U4-7				894965
Q6EMK4	Q6EMK4				1.27489e+07
Q6FHJ7	Q6FHJ7				7.38826e+06
Q6GTX8;Q6GTX8-2;Q6GTX8-3;Q6GTX8-4;Q6ISS4;Q6ISS4-2	Q6GTX8;Q6ISS4;Q6GTX8-2;Q6GTX8-3;Q6GTX8-4;Q6ISS4-2				7.07618e+06
Q6IEE7	Q6IEE7				257921
Q6IS24	Q6IS24				699275
Q6MZW2	Q6MZW2;Q8N475;Q6MZW2-2;Q6MZW2-3;Q8N475-2				7.80162e+06
Q6NUJ2	Q6NUJ2				1.80991e+06
Q6NW40	Q6NW40				1.67512e+07
Q6P0Q8;Q6P0Q8-2	Q6P0Q8;Q6P0Q8-2				5.11018e+06
Q6P179;Q6P179-3	Q6P179;Q6P179-2;Q6P179-3;Q6P179-4				1.30113e+06
Q6P9A2	Q6P9A2				1.70833e+06
Q6PCB0	Q6PCB0				552108
Q6PUV4	Q6PUV4				553472
Q6UVK1	Q6UVK1				1.51493e+07
Q6UW01	Q6UW01				1.20516e+07
Q6UWH4;Q6UWH4-2	Q6UWH4;Q6UWH4-2;Q6UWH4-3				2.11032e+06
Q6UWR7	Q6UWR7				3.64264e+06
Q6UWY5	Q6UWY5				2.22003e+06
Q6UX15;Q6UX15-2	Q6UX15;Q6UX15-2				1.78316e+06
Q6UX71	Q6UX71;Q6UX71-2				2.32806e+07
Q6UX72	Q6UX72				1.07064e+06
Q6UX73;Q6UX73-2	Q6UX73;Q6UX73-2				3.6326e+07
Q6UXB8	Q6UXB8;Q6UXB8-2				2.37115e+07
Q6UXD5;Q6UXD5-2;Q6UXD5-3;Q6UXD5-5	Q6UXD5;Q6UXD5-2;Q6UXD5-3;Q6UXD5-4;Q6UXD5-5;Q6UXD5-6				2.47455e+07
Q6UXF1;Q6UXF1-2	Q6UXF1;Q6UXF1-2				944261
Q6UXH9;Q6UXH9-2	Q6UXH9;Q6UXH9-2				881936
Q6UXI7;Q6UXI7-2;Q6UXI7-4;Q6UXI7-5	Q6UXI7;Q6UXI7-2;Q6UXI7-3;Q6UXI7-4;Q6UXI7-5				8.03958e+06
Q6UXI9;Q6UXI9-3;Q6UXI9-4;Q6UXI9-5;Q6UXI9-6	Q6UXI9;Q6UXI9-2;Q6UXI9-3;Q6UXI9-4;Q6UXI9-5;Q6UXI9-6				767458
Q6UXK2	Q6UXK2				370975
Q6UXK5	Q6UXK5				457056
Q6UXZ4;Q6UXZ4-2	Q6UXZ4;Q6UXZ4-2				1.38017e+06
Q6YHK3	Q6YHK3;Q6YHK3-2;Q6YHK3-4				4.23309e+06
Q6ZMI3	Q6ZMI3;Q6ZMI3-2				3.74274e+06
Q6ZMP0;Q6ZMP0-2	Q6ZMP0;Q6ZMP0-2				1.1532e+06
Q6ZN30;Q6ZN30-2	Q6ZN30;Q6ZN30-2				2.71225e+06
Q6ZRP7	Q6ZRP7				3.57881e+06
Q6ZSJ9;Q6ZSJ9-2;Q6ZSJ9-3	Q6ZSJ9;Q6ZSJ9-2;Q6ZSJ9-3				3.45792e+07
Q6ZUL3;Q6ZUL3-2	Q6ZUL3;Q6ZUL3-2				2.05814e+06
Q6ZVL6;Q6ZVL6-2	Q6ZVL6;Q6ZVL6-2				2.81899e+06
Q76KP1	Q76KP1				84236.7
Q7L014	Q7L014				7.29578e+07
Q7LFX5	Q7LFX5;Q7LFX5-2				4.25246e+06
Q7Z3B1	Q7Z3B1;Q7Z3B1-2				6.60512e+07
Q7Z3D4	Q7Z3D4				1.32339e+06
Q7Z553;Q7Z553-2;Q7Z553-3	Q7Z553;Q7Z553-2;Q7Z553-3				866504
Q7Z5A7;Q7Z5A7-2	Q7Z5A7;Q7Z5A7-2;Q7Z5A7-3				1.08715e+07
Q7Z5L0	Q7Z5L0				192946
Q7Z5L7;Q7Z5L7-2;Q7Z5L7-3;Q7Z5L7-4	Q7Z5L7;Q7Z5L7-2;Q7Z5L7-3;Q7Z5L7-4				2.45492e+06
Q7Z5N4;Q7Z5N4-3	Q7Z5N4;Q7Z5N4-3				162160
Q7Z7G0;Q7Z7G0-3;Q7Z7G0-4	Q7Z7G0;Q7Z7G0-2;Q7Z7G0-3;Q7Z7G0-4				5.23254e+06
Q7Z7H5;Q7Z7H5-3	Q7Z7H5;Q7Z7H5-2;Q7Z7H5-3				1.94554e+06
Q7Z7M0	Q7Z7M0;Q7Z7M0-2				3.98641e+07
Q7Z7M8	Q7Z7M8				441112
Q7Z7M9	Q7Z7M9				991920
Q86SF2	Q86SF2				4.04526e+06
Q86SR1	Q86SR1;Q86SR1-2;Q86SR1-4				5.69119e+06
Q86TH1	Q86TH1				1.67127e+06
Q86TY3;Q86TY3-2	Q86TY3;Q86TY3-2				1.35283e+07
Q86UD1	Q86UD1				1.03322e+07
Q86UN2	Q86UN2				3.30241e+06
Q86UN3	Q86UN3;Q86UN3-2				3.53459e+07
Q86UP0;Q86UP0-2	Q86UP0;Q86UP0-2				4.84291e+06
Q86UW8	Q86UW8				723751
Q86UX2	Q86UX2;Q86UX2-2;Q86UX2-3				2.30456e+07
Q86VB7;Q86VB7-2;Q86VB7-3;Q86VB7-4	Q86VB7;Q86VB7-2;Q86VB7-3;Q86VB7-4				1.11104e+07
Q86VP6;Q86VP6-2	Q86VP6;Q86VP6-2				128832
Q86VV8;Q86VV8-3	Q86VV8;Q86VV8-2;Q86VV8-4;Q86VV8-3				1.45483e+06
Q86VZ4	Q86VZ4				2.06727e+06
Q86X29;Q86X29-2;Q86X29-3;Q86X29-4;Q86X29-5;Q86X29-6	Q86X29;Q86X29-2;Q86X29-3;Q86X29-4;Q86X29-5;Q86X29-6				2.13255e+06
Q86XR7-2;Q9Y3B3;Q9Y3B3-2	Q9Y3B3;Q86XR7-2;Q9Y3B3-2				1.2032e+06
Q86Y38	Q86Y38				3.16557e+06
Q86YD3;Q86YD3-2;Q86YD3-4;Q86YD3-5	Q86YD3;Q86YD3-2;Q86YD3-3;Q86YD3-4;Q86YD3-5				3.64108e+06
Q86YT9;Q86YT9-2;Q86YT9-3;Q86YT9-4	Q86YT9;Q86YT9-2;Q86YT9-3;Q86YT9-4				1.07371e+06
Q8IUC8	Q8IUC8;Q8IUC8-3;Q8IUC8-2				3.58283e+06
Q8IUK5;Q8IUK5-2;Q8IUK5-3	Q8IUK5;Q8IUK5-2;Q8IUK5-3;Q8IUK5-4				8.74348e+06
Q8IUX7	Q8IUX7;Q8IUX7-2				1.06244e+07
Q8IV08	Q8IV08				6.59216e+06
Q8IW45;Q8IW45-2;Q8IW45-4	Q8IW45;Q8IW45-2;Q8IW45-4				347859
Q8IW52	Q8IW52				2.5836e+06
Q8IWT1	Q8IWT1				2.45105e+06
Q8IWU5;Q8IWU5-2	Q8IWU5;Q8IWU5-2				3.45833e+07
Q8IWV2	Q8IWV2				4.27428e+06
Q8IWY4	Q8IWY4				977051
Q8IXL6	Q8IXL6				6.36669e+06
Q8IYE1	Q8IYE1				1.17464e+08
Q8IYJ0;Q8IYJ0-2	Q8IYJ0;Q8IYJ0-2				2.87591e+07
Q8IYS5-2;Q8IYS5-3;Q8IYS5-6	Q8IYS5;Q8IYS5-2;Q8IYS5-3;Q8IYS5-4;Q8IYS5-5;Q8IYS5-6;Q8IYS5-7				5.8013e+07
Q8IZA0;Q8IZA0-2	Q8IZA0;Q8IZA0-2				4.14985e+06
Q8IZP7	Q8IZP7				5.15236e+06
Q8IZS8;Q8IZS8-2	Q8IZS8;Q8IZS8-2;Q8IZS8-3				924229
Q8N114;Q8N114-2	Q8N114;Q8N114-2				1.03421e+07
Q8N126;Q8N126-2	Q8N126;Q8N126-2;Q8N126-3				3.49356e+07
Q8N149;Q8N149-2;Q8N149-3;Q8N149-4	Q8N149;Q8N149-2;Q8N149-3;Q8N149-4				3.44359e+06
Q8N2S1;Q8N2S1-2;Q8N2S1-3	Q8N2S1;Q8N2S1-2;Q8N2S1-3				1.03978e+07
Q8N3G9;Q8N3G9-2;Q8N3G9-3	Q8N3G9;Q8N3G9-2;Q8N3G9-3				323436
Q8N3J2	Q8N3J2				2.49124e+07
Q8N3J6;Q8N3J6-2;Q8N3J6-3;Q8N3J6-4;Q8N3J6-5	Q8N3J6;Q8N3J6-2;Q8N3J6-3;Q8N3J6-4;Q8N3J6-5				4.51062e+06
Q8N3T1	Q8N3T1				2.61369e+06
Q8N3T6	Q14C87;Q8N3T6				3.94625e+06
Q8N428;Q8N428-2	Q8N428;Q8N428-2				357708
Q8N436	Q8N436				1.89264e+06
Q8N475;Q8N475-2	Q8N475;Q8N475-2;Q8N475-3				3.65601e+06
Q8N608;Q8N608-2;Q8N608-3;Q8N608-4	Q8N608;Q8N608-2;Q8N608-3;Q8N608-4				337272
Q8N6C5;Q8N6C5-2;Q8N6C5-4	Q8N6C5;Q8N6C5-2;Q8N6C5-4				1.89332e+06
Q8N967	Q8N967				664987
Q8NBI6	Q8NBI6				1.77891e+06
Q8NBJ4;Q8NBJ4-2	Q8NBJ4;Q8NBJ4-2				1.05366e+07
Q8NBP7	Q8NBP7				2.93621e+06
Q8NBS9;Q8NBS9-2	Q8NBS9;Q8NBS9-2				1.02756e+06
Q8NCC3	Q8NCC3;Q8NCC3-2				2.38829e+06
Q8NCL4	Q8NCL4				3.06041e+06
Q8NCW5;Q8NCW5-2	Q8NCW5;Q8NCW5-2				2.03312e+06
Q8NEP3;Q8NEP3-2;Q8NEP3-3	Q8NEP3;Q8NEP3-2;Q8NEP3-3				2.18647e+09
Q8NES3;Q8NES3-3	Q8NES3;Q8NES3-2;Q8NES3-3;Q8NES3-4				1.39652e+07
Q8NEY1;Q8NEY1-2;Q8NEY1-3;Q8NEY1-4;Q8NEY1-6;Q8NEY1-7	Q8NEY1;Q8NEY1-2;Q8NEY1-3;Q8NEY1-4;Q8NEY1-6;Q8NEY1-7				1.16218e+08
Q8NFL0	Q8NFL0				161825
Q8NFP4;Q8NFP4-2	Q8NFP4;Q8NFP4-2				2.14687e+06
Q8NFY4;Q8NFY4-6	Q8NFY4;Q8NFY4-6				3.22719e+07
Q8NFZ4	Q8NFZ4				4.24625e+06
Q8NFZ8	Q8NFZ8				6.7194e+07
Q8NHP8	Q8NHP8				4.64586e+06
Q8NHQ9	Q8NHQ9				2.67931e+08
Q8TAB3;Q8TAB3-2;Q8TAB3-3	Q8TAB3;Q8TAB3-2;Q8TAB3-3				308711
Q8TAG5;Q8TAG5-2	Q8TAG5;Q8TAG5-2				2.3771e+07
Q8TBP5	Q8TBP5				1.40219e+07
Q8TCZ2	Q8TCZ2;Q8TCZ2-2;Q8TCZ2-3;Q8TCZ2-5;Q8TCZ2-6				1.91401e+07
Q8TDF5;Q8TDF5-1;Q8TDF5-2	Q8TDF5;Q8TDF5-1;Q8TDF5-2				733478
Q8TEA8	Q8TEA8				546247
Q8TER0;Q8TER0-5	Q8TER0;Q8TER0-3;Q8TER0-4;Q8TER0-5				1.22408e+07
Q8TEU8	Q8TEU8				3.49469e+07
Q8WUJ3	Q8WUJ3;Q8WUJ3-2				4.38178e+06
Q8WVQ1;Q8WVQ1-3	Q8WVQ1;Q8WVQ1-2;Q8WVQ1-3				1.01447e+07
Q8WWX9	Q8WWX9				2.48104e+06
Q8WX77	Q8WX77				1.43907e+06
Q8WXD2	Q8WXD2				9.44116e+07
Q8WXD2-2	Q8WXD2-2				3.35472e+06
Q8WY21;Q8WY21-2;Q8WY21-3;Q8WY21-4	Q8WY21;Q8WY21-2;Q8WY21-3;Q8WY21-4				3.11814e+06
Q8WYK1	Q8WYK1				3.85118e+06
Q8WZ75;Q8WZ75-2;Q8WZ75-3	Q8WZ75;Q8WZ75-2;Q8WZ75-3				3.43575e+06
Q8WZA1	Q8WZA1;Q8WZA1-2				1.57568e+07
Q92484;Q92484-2	Q92484;Q92484-2				1.21212e+06
Q92485;Q92485-2	Q92485;Q92485-2				8.0133e+06
Q92520	Q92520				1.61854e+08
Q92542;Q92542-2	Q92542;Q92542-2				1.04773e+06
Q92563	Q92563				1.16799e+07
Q92673	Q92673				3.775e+06
Q92692;Q92692-2	Q92692;Q92692-2				1.3969e+06
Q92729;Q92729-2;Q92729-3;Q92729-4	Q92729;Q92729-2;Q92729-3;Q92729-4				575686
Q92743	Q92743				3.08766e+06
Q92752	Q92752;Q92752-2				6.07398e+06
Q92765	Q92765				6.05392e+06
Q92820	Q92820				1.11245e+07
Q92823;Q92823-2;Q92823-5	Q92823;Q92823-2;Q92823-3;Q92823-4;Q92823-5;Q92823-6				1.78063e+08
Q92832;Q92832-2	Q92832;Q92832-2				1.1042e+06
Q92854	Q92854;Q92854-2				1.26746e+06
Q92859;Q92859-2;Q92859-3;Q92859-4	Q92859;Q92859-2;Q92859-3;Q92859-4				1.40281e+07
Q92876	Q92876;Q92876-2				1.17059e+08
Q92896;Q92896-2;Q92896-3	Q92896;Q92896-2;Q92896-3				444280
Q92911	Q92911				2.14004e+06
Q92932;Q92932-2;Q92932-3;Q92932-4	Q92932;Q92932-2;Q92932-3;Q92932-4				6.42066e+06
Q92945;Q96AE4;Q96AE4-2	Q92945;Q96AE4;Q96AE4-2				9.77716e+06
Q92954;Q92954-2;Q92954-5;Q92954-6	Q92954;Q92954-2;Q92954-3;Q92954-4;Q92954-5;Q92954-6				1.36348e+07
Q93091	Q93091				2.34048e+06
Q969H8	Q969H8				1.85468e+06
Q969P0;Q969P0-3	Q969P0;Q969P0-3				2.65061e+07
Q969T9	Q969T9				4.31269e+06
Q96AP7	Q96AP7				1.32164e+06
Q96AQ6;Q96AQ6-2	Q96AQ6;Q96AQ6-2;Q96AQ6-3				522663
Q96B86;Q96B86-3;Q96B86-4	Q96B86;Q96B86-3;Q96B86-4				7.19465e+06
Q96BY9	Q96BY9				542698
Q96BZ4	Q96BZ4				6.61554e+06
Q96CG8;Q96CG8-2;Q96CG8-3	Q96CG8;Q96CG8-2;Q96CG8-3				1.94384e+06
Q96EE4	Q96EE4				1.64292e+06
Q96EG1	Q96EG1				550473
Q96FE5;Q96FE5-2	Q96FE5;Q7L985;Q96FE5-2				5.55561e+06
Q96FE7-4	Q96FE7;Q96FE7-2;Q96FE7-4;Q96FE7-5				2.18008e+07
Q96GW7	Q96GW7;Q96GW7-2				1.64257e+09
Q96HD1;Q96HD1-2	Q96HD1;Q96HD1-2				1.31208e+06
Q96HU1;Q96HU1-2	Q96HU1;Q96HU1-2				3.3274e+06
Q96ID5	Q96ID5				6.29056e+06
Q96IU4	Q96IU4				354242
Q96IY4	Q96IY4;Q96IY4-2				3.46276e+07
Q96JA1;Q96JA1-2	Q96JA1;Q96JA1-2				612048
Q96JF0;Q96JF0-2	Q96JF0;Q96JF0-2				1.1632e+07
Q96JQ0	Q96JQ0				1.37987e+06
Q96KN2	Q96KN2				3.15813e+08
Q96MC2	Q96MC2				2.29736e+07
Q96MK3	Q96MK3				309477
Q96MU8;Q96MU8-2;Q96MU8-3	Q96MU8;Q96MU8-2;Q96MU8-3				319947
Q96NU0;Q96NU0-2;Q9BZ76;Q9BZ76-2	Q96NU0;Q9BZ76;Q9BZ76-2;Q96NU0-2				283299
Q96NZ9;Q96NZ9-4	Q96NZ9;Q96NZ9-3;Q96NZ9-4				4.8186e+06
Q96P44;Q96P44-3	Q96P44;Q96P44-3				562069
Q96PD2;Q96PD2-2	Q96PD2;Q96PD2-2				271161
Q96PD5	Q96PD5;Q96PD5-2				7.74289e+07
Q96PQ0	Q96PQ0				7.43249e+06
Q96PX8	Q96PX8				2.74633e+07
Q96RW7;Q96RW7-2	Q96RW7;Q96RW7-2				8.92738e+06
Q96S96	Q96S96				7.36513e+07
Q96SM3	Q96SM3				1.87168e+06
Q96TC7;Q96TC7-2	Q96TC7;Q96TC7-2				1.60545e+06
Q99435;Q99435-2;Q99435-3;Q99435-4	Q99435;Q99435-2;Q99435-3;Q99435-4				1.67477e+08
Q99497	Q99497				9.93333e+06
Q99519	Q99519				3.24452e+06
Q99523	Q99523;Q99523-2				6.90396e+06
Q99538	Q99538;Q99538-2;Q99538-3				1.20777e+06
Q99574	Q99574				1.72557e+07
Q99650;Q99650-2	Q99650;Q99650-2				568906
Q99674	Q99674;Q99674-2				9.93678e+07
Q99715;Q99715-4	Q99715;Q99715-4				1.84153e+06
Q99784;Q99784-3;Q99784-5	Q99784;Q99784-3;Q99784-5				3.76024e+06
Q99969	Q99969				2.15202e+07
Q99972	Q99972				4.03569e+06
Q99983	Q99983				1.88784e+07
Q99985	Q99985				1.47424e+06
Q9BQ16;Q9BQ16-2	Q9BQ16;Q9BQ16-1;Q9BQ16-2;Q9BQ16-5;Q9BQ16-8;Q9BQ16-9				4.06038e+06
Q9BQS7;Q9BQS7-2;Q9BQS7-3;Q9BQS7-4	Q9BQS7;Q9BQS7-2;Q9BQS7-3;Q9BQS7-4				345044
Q9BQT9;Q9BQT9-2	Q9BQT9;Q9BQT9-2				5.17647e+07
Q9BRA2	Q9BRA2				2.20579e+06
Q9BRK3;Q9BRK3-2;Q9BRK3-3	Q9BRK3;Q9BRK3-2;Q9BRK3-3				3.42545e+06
Q9BRK5	Q9BRK5;Q9BRK5-2;Q9BRK5-5				2.20036e+07
Q9BRR6;Q9BRR6-2	Q9BRR6;Q9BRR6-2;Q9BRR6-6				145302
Q9BS26	Q9BS26				555350
Q9BSG5;Q9BSG5-2;Q9BSG5-3	Q9BSG5;Q9BSG5-2;Q9BSG5-3				1.34129e+06
Q9BTY2	Q9BTY2				6.35515e+06
Q9BU40-3;Q9BU40-4;Q9BU40-5	Q9BU40;Q9BU40-3;Q9BU40-4;Q9BU40-5				6.36147e+06
Q9BUD6	Q9BUD6				1.8959e+06
Q9BUJ0	Q9BUJ0				3.54166e+06
Q9BUN1	Q9BUN1				1.13237e+07
Q9BWQ8	Q9BWQ8				702409
Q9BWS9;Q9BWS9-2;Q9BWS9-3	Q9BWS9;Q9BWS9-2;Q9BWS9-3				5.71936e+06
Q9BXJ0	Q9BXJ0				6.01901e+06
Q9BXJ1;Q9BXJ1-2	Q9BXJ1;Q9BXJ1-2				3.64013e+06
Q9BXJ3	Q9BXJ3				4.06145e+06
Q9BXJ4-3	Q9BXJ4;Q9BXJ4-2;Q9BXJ4-3				3.84876e+06
Q9BXP8;Q9BXP8-2	Q9BXP8;Q9BXP8-2				15703.9
Q9BXR6	Q9BXR6				1.13466e+06
Q9BY67;Q9BY67-2;Q9BY67-3;Q9BY67-4;Q9BY67-5	Q9BY67;Q9BY67-2;Q9BY67-3;Q9BY67-4;Q9BY67-5				5.29522e+07
Q9BYC5	Q9BYC5;Q9BYC5-3				251967
Q9BYH1;Q9BYH1-5;Q9BYH1-6;Q9BYH1-7	Q9BYH1;Q9BYH1-2;Q9BYH1-3;Q9BYH1-4;Q9BYH1-5;Q9BYH1-6;Q9BYH1-7				2.28869e+07
Q9BZC7;Q9BZC7-2;Q9BZC7-3;Q9BZC7-4	Q9BZC7;Q9BZC7-2;Q9BZC7-3;Q9BZC7-4				3.11808e+06
Q9BZR6	Q9BZR6				1.62895e+07
Q9C0A0	Q9C0A0;Q96NU0;Q9BZ76;Q9BZ76-2;Q96NU0-2;Q9C0A0-2				1.46335e+07
Q9GZM5	Q9GZM5				3.44829e+06
Q9GZP0;Q9GZP0-2	Q9GZP0;Q9GZP0-2				353075
Q9GZP4;Q9GZP4-2	Q9GZP4;Q9GZP4-2				1.45078e+06
Q9GZT8;Q9GZT8-2	Q9GZT8;Q9GZT8-2				446363
Q9GZV7	Q9GZV7				454048
Q9GZX3	Q9GZS9;Q9GZX3;Q9GZS9-2				888445
Q9GZX9	Q9GZX9				7.93844e+06
Q9H008;Q9H008-2	Q9H008;Q9H008-2				145672
Q9H0E2;Q9H0E2-2	Q9H0E2;Q9H0E2-2				193716
Q9H0Q3;Q9H0Q3-2	Q9H0Q3;Q9H0Q3-2				3.77702e+06
Q9H0R4;Q9H0R4-2	Q9H0R4;Q9H0R4-2				403951
Q9H0X4;Q9H0X4-2	Q9H0X4;Q9H0X4-2				155998
Q9H173	Q9H173				5.88777e+06
Q9H1U4	Q9H1U4				3.66021e+06
Q9H1Z8	Q9H1Z8				4.10655e+07
Q9H251;Q9H251-2;Q9H251-3;Q9H251-4;Q9H251-8	Q9H251;Q9H251-2;Q9H251-3;Q9H251-4;Q9H251-8				702949
Q9H2E6;Q9H2E6-2	Q9H2E6;Q9H2E6-2				4.0821e+06
Q9H2X0;Q9H2X0-5	Q9H2X0;Q9H2X0-5				2.58886e+06
Q9H3G5	Q9H3G5				1.132e+07
Q9H3S1	Q9H3S1;Q9H3S1-2				470856
Q9H3S3	Q9H3S3				1.28025e+06
Q9H3T2;Q9H3T2-3	Q9H3T2;Q9H3T2-3				737700
Q9H3T3;Q9H3T3-3	Q9H3T3;Q9H3T3-3				1.6822e+06
Q9H492;Q9H492-2	Q9GZQ8;Q9H492;A6NCE7;Q9H492-2				570257
Q9H4A9;Q9H4A9-2	Q9H4A9;Q9H4A9-2;Q9H4A9-3				358760
Q9H4D0	Q9H4D0				5.05912e+06
Q9H4F8;Q9H4F8-2	Q9H4F8;Q9H4F8-2				950236
Q9H6X2;Q9H6X2-2;Q9H6X2-3;Q9H6X2-4;Q9H6X2-5;Q9H6X2-6	Q9H6X2;Q9H6X2-2;Q9H6X2-3;Q9H6X2-4;Q9H6X2-5;Q9H6X2-6				3.89186e+06
Q9H741	Q9H741				2.20816e+06
Q9H7Y0	Q9H7Y0				4.08279e+06
Q9H8J5;Q9H8J5-2	Q9H8J5;Q9H8J5-2				2.70669e+06
Q9H8L6	Q9H8L6				4.48311e+06
Q9HAR2;Q9HAR2-2;Q9HAR2-3;Q9HAR2-4	Q9HAR2;Q9HAR2-2;Q9HAR2-3;Q9HAR2-4				4.33525e+06
Q9HAT2	Q9HAT2;Q9HAT2-2				1.21271e+07
Q9HBR0	Q9HBR0				2.87856e+06
Q9HBT6	Q9HBT6				1.45944e+06
Q9HBW1	Q9HBW1				2.31775e+06
Q9HC38;Q9HC38-2	Q9HC38;Q9HC38-2				797982
Q9HC56;Q9HC56-2	Q9HC56;Q9HC56-2				3.10076e+06
Q9HC57	Q9HC57				1.76913e+06
Q9HCB6	Q9HCB6				2.72351e+06
Q9HCK4;Q9HCK4-2;Q9HCK4-3	Q9HCK4;Q9HCK4-2;Q9HCK4-3				642176
Q9HCU0	Q9HCU0				3.66635e+06
Q9HCU4	Q9HCU4				8.09584e+06
Q9HD45	Q9HD45				310984
Q9HDB5;Q9HDB5-2;Q9HDB5-3;Q9HDB5-4	Q9HDB5;Q9HDB5-2;Q9HDB5-3;Q9HDB5-4				1.64354e+07
Q9HDC9	Q9HDC9;Q9HDC9-2				606056
Q9NP80;Q9NP80-2;Q9NP80-3	Q9NP80;Q9NP80-2;Q9NP80-3				2.46685e+07
Q9NPC4	Q9NPC4				1.6619e+06
Q9NPD7	Q9NPD7				2.92582e+06
Q9NPG4	Q9NPG4				1.15858e+06
Q9NPH3;Q9NPH3-2;Q9NPH3-5	Q9NPH3;Q9NPH3-2;Q9NPH3-3;Q9NPH3-5				3.33194e+06
Q9NPR2;Q9NPR2-2	Q9NPR2;Q9NPR2-2				1.17788e+07
Q9NQ79;Q9NQ79-2	Q9NQ79;Q9NQ79-2;Q9NQ79-3				6.17976e+07
Q9NR34	Q9NR34				1.37278e+07
Q9NRN5	Q9NRN5;Q9NRN5-2				1.19359e+07
Q9NRR1	Q9NRR1				1.02403e+06
Q9NS85	Q9NS85;Q9NS85-2				3.864e+06
Q9NS98	Q9NS98				5.51995e+06
Q9NSC7	Q9NSC7				763355
Q9NT22;Q9NT22-2	Q9NT22;Q9NT22-2				1.71909e+06
Q9NT99	Q9NT99				2.78851e+07
Q9NTU7	Q9NTU7				5.21864e+06
Q9NUQ9	Q9NUQ9;Q9NUQ9-2				2.45802e+06
Q9NX62	Q9NX62				3.82641e+07
Q9NXS2;Q9NXS2-3	Q9NXS2;Q9NXS2-3				784970
Q9NY15	Q9NY15				1.01374e+06
Q9NY47;Q9NY47-2;Q9NY47-3;Q9NY47-4;Q9NY47-5	Q9NY47;Q9NY47-2;Q9NY47-3;Q9NY47-4;Q9NY47-5				4.27081e+06
Q9NY72	Q9NY72				1.93205e+06
Q9NY97;Q9NY97-2	Q9NY97;Q9NY97-2				1.01028e+07
Q9NYQ8	Q9NYQ8				1.63466e+07
Q9NYX4	Q9NYX4				5.91085e+06
Q9NZ08;Q9NZ08-2	Q9NZ08;Q9NZ08-2				1.07303e+06
Q9NZ53	Q9NZ53;Q9NZ53-2				3.55758e+06
Q9NZ94;Q9NZ94-2;Q9NZ94-3	Q9NZ94;Q9NZ94-2;Q9NZ94-3				1.02457e+06
Q9NZC2;Q9NZC2-2;Q9NZC2-3	Q9NZC2;Q9NZC2-2;Q9NZC2-3				3.04317e+06
Q9NZK5	Q9NZK5				2.49424e+06
Q9NZP8	Q9NZP8				2.92003e+07
Q9NZR2	Q9NZR2				1.11112e+06
Q9NZU1	Q9NZU1				16651
Q9P035	Q9P035				24245.8
Q9P0K1;Q9P0K1-2;Q9P0K1-3;Q9P0K1-4;Q9P0K1-5	Q9P0K1;Q9P0K1-2;Q9P0K1-3;Q9P0K1-4;Q9P0K1-5				2.71701e+07
Q9P0K9	Q9P0K9				2.28602e+06
Q9P0L0;Q9P0L0-2	Q9P0L0;Q9P0L0-2				1.11766e+06
Q9P121-4	Q9P121;Q9P121-3;Q9P121-2;Q9P121-4				1.304e+08
Q9P232	Q9P232				6.33943e+06
Q9P2E7;Q9P2E7-2	Q9P2E7;Q9P2E7-2				773972
Q9P2S2	P58401;Q9P2S2				1.48508e+07
Q9UBG0	Q9UBG0				1.87489e+06
Q9UBP4	Q9UBP4				3.44621e+08
Q9UBQ6	Q9UBQ6				3.67386e+07
Q9UBR2	Q9UBR2				2.13068e+07
Q9UBX1	Q9UBX1				1.10316e+07
Q9UBX5	Q9UBX5				1.18013e+07
Q9UBX7;Q9UBX7-1;Q9UBX7-3;Q9UBX7-4	Q9UBX7;Q9UBX7-1;Q9UBX7-3;Q9UBX7-4				2.4281e+06
Q9UF11;Q9UF11-2;Q9UF11-3;Q9UF11-4	Q9UF11;Q9UF11-2;Q9UF11-3;Q9UF11-4				2.7749e+06
Q9UFP1	Q9UFP1				1.73222e+06
Q9UGM5;Q9UGM5-2	Q9UGM5;Q9UGM5-2				1.16882e+07
Q9UHC6	Q9UHC6				1.89729e+07
Q9UHG2	Q9NPY3;Q9UHG2				1.40697e+08
Q9UHG3;Q9UHG3-2	Q9UHG3;Q9UHG3-2				1.40363e+06
Q9UHI8	Q9UHI8				8.37165e+06
Q9UHL4	Q9UHL4				1.3045e+07
Q9UI40;Q9UI40-2	Q9UI40;Q9UI40-2				3.78959e+06
Q9UIB8;Q9UIB8-2;Q9UIB8-3;Q9UIB8-4;Q9UIB8-5;Q9UIB8-6	Q9UIB8;Q9UIB8-2;Q9UIB8-3;Q9UIB8-4;Q9UIB8-5;Q9UIB8-6				2.23476e+06
Q9UIQ6;Q9UIQ6-2;Q9UIQ6-3	Q9UIQ6;Q9UIQ6-2;Q9UIQ6-3				471873
Q9UIW2	Q9UIW2				954093
Q9UJ14	Q9UJ14				2.73421e+06
Q9UJ37	Q9UJ37				307806
Q9UJ99	Q9UJ99				2.0162e+06
Q9UJA9	Q9UJA9				1.39967e+06
Q9UJH8	Q9UJH8				3.96543e+06
Q9UJJ9	Q9UJJ9				1.11669e+07
Q9UK55	Q9UK55				4.23437e+06
Q9UKB5	Q9UKB5				2.34601e+06
Q9UKM7	Q9UKM7				4.4314e+06
Q9UKQ2;Q9UKQ2-2	Q9UKQ2;Q9UKQ2-2				613455
Q9UKU6	Q9UKU6				2.33391e+06
Q9UKU9	Q9UKU9;Q9UKU9-2				1.22634e+06
Q9UKZ4;Q9UKZ4-2	Q9UKZ4;Q9UKZ4-2				1.08289e+06
Q9ULB1-2;Q9ULB1-3	P58400;Q9ULB1-2;Q9ULB1-3				1.93795e+07
Q9ULB4	Q9ULB4				857600
Q9ULF5	Q9ULF5				6.28801e+06
Q9ULH4	Q9ULH4				567262
Q9ULI3;Q9ULI3-2	Q9ULI3;Q9ULI3-2				6.08195e+06
Q9ULL4;Q9ULL4-2	Q9ULL4;Q9ULL4-2				1.95711e+06
Q9ULP0;Q9ULP0-2;Q9ULP0-4	Q9ULP0;Q9ULP0-2;Q9ULP0-4;Q9ULP0-5				2.53716e+06
Q9ULZ9;Q9ULZ9-2	Q9ULZ9;Q9ULZ9-2				1.26943e+06
Q9UM22	Q9UM22				3.71029e+06
Q9UM47	Q9UM47				6.6086e+06
Q9UMF0	Q9UMF0				7.90922e+06
Q9UMX5	Q9UMX5				2.16482e+06
Q9UN36-2;Q9UN36-5;Q9UN36-6	Q9UN36;Q9UN36-2;Q9UN36-3;Q9UN36-5;Q9UN36-6				4.41358e+06
Q9UN70;Q9UN70-2	Q9UN70;Q9UN70-2				1.94001e+06
Q9UNN8	Q9UNN8				5.3523e+06
Q9UNW1	Q9UNW1;Q9UNW1-4				3.06697e+06
Q9UP79	Q9UP79				644274
Q9UPU3	Q9UPU3				8.97927e+06
Q9UQ52	Q9UQ52				4.51398e+06
Q9UQM7;Q9UQM7-2	Q9UQM7;Q9UQM7-2				3.62918e+06
Q9Y240	Q9Y240				7.37964e+06
Q9Y274;Q9Y274-2	Q9Y274;Q9Y274-2				5.94612e+06
Q9Y279;Q9Y279-2	Q9Y279;Q9Y279-2				1.15029e+06
Q9Y287	Q9Y287				2.76556e+06
Q9Y2E5	Q9Y2E5				1.5063e+06
Q9Y2I2;Q9Y2I2-1;Q9Y2I2-2;Q9Y2I2-4;Q9Y2I2-5;Q9Y2I2-6	Q9Y2I2;Q9Y2I2-1;Q9Y2I2-2;Q9Y2I2-4;Q9Y2I2-5;Q9Y2I2-6				3.2203e+06
Q9Y2T3;Q9Y2T3-3	Q9Y2T3;Q9Y2T3-2;Q9Y2T3-3				9.18257e+06
Q9Y328	Q9Y328				112240
Q9Y490	Q9Y490				747295
Q9Y4C0-4	Q9HDB5-3;Q9HDB5-4;Q9Y4C0-4				1.29875e+07
Q9Y4L1	Q9Y4L1				4.73522e+06
Q9Y5F6-2	Q9Y5F6;Q9Y5F6-2				3.73729e+07
Q9Y5I4;Q9Y5I4-2	Q9Y5I4;Q9Y5I4-2				6.81239e+06
Q9Y5L2	Q9Y5L2				2.74604e+06
Q9Y5Y7	Q9Y5Y7				5.80298e+06
Q9Y617;Q9Y617-2	Q9Y617;Q9Y617-2				2.31861e+06
Q9Y639;Q9Y639-1;Q9Y639-3;Q9Y639-4;Q9Y639-5	Q9Y639;Q9Y639-1;Q9Y639-3;Q9Y639-4;Q9Y639-5				2.98056e+06
Q9Y646	Q9Y646				5.5427e+07
Q9Y653;Q9Y653-2;Q9Y653-3;Q9Y653-4;Q9Y653-5	Q9Y653;Q9Y653-2;Q9Y653-3;Q9Y653-4;Q9Y653-5				1.2774e+06
Q9Y696	Q9Y696				822864
Q9Y6C2	Q9Y6C2;Q9Y6C2-2				2.8673e+06
Q9Y6N6	Q9Y6N6				1.39749e+06
Q9Y6N7;Q9Y6N7-2;Q9Y6N7-3;Q9Y6N7-4;Q9Y6N7-5;Q9Y6N7-6	Q9HCK4;Q9Y6N7;Q9Y6N7-2;Q9Y6N7-3;Q9Y6N7-4;Q9Y6N7-5;Q9Y6N7-6;Q9HCK4-2;Q9HCK4-3				8.3559e+06
Q9Y6N8	Q9Y6N8				2.90999e+06
Q9Y6R7	Q9Y6R7				2.99136e+07
Q9Y6X5	Q9Y6X5				2.30068e+06
Q9Y6Y8;Q9Y6Y8-2	Q9Y6Y8;Q9Y6Y8-2				1.86828e+07
