Protein.Group	Protein.Ids	Protein.Names	Genes	First.Protein.Description	/fs/pool/pool-mann-projects/Johannes/Jakob_AD_CSF_data/All_without_random_20/All_Raw/20190228_QX1_PhGe_SA_EASY12-10_Deigendesch_B6_79113519.mzML
A0A075B6H7;A0A0C4DH55;P01624	P01624;A0A075B6H7;A0A0C4DH55				7.64862e+08
A0A075B6H9	A0A075B6H9				2.92341e+07
A0A075B6I0	A0A075B6I0				1.36891e+08
A0A075B6I1	A0A075B6I1				2.91256e+06
A0A075B6I9	A0A075B6I9				3.77681e+08
A0A075B6J1;A0A0A0MRZ9	A0A075B6J1;A0A0A0MRZ9				8.36415e+06
A0A075B6J9	A0A075B6J9				5.60151e+06
A0A075B6K2	A0A075B6K2				5.86726e+06
A0A075B6K4	A0A075B6K0;A0A075B6K4				4.73098e+07
A0A075B6K5	A0A075B6K5				1.79118e+07
A0A075B6P5;P01615	P01615;A0A075B6P5				4.1506e+08
A0A075B6Q5	A0A075B6Q5				296962
A0A075B6R2	A0A075B6R2				3.27202e+07
A0A075B6R9;A0A0C4DH68	A0A075B6R9;A0A0C4DH68				7.02424e+07
A0A075B6S2	A0A075B6S2;A2NJV5				5.83438e+08
A0A075B6S5	A0A075B6S5;A0A0C4DH67;A0A0C4DH69				2.68705e+07
A0A087WSX0	A0A087WSX0				1.11596e+07
A0A087WSY6	A0A087WSY6				4.00868e+08
A0A087WW87;P01614	P01614;A0A087WW87				1.14225e+06
A0A0A0MRZ8;P04433	P04433;A0A0A0MRZ8				2.45282e+08
A0A0A0MS15	A0A0A0MS15				4.62966e+06
A0A0A0MT36;A0A0C4DH26	A0A0A0MT36;A0A0C4DH26				4.08227e+06
A0A0A0MT89	A0A0A0MT89				1.22015e+07
A0A0B4J1U7	A0A0B4J1U7				1.16791e+08
A0A0B4J1V0	A0A0B4J1V0				4.55351e+08
A0A0B4J1V2	A0A0B4J1V2				1.38434e+07
A0A0B4J1V6	A0A0B4J1V6				2.72139e+06
A0A0B4J1X5	P01764;P01768;P01772;P01767;A0A0B4J1X5;A0A0C4DH42;P0DP02;P0DP03				3.7017e+08
A0A0B4J1Y9	A0A0B4J1Y9				1.63764e+07
A0A0C4DH24	A0A0C4DH24				1.42174e+07
A0A0C4DH25	A0A0C4DH25				4.41703e+07
A0A0C4DH29	A0A0C4DH29				360134
A0A0C4DH33	A0A0C4DH33				1.23624e+06
A0A0C4DH34	A0A0C4DH34				1.57689e+07
A0A0C4DH35	A0A0C4DH35				1.23186e+07
A0A0C4DH36	A0A0C4DH36				1.78572e+07
A0A0C4DH38	A0A0C4DH38				1.87694e+08
A0A0C4DH39	A0A0C4DH39				4.95511e+06
A0A0C4DH43	A0A0C4DH43				1.27977e+08
A0A0C4DH67	A0A0C4DH67				2.56342e+06
A0A0C4DH72	P01599;A0A0C4DH72				1.17484e+07
A0A0G2JMI3	A0A0G2JMI3				3.27081e+07
A0A0G2JS06	A0A0G2JS06				1.38062e+07
A0A0J9YX35	A0A0J9YX35				2.152e+07
A0A0J9YXX1	A0A0C4DH38;A0A0J9YXX1				4.01078e+08
A0M8Q6	P0CG04;P0DOY2;P0DOY3;A0M8Q6;P0CF74;B9A064;P0DOX8				2.04611e+08
A1L4H1	A1L4H1				2.51617e+07
A2RU67	A2RU67				853886
A5D6W6	A5D6W6				3.56324e+06
A6BM72;A6BM72-2;A6BM72-4	A6BM72;A6BM72-2;A6BM72-4				3.20144e+06
A6NCE7;Q9GZQ8	Q9GZQ8;A6NCE7				1.60908e+06
A6NGN9	A6NGN9				7.63794e+07
A6NHG4;P30046;P30046-2	P30046;A6NHG4;P30046-2				1.69739e+06
A6NL88	A6NL88				2.97378e+06
A6NLU5	A6NLU5				3.06415e+07
A6NML5	A6NML5				1.11358e+07
A8MTW9	A8MTW9				2.65347e+06
B4DS77;B4DS77-2;B4DS77-3	B4DS77;B4DS77-2;B4DS77-3				676390
B9A064;P0DOX8	B9A064;P0DOX8				6.00915e+08
C9JVW0	C9JVW0				8.50616e+06
I3L3R5	I3L3R5				1.09189e+06
O00115;O00115-2	O00115;O00115-2				8.85123e+06
O00142;O00142-2;O00142-3;O00142-4;O00142-5;O00142-6	O00142;O00142-2;O00142-3;O00142-4;O00142-5;O00142-6				9.44172e+07
O00187;O00187-2	O00187;O00187-2				3.35809e+06
O00230	O00230				826393
O00244	O00244				3.24478e+08
O00264	O00264;O00264-2				4.85481e+06
O00292;O00292-2;O75610	O00292;O75610;O00292-2				1.06993e+06
O00299	O00299				1.91449e+06
O00300	O00300				1.66358e+06
O00339;O00339-2	O00339;O00339-2;O00339-3				1.59805e+06
O00391	O00391;O00391-2				4.42991e+07
O00451	O00451;O00451-2;O00451-3				2.71864e+07
O00461	O00461				2.11153e+07
O00462	O00462				2.20259e+07
O00468-6	O00468-6;O00468-7				2.66955e+07
O00533	O00533				7.41377e+06
O00533-2	O00533;O00533-2				4.26353e+08
O00560;O00560-2;O00560-3	O00560;O00560-2;O00560-3				1.66257e+06
O00567	O00567				508801
O00584	O00584				3.47691e+07
O00754;O00754-2	O00754;O00754-2				6.53053e+06
O14498	O14498				6.2293e+07
O14514	O14514				3.76705e+06
O14522	O14522;O14522-1				6.48262e+06
O14525;O14525-2;O14525-3	O14525;O14525-2;O14525-3				2.95153e+06
O14594	O14594				8.79305e+07
O14657	O14657				554641
O14668;O14668-2	O14668;O14668-2				2.33716e+06
O14672	O14672				4.59644e+06
O14733;O14733-2;O14733-3;O14733-4	O14733;O14733-2;O14733-3;O14733-4				5.82021e+07
O14737;O14737-2	O14737;O14737-2				257036
O14745	O14745				390046
O14773	O14773				2.38694e+07
O14786;O14786-2;O14786-3	O14786;O14786-2;O14786-3				1.5915e+07
O14791-2	O14791;O14791-2;O14791-3				5.91523e+07
O14793	O14793				3.4263e+06
O14818	O14818;O14818-4				2.08626e+06
O14917;O14917-2	O14917;O14917-2				1.06172e+07
O14958;O14958-2	O14958;O14958-2				18460.4
O15031	O15031				3.50793e+07
O15041;O15041-2	O15041;O15041-2				1.9691e+06
O15197;O15197-3	O15197;O15197-3				2.11912e+07
O15204;O15204-2	O15204;O15204-2				1.19439e+07
O15230	O15230				5.03287e+06
O15232;O15232-2	O15232;O15232-2				2.37827e+06
O15240	O15240				4.75681e+08
O15335	O15335				9.26837e+06
O15354	O15354				2.68766e+07
O15394	O15394;O15394-2				5.47208e+07
O15466;O15466-2	O15466;O15466-2				2.48975e+06
O15540;O15540-2	O15540;O15540-2				7.39011e+06
O43155	O43155				995683
O43157	O43157;O43157-2;O43157-3				8.00802e+06
O43173	O43173				7.36181e+06
O43240	O43240				7.81538e+06
O43278;O43278-2	O43278;O43278-2				6.99728e+06
O43286	O43286				145502
O43291	O43291				2.00988e+07
O43300	O43300				7.65365e+06
O43396	O43396				289407
O43405	O43405;O43405-2				5.55147e+07
O43493;O43493-3;O43493-5;O43493-7	O43493;O43493-3;O43493-5;O43493-7				1.12852e+08
O43505	O43505				1.51445e+09
O43508-2	O75888;O43508-2;O75888-2;O75888-4;O75888-5				3.40602e+06
O43529	O43529				1.47946e+07
O43556;O43556-3;O43556-4	O43556;O43556-3;O43556-4				2.12143e+07
O43567	O43567;O43567-2				5.30416e+06
O43581-2;O43581-3;O43581-5	O43581-2;O43581-3;O43581-5				802697
O43707	O43707;Q9H254;Q9H254-2;Q9H254-4				48921.1
O43827	O43827				7.57269e+06
O43852;O43852-2;O43852-3;O43852-4;O43852-5;O43852-9	O43852;O43852-10;O43852-11;O43852-12;O43852-13;O43852-14;O43852-2;O43852-3;O43852-4;O43852-5;O43852-6;O43852-7;O43852-8;O43852-9				2.168e+06
O43866	O43866				7.76232e+06
O43897;O43897-2	O43897;O43897-2				2.12847e+06
O43909	O43909				4.10026e+06
O43916	O43916				3.5874e+06
O60241;O60241-2;O60241-3;O60241-4	O60241;O60241-2;O60241-3;O60241-4				3.41365e+07
O60242	O60242				7.04147e+06
O60243	O60243;O60243-2				8.27106e+06
O60245;O60245-2	O60245;O60245-2				7.3003e+06
O60279	O60279				4.64077e+07
O60330	O60330;Q9Y5G5;Q9Y5G8;Q9Y5G9;O60330-2;Q9Y5G5-2;Q9Y5G8-2;Q9Y5G9-2				1.94543e+06
O60449;O60449-2;O60449-3	O60449;O60449-2;O60449-3				1.14135e+06
O60462;O60462-2;O60462-3;O60462-4;O60462-5	O60462;O60462-2;O60462-3;O60462-4;O60462-5;O60462-6				1.72462e+07
O60476	O60476				5.93461e+06
O60477	O60477;Q76B58;O60477-3;Q76B58-2				1.474e+06
O60512	O60512				6.70999e+06
O60565	O60565				1.02395e+06
O60568	O60568				8.5476e+06
O60613	O60613				3.48419e+06
O60741	O60741				639326
O60883	O60883				1.61347e+08
O60888-3	O60888;O60888-2;O60888-3				8.75594e+06
O60939	O60939				7.72878e+06
O75051;O75051-2	O75051;O75051-2				630755
O75063	O75063				6.11379e+06
O75071	O75071				1.75264e+07
O75077;O75077-2;O75077-3	O75077;O75077-2;O75077-3				3.09857e+07
O75078	O75078;O75078-2				1.32665e+07
O75083	O75083;O75083-3				3.25413e+06
O75084	O75084;Q14332				1.33136e+06
O75144;O75144-2	O75144;O75144-2				3.9102e+07
O75173;O75173-2	O75173;O75173-2				1.68995e+07
O75326	O75326;O75326-2				1.73865e+08
O75339	O75339				1.75354e+06
O75354;O75354-2;O75354-3	O75354;O75354-2;O75354-3				2.32271e+06
O75363-2	O75363-2				362452
O75368	O75368				2.18247e+06
O75487;O75487-2	O75487;O75487-2				3.61284e+06
O75493	O75493				3.29167e+07
O75503	O75503				1.46546e+07
O75509	O75509				3.04078e+07
O75629	O75629				619205
O75636;O75636-2	O75636;O75636-2				3.38524e+06
O75711	O75711				4.62876e+08
O75752	O75752				9.71082e+06
O75781;O75781-2	O75781;O75781-2				3.78656e+06
O75787;O75787-2	O75787;O75787-2				8.32465e+07
O75874	O75874				1.97561e+06
O75882-2;O75882-3	O75882;O75882-2;O75882-3				4.25344e+07
O75973	O75973				2.42817e+06
O75976	O75976				3.26079e+06
O76061	O76061				7.99885e+06
O76070	O76070				289512
O94760	O94760				2.55579e+07
O94766	O94766;Q9NPZ5				3.97582e+06
O94769	O94769;O94769-2				2.77051e+07
O94772;O94772-2	O94772;O94772-2				2.04473e+08
O94779;O94779-2	O94779;O94779-2				1.03633e+06
O94856-11	O94856;O94856-10;O94856-11;O94856-12;O94856-13;O94856-3;O94856-4;O94856-5;O94856-6;O94856-7;O94856-8;O94856-9				7.68663e+07
O94856-12;O94856-4;O94856-9	O94856-12;O94856-4;O94856-9				6.48838e+06
O94910	O94910;O94910-2				2.25616e+07
O94919	O94919				3.8057e+07
O94923	O94923				526019
O94933	O94933				6.19472e+06
O94973;O94973-2	O94973;O94973-2				904787
O94985-2	O94985;O94985-2				7.05213e+08
O94991	O94991;O94991-2				3.12193e+07
O95157	O95157				2.22569e+06
O95158	O95158				5.90494e+07
O95159	O95159				4.47731e+06
O95185;O95185-2	O95185;O95185-2				4.14626e+06
O95196;O95196-2	O95196;O95196-2				1.61487e+07
O95206;O95206-2	O95206;O95206-2				1.28429e+07
O95297;O95297-2;O95297-3;O95297-4	O95297;O95297-2;O95297-3;O95297-4				1.53236e+06
O95336	O95336				3.53476e+06
O95390	O95390				8.80072e+06
O95428;O95428-5;O95428-6	O95428;O95428-3;O95428-4;O95428-5;O95428-6				1.30957e+07
O95445	O95445;O95445-2				5.06602e+07
O95445-2	O95445-2				1.98601e+06
O95450;O95450-2	O95450;O95450-2				4.93668e+06
O95467	O95467				3.7209e+06
O95477	O95477				5.54284e+06
O95479;O95479-2	O95479;O95479-2				762622
O95490;O95490-2;O95490-3;O95490-4;O95490-5;O95490-6;O95490-7	O95490;O95490-2;O95490-3;O95490-4;O95490-5;O95490-6;O95490-7				1.4674e+06
O95497	O95497				4.92337e+06
O95502	O95502				1.99239e+08
O95633;O95633-2	O95633;O95633-2				4.85941e+06
O95841	O95841				288520
O95865	O95865				3.49021e+06
O95881	O95881				433761
O95897	O95897				4.36484e+06
O95967	O95967				4.21977e+07
O95980	O95980				9.78214e+06
O95998	O95998;O95998-4				2.91483e+07
P00325;P00325-2;P00326;P07327	P00325;P00326;P07327;P00325-2				385795
P00338;P00338-3	P00338;P00338-3;P00338-4				2.4619e+07
P00352	P00352				1.38844e+06
P00390;P00390-2;P00390-3;P00390-4;P00390-5	P00390;P00390-2;P00390-3;P00390-4;P00390-5				1.15195e+07
P00441	P00441				1.1118e+09
P00450	P00450				4.92176e+08
P00488	P00488				1.85161e+06
P00492	P00492				5.90737e+06
P00505	P00505;P00505-2				1.84883e+07
P00533;P00533-3;P00533-4	P00533;P00533-3;P00533-4				2.95235e+06
P00558	P00558;P07205;P00558-2				5.90372e+07
P00734	P00734				1.04037e+08
P00736	P00736				1.42312e+08
P00738	P00738;P00738-2				3.95605e+09
P00739	P00739;P00739-2				2.77707e+09
P00740;P00740-2	P00740;P00740-2				7.28384e+06
P00742	P00742				2.64063e+07
P00746	P00746				2.51355e+08
P00747	P00747				2.84216e+08
P00748	P00748				5.91464e+07
P00751	P00751;P00751-2				4.68792e+08
P00915	P00915				602278
P01008	P01008				1.29026e+09
P01009	P01009;P01009-2;P01009-3				1.03209e+10
P01011	P01011				3.31158e+09
P01019	P01019				6.74896e+08
P01023	P01023				1.18295e+09
P01024	P01024				1.47753e+09
P01031	P01031				1.52078e+08
P01033	P01033				8.48665e+07
P01034	P01034				3.2104e+10
P01042	P01042;P01042-2;P01042-3				6.31794e+08
P01042-2;P01042-3	P01042-2;P01042-3				3.37743e+08
P01127;P01127-2	P01127;P01127-2				1.10003e+08
P01130;P01130-2;P01130-3;P01130-4;P01130-5;P01130-6	P01130;P01130-2;P01130-3;P01130-4;P01130-5;P01130-6				298923
P01178	P01178				1.8991e+06
P01210	P01210				1.0189e+08
P01213	P01213				9.91034e+06
P01236	P01236				341331
P01258;P01258-2;P06881	P01258;P06881;P10092;P01258-2				2.54589e+06
P01303	P01303				1.53862e+07
P01344;P01344-2;P01344-3	P01344;P01344-2;P01344-3				1.82311e+07
P01591	P01591				2.98557e+07
P01593;P01594	P01593;P01594				7.69211e+06
P01601	P01601				4.52346e+06
P01602	P01602				1.06817e+06
P01619	P01619				1.1789e+09
P01700	P01700				9.12406e+07
P01701	P01701				3.15084e+07
P01704	P01704				4.95305e+06
P01705	P01705				5.24951e+06
P01706	P01706				5.04797e+06
P01709	P01706;P01709;P0DOX8				6.54439e+07
P01714	P01714				4.53159e+06
P01717;P01718	P01717;P01718				8.30386e+07
P01742	P01742				4.40882e+07
P01768;P01772;P0DP02;P0DP03	P01768;P01772;P0DP02;P0DP03				6.90534e+07
P01780	P01780				1.91428e+08
P01814	P01814				232115
P01817	P01817				2.32229e+07
P01833	P01833				2.18917e+06
P01834	P01834;P0DOX7				1.21791e+09
P01859;P01859-1	P01859;P01859-1				3.4661e+09
P01860;P01860-1	P01860;P01860-1				1.51757e+08
P01861;P01861-1	P01861;P01861-1				8.56025e+08
P01871;P01871-1	P01871;P0DOX6;P01871-1				4.96964e+07
P01876;P01876-1	P01876;P01876-1				5.43078e+08
P01889	P01889;P13747				4.63591e+06
P01903	P01903;P01906				1.30227e+06
P01911	P01911;P04440				5.20868e+06
P02144	P02144				4.06845e+06
P02452	P02452				8.08454e+07
P02461	P02461;P02461-2				9.81601e+06
P02511	P02511				1.37301e+06
P02533	P02533;P08727				329332
P02647	P02647				1.30058e+10
P02649	P02649				6.28198e+09
P02652	P02652				1.67411e+09
P02654	P02654				1.70569e+08
P02655	P02655				4.15094e+07
P02656	P02656				1.4551e+08
P02671	P02671;P02671-2				5.57539e+08
P02675	P02675				9.88897e+08
P02679;P02679-2	P02679;P02679-2				3.83164e+08
P02686;P02686-3;P02686-4;P02686-5;P02686-6	P02686;P02686-3;P02686-4;P02686-5;P02686-6				3.38062e+06
P02741	P02741				1.72496e+07
P02743	P02743				2.6227e+07
P02745	P02745				3.20045e+08
P02746	P02746				1.42112e+08
P02747	P02747				3.77829e+08
P02748	P02748				1.58132e+08
P02749	P02749				2.53447e+08
P02750	P02750				3.93034e+08
P02751;P02751-1	P02751;P02751-1;P02751-10;P02751-11;P02751-12;P02751-13;P02751-14;P02751-16;P02751-17;P02751-2;P02751-3;P02751-4;P02751-5;P02751-6;P02751-7;P02751-8;P02751-9				1.18353e+09
P02753	P02753				6.36584e+07
P02760	P02760				1.43624e+08
P02763	P02763				4.0933e+09
P02765	P02765				1.19036e+09
P02766	P02766				5.27415e+09
P02768	P02768				3.60081e+10
P02774;P02774-3	P02774;P02774-2;P02774-3				1.75277e+09
P02786	P02786				5.29937e+06
P02787	P02787				7.06186e+09
P02788;P02788-2	P02788;P02788-2				2.24649e+07
P02790	P02790				2.72873e+09
P02792	P02792				9.83278e+06
P02794	P02794				1.9183e+07
P02810	P02810				1.272e+06
P03950	P03950				7.11837e+06
P03951;P03951-2	P03951;P03951-2				5.10132e+06
P03952	P03952				4.0767e+07
P04003	P04003				9.63161e+06
P04004	P04004				1.58374e+09
P04040	P04040				993243
P04062;P04062-2;P04062-4;P04062-5	P04062;P04062-2;P04062-4;P04062-5				6.53632e+06
P04066	P04066				8.28252e+07
P04070;P04070-2	P04070;P04070-2				5.35944e+06
P04075	P04075;P04075-2				6.87046e+07
P04080	P04080				9.1157e+06
P04083	P04083				67160.1
P04085;P04085-2	P04085;P04085-2				1.92127e+07
P04114	P04114				8.24581e+07
P04156	P04156				9.20975e+08
P04179;P04179-4	P04179;P04179-2;P04179-3;P04179-4				1.8579e+07
P04180	P04180				6.40167e+07
P04196	P04196				3.80329e+08
P04211	P04211				6.57043e+06
P04216	P04216				1.04208e+09
P04217	P04217;P04217-2				5.97422e+08
P04217-2	P04217-2				6.86502e+06
P04264	P04259;P04264				4.71956e+07
P04271	P04271				6.68494e+06
P04275	P04275				7.51394e+06
P04278;P04278-5	P04278;P04278-2;P04278-3;P04278-4;P04278-5				1.2966e+07
P04350;P07437;P68371	P04350;P07437;P68371				858444
P04406	P04406;P04406-2				8.7061e+07
P04430	P04430				3.35154e+06
P04439;P04439-2	P01889;P01893;P04439;P13747;P17693;P17693-2;P17693-5;P17693-6;P04439-2				4.10097e+06
P04629;P04629-2;P04629-3;P04629-4	P04629;P04629-2;P04629-3;P04629-4				407854
P04792	P04792				1.29635e+06
P05023;P05023-2;P05023-4	P05023;P05023-2;P05023-4				1.63254e+06
P05026;P05026-2	P05026;P05026-2				4.73077e+06
P05060	P05060				1.07826e+09
P05067;P05067-11;P05067-8	P05067;P05067-4;P05067-10;P05067-11;P05067-3;P05067-5;P05067-6;P05067-7;P05067-8;P05067-9				3.0355e+09
P05090	P05090				2.15785e+09
P05109	P05109				1.52242e+06
P05121;P05121-2	P05121;P05121-2				1.25567e+06
P05154	P05154				2.4155e+07
P05155;P05155-3	P05155;P05155-2;P05155-3				2.0789e+09
P05156	P05156				5.93908e+07
P05160	P05160				2.64252e+06
P05362	P05362				4.58858e+06
P05408;P05408-2	P05408;P05408-2				9.70233e+08
P05413	P05413				1.97783e+06
P05452	P05452				3.11198e+08
P05543	P05543				7.01918e+07
P05546	P05546				1.91774e+08
P05556;P05556-2;P05556-3;P05556-4;P05556-5	P05556;P05556-2;P05556-5;P05556-3;P05556-4				2.99109e+06
P05937	P05937;P05937-2				1.07413e+07
P05997	P05997				4.27301e+06
P06276	P06276				8.48806e+06
P06280	P06280				1.92275e+06
P06307	P06307				2.16364e+07
P06310	P06310				5.9678e+08
P06312	P06312				2.29521e+08
P06331	P01824;P01825;P06331;A0A0C4DH41;P0DP06;P0DP08				1.11213e+08
P06396	P06396;P06396-2;P06396-3;P06396-4				1.56638e+09
P06396-2	P06396-2				1.49939e+07
P06681	P06681;P06681-2;P06681-3				8.16874e+07
P06702	P06702				1.74838e+06
P06703	P06703				7.61216e+06
P06727	P06727				7.55581e+08
P06732	P06732				1.79204e+06
P06733	P06733;P06733-2				2.3756e+07
P06744;P06744-2	P06744;P06744-2				1.39652e+07
P06753;P06753-2;P06753-3;P06753-4;P06753-5;P06753-6;P67936;P67936-2	P06753;P07951;P09493;P09493-10;P67936;P07951-2;P09493-5;P06753-2;P06753-3;P09493-2;P09493-3;P09493-4;P09493-6;P09493-7;P09493-8;P09493-9;P06753-4;P06753-5;P06753-6;P07951-3;P67936-2				3.74566e+06
P06865	P06865				4.15525e+07
P07093-2;P07093-3	P07093;P07093-2;P07093-3				3.03772e+07
P07108;P07108-2;P07108-3;P07108-4;P07108-5	P07108;P07108-2;P07108-3;P07108-4;P07108-5;P07108-6				2.44232e+07
P07195	P00338;P07195;P07864;Q6ZMR3;P00338-3;P00338-2;P00338-4;P00338-5				7.89743e+07
P07196	P07196				365815
P07225	P07225				1.08368e+08
P07237	P07237				3.26386e+07
P07307;P07307-2;P07307-3	P07307;P07307-3;P07307-2				230998
P07311	P07311				1.63268e+06
P07333	P07333;P07333-2				1.31382e+08
P07339	P07339				2.21252e+08
P07357	P07357				9.20364e+07
P07358	P07358				5.10021e+07
P07359	P07359				1.80391e+06
P07360	P07360				2.3012e+07
P07477;Q9BYE2;Q9BYE2-2;Q9BYE2-3;Q9BYE2-6	P07477;Q9BYE2;Q9BYE2-2;Q9BYE2-3;Q9BYE2-6				5.70665e+06
P07492	P07492				1.14527e+07
P07585	P07585				8.81106e+07
P07602;P07602-2;P07602-3	P07602;P07602-2;P07602-3				8.98846e+07
P07686	P07686				2.4193e+07
P07711	P07711;P07711-3				3.38507e+07
P07737	P07737				4.87323e+06
P07858	P07858				8.41545e+07
P07900;P07900-2	P07900;P07900-2				1.73927e+06
P07942	P07942				8.89713e+06
P07988	P07988				2.19087e+06
P07996	P07996				1.11159e+07
P07998	P07998				2.87415e+07
P08123	P08123				7.21403e+07
P08174;P08174-2;P08174-3;P08174-4;P08174-5;P08174-6;P08174-7	P08174;P08174-2;P08174-3;P08174-4;P08174-5;P08174-6;P08174-7				6.27451e+07
P08185	P08185				2.47169e+08
P08195;P08195-2;P08195-3;P08195-4;P08195-5	P08195;P08195-4;P08195-2;P08195-3;P08195-5				3.84814e+07
P08236;P08236-3	P08236;P08236-3				1.46194e+06
P08238;Q58FF7	P08238;Q58FF7				453317
P08253	P08253;P08253-2;P08253-3				5.11731e+07
P08294	P08294				2.42585e+08
P08476	P08476				270021
P08493;P08493-2	P08493;P08493-2				8.83425e+07
P08571	P08571				7.00658e+08
P08572	P08572				8.83395e+06
P08581;P08581-2	P08581;P08581-2				2.53447e+06
P08582	P08582;P08582-2				1.93521e+06
P08603	P08603				5.79087e+08
P08637	P08637				3.45672e+07
P08670	P08670;P17661				6.66903e+06
P08697	P08697;P08697-2				5.43205e+08
P08709;P08709-2	P08709;P08709-2				332398
P08758	P08758				6.298e+06
P08949;P08949-2	P08949;P08949-2				30407.9
P09104	P09104;P09104-2				2.22323e+07
P09211	P09211				9.23572e+06
P09382	P09382				4.19508e+07
P09417;P09417-2	P09417;P09417-2				3.36817e+07
P09455;P09455-2;P09455-3	P09455;P09455-2;P09455-3				1.15285e+06
P09486	P09486				1.1716e+08
P09603	P09603				6.97105e+07
P09619	P09619;P09619-2				2.42904e+07
P09622;P09622-3	P09622;P09622-2;P09622-3				1.04702e+07
P09668	P09668				7.76752e+07
P09871	P09871				1.66215e+08
P09936	P09936				5.24244e+06
P09958	P09958				2.40991e+06
P09960;P09960-4	P09960;P09960-2;P09960-3;P09960-4				2.96348e+06
P09972	P09972				5.31167e+07
P0C0L4;P0C0L4-2	P0C0L4;P0C0L4-2				8.36611e+07
P0C0L5	P0C0L4;P0C0L5;P0C0L4-2				1.02574e+09
P0C6S8	P0C6S8				5.48917e+06
P0CF74	P0CF74				950956
P0CG47;P0CG48;P62979;P62987	P0CG47;P0CG48;P62979;P62987				3.29817e+08
P0DJI8;P0DJI9	P0DJI8;P0DJI9;P0DJI9-2				1.35036e+07
P0DMQ5	P0DMQ5				2.66118e+07
P0DMV8;P0DMV8-2;P0DMV9	P0DMV8;P0DMV9;P0DMV8-2				4.31534e+06
P0DOX2	P01876;P01877;P01876-1;P01877-1;P0DOX2				3.66837e+09
P0DOX3	P0DOX3				2.83561e+07
P0DOX5	P0DOX5				2.4457e+09
P0DOX7	P0DOX7				1.17312e+08
P0DOY3	P0DOY2;P0DOY3				3.29511e+09
P0DP23;P0DP24;P0DP25	P0DP23;P0DP24;P0DP25;P27482				2.68112e+06
P0DP58	P0DP58				3.23882e+08
P0DPH7;P0DPH7-2;P0DPH8;P68363;P68363-2;P68366;P68366-2;Q6PEY2;Q71U36;Q71U36-2;Q9BQE3	P0DPH7;P0DPH8;P68363;P68366;Q6PEY2;Q71U36;Q9BQE3;P0DPH7-2;P68363-2;P68366-2;Q71U36-2				997847
P0DTE1	P0DTE1				1.34133e+07
P10124	P10124				1.81611e+07
P10153	P10153				3.06828e+07
P10253	P10253				1.37605e+07
P10321;P10321-2	P10321;P10321-2				717477
P10451-3	P10451;P10451-3;P10451-4;P10451-5				6.2017e+08
P10451-5	P10451;P10451-4;P10451-5				1.52587e+07
P10451;P10451-4	P10451;P10451-4				2.65885e+06
P10586;P10586-2	P10586;P23468;P10586-2;P23468-3;P23468-4;P23468-5;P23468-6;P23468-7				1.72398e+07
P10599	P10599;P10599-2				2.68191e+07
P10619;P10619-2	P10619;P10619-2				2.59767e+06
P10636;P10636-2;P10636-3;P10636-4;P10636-5;P10636-6;P10636-7;P10636-8;P10636-9	P10636;P10636-8;P10636-6;P10636-2;P10636-3;P10636-4;P10636-5;P10636-7;P10636-9				1.48542e+06
P10643	P10643				1.18559e+08
P10644;P10644-2	P10644;P10644-2				1.56215e+06
P10645	P10645				8.89925e+08
P10721;P10721-2	P10721;P10721-2				1.84962e+07
P10745	P10745				4.18065e+06
P10768	P10768				2.40949e+06
P10909-6	P10909;P10909-4;P10909-6;P10909-2;P10909-3;P10909-5				8.22783e+09
P11021	P11021				1.33893e+07
P11047	P11047				1.19563e+07
P11117	P11117				1.13774e+07
P11137;P11137-3	P11137;P11137-3				161178
P11142	P11142				1.66637e+07
P11215;P11215-2	P11215;P11215-2				359519
P11279	P11279;P11279-2				1.74283e+07
P11362-16	P11362;P11362-10;P11362-11;P11362-16;P11362-2;P11362-20;P11362-3;P11362-4;P11362-8;P11362-9				2.49213e+06
P11362-21;P11362-7	P11362;P11362-10;P11362-11;P11362-12;P11362-13;P11362-14;P11362-16;P11362-18;P11362-19;P11362-2;P11362-20;P11362-21;P11362-3;P11362-4;P11362-5;P11362-6;P11362-7;P11362-8;P11362-9				9.62197e+07
P11464-4	P11464-4				1.4322e+07
P11597;P11597-2	P11597;P11597-2				3.38694e+06
P11717	P11717				5.55515e+06
P12107;P12107-2;P12107-3;P12107-4	P12107;P12107-2;P12107-3;P12107-4				1.31623e+06
P12109	P12109				2.08872e+08
P12110	P12110;P12110-2;P12110-3				8.33541e+06
P12111	P12111;P12111-2;P12111-4				2.2671e+07
P12111-4	P12111-4				3.2506e+06
P12259	P12259				3.72786e+07
P12277	P06732;P12277				9.94673e+06
P12314;Q92637;Q92637-3	P12314;Q92637;Q92637-3				2.34404e+07
P12318;P12318-2	P12318;P31994;P31995;P12318-2;P31994-2;P31994-3;P31994-4;P31994-5;P31995-2;P31995-3;P31995-4				1.01249e+07
P12821;P12821-2	P12821;P12821-3;P12821-2;P12821-4				1.02824e+07
P12830;P12830-2	P12830;P12830-2				5.76642e+06
P12955	P12955;P12955-2				4.26518e+06
P13284	P13284				4.10562e+06
P13473;P13473-2;P13473-3	P13473;P13473-2;P13473-3				1.48853e+08
P13497;P13497-2;P13497-3;P13497-4;P13497-5;P13497-6	P13497;P13497-2;P13497-3;P13497-4;P13497-5;P13497-6				3.44432e+06
P13521	P13521				1.74053e+08
P13591	P13591;P13591-1;P13591-3;P13591-4;P13591-5;P13591-6				4.42224e+08
P13591-3	P13591-1;P13591-3;P13591-4				1.8287e+08
P13598	P13598				1.29753e+07
P13611;P13611-5	P13611;P13611-2;P13611-3;P13611-4;P13611-5				7.85173e+07
P13637;P13637-2;P13637-3	P13637;P13637-2;P13637-3				4.4129e+06
P13645	P13645				1.24433e+07
P13647	P13647				745569
P13667	P13667				3.58573e+06
P13671	P13671				4.18102e+07
P13693	P13693;Q9HAU6;P13693-2				3.21701e+06
P13796	P13796				9.27704e+06
P13797;P13797-2;P13797-3	P13797;P13797-2;P13797-3				346999
P13987;P13987-2	P13987;P13987-2				1.17485e+08
P14136	P14136				5.74979e+06
P14138;P14138-2;P14138-3	P14138;P14138-2;P14138-3				6.70449e+06
P14151;P14151-2	P14151;P14151-2				7.63415e+06
P14174	P14174				3.57353e+07
P14207	P14207				1.24629e+07
P14209	P14209;P14209-3				4.08341e+06
P14314-2	P14314;P14314-2				1.60011e+07
P14384	P14384				4.88929e+06
P14415	P14415				1.28191e+07
P14543	P14543;P14543-2				5.32574e+07
P14550	P14550				1.07748e+06
P14618-2	P14618;P14618-2;P14618-3				1.10032e+08
P14618;P14618-3	P14618;P14618-3				584975
P14621	P14621				5.69703e+06
P14625	P14625				8.92126e+06
P14778	P14778				142099
P15086	P15085;P15086				3.39786e+06
P15090	P15090				6.0633e+06
P15121	P15121				2.68093e+06
P15144	P15144				4.1657e+06
P15151;P15151-2;P15151-3;P15151-4	P15151;P15151-2;P15151-3;P15151-4				1.44954e+07
P15169	P15169				1.11966e+07
P15259	P15259				1.18464e+06
P15289;P15289-2	P15289;P15289-2				7.35196e+06
P15291;P15291-2	P15291;P15291-2				1.11939e+07
P15328	P15328				3.18998e+06
P15502-1;P15502-2;P15502-4;P15502-5	P15502-1;P15502-2;P15502-4;P15502-5				3.52251e+06
P15531;P15531-2	P15531;P15531-2				1.29579e+06
P15586	P15586;P15586-2				5.93953e+06
P15848;P15848-2	P15848;P15848-2				258036
P15907	P15907				1.95955e+06
P16035	P16035				1.37232e+08
P16070;P16070-10;P16070-11;P16070-12;P16070-13;P16070-14;P16070-15;P16070-16;P16070-17;P16070-18;P16070-3;P16070-4;P16070-5;P16070-6;P16070-7;P16070-8;P16070-9	P16070;P16070-10;P16070-11;P16070-12;P16070-13;P16070-14;P16070-15;P16070-16;P16070-17;P16070-18;P16070-3;P16070-4;P16070-5;P16070-6;P16070-7;P16070-8;P16070-9				2.90346e+08
P16083	P16083				1.87765e+06
P16112;P16112-2	P16112;P16112-2;P16112-3				5.91445e+06
P16152	P16152				6.88656e+06
P16278;P16278-3	P16278;P16278-3				2.02351e+06
P16519;P16519-2;P16519-3	P16519;P16519-2;P16519-3				1.88485e+07
P16870;P16870-2	P16870;P16870-2				2.10711e+08
P16930	P16930				3.04988e+06
P16949	P16949;P16949-2				1.06974e+07
P17050	P17050				3.65048e+06
P17066	P17066;P48741				8.63028e+06
P17174	P17174				3.12736e+07
P17302	P17302				3.09606e+06
P17405;P17405-4	P17405;P17405-4				1.35487e+06
P17600;P17600-2	P17600;P17600-2				1.74154e+06
P17677;P17677-2	P17677;P17677-2				7.04597e+06
P17813;P17813-2	P17813;P17813-2				3.0744e+06
P17900	P17900				1.24095e+08
P17931	P17931				5.12858e+06
P17936;P17936-2	P17936;P17936-2				1.5158e+07
P18065	P18065				2.56044e+08
P18075	P18075				562408
P18206;P18206-2	P18206;P18206-2				5.39358e+06
P18428	P18428				1.50701e+07
P18669	P15259;P18669				1.99559e+07
P19021;P19021-5;P19021-6	P19021;P19021-3;P19021-4;P19021-2;P19021-5;P19021-6				1.17122e+08
P19022	P19022;P19022-2				1.79482e+08
P19256;P19256-2;P19256-3	P19256;P19256-2;P19256-3				1.92616e+06
P19320	P19320;P19320-2;P19320-3				3.05286e+07
P19367;P19367-2;P19367-3;P19367-4	P19367;P19367-2;P19367-3;P19367-4				6.6242e+06
P19526	P19526				7.08952e+06
P19652	P19652				5.6007e+09
P19823	P19823				1.68585e+08
P19827	P19827;P19827-2				6.19286e+07
P19835	P19835				911060
P19961	P04746;P0DTE7;P0DTE8;P0DUB6;P19961;P19961-2;P04746-2				2.46635e+06
P20036	P20036				964715
P20062	P20062				5.30461e+07
P20138;P20138-2	P20138;P20138-2				1.62966e+06
P20366;P20366-2	P20366;P20366-2;P20366-3;P20366-4				4.9835e+07
P20396	P20396				983338
P20472	P20472				2.78958e+07
P20618	P20618				1.71325e+07
P20742	P20742				918757
P20774	P20774				2.9487e+08
P20827	P20827;P20827-2				4.52494e+07
P20908;P20908-2	P20908;P20908-2				2.49752e+06
P20916;P20916-2;P20916-3	P20916;P20916-2;P20916-3				1.54165e+07
P20933	P20933				1.17214e+08
P21246	P21246				7.44864e+06
P21333;P21333-2	P21333;P21333-2				2.03356e+07
P21554	P21554				5.23811e+06
P21579	P21579				2.84972e+06
P21589;P21589-2	P21589;P21589-2				821117
P21802;P21802-16;P21802-2;P21802-5;P21802-6;P21802-8	P21802;P21802-3;P21802-15;P21802-16;P21802-17;P21802-18;P21802-19;P21802-2;P21802-20;P21802-21;P21802-22;P21802-4;P21802-5;P21802-6;P21802-8				1.8968e+07
P21810	P21810				5.0447e+07
P21860;P21860-4	P21860;P21860-4				1.28586e+06
P21926	P21926				1.16716e+06
P22004	P22004				4.23451e+06
P22061;P22061-2	P22061;P22061-2				2.50121e+07
P22105;P22105-1;P22105-4	P22105;P22105-1;P22105-4				2.11322e+07
P22303	P22303;P22303-2;P22303-3;P22303-4				6.28597e+06
P22304	P22304				6.2936e+07
P22352	P22352				1.11007e+08
P22392-2	P15531;P22392;O60361;P22392-2;P15531-2				8.78742e+06
P22607;P22607-2;P22607-3;P22607-4	P22607;P22607-2;P22607-3;P22607-4				3.46091e+07
P22676	P22676				4.63421e+06
P22692;P22692-2	P22692;P22692-2				1.19263e+08
P22748	P22748				1.14385e+07
P22792	P22792				1.55137e+07
P22794;P22794-2	P22794;P22794-2				586484
P22891;P22891-2	P22891;P22891-2				1.48953e+06
P22897	P22897;P22897-2				6.15316e+06
P23083	P23083;P01743;A0A0C4DH29;A0A0C4DH31;A0A0C4DH33;A0A0J9YVY3;P0DP01				3.5297e+08
P23142	P23142				3.70789e+08
P23142-4	P23142-4				4.45718e+08
P23284	P23284				6.50898e+07
P23381;P23381-2	P23381;P23381-2				1.90679e+06
P23435	P23435				1.8009e+08
P23468	P23468;P23468-2;P23468-3;P23468-4;P23468-5;P23468-6;P23468-7				2.28636e+07
P23468-4	P23468-4;P23468-5;P23468-6;P23468-7				3.9011e+06
P23470;P23470-2	P23470;P23470-2				4.26597e+07
P23471;P23471-2	P23471;P23471-2;P23471-3				6.34437e+07
P23515	P23515				4.08344e+08
P23526;P23526-2	P23526;P23526-2				422973
P23560;P23560-2;P23560-3;P23560-4;P23560-5	P23560;P23560-2;P23560-3;P23560-4;P23560-5				1.6139e+07
P23582	P23582				7.9846e+07
P24043	P24043				2.1166e+07
P24158	P24158				375367
P24347	P24347				2.04072e+07
P24592	P24592				4.9027e+08
P24593	P24593				3.79607e+07
P24666;P24666-2;P24666-3	P24666;P24666-2;P24666-3;P24666-4				6.88859e+06
P24821;P24821-2;P24821-3;P24821-4;P24821-5;P24821-6	P24821;P24821-2;P24821-3;P24821-4;P24821-5;P24821-6				3.65302e+06
P25189;P25189-2	P25189;P25189-2				6.09856e+06
P25311	P25311				5.04607e+08
P25713	P25713				7.29914e+06
P25774	P25774;P25774-2				1.27642e+07
P25788;P25788-2	P25788;P25788-2				426752
P26022	P26022				520353
P26038	P26038				9.97683e+06
P26447	P26447				1.30323e+06
P26572	P26572				1.46717e+07
P26641;P26641-2	P26641;P26641-2				1.48308e+06
P26927	P26927;Q2TV78;Q2TV78-2				3.02442e+06
P26992	P26992				2.87901e+07
P27169	P27169				4.91098e+07
P27487	P27487				1.41377e+06
P27658	P27658				1.50677e+06
P27797	P27797				5.99011e+07
P27824;P27824-2	P27824;P27824-2;P27824-3				1.31016e+07
P28072	P28072				997069
P28074;P28074-2	P28074;P28074-2				438411
P28161;P28161-2	P28161;P28161-2				560199
P28482;P28482-2	P28482;P28482-2				757399
P28799;P28799-2;P28799-3	P28799;P28799-2;P28799-3				1.29157e+06
P28827;P28827-2	P28827;P28827-2				2.69018e+06
P28838;P28838-2	P28838;P28838-2				350895
P29120;P29120-2	P29120;P29120-2				2.17981e+07
P29218;P29218-3	P29218;P29218-3;P29218-2				1.29151e+07
P29279;P29279-2	P29279;P29279-2				1.0248e+06
P29323;P29323-2;P29323-3	P29323;P29323-3;P29323-2				3.54869e+06
P29401;P29401-2	P29401;P29401-2				2.68663e+06
P29622	P29622				5.40137e+07
P29966	P29966				1.86225e+07
P30041	P30041				5.53933e+06
P30044;P30044-2	P30044;P30044-2;P30044-3				732341
P30048;P30048-2	P30048;P30048-2				1.09821e+06
P30086	P30086				9.28072e+07
P30101	P30101				1.16011e+07
P30530;P30530-2	P30530;P30530-2				4.63512e+07
P30740	P30740				5.27385e+06
P31146	P31146				5.03322e+06
P31150	P31150				1.75775e+07
P31151;Q86SG5	P31151;Q86SG5				63655.7
P31153;P31153-2	P31153;P31153-2				2.86333e+07
P31937	P31937				1.13651e+06
P31946;P31946-2	P31946;P31946-2				7.28703e+06
P31948;P31948-2;P31948-3	P31948;P31948-2;P31948-3				420579
P31949	P31949				6.75706e+06
P32004;P32004-2;P32004-3	P32004;P32004-2;P32004-3				4.11878e+07
P32119	P32119				1.22587e+07
P33151	P33151;P33151-2				4.10275e+07
P33908	P33908				7.14913e+07
P34059	P34059				1.2878e+07
P34096	P34096				1.64343e+07
P34741	P34741				4.0145e+06
P34932	P34932				982563
P34949	P34949;P34949-2				1.54343e+06
P35030;P35030-2;P35030-3;P35030-4;P35030-5	P35030;P35030-2;P35030-3;P35030-4;P35030-5				5.63522e+06
P35052	P35052				2.28147e+07
P35080	P35080				775558
P35237	P35237;P50452;P50452-2				4.96845e+06
P35318	P35318				1.02862e+07
P35442	P07996;P35442;P07996-2				2.05164e+07
P35443	P35443				9.242e+06
P35475	P35475;P35475-2				596444
P35527	P35527				2.13329e+07
P35542	P35542				3.85728e+08
P35555	P35555				9.23518e+06
P35590	P35590;P35590-2;P35590-3				6.63245e+06
P35613;P35613-2	P35613;P35613-2;P35613-3;P35613-4				1.99029e+07
P35754	P35754				4.82679e+06
P35858;P35858-2	P35858;P35858-2				1.06678e+07
P35908	P35908				2.7986e+06
P36222	P36222				4.01578e+08
P36269;P36269-2;P36269-3	P36269;P36269-2;P36269-3				836065
P36871	P36871;P36871-2;P36871-3				1.31797e+07
P36888;P36888-2	P36888;P36888-2				917913
P36955	P36955				2.06129e+09
P36957	P36957;P36957-2				2.57419e+08
P36980	P36980				1.39004e+08
P37173;P37173-2	P37173;P37173-2				5.75166e+06
P37235;P61601;P84074	P37235;P61601;P84074				821146
P37837;P37837-2	P37837;P37837-2				7.42776e+07
P37840;P37840-2	P37840;P37840-2				665748
P38571;P38571-2	P38571;P38571-2				6.38282e+06
P39059	P39059				1.37821e+07
P39060;P39060-1;P39060-2	P39060;P39060-1;P39060-2				8.98371e+07
P40189	P40189;P40189-2;P40189-3				2.6367e+07
P40925;P40925-3	P40925;P40925-3				4.973e+07
P40926	P40926;P40926-2				6.3273e+06
P40967;P40967-2;P40967-4;P40967-5	P40967;P40967-2;P40967-4;P40967-5				1.08034e+06
P41217;P41217-2;P41217-3	P41217;P41217-2;P41217-3				8.83427e+06
P41222	P41222				1.57117e+09
P41271;P41271-2	P41271;P41271-2				3.11899e+08
P42262;P42262-2;P42262-3;P42262-4	P42262;P42262-2;P42262-3;P42262-4				2.49723e+06
P42658;P42658-2	P42658;P42658-2				1.97776e+07
P42702	P42702				128060
P42785	P42785;P42785-2				4.59454e+07
P42857;P42857-2	P42857;P42857-2				4.2056e+06
P43004;P43004-2;P43004-3	P43004;P43004-2;P43004-3				1.53601e+06
P43121	P43121;P43121-2				6.0274e+07
P43146	P43146				2.14836e+07
P43234	P43234				6.93276e+06
P43251;P43251-2;P43251-3;P43251-4	P43251;P43251-2;P43251-3;P43251-4				1.45082e+08
P43652	P43652				6.21922e+08
P45877	P45877				2.34559e+07
P46013;P46013-2	P46013;P46013-2				1.21629e+06
P46459	P46459				4.49619e+06
P47972	P47972				3.01188e+07
P48058;P48058-2	P48058;P48058-2				3.54828e+07
P48061;P48061-2;P48061-3;P48061-4;P48061-5;P48061-6	P48061;P48061-2;P48061-3;P48061-4;P48061-5;P48061-6				2.24819e+07
P48147	P48147				3.80893e+06
P48539	P48539				1.41615e+07
P48551;P48551-2;P48551-3	P48551;P48551-2;P48551-3				2.40788e+06
P48637	P48637				6.7104e+06
P48723	P48723				9.49943e+06
P48740-2;P48740-4	P48740-2;P48740-4				1.38512e+07
P48740-3	P48740-3				1.3955e+07
P49257	P49257				1.74986e+07
P49418;P49418-2	P49418;P49418-2				3.05966e+06
P49588;P49588-2	P49588;P49588-2				189533
P49641	P49641;P49641-1;P49641-2				4.28072e+07
P49747;P49747-2	P49747;P49747-2				9.08527e+06
P49908	P49908				3.3522e+07
P50238	P50238				8.28034e+06
P50281	P50281				3.1958e+06
P50395;P50395-2	P50395;P50395-2				4.35671e+06
P50502;Q8NFI4	P50502;Q8NFI4				3.32837e+06
P50750-2	P50750-2				2.81896e+06
P50895	P50895				4.20617e+06
P50897	P50897;P50897-2				3.11747e+06
P50993	P50993				3.08207e+06
P51512;P51512-2	P51512;P51512-2				5.75594e+06
P51688	P51688				369895
P51693	P51693;P51693-2				1.17818e+09
P51693-2	P51693-2				2.60957e+07
P51805	P51805				676929
P51884	P51884				1.7412e+08
P51888	P51888				4.2371e+07
P52209;P52209-2	P52209;P52209-2				159086
P52566	P52566				1.29459e+06
P52758	P52758				1.41059e+06
P52797	P52797				2.03188e+06
P52799	P52799				6.80321e+06
P52803	P52803				2.34302e+07
P52848;P52848-3	P52848;P52848-3;P52848-2				2.00811e+06
P52943;P52943-2	P52943;P52943-2				388687
P53041	P53041				1.61422e+07
P53634	P53634				1.60354e+07
P54108;P54108-2;P54108-3	P54108;P54108-2;P54108-3				1.88274e+07
P54253	P54253				2.6618e+09
P54289-2;P54289-3	P54289;P54289-2;P54289-3;P54289-4;P54289-5				1.42824e+08
P54725;P54725-2;P54725-3	P54725;P54727;P54725-2;P54725-3				3.46894e+06
P54756;P54756-2	P54756;P54756-2				416582
P54764	P54764;P54764-2				6.71835e+07
P54802	P54802				1.49244e+07
P54826	P54826				2.88073e+06
P55058	P55058;P55058-2;P55058-3;P55058-4				3.65052e+08
P55083;P55083-2	P55083;P55083-2				1.87129e+07
P55087;P55087-2	P55087;P55087-2				1.05905e+07
P55103	P55103				1.30099e+06
P55107	P55107				1.15933e+06
P55268	P55268				1.00607e+07
P55283;P55283-2	P55283;P55283-2				1.67319e+07
P55285;P55285-2	P55285;P55285-2				1.85891e+07
P55286	P55286				8.02397e+06
P55287;P55287-2	P55287;P55287-2				9.29854e+06
P55290;P55290-4	P55290;P55290-2;P55290-3;P55290-4;P55290-5				1.94446e+08
P55291	P55291				2.18339e+07
P55774	P55774				1.38351e+06
P55786	P55786;P55786-2				7.56954e+06
P55899	P55899				446066
P55957;P55957-2	P55957;P55957-2;P55957-4				5.23276e+06
P56159;P56159-2	P56159;P56159-2				5.47254e+06
P56817;P56817-2	P56817;P56817-2;P56817-3;P56817-4;P56817-5;P56817-6				6.25661e+06
P57087;P57087-2;P57087-3	P57087;P57087-2;P57087-3				4.99202e+06
P58215	P58215				1.63523e+06
P58400	P58400;P58400-1				7.71214e+06
P58401	P58401				8.65188e+06
P58417	O95156;P58417				9.22413e+07
P60174;P60174-3	P60174;P60174-3;P60174-4				5.05638e+07
P60520	O95166;P60520;Q9H0R8;Q9H0R8-2				3.10039e+06
P60709;P63261	P60709;P63261				1.19078e+08
P60900;P60900-2	P60900;P60900-2				458272
P60983	P60983				1.35995e+06
P61018;P61018-2	P61018;P61018-2				1.43121e+06
P61088	P61088				3.09278e+06
P61106	P61106				2.19372e+06
P61204;P61204-2;P84077	P61204;P84077;P84085;P61204-2				708091
P61266;P61266-2	P61266;Q16623;P61266-2;Q16623-2;Q16623-3				1.14302e+06
P61278	P61278				7.43377e+07
P61604	P61604				1.77113e+06
P61626	P61626				8.63952e+07
P61769	P61769				2.66792e+09
P61812;P61812-2	P61812;P61812-2				146142
P61916	P61916;P61916-2				1.71134e+08
P61970	P61970				4.88325e+06
P61981	P61981				1.29521e+08
P62258;P62258-2	P62258;P62258-2				1.68863e+07
P62328	P62328;P63313				2.32595e+07
P62873;P62873-2;P62879;P62879-2;Q9HAV0	P62873;P62879;Q9HAV0;P62873-2;P62879-2				1.74483e+06
P62913;P62913-2	P62913;P62913-2				3.40215e+07
P62937	P62937				1.01249e+07
P62942	P62942				5.13464e+06
P62993	P62993;P62993-2				4.47799e+06
P63010;P63010-2;P63010-3	P63010;P63010-2;Q10567;Q10567-3;P63010-3;Q10567-2;Q10567-4				1.04193e+07
P63104	P63104;P63104-2				8.60819e+06
P63208;P63208-2	P63208;P63208-2				7.71707e+06
P63241;P63241-2;Q6IS14;Q9GZV4	P63241;Q9GZV4;Q6IS14;P63241-2				49984.1
P63302	P63302				1.4619e+06
P68032;P68133	P62736;P63267;P68032;P68133				5.56868e+06
P68036;P68036-2;P68036-3	P68036;A0A1B0GUS4;P68036-2;P68036-3				4.18783e+06
P68104;Q05639;Q5VTE0	P68104;Q05639;Q5VTE0				397269
P68402	P68402				346118
P68871	P02042;P68871				3.66429e+07
P69849;Q15155;Q5JPE7;Q5JPE7-2	P69849;Q15155;Q5JPE7;Q5JPE7-2;Q5JPE7-3				1.71876e+06
P69905	P69905				4.00098e+07
P78310;P78310-2;P78310-5;P78310-6;P78310-7	P78310;P78310-2;P78310-4;P78310-5;P78310-6;P78310-7				2.01147e+06
P78324;P78324-2	P78324;Q9P1W8;Q5TFQ8;P78324-2;P78324-4;Q9P1W8-2;Q9P1W8-3;Q9P1W8-4				1.23645e+08
P78333	P78333				3.25981e+06
P78417;P78417-3	P78417;P78417-3				7.29597e+06
P78504	P78504				4.53666e+06
P78509;P78509-2	P78509;P78509-2;P78509-3				6.01434e+07
P78536;P78536-2	P78536;P78536-2				1.72488e+06
P78539;P78539-2;P78539-3;P78539-5	P78539;P78539-2;P78539-3;P78539-4;P78539-5				8.21029e+06
P80108	P80108				3.29302e+07
P80188;P80188-2	P80188;P80188-2				6.05995e+06
P80303;P80303-2	P80303;P80303-2				8.69603e+06
P80723	P80723;P80723-2				1.13242e+07
P80748	P80748				2.04522e+08
P82987;P82987-2	P82987;P82987-2				1.01909e+06
P84157	P84157				478966
P98095;P98095-2	P98095;P98095-2				2.25974e+07
P98153;P98153-2;P98153-3	P98153;P98153-2;P98153-3				5.152e+06
P98155;P98155-2	P98155;P98155-2				1.46571e+06
P98160	P98160				7.29135e+08
P98164	P98164				4.38408e+06
P98172	P98172				2.06452e+06
P98173;P98173-2;P98173-3	P98173;P98173-2;P98173-3				894747
P99999	P99999				1.20464e+07
Q00973	Q00973;Q00973-2;Q00973-3				9.08763e+06
Q01459	Q01459				2.95112e+07
Q01469	Q01469				885945
Q01973;Q01973-3;Q01974	Q01973;Q01974;Q01973-3				1.09128e+06
Q01995	Q01995				2.5948e+07
Q02246	Q02246				1.19791e+08
Q02487;Q02487-2	Q02487;Q02487-2				1.31231e+07
Q02790	Q02790				392926
Q02809;Q02809-2	Q02809;Q02809-2				8.60057e+06
Q02818	Q02818				1.05078e+08
Q02985;Q02985-2	Q02985;Q92496;Q02985-2;Q92496-2;Q92496-3				1.30009e+07
Q03167;Q03167-2	Q03167;Q03167-2				2.61311e+07
Q04721	Q04721				4.97509e+06
Q04756	Q04756				4.3003e+06
Q04760;Q04760-2	Q04760;Q04760-2				7.28772e+06
Q04917	Q04917				2.49447e+06
Q05707;Q05707-2	Q05707;Q05707-2;Q05707-3				9.03054e+06
Q05996;Q05996-2	Q05996;Q05996-2				5.30961e+06
Q06033;Q06033-2	Q06033;Q06033-2				1.56048e+07
Q06418	Q06418				2.19555e+07
Q06481	Q06481;Q06481-3;Q06481-6				1.32079e+08
Q06828	Q06828				1.01122e+08
Q06830	Q06830				2.80736e+07
Q07092;Q07092-2	Q07092;Q07092-2				3.42486e+06
Q07954	Q07954				2.90888e+07
Q08043	Q08043				1.7464e+06
Q08174-2	Q08174;Q08174-2				1.56079e+07
Q08209;Q08209-2;Q08209-3;Q08209-5	Q08209;Q08209-2;Q08209-3;Q08209-5				1.66638e+06
Q08345;Q08345-5	Q08345;Q08345-2;Q08345-4;Q08345-5;Q08345-6				4.86496e+07
Q08380	Q08380				2.21854e+08
Q08397	Q08397				1.42955e+06
Q08431;Q08431-4	Q08431;Q08431-3;Q08431-4				1.03393e+07
Q08554;Q08554-2	Q08554;Q08554-2				5.33959e+06
Q08629	Q08629				2.84395e+07
Q08ET2	O15389;Q08ET2				1.0622e+07
Q09327	Q09327				2.50784e+06
Q09328	Q09328				3.90592e+06
Q0P6D2	Q0P6D2				1.06836e+07
Q10469	Q10469				7.51476e+06
Q10471	Q10471				9.45858e+06
Q10472	Q10472				8.62573e+06
Q10588	Q10588;Q10588-2				4.24771e+06
Q12765;Q12765-2;Q12765-3	Q12765;Q12765-2;Q12765-3				1.25904e+06
Q12794;Q12794-2;Q12794-7	Q12794;Q12794-2;Q12794-4;Q12794-7				3.16026e+06
Q12797;Q12797-10	Q12797;Q12797-10				3.65882e+06
Q12805;Q12805-2;Q12805-3;Q12805-4;Q12805-5	Q12805;Q12805-2;Q12805-3;Q12805-4;Q12805-5				8.47226e+08
Q12841;Q12841-2	Q12841;Q12841-2				1.51995e+07
Q12860	Q12860;Q12860-2				2.54377e+08
Q12866	Q12866				6.01684e+06
Q12907	Q12907				1.39795e+08
Q12913;Q12913-3	Q12913;Q12913-2;Q12913-3				2.99434e+06
Q13093	Q13093				640436
Q13145	Q13145				837502
Q13214;Q13214-2	Q13214;Q13214-2				4.15316e+06
Q13217	Q13217				3.13042e+06
Q13228;Q13228-4	Q13228;Q13228-2;Q13228-3;Q13228-4				6.41861e+07
Q13231;Q13231-2;Q13231-3	Q13231;Q13231-2;Q13231-3;Q13231-4				2.84194e+06
Q13232	Q13232				3.13065e+06
Q13275;Q13275-2	Q13275;Q13275-2				3.89988e+06
Q13308;Q13308-2;Q13308-3;Q13308-4;Q13308-5;Q13308-6	Q13308;Q13308-2;Q13308-3;Q13308-4;Q13308-5;Q13308-6				2.96146e+06
Q13332-2;Q13332-6	Q13332;Q13332-2;Q13332-3;Q13332-4;Q13332-5;Q13332-6;Q13332-7				3.19175e+07
Q13421-2;Q13421-3;Q13421-4	Q13421;Q13421-2;Q13421-3;Q13421-4				5.74109e+06
Q13433	Q13433				1.2418e+06
Q13443;Q13443-2	Q13443;Q13443-2				1.21418e+07
Q13444;Q13444-10;Q13444-12;Q13444-2;Q13444-3;Q13444-4;Q13444-5;Q13444-6;Q13444-7;Q13444-8;Q13444-9	Q13444;Q13444-2;Q13444-10;Q13444-11;Q13444-12;Q13444-3;Q13444-4;Q13444-5;Q13444-6;Q13444-7;Q13444-8;Q13444-9				1.48652e+06
Q13449	Q13449				1.10323e+09
Q13501;Q13501-2	Q13501;Q13501-2				2.77909e+06
Q13508;Q13508-2;Q13508-3	Q13508;Q13508-2;Q13508-3				2.29489e+07
Q13510;Q13510-2	Q13510;Q13510-2;Q13510-3				3.7575e+07
Q13519;Q13519-2	Q13519;Q13519-2				1.91384e+06
Q13523	Q13523				9.56929e+06
Q13554;Q13554-2;Q13554-3;Q13554-4;Q13554-5;Q13554-7;Q13554-8	Q13554;Q13554-3;Q13554-2;Q13554-4;Q13554-5;Q13554-6;Q13554-7;Q13554-8				1.21283e+07
Q13555;Q13555-10;Q13555-11;Q13555-2;Q13555-3;Q13555-4;Q13555-5;Q13555-6;Q13555-7;Q13555-8;Q13555-9	Q13555;Q13555-5;Q13555-10;Q13555-11;Q13555-2;Q13555-3;Q13555-4;Q13555-6;Q13555-7;Q13555-8;Q13555-9				5.25582e+06
Q13557;Q13557-10;Q13557-11;Q13557-12;Q13557-3;Q13557-4;Q13557-5;Q13557-6;Q13557-8;Q13557-9	Q13557;Q13557-8;Q13557-10;Q13557-11;Q13557-12;Q13557-3;Q13557-4;Q13557-5;Q13557-6;Q13557-9				4.72651e+06
Q13591	Q13591				366447
Q13634;Q13634-2	Q13634;Q13634-2				8.46066e+06
Q13641	Q13641				3.86901e+06
Q13683;Q13683-10;Q13683-3;Q13683-7;Q13683-9	Q13683;Q13683-10;Q13683-13;Q13683-3;Q13683-7;Q13683-9				8.28534e+06
Q13740;Q13740-2	Q13740;Q13740-2;Q13740-3				5.77612e+07
Q13790	Q13790				3.56577e+06
Q13822-3	Q13822;Q13822-3				7.59951e+08
Q13867	Q13867				2.43175e+06
Q14019	Q14019				5.85607e+06
Q14112;Q14112-2	Q14112;Q14112-2				1.32379e+07
Q14114;Q14114-2;Q14114-3;Q14114-4	Q14114;Q14114-3;Q14114-2;Q14114-4				1.98822e+06
Q14118	Q14118				3.40871e+08
Q14126	Q14126				1.12862e+07
Q14165	Q14165				1.2147e+07
Q14213	Q14213				1.04366e+06
Q14242;Q14242-2	Q14242;Q14242-2				6.97488e+06
Q14257;Q14257-2	Q14257;Q14257-2				3.38576e+06
Q14314	Q14314				2.35173e+07
Q14315;Q14315-2	Q14315;Q14315-2				1.22928e+06
Q14393;Q14393-1;Q14393-3;Q14393-4;Q14393-5	Q14393;Q14393-1;Q14393-3;Q14393-4;Q14393-5				1.47756e+07
Q14515	Q14515;Q14515-2				5.73039e+08
Q14517	Q14517				3.73447e+06
Q14520;Q14520-2	Q14520;Q14520-2				1.96647e+07
Q14563	Q14563				4.34451e+06
Q14566	Q14566				2.5225e+07
Q14574;Q14574-2	Q14574;Q14574-2				5.40542e+06
Q14624	Q14624				3.07699e+08
Q14624-2;Q14624-3;Q14624-4	Q14624-2;Q14624-3;Q14624-4				5.85739e+07
Q14696	Q14696				4.85535e+06
Q14697;Q14697-2	Q14697;Q14697-2				1.71193e+07
Q14766	Q14766;Q14766-2;Q14766-3;Q14766-4;Q14766-5				9.86041e+06
Q14767	Q14767				1.31316e+07
Q14833	Q14833				415003
Q14894	Q14894				5.39521e+06
Q14956;Q14956-2	Q14956;Q14956-2				3.37006e+06
Q14982;Q14982-2;Q14982-3;Q14982-4	Q14982;Q14982-2;Q14982-3;Q14982-4				6.25721e+07
Q14C87	Q14C87;Q14C87-2				1.36708e+07
Q14CZ8	Q14CZ8				6.89717e+06
Q14DG7	Q14DG7;Q14DG7-2				7.40892e+06
Q15063-3;Q15063-5	Q15063;Q15063-2;Q15063-3;Q15063-4;Q15063-5;Q15063-6;Q15063-7				2.16313e+06
Q15084;Q15084-2;Q15084-3;Q15084-4;Q15084-5	Q15084;Q15084-2;Q15084-3;Q15084-4;Q15084-5				7.89326e+06
Q15113	Q15113				4.83426e+07
Q15121;Q15121-2	Q15121;Q15121-2				918724
Q15149;Q15149-2;Q15149-3;Q15149-4;Q15149-5;Q15149-6;Q15149-7;Q15149-8;Q15149-9	Q15149;Q15149-2;Q15149-3;Q15149-4;Q15149-5;Q15149-6;Q15149-7;Q15149-8;Q15149-9				7.8591e+06
Q15165;Q15165-1;Q15165-3	Q15165;Q15165-1;Q15165-3				369192
Q15166	Q15166				3.40766e+07
Q15223;Q15223-2;Q15223-3	Q15223;Q15223-2;Q15223-3				1.70817e+07
Q15256	Q15256;Q15256-5				4.29215e+07
Q15257;Q15257-2;Q15257-3	Q15257;Q15257-2;Q15257-3				2.02098e+06
Q15262;Q15262-2;Q15262-3;Q15262-4	Q15262;Q15262-2;Q15262-3;Q15262-4				7.12515e+06
Q15293;Q15293-2	Q15293;Q15293-2				2.70428e+07
Q15303;Q15303-2;Q15303-3;Q15303-4	Q15303;Q15303-2;Q15303-3;Q15303-4				1.98518e+06
Q15375;Q15375-2;Q15375-4	Q15375;Q15375-2;Q15375-4				4.6216e+06
Q15459;Q15459-2	Q15459;Q15459-2				491645
Q15465	Q15465				2.02222e+06
Q15582	Q15582				5.9068e+07
Q15768	Q15768				5.14856e+06
Q15782;Q15782-5;Q15782-6	Q15782;Q15782-5;Q15782-6				9.87238e+06
Q15818	Q15818				3.28498e+08
Q15819	Q15819				4.30008e+06
Q15828	Q15828				2.42842e+06
Q15846	Q15846				607580
Q15847	Q15847				124022
Q15848	Q15848				9.18241e+06
Q15904	Q15904				3.74356e+08
Q16143	Q16143				2.11541e+06
Q16270	Q16270;Q16270-2				1.05303e+08
Q16288;Q16288-2;Q16288-3;Q16288-4;Q16288-5	Q16288;Q16288-2;Q16288-3;Q16288-4;Q16288-5				1.20887e+07
Q16363;Q16363-2	Q16363;Q16363-2				4.75046e+06
Q16394	Q16394				1.18148e+06
Q16531	Q16531				5.45855e+06
Q16555;Q16555-2	Q16555;Q16555-2				1.14166e+07
Q16568	Q16568				1.38609e+07
Q16581	Q16581				5.74548e+06
Q16610;Q16610-4	Q16610;Q16610-2;Q16610-3;Q16610-4				8.20154e+07
Q16620;Q16620-2;Q16620-3;Q16620-4;Q16620-5;Q16620-6	Q16620;Q16620-2;Q16620-3;Q16620-4;Q16620-5;Q16620-6				6.81893e+06
Q16623;Q16623-2;Q16623-3	Q16623;Q16623-2;Q16623-3				452563
Q16627;Q16627-2	Q16627;Q16627-2				3.76292e+06
Q16651	Q16651				3.70538e+06
Q16653;Q16653-10;Q16653-11;Q16653-13;Q16653-2;Q16653-3;Q16653-5;Q16653-6;Q16653-7;Q16653-8;Q16653-9	Q16653;Q16653-10;Q16653-11;Q16653-13;Q16653-2;Q16653-3;Q16653-5;Q16653-6;Q16653-7;Q16653-8;Q16653-9				2.75067e+07
Q16658	Q16658				2.54447e+06
Q16674	Q16674				1.08691e+07
Q16706	Q16706				1.19418e+07
Q16769	Q16769				6.15833e+07
Q16775;Q16775-2	Q16775;Q16775-2				4.10124e+06
Q16799	Q16799;Q16799-2				3.91006e+06
Q16832	Q16832				3.90066e+06
Q16849	Q16849;Q16849-3;Q16849-2				8.77525e+07
Q16853;Q16853-2	Q16853;Q16853-2				2.46495e+06
Q16880	Q16880				4.55724e+06
Q16881;Q16881-2;Q16881-3;Q16881-4;Q16881-5;Q16881-6;Q16881-7	Q16881;Q16881-4;Q16881-5;Q16881-2;Q16881-3;Q16881-6;Q16881-7				1.78776e+06
Q16891;Q16891-2;Q16891-3;Q16891-4	Q16891;Q16891-2;Q16891-3;Q16891-4				4.06524e+06
Q17RC7	Q17RC7				1.8321e+08
Q24JP5;Q24JP5-2	Q24JP5;Q24JP5-2;Q24JP5-3				5.1405e+07
Q2TAL6	Q2TAL6				1.83186e+06
Q2TBF2;Q2TBF2-2	Q2TBF2;Q2TBF2-2				1.04571e+06
Q2UY09	Q2UY09;Q2UY09-2;Q2UY09-3				1.31193e+06
Q3SYC2;Q3SYC2-2	Q3SYC2;Q3SYC2-2				6.62966e+06
Q495W5;Q495W5-2	Q495W5;Q495W5-2				1.54267e+07
Q4G0I0	Q4G0I0				2.09094e+06
Q4G148;Q4G148-2	Q4G148;Q4G148-2				1.2031e+06
Q4KWH8;Q4KWH8-3;Q4KWH8-4	Q4KWH8;Q4KWH8-3;Q4KWH8-4				1.2815e+07
Q4LDE5	Q4LDE5				134079
Q504Y0;Q504Y0-2;Q504Y0-3;Q504Y0-4;Q504Y0-5	Q504Y0;Q504Y0-2;Q504Y0-3;Q504Y0-4;Q504Y0-5				251567
Q53EL9;Q53EL9-3	Q53EL9;Q53EL9-2;Q53EL9-3				1.38601e+08
Q53RD9;Q53RD9-2;Q53RD9-4	Q53RD9;Q53RD9-2;Q53RD9-3;Q53RD9-4				2.60795e+07
Q562R1	Q562R1				5.72457e+07
Q58EX2;Q58EX2-2;Q58EX2-3;Q58EX2-4	Q58EX2;Q58EX2-2;Q58EX2-3;Q58EX2-4				2.67612e+06
Q58FF6	Q58FF6				1.7825e+06
Q5BIV9	Q5BIV9				2.35882e+07
Q5BLP8;Q5BLP8-2;Q5BLP8-3	Q5BLP8;Q5BLP8-2;Q5BLP8-3				4.0648e+07
Q5FWE3;Q5FWE3-3	Q5FWE3;Q5FWE3-3				6.96417e+07
Q5IJ48;Q5IJ48-2;Q5IJ48-3	Q5IJ48;Q5IJ48-2;Q5IJ48-3				1.50089e+07
Q5JRA6;Q5JRA6-2	Q5JRA6;Q5JRA6-2				3.47418e+06
Q5JS37;Q5JS37-2	Q5JS37;Q5JS37-2				6.3232e+06
Q5KU26	Q5KU26				3.00853e+07
Q5R3F8	Q5R3F8				4.79797e+06
Q5SGD2;Q5SGD2-2;Q5SGD2-3	Q5SGD2;Q5SGD2-2;Q5SGD2-3				1.51205e+06
Q5SRI9	Q5SRI9				2.97799e+06
Q5SZK8;Q5SZK8-2	Q5SZK8;Q5SZK8-2				2.65237e+06
Q5T848	Q5T848				1.98087e+07
Q5T9L3;Q5T9L3-2	Q5T9L3;Q5T9L3-2				1.43704e+07
Q5VSG8	Q5VSG8				2.25015e+08
Q5VU43;Q5VU43-3;Q5VU43-4	Q5VU43;Q5VU43-3;Q5VU43-4				4.89164e+07
Q5VU97	Q5VU97				1.54272e+07
Q5VUB5	Q5VUB5				3.65586e+06
Q5VV43;Q5VV43-2;Q5VV43-3;Q5VV43-4	Q5VV43;Q5VV43-2;Q5VV43-3;Q5VV43-4				2.31848e+06
Q5VV63	Q5VV63				2.04364e+06
Q5VWW1;Q5VWW1-2;Q5VWW1-3	Q5VWW1;Q5VWW1-2;Q5VWW1-3				4.50118e+06
Q5VY80;Q6H3X3;Q6H3X3-2;Q9BZM5	Q5VY80;Q6H3X3;Q9BZM5;Q6H3X3-2;Q6H3X3-3				3.30376e+06
Q63HQ2;Q63HQ2-2	Q63HQ2;Q63HQ2-2				936090
Q641Q3	Q641Q3;Q641Q3-2				1.52111e+07
Q658N2	Q658N2				5.77145e+06
Q68BL7;Q68BL7-2;Q68BL7-3	Q68BL7;Q68BL7-2;Q68BL7-3				9.07698e+06
Q68D85	Q68D85				2.90535e+06
Q6E0U4;Q6E0U4-16;Q6E0U4-2;Q6E0U4-3;Q6E0U4-4;Q6E0U4-5;Q6E0U4-6;Q6E0U4-7	Q6E0U4;Q6E0U4-16;Q6E0U4-2;Q6E0U4-3;Q6E0U4-4;Q6E0U4-5;Q6E0U4-6;Q6E0U4-7				4.19315e+06
Q6EMK4	Q6EMK4				2.91939e+07
Q6FHJ7	Q6FHJ7				6.89237e+06
Q6IBS0	Q6IBS0				791644
Q6IEE7	Q6IEE7				2.0739e+06
Q6IS24	Q6IS24				1.58247e+07
Q6ISS4;Q6ISS4-2	Q6GTX8;Q6ISS4;Q6GTX8-2;Q6GTX8-3;Q6GTX8-4;Q6ISS4-2				1.05985e+07
Q6MZW2	Q6MZW2;Q6MZW2-2;Q6MZW2-3				4.939e+07
Q6NUJ2	Q6NUJ2				5.53223e+06
Q6NW40	Q6NW40				5.99272e+07
Q6P0Q8;Q6P0Q8-2	Q6P0Q8;Q6P0Q8-2				1.17602e+07
Q6P179;Q6P179-3	Q6P179;Q6P179-2;Q6P179-3;Q6P179-4				3.39651e+06
Q6P4E1;Q6P4E1-5	Q6P4E1;Q6P4E1-2;Q6P4E1-5				5.56987e+06
Q6P9A2	Q6P9A2				5.29681e+06
Q6PCB0	Q6PCB0				7.60404e+06
Q6PUV4	O14810;Q6PUV4				1.44115e+06
Q6RVD6	Q6RVD6				2.75254e+06
Q6UVK1	Q6UVK1				1.11068e+07
Q6UVY6;Q6UVY6-2	Q6UVY6;Q6UVY6-2				3.5797e+06
Q6UW01	Q6UW01				1.67817e+08
Q6UW49	Q6UW49				2.46887e+06
Q6UWH4;Q6UWH4-2	Q6UWH4;Q6UWH4-2;Q6UWH4-3				8.2865e+06
Q6UWP8;Q6UWP8-2	Q6UWP8;Q6UWP8-2				179415
Q6UWR7	Q6UWR7				7.71052e+06
Q6UWY5	Q6UWY5				6.93551e+06
Q6UX15;Q6UX15-2	Q6UX15;Q6UX15-2				1.01024e+07
Q6UX71	Q6UX71;Q6UX71-2				4.85413e+07
Q6UX72	Q6UX72				5.93018e+06
Q6UX73;Q6UX73-2	Q6UX73;Q6UX73-2				6.71303e+07
Q6UXB8	Q6UXB8;Q6UXB8-2				7.12857e+07
Q6UXD5-3;Q6UXD5-5	Q6UXD5;Q6UXD5-2;Q6UXD5-3;Q6UXD5-4;Q6UXD5-5;Q6UXD5-6				1.03184e+08
Q6UXF1;Q6UXF1-2	Q6UXF1;Q6UXF1-2				470701
Q6UXH9;Q6UXH9-2	Q6UXH9;Q6UXH9-2;Q6UXH9-3				3.22532e+06
Q6UXI9;Q6UXI9-3;Q6UXI9-4;Q6UXI9-5;Q6UXI9-6	Q6UXI9;Q6UXI9-2;Q6UXI9-3;Q6UXI9-4;Q6UXI9-5;Q6UXI9-6				2.09684e+06
Q6UXK2	Q6UXK2				6.21897e+07
Q6UXK5	Q6UXK5				3.5977e+06
Q6UXZ4;Q6UXZ4-2	Q6UXZ4;Q6UXZ4-2				3.45265e+06
Q6UY14;Q6UY14-2;Q6UY14-3	Q6UY14;Q6UY14-3;Q6UY14-2				1.88695e+06
Q6YHK3	Q6YHK3;Q6YHK3-2;Q6YHK3-4				1.1583e+07
Q6ZMI3	Q6ZMI3;Q6ZMI3-2				1.93916e+07
Q6ZMP0	Q6ZMP0;Q6ZMP0-2				2.35197e+06
Q6ZN30;Q6ZN30-2	Q6ZN30;Q6ZN30-2				2.87455e+07
Q6ZRI8;Q6ZRI8-2;Q6ZRI8-3;Q6ZRI8-4;Q6ZRI8-5	Q6ZRI8;Q6ZRI8-2;Q6ZRI8-3;Q6ZRI8-4;Q6ZRI8-5				1.67217e+06
Q6ZRP7	Q6ZRP7				5.85314e+06
Q6ZSJ9;Q6ZSJ9-2;Q6ZSJ9-3	Q6ZSJ9;Q6ZSJ9-2;Q6ZSJ9-3				7.85212e+07
Q6ZVL6	Q6ZVL6;Q6ZVL6-2				1.59976e+07
Q76KP1	Q76KP1				4.69228e+06
Q7L014	Q7L014				1.41275e+08
Q7L0X0	Q7L0X0				3.55895e+06
Q7L266;Q7L266-2	Q7L266;Q7L266-2				333461
Q7L985	Q7L985				2.70055e+07
Q7LFX5	Q7LFX5				8.92809e+06
Q7LGC8	Q7LGC8				1.0844e+06
Q7Z304	Q7Z304				2.05065e+06
Q7Z3B1	Q7Z3B1;Q7Z3B1-2				1.93119e+08
Q7Z3D4	Q7Z3D4				1.04937e+06
Q7Z408;Q7Z408-4	Q7Z408;Q7Z408-4				2.25223e+06
Q7Z4R8	Q7Z4R8				5.04571e+06
Q7Z553;Q7Z553-2;Q7Z553-3	Q7Z553;Q7Z553-2;Q7Z553-3				4.88372e+06
Q7Z5A7;Q7Z5A7-2	Q7Z5A7;Q7Z5A7-2;Q7Z5A7-3				2.74642e+07
Q7Z5L0	Q7Z5L0				2.42902e+06
Q7Z5L7;Q7Z5L7-2;Q7Z5L7-3	Q7Z5L7;Q7Z5L7-2;Q7Z5L7-3;Q7Z5L7-4				3.77761e+06
Q7Z5N4;Q7Z5N4-3	Q7Z5N4;Q7Z5N4-3				598607
Q7Z6L0;Q7Z6L0-2;Q7Z6L0-3	Q7Z6L0;Q7Z6L0-2;Q7Z6L0-3				284239
Q7Z7G0;Q7Z7G0-3;Q7Z7G0-4	Q7Z7G0;Q7Z7G0-2;Q7Z7G0-3;Q7Z7G0-4				3.14017e+06
Q7Z7H5;Q7Z7H5-3	Q7Z7H5;Q7Z7H5-2;Q7Z7H5-3				6.74504e+06
Q7Z7M0	Q7Z7M0;Q7Z7M0-2				1.22881e+08
Q86SF2	Q86SF2				1.74311e+07
Q86SR1	Q86SR1;Q86SR1-2;Q86SR1-4				1.32326e+07
Q86TE4;Q86TE4-4	Q86TE4;Q86TE4-4				7.73184e+06
Q86TH1	Q86TH1				6.90641e+06
Q86TY3;Q86TY3-2	Q86TY3;Q86TY3-2				3.07207e+07
Q86UD1	Q86UD1				1.26653e+07
Q86UN2	Q86UN2				1.80468e+07
Q86UN3	Q86UN3				9.26328e+07
Q86UP0;Q86UP0-2	Q86UP0;Q86UP0-2				1.24915e+07
Q86UW8	Q86UW8				5.73606e+06
Q86UX2	Q86UX2;Q86UX2-2;Q86UX2-3				5.16344e+07
Q86V85	Q86V85				1.09715e+06
Q86VB7;Q86VB7-2;Q86VB7-3;Q86VB7-4	Q86VB7;Q86VB7-2;Q86VB7-3;Q86VB7-4				3.16517e+07
Q86VP6;Q86VP6-2	Q86VP6;Q86VP6-2				162425
Q86VR8	Q86VR8				2.64236e+06
Q86VV8;Q86VV8-3	Q86VV8;Q86VV8-2;Q86VV8-4;Q86VV8-3				7.31787e+06
Q86VZ4	Q86VZ4				9.06805e+06
Q86WG3;Q86WG3-3	Q86WG3;Q86WG3-3				523999
Q86X29;Q86X29-2;Q86X29-3;Q86X29-4;Q86X29-5;Q86X29-6	Q86X29;Q86X29-2;Q86X29-3;Q86X29-4;Q86X29-5;Q86X29-6				1.20762e+07
Q86Y38	Q86Y38				9.68073e+06
Q86Y82	Q86Y82				2.94276e+06
Q86YD3;Q86YD3-2;Q86YD3-4;Q86YD3-5	Q86YD3;Q86YD3-2;Q86YD3-3;Q86YD3-4;Q86YD3-5				4.03912e+07
Q86YT9;Q86YT9-2;Q86YT9-3;Q86YT9-4	Q86YT9;Q86YT9-2;Q86YT9-3;Q86YT9-4				3.38666e+06
Q86YZ3	Q86YZ3				1.38245e+06
Q8IUC8	Q10472;Q8IUC8;Q8IUC8-3;Q8IUC8-2				1.13702e+07
Q8IUK5;Q8IUK5-2;Q8IUK5-3	Q8IUK5;Q8IUK5-2;Q8IUK5-3;Q8IUK5-4				1.71481e+07
Q8IUK8	Q8IUK8				3.88209e+07
Q8IUX7	Q8IUX7;Q8IUX7-2				2.759e+07
Q8IV08	Q8IV08				3.69291e+07
Q8IW45;Q8IW45-2;Q8IW45-4	Q8IW45;Q8IW45-2;Q8IW45-4				754072
Q8IW52	Q8IW52				1.52112e+07
Q8IWT1	Q8IWT1				2.98329e+06
Q8IWU2	Q8IWU2				2.39004e+07
Q8IWU5;Q8IWU5-2	Q8IWU5;Q8IWU5-2				5.57057e+07
Q8IWV2	Q8IWV2				1.6886e+07
Q8IWY4	Q8IWY4				5.49718e+06
Q8IXL6	Q8IXL6				1.11756e+07
Q8IYE1	Q8IYE1				2.15381e+08
Q8IYJ0;Q8IYJ0-2	Q8IYJ0;Q8IYJ0-2				1.24546e+08
Q8IYS5-2;Q8IYS5-3;Q8IYS5-6	Q8IYS5;Q8IYS5-2;Q8IYS5-3;Q8IYS5-4;Q8IYS5-5;Q8IYS5-6;Q8IYS5-7				6.79e+06
Q8IZA0;Q8IZA0-2	Q8IZA0;Q8IZA0-2				1.30081e+07
Q8IZF2;Q8IZF2-2;Q8IZF2-3	Q8IZF2;Q8IZF2-2;Q8IZF2-3				609891
Q8IZJ1;Q8IZJ1-2	Q8IZJ1;Q8IZJ1-2				1.55048e+06
Q8IZJ3;Q8IZJ3-2	Q8IZJ3;Q8IZJ3-2				548190
Q8IZP7	Q8IZP7				2.45218e+07
Q8IZS8	Q8IZS8;Q8IZS8-2;Q8IZS8-3				6.38207e+06
Q8IZU9;Q8IZU9-2	Q8IZU9;Q8IZU9-2				333752
Q8N111	Q8N111				1.97572e+06
Q8N114;Q8N114-2	Q8N114;Q8N114-2				5.04359e+07
Q8N126;Q8N126-2	Q8N126;Q8N126-2;Q8N126-3				7.40791e+07
Q8N149;Q8N149-2;Q8N149-3;Q8N149-4	Q8N149;Q8N149-2;Q8N149-3;Q8N149-4				1.23295e+07
Q8N2Q7;Q8N2Q7-2	Q8N2Q7;Q8N2Q7-2				5.35047e+06
Q8N2S1;Q8N2S1-2;Q8N2S1-3	Q8N2S1;Q8N2S1-2;Q8N2S1-3				4.02213e+07
Q8N3G9;Q8N3G9-2;Q8N3G9-3	Q8N3G9;Q8N3G9-2;Q8N3G9-3				1.05694e+06
Q8N3J2	Q8N3J2				1.8029e+07
Q8N3J6;Q8N3J6-2;Q8N3J6-3	Q8N3J6;Q8N3J6-2;Q8N3J6-3;Q8N3J6-4;Q8N3J6-5				1.09441e+07
Q8N3T1	Q8N3T1				1.72569e+06
Q8N3T6	Q8N3T6				6.34471e+06
Q8N428	Q8N428;Q8N428-2				7.94178e+06
Q8N436	Q8N436				4.06317e+06
Q8N474	Q8N474				2.38313e+06
Q8N475;Q8N475-2	Q8N475;Q8N475-2;Q8N475-3				6.19203e+06
Q8N4A0	Q8N4A0				1.02359e+06
Q8N608;Q8N608-2;Q8N608-3;Q8N608-4	Q8N608;Q8N608-2;Q8N608-3;Q8N608-4				4.75667e+06
Q8N6C5;Q8N6C5-2;Q8N6C5-4	Q8N6C5;Q8N6C5-2;Q8N6C5-4				4.06467e+06
Q8N6C8;Q8N6C8-3	O75022;P59901;Q8N423;Q8N6C8;Q6PI73;O75022-2;O75022-3;P59901-2;Q8N423-1;Q8N423-3;Q8N423-4;Q8N6C8-2;Q8N6C8-3				2.36849e+06
Q8N729	Q8N729				1.09383e+06
Q8N8Z6;Q8N8Z6-2	Q8N8Z6;Q8N8Z6-2				2.87548e+07
Q8N967	Q8N967				4.42224e+06
Q8N9I0	Q8N9I0				2.23638e+06
Q8NBI6	Q8NBI6				1.30759e+07
Q8NBJ4;Q8NBJ4-2	Q8NBJ4;Q8NBJ4-2				3.16731e+07
Q8NBJ7;Q8NBJ7-2	Q8NBJ7;Q8NBJ7-2;Q8NBJ7-3				2.47762e+06
Q8NBP7	Q8NBP7				5.18043e+06
Q8NBS9;Q8NBS9-2	Q8NBS9;Q8NBS9-2				1.38942e+06
Q8NCC3	Q8NCC3;Q8NCC3-2				6.40331e+06
Q8NCH0	Q8NCH0				798576
Q8NCL4	Q8NCL4				1.10666e+07
Q8NCW5	Q8NCW5;Q8NCW5-2				1.4087e+07
Q8NDA2;Q8NDA2-2;Q8NDA2-4	Q8NDA2;Q8NDA2-2;Q8NDA2-4				1.27091e+06
Q8NEP3;Q8NEP3-2;Q8NEP3-3	Q8NEP3;Q8NEP3-2;Q8NEP3-3				2.13335e+09
Q8NES3;Q8NES3-3	Q8NES3;Q8NES3-2;Q8NES3-3;Q8NES3-4				3.08579e+07
Q8NEY1;Q8NEY1-2;Q8NEY1-3;Q8NEY1-4;Q8NEY1-6;Q8NEY1-7	Q8NEY1;Q8NEY1-2;Q8NEY1-3;Q8NEY1-4;Q8NEY1-6;Q8NEY1-7				4.81459e+07
Q8NFL0	Q8NFL0				774253
Q8NFP4;Q8NFP4-2	Q8NFP4;Q8NFP4-2				9.98159e+06
Q8NFT8	Q8NFT8				587477
Q8NFY4;Q8NFY4-6	Q8NFY4;Q8NFY4-2;Q8NFY4-3;Q8NFY4-4;Q8NFY4-5;Q8NFY4-6;Q8NFY4-8				1.58393e+07
Q8NFZ4	Q8NFZ4				1.20218e+07
Q8NFZ8	Q8NFZ8				1.91971e+08
Q8NHJ6;Q8NHJ6-2;Q8NHJ6-3	Q8NHJ6;Q8NHJ6-2;Q8NHJ6-3				2.97197e+06
Q8NHL6;Q8NHL6-2;Q8NHL6-3;Q8NHL6-4;Q8NHL6-5	Q8NHL6;Q8NHL6-5;Q8NHL6-2;Q8NHL6-3;Q8NHL6-4				859526
Q8NHP8	Q8NHP8;Q8NHP8-2				1.8584e+07
Q8NHQ9	Q8NHQ9				5.39514e+08
Q8NHS9;Q8NHS9-2	Q8NHS9;Q8NHS9-2				1.22625e+07
Q8TAB3;Q8TAB3-2;Q8TAB3-3	Q8TAB3;Q8TAB3-2;Q8TAB3-3				4.89069e+06
Q8TAG5;Q8TAG5-2	Q8TAG5;Q8TAG5-2				5.58248e+07
Q8TBP5	Q8TBP5				3.16897e+07
Q8TCZ2	Q8TCZ2;Q8TCZ2-2;Q8TCZ2-3;Q8TCZ2-5;Q8TCZ2-6				7.68024e+07
Q8TDF5;Q8TDF5-1;Q8TDF5-2	Q8TDF5;Q8TDF5-1;Q8TDF5-2				2.1906e+06
Q8TDQ0;Q8TDQ0-2	Q8TDQ0;Q8TDQ0-2				6.37801e+06
Q8TDW7;Q8TDW7-1	Q8TDW7;Q8TDW7-1;Q8TDW7-2				1.32499e+06
Q8TEA8	Q8TEA8				6.01868e+06
Q8TER0;Q8TER0-5	Q8TER0;Q8TER0-3;Q8TER0-4;Q8TER0-5				2.2809e+07
Q8TEU8	Q8TEU8				5.15507e+07
Q8WUA8	Q8WUA8				656850
Q8WUJ3	Q8WUJ3;Q8WUJ3-2				1.01006e+07
Q8WVN6	Q8WVN6				7.8614e+06
Q8WVQ1;Q8WVQ1-3	Q8WVQ1;Q8WVQ1-3				1.28052e+07
Q8WWX9	Q8WWX9				6.29012e+06
Q8WX77	Q8WX77				3.85875e+06
Q8WXD2	Q8WXD2				2.53449e+08
Q8WXD2-2	Q8WXD2-2				1.19734e+07
Q8WY21;Q8WY21-2;Q8WY21-3;Q8WY21-4	Q8WY21;Q8WY21-2;Q8WY21-3;Q8WY21-4				8.75174e+07
Q8WYK1	Q8WYK1				3.82867e+06
Q8WZ75;Q8WZ75-2;Q8WZ75-3	Q8WZ75;Q8WZ75-2;Q8WZ75-3				4.09311e+06
Q8WZA1	Q8WZA1;Q8WZA1-2				7.28162e+07
Q92484;Q92484-2	Q92484;Q92484-2				1.23682e+06
Q92485	Q92485;Q92485-2				1.46976e+07
Q92520	Q92520				5.27555e+08
Q92542;Q92542-2	Q92542;Q92542-2				6.10187e+06
Q92563	Q92563				6.03303e+07
Q92581;Q92581-1;Q92581-3	Q92581;Q92581-1;Q92581-3				148100
Q92597;Q92597-2;Q92597-3	Q92597;Q92597-2;Q92597-3				649403
Q92626	Q92626;Q92626-2				820492
Q92673	Q92673				3.38766e+07
Q92686	Q92686				1.39511e+06
Q92692;Q92692-2	Q92692;Q92692-2				2.96332e+06
Q92729;Q92729-2;Q92729-3;Q92729-4	Q92729;Q92729-2;Q92729-3;Q92729-4				4.08664e+06
Q92743	Q92743				1.23525e+07
Q92752	Q92752;Q92752-2				2.00756e+07
Q92765	Q92765				4.55387e+07
Q92820	Q92820				2.65167e+07
Q92823;Q92823-2;Q92823-5	Q92823;Q92823-2;Q92823-3;Q92823-4;Q92823-5;Q92823-6				6.77259e+08
Q92824;Q92824-2	Q92824;Q92824-2				292843
Q92832;Q92832-2	Q92832;Q92832-2				4.30112e+06
Q92854	Q92854;Q92854-2				5.17189e+06
Q92859;Q92859-2;Q92859-3	Q92859;Q92859-2;Q92859-3;Q92859-4				6.71207e+07
Q92876	Q92876;Q92876-2				6.82056e+08
Q92896;Q92896-2;Q92896-3	Q92896;Q92896-2;Q92896-3				4.04106e+06
Q92911	Q92911				2.10977e+06
Q92932;Q92932-3;Q92932-4	Q92932;Q92932-2;Q92932-3;Q92932-4				3.15195e+07
Q92945;Q96AE4;Q96AE4-2	Q92945;Q96AE4;Q96AE4-2				1.21146e+07
Q92954;Q92954-2;Q92954-5;Q92954-6	Q92954;Q92954-2;Q92954-3;Q92954-4;Q92954-5;Q92954-6				1.08767e+07
Q93063;Q93063-3	Q93063;Q93063-2;Q93063-3				2.0733e+06
Q93091	Q93091				6.71841e+06
Q969H8	Q969H8				4.19704e+06
Q969P0;Q969P0-3	Q969P0;Q969P0-3				5.29997e+07
Q969T9	Q969T9;Q969T9-2				1.9515e+07
Q96AP7	Q96AP7				1.12238e+07
Q96AQ1;Q96AQ1-2;Q96LY2;Q96LY2-2	Q96LY2;Q96LY2-2;Q96AQ1;Q96AQ1-2				4.40979e+06
Q96AQ6;Q96AQ6-2	Q96AQ6;Q96AQ6-2;Q96AQ6-3				4.43278e+06
Q96B86;Q96B86-3;Q96B86-4	Q96B86;Q96B86-3;Q96B86-4				4.21908e+07
Q96BY9	Q96BY9				4.52204e+06
Q96BZ4	Q96BZ4				3.96541e+07
Q96C19;Q9BUP0;Q9BUP0-2	Q9BUP0;Q96C19;Q9BUP0-2				1.42794e+06
Q96CG8;Q96CG8-2;Q96CG8-3	Q96CG8;Q96CG8-2;Q96CG8-3				2.95739e+06
Q96CW9;Q96CW9-2	Q96CW9;Q96CW9-2				1.79131e+06
Q96CX2	Q96CX2;Q68DU8				4.06105e+06
Q96DT5	Q96DT5				8.86284e+06
Q96DZ1;Q96DZ1-2;Q96DZ1-3	Q96DZ1;Q96DZ1-2;Q96DZ1-3				692293
Q96EE4	Q96EE4				3.27375e+06
Q96EG1	Q96EG1				2.27204e+06
Q96EK2;Q96EK2-3;Q96EK2-4	Q96EK2;Q96EK2-3;Q96EK2-4				1.7706e+06
Q96EU7	Q96EU7				313004
Q96FE5;Q96FE5-2	Q96FE5;Q96FE5-2				2.15049e+07
Q96FE7-4	Q96FE7;Q96FE7-2;Q96FE7-4;Q96FE7-5				8.42443e+07
Q96FJ2	P63167;Q96FJ2				1.21287e+07
Q96GD0	Q96GD0				2.54499e+06
Q96GW7	Q96GW7;Q96GW7-2				4.37239e+08
Q96HC4;Q96HC4-4;Q96HC4-6;Q96HC4-7	Q96HC4;Q96HC4-4;Q96HC4-6;Q96HC4-7				90552
Q96HD1;Q96HD1-2	Q96HD1;Q96HD1-2				5.6747e+06
Q96HF1	Q96HF1				1.40226e+06
Q96HU1;Q96HU1-2	Q96HU1;Q96HU1-2				6.92091e+06
Q96ID5	Q96ID5				1.02347e+07
Q96IU4	Q96IU4				3.01492e+06
Q96IY4	Q96IY4;Q96IY4-2				4.25889e+07
Q96J42;Q96J42-2	Q96J42;Q96J42-2				1.5685e+06
Q96JA1;Q96JA1-2	Q96JA1;Q96JA1-2				1.52039e+06
Q96JF0	Q96JF0;Q96JF0-2				2.76966e+07
Q96JP9;Q96JP9-2	Q96JP9;Q96JP9-2				791920
Q96JQ0	Q96JQ0				1.95009e+06
Q96KN2	Q96KN2				7.89884e+08
Q96KR4;Q96KR4-3	Q96KR4;Q96KR4-3				2.91451e+06
Q96L96	Q96L96				1.4258e+06
Q96MK3	Q96MK3				717242
Q96MU8;Q96MU8-2;Q96MU8-3	Q96MU8;Q96MU8-2;Q96MU8-3				852894
Q96NU0;Q96NU0-2;Q9BZ76;Q9BZ76-2	Q96NU0;Q9BZ76;Q9BZ76-2;Q96NU0-2				1.1882e+06
Q96NZ9	Q96NZ9;Q96NZ9-3;Q96NZ9-4				1.88749e+07
Q96P44;Q96P44-3	Q96P44;Q96P44-3				1.74152e+06
Q96PD2;Q96PD2-2	Q96PD2;Q96PD2-2				2.14808e+06
Q96PD5	Q96PD5;Q96PD5-2				1.05626e+08
Q96PQ0	Q96PQ0				5.3873e+07
Q96PX8	Q96PX8				8.27368e+07
Q96RP7	Q96RP7				670892
Q96RW7;Q96RW7-2	Q96RW7;Q96RW7-2				1.47998e+06
Q96S96	Q96S96				1.34372e+08
Q96SM3	Q96SM3				1.30306e+06
Q96TC7;Q96TC7-2	Q96TC7;Q96TC7-2				2.67882e+06
Q99435;Q99435-2;Q99435-3;Q99435-4	Q99435;Q99435-2;Q99435-3;Q99435-4				4.5845e+08
Q99497	Q99497				3.14025e+07
Q99519	Q99519				5.46448e+06
Q99523	Q99523;Q99523-2				2.2103e+07
Q99536;Q99536-2;Q99536-3	Q99536;Q99536-2;Q99536-3				525938
Q99538;Q99538-2;Q99538-3	Q99538;Q99538-2;Q99538-3				2.02973e+06
Q99574	Q99574				5.9484e+07
Q99584	Q99584				1.03231e+06
Q99590;Q99590-2	Q99590;Q99590-2				3.22656e+06
Q99650;Q99650-2	Q99650;Q99650-2				1.57941e+06
Q99674	Q99674;Q99674-2				2.65809e+07
Q99715	Q99715;Q99715-2;Q99715-4				7.44126e+06
Q99731	Q99731				216201
Q99784	Q99784;Q99784-3;Q99784-5				1.38808e+07
Q99946	Q99946				8.22826e+06
Q99969	Q99969				4.01549e+07
Q99972	Q99972				4.29179e+06
Q99983	Q99983				4.8609e+07
Q99985	Q99985				5.4276e+06
Q9BQ16	Q9BQ16;Q9BQ16-1;Q9BQ16-4;Q9BQ16-5;Q9BQ16-6;Q9BQ16-7;Q9BQ16-8				2.48005e+07
Q9BQS7;Q9BQS7-2;Q9BQS7-3;Q9BQS7-4	Q9BQS7;Q9BQS7-2;Q9BQS7-3;Q9BQS7-4				283315
Q9BQT9;Q9BQT9-2	Q9BQT9;Q9BQT9-2				1.7242e+08
Q9BRA2	Q9BRA2				2.44628e+06
Q9BRK3;Q9BRK3-2;Q9BRK3-3	Q9BRK3;Q9BRK3-2;Q9BRK3-3				7.65081e+06
Q9BRK5	Q9BRK5;Q9BRK5-2;Q9BRK5-5				1.85762e+09
Q9BRR6;Q9BRR6-2	Q9BRR6;Q9BRR6-2;Q9BRR6-6				831813
Q9BS26	Q9BS26				1.74885e+06
Q9BSG5;Q9BSG5-2;Q9BSG5-3	Q9BSG5;Q9BSG5-2;Q9BSG5-3				6.30133e+06
Q9BT88	Q9BT88				939314
Q9BTY2	Q9BTY2				1.14015e+07
Q9BU40-4;Q9BU40-5	Q9BU40;Q9BU40-3;Q9BU40-4;Q9BU40-5				2.47492e+07
Q9BUD6	Q9BUD6				4.47682e+06
Q9BUJ0	Q9BUJ0				9.30271e+06
Q9BUN1	Q9BUN1				3.2155e+07
Q9BV94;Q9BV94-2	Q9BV94;Q9BV94-2				1.15461e+06
Q9BVH7	Q9BVH7				2.0734e+06
Q9BVK6	Q9BVK6				1.8905e+06
Q9BWQ8	Q9BWQ8				1.64766e+07
Q9BWS9;Q9BWS9-3	Q9BWS9;Q9BWS9-3				4.60822e+06
Q9BWV1;Q9BWV1-3	Q9BWV1;Q9BWV1-3				491234
Q9BXJ0	Q9BXJ0				1.69352e+07
Q9BXJ1;Q9BXJ1-2	Q9BXJ1;Q9BXJ1-2				1.03496e+07
Q9BXJ3	Q9BXJ3				7.43597e+06
Q9BXJ4-3	Q9BXJ4;Q9BXJ4-2;Q9BXJ4-3				1.03312e+07
Q9BXP8	Q9BXP8				1.1167e+06
Q9BXR6	Q9BXR6				2.15206e+06
Q9BY67;Q9BY67-3;Q9BY67-4;Q9BY67-5	Q9BY67;Q9BY67-2;Q9BY67-3;Q9BY67-4;Q9BY67-5				1.10358e+08
Q9BY76;Q9BY76-2	Q9BY76;Q9BY76-2;Q9BY76-3				1.85347e+06
Q9BYC5	Q9BYC5;Q9BYC5-2				899602
Q9BYH1;Q9BYH1-5;Q9BYH1-6;Q9BYH1-7	Q9BYH1;Q9BYH1-2;Q9BYH1-3;Q9BYH1-4;Q9BYH1-5;Q9BYH1-6;Q9BYH1-7				6.23569e+07
Q9BZC7;Q9BZC7-2;Q9BZC7-3;Q9BZC7-4	Q9BZC7;Q9BZC7-2;Q9BZC7-3;Q9BZC7-4				3.11859e+07
Q9BZR6	Q9BZR6				4.58533e+07
Q9C0A0	Q9C0A0;Q96NU0;Q9BZ76;Q9BZ76-2;Q96NU0-2;Q9C0A0-2				5.64609e+07
Q9GZM5	Q9GZM5				2.61846e+07
Q9GZP0;Q9GZP0-2	Q9GZP0;Q9GZP0-2				1.03224e+06
Q9GZP4;Q9GZP4-2	Q9GZP4;Q9GZP4-2				1.02762e+07
Q9GZS9;Q9GZS9-2;Q9GZX3	Q9GZS9;Q9GZX3;Q9GZS9-2				2.5249e+06
Q9GZT8;Q9GZT8-2;Q9GZT8-3	Q9GZT8;Q9GZT8-2;Q9GZT8-3				1.2751e+06
Q9GZV7	Q9GZV7				843803
Q9GZX9	Q9GZX9				1.97685e+07
Q9H008;Q9H008-2	Q9H008;Q9H008-2				996888
Q9H0Q3;Q9H0Q3-2	Q9H0Q3;Q9H0Q3-2				5.94117e+06
Q9H0R4;Q9H0R4-2	Q9H0R4;Q9H0R4-2				2.32022e+06
Q9H156;Q9H156-2	Q9H156;Q9H156-2				2.43989e+06
Q9H173	Q9H173				7.28817e+06
Q9H1B5;Q9H1B5-2	Q9H1B5;Q9H1B5-2				2.56313e+06
Q9H1U4	Q9H1U4				9.13713e+06
Q9H1Z8	Q9H1Z8				1.55735e+08
Q9H251;Q9H251-2;Q9H251-3;Q9H251-4;Q9H251-8	Q9H251;Q9H251-2;Q9H251-3;Q9H251-4;Q9H251-8				1.80325e+06
Q9H2A7	Q9H2A7				1.39456e+06
Q9H2B2;Q9H2B2-2	Q9H2B2;Q9H2B2-2				1.40996e+07
Q9H2E6;Q9H2E6-2	Q9H2E6;Q9H2E6-2				2.24995e+07
Q9H2X0;Q9H2X0-5	Q9H2X0;Q9H2X0-5				9.15679e+06
Q9H3G5	Q9H3G5				2.84124e+07
Q9H3S1;Q9H3S1-2	Q9H3S1;Q9H3S1-2				1.58598e+06
Q9H3S3	Q9H3S3				1.87125e+06
Q9H3T2;Q9H3T2-3	Q9H3T2;Q9H3T2-2;Q9H3T2-3				1.96995e+06
Q9H3T3;Q9H3T3-3	Q9H3T3;Q9H3T3-3				8.09584e+06
Q9H3U7;Q9H3U7-2	Q9H3U7;Q9H3U7-2				384022
Q9H492;Q9H492-2	Q9GZQ8;Q9H492;A6NCE7;Q9H492-2				2.42906e+06
Q9H4A9;Q9H4A9-2	Q9H4A9;Q9H4A9-2				889529
Q9H4D0	Q9H4D0				1.01131e+07
Q9H4F8;Q9H4F8-2	Q9H4F8;Q9H4F8-2				7.99268e+06
Q9H5Y7	Q9H5Y7				712515
Q9H6B4	Q9H6B4				3.32566e+06
Q9H6X2;Q9H6X2-5	Q9H6X2;Q9H6X2-2;Q9H6X2-3;Q9H6X2-4;Q9H6X2-5;Q9H6X2-6				8.48398e+06
Q9H741	Q9H741				2.89729e+06
Q9H7Y0	Q9H7Y0;Q9H7Y0-2				3.24415e+06
Q9H8J5	Q9H8J5				1.26551e+07
Q9H8L6	Q9H8L6				8.12805e+06
Q9H9S4	Q9H9S4				658515
Q9H9S5	Q9H9S5				1.64131e+06
Q9HAR2;Q9HAR2-2;Q9HAR2-3;Q9HAR2-4	Q9HAR2;Q9HAR2-2;Q9HAR2-3;Q9HAR2-4				1.51504e+07
Q9HAT2	Q9HAT2;Q9HAT2-2				3.46855e+07
Q9HB40	Q9HB40				608021
Q9HBL6	Q9HBL6				412146
Q9HBR0	Q9HBR0				6.2974e+06
Q9HBT6	Q9HBT6				4.22224e+06
Q9HBW1	Q9HBW1				5.08193e+06
Q9HC38-2	Q9HC38;Q9HC38-2				3.2639e+06
Q9HC56;Q9HC56-2	Q9HC56;Q9HC56-2				2.37692e+07
Q9HC57	Q9HC57				1.81643e+06
Q9HCB6	Q9HCB6				9.03556e+06
Q9HCK4;Q9HCK4-2;Q9HCK4-3	Q9HCK4;Q9HCK4-2;Q9HCK4-3				6.15671e+06
Q9HCL0;Q9HCL0-2	Q9HCL0;Q9HCL0-2				233408
Q9HCU0	Q9HCU0				7.16789e+06
Q9HCU4	Q9HCU4				3.14588e+07
Q9HD45	Q9HD45				1.11238e+06
Q9HDB5;Q9HDB5-2;Q9HDB5-3;Q9HDB5-4	Q9HDB5;Q9HDB5-2;Q9HDB5-3;Q9HDB5-4				4.51209e+07
Q9HDC9	Q9HDC9;Q9HDC9-2				6.88683e+06
Q9NP58;Q9NP58-4	Q9NP58;Q9NP58-4				1.21918e+07
Q9NP78;Q9NP78-2;Q9NP78-3;Q9NP78-5;Q9NP78-6;Q9NP78-7	Q9NP78;Q9NP78-2;Q9NP78-3;Q9NP78-5;Q9NP78-6;Q9NP78-7				9.57764e+06
Q9NP80;Q9NP80-2;Q9NP80-3	Q9NP80;Q9NP80-2;Q9NP80-3				3.02501e+07
Q9NPA0	Q9NPA0				403191
Q9NPC4	Q9NPC4				4.4503e+06
Q9NPD7	Q9NPD7				1.27208e+07
Q9NPG4	Q9NPG4				3.8167e+06
Q9NPH0	Q9NPH0				98363.4
Q9NPH3;Q9NPH3-2;Q9NPH3-5	Q9NPH3;Q9NPH3-2;Q9NPH3-3;Q9NPH3-5				1.73986e+06
Q9NPR2;Q9NPR2-2	Q9NPR2;Q9NPR2-2				3.56807e+07
Q9NQ30	Q9NQ30				2.47208e+06
Q9NQ36;Q9NQ36-2;Q9NQ36-3	Q9NQ36;Q9NQ36-2;Q9NQ36-3				2.14272e+06
Q9NQ79;Q9NQ79-2	Q9NQ79;Q9NQ79-2;Q9NQ79-3				2.45071e+08
Q9NQX5	Q9NQX5				1.94548e+07
Q9NQX7;Q9NQX7-3	Q9NQX7;Q9NQX7-3				1.05773e+06
Q9NR34	Q9NR34				2.01572e+07
Q9NRB3	Q9NRB3				1.34251e+06
Q9NRN5	Q9NRN5;Q9NRN5-2				1.97762e+07
Q9NRR1	Q9NRR1				2.3935e+07
Q9NS00;Q9NS00-2	Q9NS00;Q9NS00-2				2.03318e+06
Q9NS15;Q9NS15-2	Q9NS15;Q9NS15-2				1.38808e+06
Q9NS84	Q9NS84				571251
Q9NS85	Q9NS85;Q9NS85-2				6.28913e+06
Q9NS98	Q9NS98				3.42528e+07
Q9NSC7	Q9NSC7				3.37152e+06
Q9NT22;Q9NT22-2	Q9NT22;Q9NT22-2				3.93044e+06
Q9NT99	Q9NT99				3.05089e+07
Q9NTU7	Q9NTU7				2.4975e+07
Q9NUQ9	Q9NUQ9;Q9NUQ9-2				2.57912e+06
Q9NVJ2	Q9NVJ2;Q9NVJ2-2				731456
Q9NWD8	Q9NWD8				3.67102e+06
Q9NX62	Q9NX62				3.28826e+07
Q9NXS2;Q9NXS2-3	Q9NXS2;Q9NXS2-3				1.90408e+06
Q9NY15	Q9NY15				3.47889e+06
Q9NY33;Q9NY33-4	Q9NY33;Q9NY33-2;Q9NY33-4				2.0799e+06
Q9NY47;Q9NY47-2;Q9NY47-3;Q9NY47-4;Q9NY47-5	Q9NY47;Q9NY47-2;Q9NY47-3;Q9NY47-4;Q9NY47-5				2.44868e+07
Q9NY72	Q9NY72				9.00186e+06
Q9NY97;Q9NY97-2	Q9NY97;Q9NY97-2				1.36445e+07
Q9NYQ8	Q9NYQ8				2.38399e+07
Q9NYU2;Q9NYU2-2	Q9NYU2;Q9NYU2-2				91104.4
Q9NYX4	Q9NYX4				3.64811e+07
Q9NZ08;Q9NZ08-2	Q9NZ08;Q9NZ08-2				1.56475e+07
Q9NZ53	Q9NZ53;Q9NZ53-2				5.0878e+06
Q9NZ72;Q9NZ72-2	Q9NZ72;Q9NZ72-2				1.83034e+06
Q9NZ94;Q9NZ94-2;Q9NZ94-3	Q9NZ94;Q9NZ94-2;Q9NZ94-3				1.33756e+06
Q9NZC2;Q9NZC2-2;Q9NZC2-3	Q9NZC2;Q9NZC2-2;Q9NZC2-3				2.10218e+07
Q9NZK5	Q9NZK5				1.05703e+07
Q9NZN1	Q9NZN1				9.65206e+06
Q9NZP8	Q9NZP8				2.8577e+07
Q9NZR2	Q9NZR2				4.95195e+06
Q9NZU0	Q9NZU0				517047
Q9NZU1	Q9NZU1				3.66521e+06
Q9P035	Q9P035				904818
Q9P0K1;Q9P0K1-2;Q9P0K1-5	Q9P0K1;Q9P0K1-2;Q9P0K1-3;Q9P0K1-4;Q9P0K1-5				1.03982e+08
Q9P0K9	Q9P0K9				1.67606e+07
Q9P0L0;Q9P0L0-2	Q9P0L0;Q9P0L0-2				4.8873e+06
Q9P121-4	Q9P121;Q9P121-3;Q9P121-2;Q9P121-4				2.73402e+08
Q9P232	Q9P232				5.93234e+06
Q9P2E7;Q9P2E7-2	Q9P2E7;Q9P2E7-2				4.20392e+06
Q9P2S2	P58401;Q9P2S2				4.94016e+07
Q9UBG0	Q9UBG0				5.85726e+06
Q9UBP4	Q9UBP4				1.47596e+09
Q9UBQ6	Q9UBQ6				1.7056e+08
Q9UBR2	Q9UBR2				8.59332e+07
Q9UBX1	Q9UBX1				2.46599e+07
Q9UBX5	Q9UBX5				3.65084e+07
Q9UBX7;Q9UBX7-1;Q9UBX7-3;Q9UBX7-4	Q9UBX7;Q9UBX7-1;Q9UBX7-3;Q9UBX7-4				2.72824e+06
Q9UBX8	Q9UBX8				168946
Q9UD71;Q9UD71-2	Q9UD71;Q9UD71-2				275870
Q9UEW3;Q9UEW3-2	Q9UEW3;Q9UEW3-2				8.24452e+06
Q9UF11;Q9UF11-2;Q9UF11-3;Q9UF11-4	Q9UF11;Q9UF11-2;Q9UF11-3;Q9UF11-4				6.37273e+06
Q9UF33	Q9UF33				779997
Q9UFP1	Q9UFP1				3.50007e+06
Q9UGM5;Q9UGM5-2	Q9UGM5;Q9UGM5-2				1.69213e+07
Q9UHC6	Q9UHC6				4.92366e+07
Q9UHD9	Q9UHD9				3.91243e+06
Q9UHF0;Q9UHF0-2;Q9UHF0-3	Q9UHF0;Q9UHF0-2;Q9UHF0-3				6.37805e+06
Q9UHG2	Q9UHG2				4.90911e+08
Q9UHG3;Q9UHG3-2	Q9UHG3;Q9UHG3-2				1.6755e+07
Q9UHI8	Q9UHI8				2.4076e+06
Q9UHL4	Q9UHL4				6.27765e+07
Q9UHY7	Q9UHY7;Q9UHY7-2				904082
Q9UI40;Q9UI40-2	Q9UI40;Q9UI40-2				9.58142e+06
Q9UIB8;Q9UIB8-2;Q9UIB8-3;Q9UIB8-4;Q9UIB8-5;Q9UIB8-6	Q9UIB8;Q9UIB8-2;Q9UIB8-3;Q9UIB8-4;Q9UIB8-5;Q9UIB8-6				3.72417e+06
Q9UIQ6;Q9UIQ6-2;Q9UIQ6-3	Q9UIQ6;Q9UIQ6-2;Q9UIQ6-3				1.40029e+06
Q9UIW2	P51805;Q9UIW2				5.34402e+06
Q9UJ14	Q9UJ14				6.42878e+06
Q9UJ37	Q9UJ37				3.34704e+06
Q9UJ99	Q9UJ99				5.3172e+07
Q9UJA9	Q9UJA9				1.0673e+07
Q9UJH8	Q9UJH8				9.082e+06
Q9UJJ9	Q9UJJ9				3.4036e+07
Q9UJQ1;Q9UJQ1-2	Q9UJQ1;Q9UJQ1-2				3.72278e+06
Q9UK23;Q9UK23-2;Q9UK23-3	Q9UK23;Q9UK23-2;Q9UK23-3				819316
Q9UK55	Q9UK55				4.90531e+06
Q9UKB5	Q9UKB5				3.17074e+07
Q9UKF6	Q9UKF6				682164
Q9UKJ1-3	Q9UKJ1;Q9UKJ1-2;Q9UKJ1-3;Q9UKJ1-4				3.31871e+06
Q9UKK9	Q9UKK9				284093
Q9UKM7	Q9UKM7				9.52512e+06
Q9UKQ2;Q9UKQ2-2	Q9UKQ2;Q9UKQ2-2				1.78539e+06
Q9UKU6	Q9UKU6				6.32883e+06
Q9UKU9	Q9UKU9;Q9UKU9-2				4.32387e+06
Q9UKY0	Q9UKY0				2.42702e+06
Q9UKZ4;Q9UKZ4-2	Q9UKZ4;Q9UKZ4-2				539385
Q9ULB1-2;Q9ULB1-3	P58400;Q9ULB1-2;Q9ULB1-3				4.69537e+07
Q9ULB4	Q9ULB4				2.37053e+06
Q9ULB5	Q9ULB5				2.97901e+06
Q9ULF5	Q9ULF5				8.61042e+07
Q9ULH4	Q9ULH4				623856
Q9ULI3;Q9ULI3-2	Q9ULI3;Q9ULI3-2				1.41493e+07
Q9ULI4	Q9ULI4				815592
Q9ULL4;Q9ULL4-2	Q9ULL4;Q9ULL4-2				7.00251e+06
Q9ULP0-3;Q9ULP0-6	Q9ULP0;Q9ULP0-2;Q9ULP0-3;Q9ULP0-4;Q9ULP0-5;Q9ULP0-6;Q9ULP0-7;Q9ULP0-8				4.5117e+06
Q9ULZ3;Q9ULZ3-2;Q9ULZ3-3	Q9ULZ3;Q9ULZ3-2;Q9ULZ3-3				288546
Q9ULZ9;Q9ULZ9-2	Q9ULZ9;Q9ULZ9-2				5.83093e+06
Q9UM22	Q9UM22				2.18226e+07
Q9UM47	Q9UM47				4.9099e+06
Q9UMF0	Q9UMF0				4.43986e+07
Q9UMX0;Q9UMX0-2;Q9UMX0-4	Q9UMX0;Q9UMX0-2;Q9UMX0-4				217055
Q9UMX5	Q9UMX5				1.07096e+07
Q9UN36-2;Q9UN36-6	Q9UN36-2;Q9UN36-4;Q9UN36-5;Q9UN36-6				5.56744e+06
Q9UN67;Q9Y5E1	Q9UN67;Q9Y5E1				715948
Q9UN70	Q9UN70;Q9UN70-2				8.19439e+06
Q9UN75;Q9UN75-2;Q9Y5H6;Q9Y5H6-2;Q9Y5H7;Q9Y5H7-2;Q9Y5H7-3;Q9Y5H8;Q9Y5H8-2;Q9Y5I0;Q9Y5I0-2;Q9Y5I1;Q9Y5I1-2	Q9UN72;Q9Y5H8;Q9UN75;Q9Y5H6;Q9Y5H7;Q9Y5I0;Q9Y5I1;Q9UN72-2;Q9UN75-2;Q9Y5H6-2;Q9Y5H7-2;Q9Y5H7-3;Q9Y5H8-2;Q9Y5I0-2;Q9Y5I1-2				6.60092e+06
Q9UNN8	Q9UNN8				1.18015e+07
Q9UNW1	Q9UNW1;Q9UNW1-4				2.04554e+07
Q9UP79	Q9UP79				8.64061e+06
Q9UPU3	Q9UPU3				2.04774e+07
Q9UQ52	Q9UQ52				8.83395e+06
Q9UQM7;Q9UQM7-2	Q9UQM7;Q9UQM7-2				2.3406e+07
Q9Y240	Q9Y240				4.69462e+07
Q9Y274	Q9Y274;Q9Y274-2				2.24331e+07
Q9Y279;Q9Y279-2	Q9Y279;Q9Y279-2				4.0835e+06
Q9Y281;Q9Y281-3	Q9Y281;Q9Y281-3				4.30288e+06
Q9Y287	Q9Y287				1.04044e+07
Q9Y2C2	Q9Y2C2				1.14089e+06
Q9Y2E5;Q9Y2E5-2	Q9Y2E5;Q9Y2E5-2				3.68783e+06
Q9Y2G1;Q9Y2G1-2	Q9Y2G1;Q9Y2G1-2				2.55345e+06
Q9Y2G5;Q9Y2G5-1;Q9Y2G5-2	Q9Y2G5;Q9Y2G5-1;Q9Y2G5-2				294546
Q9Y2I2;Q9Y2I2-1;Q9Y2I2-2;Q9Y2I2-4;Q9Y2I2-5;Q9Y2I2-6	Q9Y2I2;Q9Y2I2-1;Q9Y2I2-2;Q9Y2I2-4;Q9Y2I2-5;Q9Y2I2-6				1.92366e+07
Q9Y2J0;Q9Y2J0-2	Q9Y2J0;Q9Y2J0-2				277802
Q9Y2T3;Q9Y2T3-3	Q9Y2T3;Q9Y2T3-2;Q9Y2T3-3				4.6901e+07
Q9Y2Z0;Q9Y2Z0-2	Q9Y2Z0;Q9Y2Z0-2				1.73844e+06
Q9Y328	Q9Y328				1.11135e+06
Q9Y334;Q9Y334-2	Q9Y334;Q9Y334-2				4.72973e+06
Q9Y3D6	Q9Y3D6				202591
Q9Y490	Q9Y490				592437
Q9Y4C0-4	Q9HDB5-3;Q9HDB5-4;Q9Y4C0-4				4.74907e+07
Q9Y4L1	Q9Y4L1				2.52582e+07
Q9Y5E6	Q9NRJ7;Q9Y5F1;Q9Y5F2;Q9UN66;Q9Y5E4;Q9Y5E6;Q9Y5F0				1.57686e+06
Q9Y5F6	Q9Y5F7;O60330;Q9UN70;Q9UN71;Q9Y5F6;Q9Y5F8;Q9Y5F9;Q9Y5G0;Q9Y5G1;Q9Y5G2;Q9Y5G3;Q9Y5G4;Q9Y5G5;Q9Y5G6;Q9Y5G7;Q9Y5G8;Q9Y5G9;Q9Y5H0;Q9Y5H1;Q9Y5H2;Q9Y5H3;Q9Y5H4;Q9Y5H2-3				1.66404e+07
Q9Y5F7	Q9Y5F7;Q9Y5F7-2				885476
Q9Y5I4;Q9Y5I4-2	Q9Y5I4;Q9Y5I4-2				3.21121e+07
Q9Y5L2	Q9Y5L2				1.16538e+07
Q9Y5U5;Q9Y5U5-2;Q9Y5U5-3	Q9Y5U5;Q9Y5U5-2;Q9Y5U5-3				1.52564e+07
Q9Y5Y7	Q9Y5Y7				6.09326e+07
Q9Y617	Q9Y617;Q9Y617-2				1.50751e+07
Q9Y639;Q9Y639-1;Q9Y639-3;Q9Y639-4;Q9Y639-5	Q9Y639;Q9Y639-1;Q9Y639-3;Q9Y639-4;Q9Y639-5				1.06269e+07
Q9Y644	Q9Y644				1.04304e+06
Q9Y646	Q9Y646				1.06895e+08
Q9Y653;Q9Y653-2;Q9Y653-3	Q9Y653;Q9Y653-2;Q9Y653-3;Q9Y653-4;Q9Y653-5				1.81441e+06
Q9Y696	Q9Y696				2.99651e+06
Q9Y6C2	Q9Y6C2;Q9Y6C2-2				5.6117e+06
Q9Y6N6	Q9Y6N6				1.79051e+06
Q9Y6N7;Q9Y6N7-2;Q9Y6N7-3;Q9Y6N7-4;Q9Y6N7-5;Q9Y6N7-6	Q9Y6N7;Q9Y6N7-2;Q9Y6N7-3;Q9Y6N7-4;Q9Y6N7-5;Q9Y6N7-6				3.20744e+07
Q9Y6N8	Q9Y6N8				7.62233e+06
Q9Y6R7	Q9Y6R7				6.66908e+07
Q9Y6X5	Q9Y6X5				4.93602e+06
Q9Y6Y8;Q9Y6Y8-2	Q9Y6Y8;Q9Y6Y8-2				1.14731e+08
