Protein.Group	Protein.Ids	Protein.Names	Genes	First.Protein.Description	/fs/pool/pool-mann-projects/Johannes/Jakob_AD_CSF_data/All_without_random_20/All_Raw/20190210_QX1_PhGe_SA_EASY12-10_Majken_B11_CSF_506-14.mzML
A0A075B6H7;A0A0C4DH55;P01624	P01624;A0A075B6H7;A0A0C4DH55				3.46817e+08
A0A075B6I0	A0A075B6I0				5.13017e+07
A0A075B6I1	A0A075B6I1				5.88882e+06
A0A075B6J1;A0A0A0MRZ9	A0A075B6J1;A0A0A0MRZ9				870887
A0A075B6J9	A0A075B6J9				8.35267e+06
A0A075B6K2	A0A075B6K2				2.09061e+06
A0A075B6K4	A0A075B6K0;A0A075B6K4				8.19424e+06
A0A075B6K5	A0A075B6K5				9.63855e+06
A0A075B6P5;P01615	P01615;A0A075B6P5				1.51718e+08
A0A075B6Q5	A0A075B6Q5				5.13729e+06
A0A075B6R2	A0A075B6R2				1.08071e+07
A0A075B6R9;A0A0C4DH68	A0A075B6R9;A0A0C4DH68				2.55741e+07
A0A075B6S2;A2NJV5	A0A075B6S2;A2NJV5				6.09796e+07
A0A075B6S5	A0A075B6S5;A0A0C4DH67;A0A0C4DH69				2.53213e+07
A0A087WSX0	A0A087WSX0;A0A0G2JS06				3.3987e+06
A0A087WSY6	A0A087WSY6				1.17215e+08
A0A087WW87;P01614	P01614;A0A087WW87				275423
A0A0A0MRZ8;P04433	P04433;A0A0A0MRZ8				2.806e+08
A0A0A0MS15	A0A0A0MS15				5.74601e+06
A0A0A0MT89	A0A0A0MT89				4.18435e+06
A0A0B4J1U7	A0A0B4J1U7				5.22182e+07
A0A0B4J1V0	A0A0B4J1V0				3.67339e+08
A0A0B4J1V2	A0A0B4J1V2				2.86162e+06
A0A0B4J1V6	A0A0B4J1V6				6.51692e+06
A0A0B4J1X5	P01764;P01768;P01772;P01767;A0A0B4J1X5;A0A0C4DH42;P0DP02;P0DP03				1.85167e+08
A0A0B4J1Y8	A0A0B4J1Y8				5.32374e+06
A0A0B4J1Y9	A0A0B4J1Y9				7.38912e+06
A0A0B4J2D9;P0DP09	A0A0B4J2D9;P0DP09				2.29026e+07
A0A0C4DH24	A0A0C4DH24				8.23289e+06
A0A0C4DH25	A0A0C4DH25				2.27909e+07
A0A0C4DH29	A0A0C4DH29				188128
A0A0C4DH30	A0A0C4DH30				302396
A0A0C4DH33	A0A0C4DH33				434255
A0A0C4DH34	A0A0C4DH34				4.17274e+06
A0A0C4DH35	A0A0C4DH35				1.54517e+06
A0A0C4DH36	A0A0C4DH36				4.72389e+06
A0A0C4DH38	A0A0C4DH38;A0A0J9YXX1				1.2466e+07
A0A0C4DH43	A0A0C4DH43				2.14735e+07
A0A0C4DH67	A0A0C4DH67				1.19601e+06
A0A0C4DH72	P01599;A0A0C4DH72				3.79175e+07
A0A0J9YX35	A0A0J9YX35				9.93219e+06
A0A0J9YXX1	A0A0J9YXX1				3.40062e+07
A0M8Q6	P0CG04;P0DOY2;A0M8Q6;P0CF74;B9A064;P0DOX8				5.5898e+08
A1L4H1	A1L4H1				2.30293e+06
A2RU67	A2RU67				233376
A5D6W6	A5D6W6				1.51808e+06
A6BM72;A6BM72-2;A6BM72-4	A6BM72;A6BM72-2;A6BM72-4				1.47973e+06
A6NCE7;Q9GZQ8	Q9GZQ8;A6NCE7				347270
A6NGN9	A6NGN9				8.88024e+06
A6NHG4;P30046;P30046-2	P30046;A6NHG4;P30046-2				2.77291e+06
A6NKN8	A6NKN8				90543.3
A6NL88	A6NL88				3.40696e+06
A6NLU5	A6NLU5				1.32538e+07
A6NML5	A6NML5				2.83241e+06
A8MTJ3;P04899;P04899-4;P08754;P11488;P19087;P63096	A8MTJ3;P04899;P08754;P09471;P11488;P19087;P38405;P63092;P63096;Q5JWF2;P63092-2;P04899-4;P63092-3;P63092-4;Q5JWF2-2;P09471-2;P38405-2				301737
A8MTW9	A8MTW9				655398
B1AJZ9;B1AJZ9-4	B1AJZ9;B1AJZ9-4				998564
B4DS77;B4DS77-2	B4DS77;B4DS77-2;B4DS77-3				288487
C9JVW0	C9JVW0				4.8585e+06
I3L3R5	I3L3R5				372791
O00115;O00115-2	O00115;O00115-2				3.933e+06
O00142;O00142-2;O00142-3;O00142-4;O00142-5;O00142-6	O00142;O00142-2;O00142-3;O00142-4;O00142-5;O00142-6				2.45792e+07
O00187;O00187-2	O00187;O00187-2				1.468e+06
O00244	O00244				1.1284e+06
O00264	O00264;O00264-2				1.32404e+08
O00292;O00292-2	O00292;O75610;O00292-2				1.18797e+06
O00299	O00299				991344
O00339;O00339-2;O00339-3	O00339;O00339-2;O00339-3				1.90972e+06
O00391	O00391;O00391-2				1.99558e+07
O00451	O00451;O00451-2;O00451-3				1.09631e+07
O00461	O00461				5.88461e+06
O00462	O00462				5.7827e+06
O00468-6	O00468-6;O00468-7				9.12449e+06
O00499;O00499-10;O00499-11;O00499-2;O00499-3;O00499-4;O00499-5;O00499-6;O00499-7;O00499-8;O00499-9	O00499;O00499-10;O00499-11;O00499-2;O00499-3;O00499-4;O00499-5;O00499-6;O00499-7;O00499-8;O00499-9				1.00373e+06
O00533	O00533				4.4682e+06
O00533-2	O00533;O00533-2				1.16682e+08
O00560;O00560-2;O00560-3	O00560;O00560-2;O00560-3				974776
O00567	O00567				268050
O00584	O00584				9.2813e+06
O00754;O00754-2	O00754;O00754-2				4.98952e+06
O14498	O14498				2.33638e+07
O14514	O14514				1.95432e+06
O14522	O14522;O14522-1				1.2893e+06
O14525;O14525-2;O14525-3	O14525;O14525-2;O14525-3				471391
O14594	O14594				1.34793e+08
O14668	O14668				3.09183e+06
O14672	O14672				3.97191e+06
O14733;O14733-2;O14733-3;O14733-4	O14733;O14733-2;O14733-3;O14733-4				1.88576e+07
O14737;O14737-2	O14737;O14737-2				94018.9
O14745	O14745;O14745-2				329825
O14773	O14773				8.52356e+06
O14786;O14786-2;O14786-3	O14786;O14786-2;O14786-3				8.13698e+06
O14791-2	O14791;O14791-2;O14791-3				3.03841e+06
O14793	O14793				2.26467e+06
O14917;O14917-2	O14917;O14917-2				2.6308e+06
O14960	O14960				158699
O15031	O15031				1.15783e+07
O15041;O15041-2	O15041;O15041-2				237838
O15197;O15197-3	O15197;O15197-3				6.3902e+06
O15204;O15204-2	O15204;O15204-2				1.51576e+06
O15230	O15230				6.90769e+06
O15232;O15232-2	O15232;O15232-2				1.8808e+06
O15240	O15240				1.24428e+08
O15335	O15335				4.0268e+06
O15354	O15354				2.54261e+07
O15394	O15394;O15394-2				3.08557e+07
O15400;O15400-2	O15400;O15400-2				1.50715e+06
O15466;O15466-2	O15466;O15466-2				1.48886e+06
O15498;O15498-2	O15498;O15498-2				194582
O43155	O43155				517007
O43157	O43157;O43157-2;O43157-3				4.4801e+06
O43173	O43173				3.71464e+06
O43240	O43240				1.26791e+06
O43278;O43278-2	O43278;O43278-2				1.91898e+06
O43286	O43286				31848.4
O43291	O43291				7.2301e+06
O43300	O43300				2.05045e+06
O43323	O43323				465513
O43405;O43405-2	O43405;O43405-2				3.46662e+07
O43491;O43491-4	O43491;O43491-2;O43491-3;O43491-4				247165
O43493;O43493-3;O43493-5;O43493-7	O43493;O43493-3;O43493-5;O43493-4;O43493-6;O43493-7				2.85149e+07
O43505	O43505				5.39504e+08
O43508	O43508				640674
O43508-2;O75888;O75888-2;O75888-4;O75888-5	O75888;O43508-2;O75888-2;O75888-4;O75888-5				659752
O43529	O43529				6.53998e+06
O43556;O43556-3;O43556-4	O43556;O43556-3;O43556-4				1.1025e+07
O43567	O43567				4.7943e+06
O43581-2;O43581-3;O43581-5	O43581-2;O43581-3;O43581-5				579581
O43736;O43736-2	O43736;O43736-2				967606
O43827	O43827				6.41408e+06
O43852;O43852-2;O43852-3;O43852-4;O43852-5;O43852-9	O43852;O43852-10;O43852-11;O43852-12;O43852-13;O43852-14;O43852-2;O43852-3;O43852-4;O43852-5;O43852-6;O43852-7;O43852-8;O43852-9				761667
O43854;O43854-2	O43854;O43854-2				619203
O43866	O43866				2.4188e+06
O43897;O43897-2	O43897;O43897-2				1.45286e+06
O43909	O43909				409932
O43916	O43916				1.23616e+06
O60241;O60241-2;O60241-3;O60241-4	O60241;O60241-2;O60241-3;O60241-4				4.7059e+06
O60242	O60242				1.53987e+06
O60243	O60243;O60243-2				2.92826e+06
O60245;O60245-2	O60245;O60245-2				2.86923e+06
O60279	O60279				1.52515e+07
O60291;O60291-2;O60291-3;O60291-4	O60291;O60291-2;O60291-3;O60291-4				193020
O60330;O60330-2	O60330;Q9Y5G5;Q9Y5G8;Q9Y5G9;O60330-2;Q9Y5G5-2;Q9Y5G8-2;Q9Y5G9-2				1.50063e+06
O60449;O60449-2;O60449-3	O60449;O60449-2;O60449-3				782423
O60462;O60462-2;O60462-3;O60462-4;O60462-5	O60462;O60462-2;O60462-3;O60462-4;O60462-5;O60462-6				4.43672e+06
O60476	O60476				1.77565e+06
O60477	O60477;Q76B58;O60477-3;Q76B58-2				297002
O60512	O60512				1.06186e+06
O60565	O60565				591679
O60568	O60568				2.01004e+06
O60613	O60613				1.80147e+06
O60741	O60741				268658
O60814;P06899;P23527;P33778;P57053;P58876;P62807;Q16778;Q5QNW6;Q5QNW6-2;Q8N257;Q93079;Q96A08;Q99877;Q99879;Q99880	O60814;P06899;P23527;P33778;P57053;P58876;P62807;Q16778;Q5QNW6;Q8N257;Q93079;Q96A08;Q99877;Q99879;Q99880;Q5QNW6-2				731640
O60883	O60883				7.81119e+07
O60888-3	O60888;O60888-2;O60888-3				6.06315e+06
O60909;O60909-2;O60909-3	O60909;O60909-2;O60909-3				643271
O60939	O60939				2.44733e+06
O75051;O75051-2	O75051;O75051-2				536864
O75063	O75063				1.94274e+06
O75071	O75071				6.97581e+06
O75077;O75077-2;O75077-3	O75077;O75077-2;O75077-3				1.30423e+07
O75078	O75078;O75078-2				3.22436e+06
O75083	O75083;O75083-3				1.84869e+06
O75084;Q14332	O75084;Q14332				428299
O75144;O75144-2	O75144;O75144-2;O75144-3				8.1481e+06
O75173;O75173-2	O75173;O75173-2				8.84652e+06
O75223	O75223				364399
O75326	O75326;O75326-2				3.75475e+07
O75339	O75339				1.13572e+06
O75347;O75347-2	O75347;O75347-2				1.14931e+06
O75354;O75354-2;O75354-3	O75354;O75354-2;O75354-3				1.02606e+06
O75363-2	O75363;O75363-2				255992
O75368	O75368				1.73875e+06
O75487	O75487;O75487-2				1.35102e+06
O75493	O75493				5.31018e+06
O75503	O75503				3.86281e+06
O75509	O75509				1.0322e+07
O75594	O75594				481531
O75629	O75629				1.62873e+06
O75636;O75636-2	O75636;O75636-2				897744
O75711	O75711				2.66083e+08
O75752	O75752				6.52259e+06
O75787;O75787-2	O75787;O75787-2				2.21257e+07
O75874	O75874				755133
O75882;O75882-2;O75882-3	O75882;O75882-2;O75882-3				8.80566e+06
O75973	O75973				484352
O75976	O75976				1.23836e+06
O76061	O76061				3.75675e+06
O76070	O76070				1.92758e+06
O94760	O94760				3.0941e+06
O94766	O94766;Q9NPZ5				2.24626e+06
O94769	O94769;O94769-2				1.30654e+07
O94772;O94772-2	O94772;O94772-2				8.32087e+07
O94779;O94779-2	O94779;O94779-2;O94779-4				643473
O94856-11	O94856;O94856-10;O94856-11;O94856-12;O94856-13;O94856-3;O94856-4;O94856-5;O94856-6;O94856-7;O94856-8;O94856-9				2.95703e+07
O94898	O94898				468857
O94910	O94910;O94910-2				7.00408e+06
O94919	O94919				2.93081e+07
O94923	O94923				208572
O94933	O94933				780431
O94973;O94973-2	O94973;O94973-2				241628
O94985	O94985				2.78917e+06
O94985-2	O94985;O94985-2				2.2631e+08
O94991	O94991;O94991-2				3.59443e+06
O95084;O95084-2	O95084;O95084-2				1.89889e+06
O95156	O95156				418640
O95157	O95157				925123
O95158	O95158				1.3662e+07
O95185;O95185-2	O95185;O95185-2				1.78654e+06
O95196;O95196-2	O95196;O95196-2				7.97351e+06
O95206;O95206-2	O95206;O95206-2				2.46208e+06
O95336	O95336				2.14764e+06
O95390	O95390				1.75766e+06
O95428;O95428-5;O95428-6	O95428;O95428-3;O95428-4;O95428-5;O95428-6				5.92466e+06
O95445	O95445;O95445-2				1.41299e+07
O95445-2	O95445-2				148388
O95450;O95450-2	O95450;O95450-2				1.7453e+06
O95467	O95467				1.6558e+06
O95477	O95477				3.96596e+06
O95479;O95479-2	O95479;O95479-2				916830
O95490;O95490-2;O95490-3;O95490-4;O95490-5;O95490-6;O95490-7	O95490;O95490-2;O95490-3;O95490-4;O95490-5;O95490-6;O95490-7				484522
O95497	O95497				1.73198e+06
O95502	O95502				7.95568e+07
O95633;O95633-2	O95633;O95633-2				1.59538e+06
O95747	O95747				38648.8
O95803;O95803-3;Q9H3R1	O95803;Q9H3R1;O95803-3;Q9H3R1-2				1.14045e+06
O95841	O95841				1.31254e+06
O95865	O95865				1.22456e+06
O95881	O95881				291204
O95897	O95897				680223
O95967	O95967				1.08348e+07
O95970	O95970;O95970-2				473527
O95980	O95980				1.2256e+07
O95998	O95998;O95998-4				5.05875e+06
P00325;P00325-2;P00326;P07327	P00325;P00326;P07327;P00325-2				196278
P00338;P00338-3	P00338;P00338-3;P00338-4				1.32659e+07
P00352	P00352				1.98629e+06
P00390;P00390-2;P00390-3;P00390-4;P00390-5	P00390;P00390-2;P00390-3;P00390-4;P00390-5				2.19272e+06
P00441	P00441				2.66565e+08
P00450	P00450				1.25789e+08
P00488	P00488				2.08169e+06
P00492	P00492				1.67439e+06
P00505	P00505;P00505-2				1.38174e+07
P00533;P00533-3;P00533-4	P00533;P00533-3;P00533-4				1.10318e+06
P00558	P00558;P00558-2				8.79165e+06
P00568	P00568				737139
P00734	P00734				3.932e+07
P00736	P00736				7.0132e+07
P00738;P00738-2	P00738;P00738-2				1.72052e+08
P00739	P00739;P00739-2				1.47133e+08
P00740;P00740-2	P00740;P00740-2				3.05193e+06
P00742	P00742				1.38654e+07
P00746	P00746				1.89878e+07
P00747	P00747				1.16484e+08
P00748	P00748				6.05804e+07
P00751	P00751;P00751-2				8.90981e+07
P00915	P00915				1.89657e+06
P01008	P01008				4.10887e+08
P01009	P01009;P01009-2;P01009-3				2.70428e+09
P01011	P01011				1.06118e+09
P01019	P01019				6.06146e+08
P01023	P01023				4.88835e+08
P01024	P01024				6.82904e+08
P01031	P01031				2.39296e+07
P01033	P01033				7.61663e+07
P01034	P01034				1.35171e+10
P01036;P01037	P01036;P01037				1.08245e+06
P01040	P01040				2.52023e+06
P01042	P01042;P01042-2;P01042-3				2.29992e+08
P01042-2;P01042-3	P01042-2;P01042-3				5.77889e+07
P01127;P01127-2	P01127;P01127-2				2.69269e+07
P01130;P01130-2;P01130-3;P01130-4;P01130-5;P01130-6	P01130;P01130-2;P01130-3;P01130-4;P01130-5;P01130-6				619875
P01178	P01178				1.17552e+06
P01210	P01210				4.16461e+07
P01213	P01213				4.66059e+06
P01236	P01236				379506
P01258;P01258-2;P06881	P01258;P06881;P10092;P01258-2				349257
P01282;P01282-2	P01282;P01282-2				500053
P01303	P01303				8.17128e+06
P01344;P01344-2;P01344-3	P01344;P01344-2;P01344-3				2.24653e+07
P01591	P01591				1.59139e+07
P01593;P01594	P01593;P01594				2.41732e+07
P01599	P01599				812502
P01601	P01601				2.71126e+06
P01602	P01602				6.95275e+06
P01619	P01619				3.91348e+08
P01700	P01700				4.5595e+07
P01701	P01701				2.54801e+07
P01703	P01703				3.24273e+06
P01704	P01704;P01705				5.22497e+06
P01705	P01705				2.31681e+06
P01709	P01706;P01709;P0DOX8				1.35617e+07
P01714	P01714				1.15641e+07
P01717	P01717				3.51741e+07
P01721	P01721				1.86399e+06
P01742	P01742				8.89929e+06
P01743	P01743				469010
P01768;P0DP03	P01764;P01768;P0DP03				572343
P01772	P01768;P01772;P0DP02;P0DP03				1.17116e+07
P01780	P01780				1.15214e+08
P01814	P01814				2.30405e+06
P01817	P01817				4.41772e+06
P01833	P01833				1.27682e+06
P01834	P01834				2.66948e+07
P01859-1	P01857;P01859;P0DOX5;P01857-1;P01859-1				3.4353e+09
P01860	P01860;P01860-1				4.63738e+07
P01861;P01861-1	P01861;P01861-1				1.52469e+08
P01871;P01871-1	P01871;P0DOX6;P01871-1				1.42882e+07
P01876;P01876-1	P01876;P01876-1				8.17585e+08
P01889	P01889;P01893;P04439;P13747;P17693;P17693-2;P17693-5;P17693-6;P04439-2				5.86395e+06
P01903;P01906	P01903;P01906				1.03267e+06
P01911;P04440	P01911;P04440				1.50743e+06
P02042	P02042				1.19856e+06
P02144	P02144				5.02521e+06
P02452	P02452				1.02961e+08
P02461	P02461;P02461-2				6.77809e+06
P02511	P02511				28075.1
P02533	P02533				3.70253e+06
P02538	P02538				649746
P02647	P02647				2.67811e+09
P02649	P02649				5.39599e+09
P02652	P02652				7.09613e+08
P02654	P02654				5.41691e+07
P02655	P02655				1.32789e+07
P02656	P02656				1.00746e+08
P02671	P02671;P02671-2				1.70582e+08
P02675	P02675				5.88454e+07
P02679;P02679-2	P02679;P02679-2				8.34539e+07
P02686;P02686-3;P02686-4;P02686-5;P02686-6	P02686;P02686-3;P02686-4;P02686-5;P02686-6				275417
P02741	P02741				68207.3
P02743	P02743				4.51023e+06
P02745	P02745				8.10049e+07
P02746	P02746				1.92554e+08
P02747	P02747				2.44458e+08
P02748	P02748				1.96599e+07
P02749	P02749				7.01986e+07
P02750	P02750				7.80709e+07
P02751;P02751-1	P02751;P02751-1;P02751-10;P02751-11;P02751-12;P02751-13;P02751-14;P02751-16;P02751-17;P02751-2;P02751-3;P02751-4;P02751-5;P02751-6;P02751-7;P02751-8;P02751-9				3.18699e+08
P02753	P02753				8.93764e+07
P02760	P02760				9.85846e+07
P02763	P02763				7.19643e+08
P02765	P02765				8.78417e+08
P02766	P02766				5.59074e+09
P02768	P02768				1.5552e+10
P02774;P02774-3	P02774;P02774-2;P02774-3				7.75949e+08
P02776;P10720	P02776;P10720				1.0295e+06
P02786	P02786				983372
P02787	P02787				4.09079e+09
P02788;P02788-2	P02788;P02788-2				3.81745e+06
P02790	P02790				1.95596e+09
P02792	P02792				793207
P02794	P02794				2.75226e+06
P02810	P02810				784035
P03950	P03950				3.11764e+06
P03951	P03951;P03951-2				2.42349e+06
P03952	P03952				7.88865e+06
P04003	P04003				1.32109e+06
P04004	P04004				3.16997e+08
P04040	P04040				513376
P04062;P04062-2;P04062-4;P04062-5	P04062;P04062-2;P04062-3;P04062-4;P04062-5				2.24988e+06
P04066	P04066				8.02099e+06
P04070;P04070-2	P04070;P04070-2				4.00058e+06
P04075	P04075;P09972;P04075-2				2.41559e+07
P04080	P04080				3.01749e+06
P04085;P04085-2	P04085;P04085-2				7.50351e+06
P04114	P04114				1.24542e+08
P04156	P04156				3.09928e+08
P04179	P04179;P04179-2;P04179-3;P04179-4				5.41111e+06
P04180	P04180				3.91574e+07
P04196	P04196				7.303e+07
P04211	P04211;A0A075B6I9				7.62204e+07
P04216	P04216				2.3619e+08
P04217	P04217;P04217-2				1.97238e+08
P04217-2	P04217-2				3.90538e+06
P04233;P04233-2;P04233-4;P04233-5	P04233;P04233-2;P04233-4;P04233-5				2.79732e+06
P04259	P04259				63720.3
P04264	P04259;P04264				3.34366e+07
P04271	P04271				343250
P04275	P04275				1.60023e+06
P04278	P04278;P04278-2;P04278-3;P04278-4;P04278-5				3.79238e+06
P04350;P07437;P68371	P04350;P07437;P68371				249144
P04406	P04406;P04406-2				2.30873e+07
P04439;P04439-2	P01893;P04439;P04439-2				4.0435e+06
P04746-2	P04746;P04746-2				143684
P04792	P04792				984268
P04908;P0C0S5;P0C0S8;P16104;P20671;Q16777;Q6FI13;Q71UI9;Q71UI9-2;Q7L7L0;Q93077;Q96KK5;Q96QV6;Q99878;Q9BTM1;Q9BTM1-2	P04908;P0C0S5;P0C0S8;P16104;P20671;Q16777;Q6FI13;Q71UI9;Q7L7L0;Q93077;Q96KK5;Q96QV6;Q99878;Q9BTM1;Q71UI9-2;Q71UI9-3;Q71UI9-4;Q9BTM1-2				2.05164e+06
P05023;P05023-2;P05023-4	P05023;P05023-2;P05023-4				476097
P05026;P05026-2	P05026;P05026-2				959397
P05060	P05060				5.34793e+08
P05067;P05067-11;P05067-8	P05067;P05067-4;P05067-10;P05067-11;P05067-3;P05067-5;P05067-6;P05067-7;P05067-8;P05067-9				5.63944e+08
P05090	P05090				2.55907e+09
P05107	P05107				135137
P05109	P05109				217203
P05121	P05121				804091
P05154	P05154				1.54867e+07
P05155;P05155-3	P05155;P05155-2;P05155-3				3.77467e+08
P05156	P05156				2.9117e+07
P05160	P05160				2.18444e+06
P05186;P05186-2;P05186-3	P05186;P05186-2;P05186-3				102136
P05362	P05362				2.13815e+06
P05408;P05408-2	P05408;P05408-2				2.13687e+08
P05413	P05413				5.70622e+06
P05451	P05451;P48304				519885
P05452	P05452				7.43079e+07
P05543	P05543				5.07329e+07
P05546	P05546				5.85319e+07
P05556;P05556-2;P05556-3;P05556-4;P05556-5	P05556;P05556-2;P05556-5;P05556-3;P05556-4				1.23803e+06
P05937	P05937;P05937-2				1.24236e+07
P05997	P05997				775441
P06276	P06276				4.34426e+06
P06280	P06280				540399
P06307	P06307				6.38721e+06
P06310	P06310				2.0051e+08
P06312	P06312				1.78183e+08
P06331	P01824;P01825;P06331;A0A0C4DH41;P0DP06;P0DP08				5.85124e+07
P06396	P06396;P06396-2;P06396-3;P06396-4				3.51374e+08
P06396-2	P06396-2				2.67532e+06
P06681	P06681;P06681-2;P06681-3				3.34652e+07
P06702	P06702				347084
P06703	P06703				2.97177e+06
P06727	P06727				2.70931e+08
P06732	P06732				1.28321e+06
P06733	P06733;P06733-2				4.41109e+06
P06744;P06744-2	P06744;P06744-2				1.24056e+07
P06865	P06865				7.41578e+06
P07093	P07093				221059
P07093-2;P07093-3	P07093;P07093-2;P07093-3				6.80664e+06
P07108;P07108-2;P07108-3;P07108-4;P07108-5	P07108;P07108-2;P07108-3;P07108-4;P07108-5;P07108-6				1.39209e+07
P07148	P07148				1.14897e+06
P07195	P00338;P07195;P07864;Q6ZMR3;P00338-3;P00338-2;P00338-4;P00338-5				3.24999e+07
P07225	P07225				4.43315e+07
P07237	P07237				5.26914e+06
P07307;P07307-2;P07307-3	P07307;P07307-3;P07307-2				1.24817e+06
P07311	P07311				1.96644e+06
P07333	P07333;P07333-2				4.40172e+07
P07339	P07339				1.17144e+08
P07355;P07355-2	A6NMY6;P07355;P07355-2				338600
P07357	P07357				9.67558e+06
P07358	P07358				8.47513e+06
P07360	P07360				8.24852e+06
P07451	P07451				5.42299e+06
P07477;Q9BYE2;Q9BYE2-2;Q9BYE2-3;Q9BYE2-6	P07477;Q9BYE2;Q9BYE2-2;Q9BYE2-3;Q9BYE2-6				4.29659e+06
P07492	P07492				2.01131e+06
P07492-2	P07492;P07492-2;P07492-3				312233
P07585	P07585				1.65274e+07
P07602;P07602-2;P07602-3	P07602;P07602-2;P07602-3				2.64822e+07
P07686	P07686				5.34051e+06
P07711	P07711;P07711-3				1.12105e+07
P07737	P07737				4.45606e+06
P07738	P07738				1.04986e+06
P07858	P07858				1.6894e+07
P07900;P07900-2	P07900;P07900-2				1.15744e+06
P07942	P07942				4.70534e+06
P07951-3	P06753;P07951;P09493;P09493-10;P67936;P07951-2;P09493-5;P06753-2;P06753-3;P09493-2;P09493-3;P09493-4;P09493-6;P09493-7;P09493-8;P09493-9;P06753-4;P06753-5;P06753-6;P07951-3;P67936-2				583294
P07988	P07988				175338
P07996	P07996;P07996-2				3.42386e+06
P07998	P07998				1.83536e+07
P08123	P08123				1.71464e+07
P08133;P08133-2	P08133;P08133-2				211967
P08174;P08174-2;P08174-3;P08174-4;P08174-5;P08174-6;P08174-7	P08174;P08174-2;P08174-3;P08174-4;P08174-5;P08174-6;P08174-7				1.51188e+07
P08185	P08185				6.78401e+07
P08195;P08195-2;P08195-3;P08195-4;P08195-5	P08195;P08195-4;P08195-2;P08195-3;P08195-5				2.37484e+07
P08236;P08236-2;P08236-3	P08236;P08236-2;P08236-3				606560
P08238	P07900;P08238;P07900-2				353435
P08253	P08253;P08253-2;P08253-3				1.98253e+07
P08294	P08294				8.17572e+07
P08476	P08476				409246
P08493-2	P08493;P08493-2				4.26043e+07
P08571	P08571				1.72591e+08
P08572	P08572				2.87574e+06
P08581;P08581-2	P08581;P08581-2				1.32852e+06
P08582	P08582;P08582-2				2.5501e+06
P08603	P08603				1.50998e+08
P08637	P08637				7.72771e+06
P08670	P08670;P17661				4.11384e+07
P08697	P08697;P08697-2				1.54613e+08
P08758	P08758				1.80571e+06
P08779	P08779				166361
P08949;P08949-2	P08949;P08949-2				16463.8
P09104	P09104;P09104-2				6.31859e+06
P09172	P09172				145551
P09211	P09211				4.73673e+06
P09382	P09382				9.27543e+06
P09417;P09417-2	P09417;P09417-2				6.55268e+06
P09455	P09455;P09455-2;P09455-3				589516
P09486	P09486				7.59841e+07
P09488	P09488				123225
P09529	P09529				482391
P09603	P09603				3.60852e+07
P09619	P09619;P09619-2				3.31416e+06
P09622	P09622;P09622-2				2.13384e+06
P09668	P09668				8.62104e+06
P09871	P09871				1.04898e+08
P09936	P09936				2.97857e+06
P09958	P09958				713055
P09960;P09960-4	P09960;P09960-2;P09960-3;P09960-4				1.19954e+06
P09972	P09972				1.68434e+07
P0C0L4;P0C0L4-2	P0C0L4;P0C0L4-2				1.06495e+08
P0C0L5	P0C0L4;P0C0L5;P0C0L4-2				6.1198e+08
P0C6S8	P0C6S8				842134
P0CG47;P0CG48	P0CG47;P0CG48;P62979;P62987				8.85277e+07
P0DJI8;P0DJI9	P0DJI8;P0DJI9				411543
P0DMQ5	P0DMQ5				2.64363e+07
P0DMV8;P0DMV8-2;P0DMV9	P0DMV8;P0DMV9;P0DMV8-2				1.85844e+06
P0DOX2	P01876;P01877;P01876-1;P01877-1;P0DOX2				7.75506e+08
P0DOX3	P0DOX3				1.128e+07
P0DOX5	P0DOX5				1.43992e+09
P0DOX7	P01834;P0DOX7				7.50261e+08
P0DOX8	B9A064;P0DOX8				1.91715e+08
P0DOY3	P0DOY2;P0DOY3				8.94914e+08
P0DP08	P0DP08				4.78509e+06
P0DP23;P0DP24;P0DP25	P0DP23;P0DP24;P0DP25;P27482				1.51224e+06
P0DP58	P0DP58				1.01614e+08
P0DTE1	P0DTE1				5.7837e+06
P10124	P10124				4.96016e+06
P10153	P10153				1.03115e+07
P10253	P10253				2.7589e+06
P10321;P10321-2	P10321;P10321-2				2.40683e+06
P10412;P16402;P16403	P10412;P16402;P16403				860662
P10451-3	P10451-3				4.16611e+07
P10451-5	P10451;P10451-4;P10451-5				3.38064e+08
P10451;P10451-4	P10451;P10451-4				3.40701e+06
P10586;P10586-2	P10586;P23468;P10586-2;P23468-3;P23468-4;P23468-5;P23468-6;P23468-7				7.80954e+06
P10599	P10599;P10599-2				1.21142e+07
P10619;P10619-2	P10619;P10619-2				1.12226e+06
P10636-2;P10636-6	P10636;P10636-8;P10636-6;P10636-2;P10636-3;P10636-4;P10636-5;P10636-7;P10636-9				884642
P10643	P10643				5.72343e+07
P10644	P10644;P10644-2				712505
P10645	P10645				3.00511e+08
P10646	P10646				168819
P10721;P10721-2	P10721;P10721-2				3.56148e+06
P10745	P10745				629930
P10768	P10768				2.12344e+06
P10909-6	P10909;P10909-4;P10909-6;P10909-2;P10909-3;P10909-5				4.3104e+09
P11021	P11021				7.72983e+06
P11047	P11047				3.00821e+06
P11117	P11117				1.80111e+06
P11137;P11137-3	P11137;P11137-3				42871.5
P11142	P11142				2.22771e+07
P11215;P11215-2	P11215;P11215-2				99851.6
P11279	P11279;P11279-2				8.62288e+06
P11362-16	P11362;P11362-10;P11362-11;P11362-16;P11362-2;P11362-20;P11362-3;P11362-4;P11362-8;P11362-9				3.3583e+06
P11362-21;P11362-7	P11362;P11362-10;P11362-11;P11362-12;P11362-13;P11362-14;P11362-16;P11362-18;P11362-19;P11362-2;P11362-20;P11362-21;P11362-3;P11362-4;P11362-5;P11362-6;P11362-7;P11362-8;P11362-9				1.69808e+07
P11464-4	P11464-4				4.56726e+06
P11597	P11597;P11597-2				682656
P11684	P11684				2.10935e+06
P11717	P11717				9.77051e+06
P12107;P12107-2;P12107-3;P12107-4	P12107;P12107-2;P12107-3;P12107-4				302628
P12109	P12109				3.92629e+07
P12110	P12110;P12110-2;P12110-3				2.91496e+06
P12111	P12111;P12111-2;P12111-4				9.8871e+06
P12111-4	P12111-4				1.34628e+06
P12259	P12259				1.9687e+07
P12272;P12272-2;P12272-3	P12272;P12272-2;P12272-3				1.09019e+06
P12273	P12273				327925
P12277	P12277				1.46181e+06
P12314;Q92637;Q92637-3	P12314;Q92637;Q92637-3				4.15418e+06
P12318;P12318-2	P12318;P31994;P31995;P12318-2;P31994-2;P31994-3;P31994-4;P31994-5;P31995-2;P31995-3;P31995-4				9.35463e+06
P12643	P12643				299213
P12821;P12821-2	P12821;P12821-2				799208
P12830;P12830-2	P12830;P12830-2				1.70913e+06
P12955	P12955;P12955-3				1.76966e+06
P13284	P13284				1.55141e+06
P13385;P51864	P13385;P51864				2.34829e+06
P13473;P13473-2;P13473-3	P13473;P13473-2;P13473-3				3.94967e+07
P13489	P13489				603316
P13497;P13497-2;P13497-3;P13497-4;P13497-5;P13497-6	P13497;P13497-2;P13497-3;P13497-4;P13497-5;P13497-6				1.97352e+06
P13521	P13521				7.3269e+07
P13591	P13591;P13591-1;P13591-3;P13591-4;P13591-5;P13591-6				2.29608e+08
P13591-3	P13591-1;P13591-3;P13591-4				3.12635e+07
P13598	P13598				4.26552e+06
P13611;P13611-5	P13611;P13611-2;P13611-3;P13611-4;P13611-5				1.95724e+07
P13637;P13637-2;P13637-3	P13637;P13637-2;P13637-3				1.36459e+06
P13639	P13639				913239
P13645	P13645				1.73658e+07
P13647	P13647				2.39807e+06
P13667	P13667				853352
P13671	P13671				2.01109e+07
P13693	P13693;Q9HAU6;P13693-2				1.01326e+06
P13726;P13726-2	P13726;P13726-2				2.20073e+06
P13727;P13727-2	P13727;P13727-2				323660
P13747	P13747				1.09705e+06
P13796	P13796				5.28911e+06
P13797;P13797-2;P13797-3	P13797;P13797-2;P13797-3				568562
P13987;P13987-2	P13987;P13987-2				7.12996e+07
P14136	P14136				3.08307e+06
P14138;P14138-2;P14138-3	P14138;P14138-2;P14138-3				2.24668e+06
P14151;P14151-2	P14151;P14151-2				2.77361e+06
P14174	P14174				8.96635e+06
P14207	P14207				4.20321e+06
P14209	P14209;P14209-3				2.10993e+06
P14314-2	P14314;P14314-2				6.20894e+06
P14324;P14324-2	P14324;P14324-2				278017
P14384	P14384				1.39599e+06
P14415	P14415				2.17872e+06
P14543	P14543;P14543-2				2.05072e+07
P14550	P14550				321745
P14618-2	P14618;P14618-2;P14618-3				2.44728e+07
P14618;P14618-3	P14618;P14618-3				894132
P14621	P14621				4.33273e+06
P14625	P14625;Q58FF3				9.56231e+06
P14867;P34903;P47869	P14867;P34903;P47869				2.03976e+06
P15086	P15085;P15086				1.59395e+06
P15090	P15090				138778
P15121	P15121				1.75926e+06
P15144	P15144				968702
P15151-3	P15151;P15151-2;P15151-3;P15151-4				4.67911e+06
P15169	P15169				2.67924e+06
P15259	P15259				82473.4
P15289;P15289-2	P15289;P15289-2				1.83437e+06
P15291;P15291-2	P15291;P15291-2				7.967e+06
P15311	P15311				455554
P15328	P15328				1.3994e+06
P15502-1;P15502-2;P15502-4;P15502-5	P15502-1;P15502-2;P15502-4;P15502-5				2.14239e+06
P15509;P15509-2;P15509-3;P15509-5;P15509-7	P15509;P15509-3;P15509-2;P15509-5;P15509-7;P15509-8				3.99194e+06
P15529;P15529-10;P15529-11;P15529-12;P15529-13;P15529-14;P15529-15;P15529-16;P15529-2;P15529-3;P15529-4;P15529-5;P15529-6;P15529-7;P15529-8;P15529-9	P15529;P15529-3;P15529-10;P15529-11;P15529-12;P15529-13;P15529-14;P15529-15;P15529-16;P15529-2;P15529-4;P15529-5;P15529-6;P15529-7;P15529-8;P15529-9				1.60381e+06
P15531;P15531-2	P15531;P15531-2				626650
P15586	P15586;P15586-2				2.36646e+06
P15848;P15848-2	P15848;P15848-2				100024
P15907	P15907;P15907-2				102922
P16035	P16035				5.28479e+07
P16070;P16070-10;P16070-11;P16070-12;P16070-13;P16070-14;P16070-15;P16070-16;P16070-17;P16070-18;P16070-3;P16070-4;P16070-5;P16070-6;P16070-7;P16070-8;P16070-9	P16070;P16070-10;P16070-11;P16070-12;P16070-13;P16070-14;P16070-15;P16070-16;P16070-17;P16070-18;P16070-3;P16070-4;P16070-5;P16070-6;P16070-7;P16070-8;P16070-9				6.54979e+07
P16083	P16083				1.60054e+07
P16112;P16112-2	P16112;P16112-2;P16112-3				1.71997e+06
P16152	P16152				2.91559e+06
P16234;P16234-3	P16234;P16234-2;P16234-3				876114
P16278;P16278-3	P16278;P16278-2;P16278-3				252523
P16519;P16519-2;P16519-3	P16519;P16519-2;P16519-3				3.41915e+06
P16870;P16870-2	P16870;P16870-2				8.30411e+07
P16930	P16930				1.73547e+06
P16949;P16949-2	P16949;P16949-2				3.2035e+06
P17050	P17050				2.08983e+06
P17066	P17066;P48741				6.08781e+06
P17174	P17174;P17174-2				2.95339e+07
P17302	P17302				872259
P17405;P17405-4	P17405;P17405-4				1.1867e+06
P17600;P17600-2	P17600;P17600-2				960662
P17677;P17677-2	P17677;P17677-2				3.54487e+06
P17813;P17813-2	P17813;P17813-2				860672
P17900	P17900				6.42521e+07
P17931	P17931				1.39495e+06
P17936;P17936-2	P17936;P17936-2				4.59231e+06
P18065	P18065				1.1398e+08
P18075	P18075				191700
P18206;P18206-2	P18206;P18206-2				1.3489e+06
P18428	P18428				4.53117e+06
P18509	P18509				1.72581e+06
P18669	P15259;P18669				5.83258e+06
P18850	P18850				284791
P19021;P19021-5;P19021-6	P19021;P19021-3;P19021-4;P19021-2;P19021-5;P19021-6				5.67858e+07
P19022	P19022;P19022-2				5.80226e+07
P19256;P19256-2;P19256-3	P19256;P19256-2;P19256-3				1.09959e+06
P19320	P19320;P19320-2;P19320-3				9.06136e+06
P19367;P19367-2;P19367-3;P19367-4	P19367;P19367-2;P19367-3;P19367-4				1.22894e+06
P19526	P19526				229243
P19652	P19652				1.2678e+09
P19823	P19823				5.13141e+07
P19827	P19827;P19827-2				4.07408e+07
P19835	P19835;P19835-2				834473
P19961	P04746;P0DTE7;P0DTE8;P0DUB6;P19961;P19961-2;P04746-2				1.76445e+06
P20036	P20036				278288
P20062	P20062				8.44064e+06
P20138;P20138-2	P20138;P20138-2				610095
P20340;P20340-2;Q9NRW1	P20340;Q9NRW1;P20340-2;P20340-3				139940
P20366;P20366-2	P20366;P20366-2;P20366-3;P20366-4				2.99855e+06
P20396	P20396				635844
P20472	P20472				9.20142e+06
P20618	P20618				2.17198e+06
P20742	P20742;P20742-2				1.93877e+06
P20774	P20774				1.6881e+08
P20827	P20827;P20827-2				7.33951e+06
P20908;P20908-2	P20908;P20908-2				401564
P20916;P20916-2;P20916-3	P20916;P20916-2;P20916-3				4.17212e+06
P20930	P20930				329869
P20933	P20933				2.23296e+07
P21246	P21246				1.6411e+06
P21291	P21291				27348.6
P21333;P21333-2	P21333;P21333-2				6.41805e+06
P21554	P21554				1.18272e+06
P21579	P21579				1.76134e+06
P21802;P21802-16;P21802-2;P21802-5;P21802-6;P21802-8	P21802;P21802-3;P21802-14;P21802-15;P21802-16;P21802-17;P21802-18;P21802-19;P21802-2;P21802-23;P21802-5;P21802-6;P21802-8				1.63959e+07
P21810	P21810				4.49344e+06
P21860;P21860-4	P21860;P21860-4				1.25304e+06
P21926	P21926				1.25732e+06
P22004	P22004				1.15544e+06
P22061;P22061-2	P22061;P22061-2				6.8289e+06
P22105;P22105-1;P22105-4	P22105;P22105-1;P22105-4				8.52741e+06
P22223;P22223-2	P22223;P22223-2				189280
P22303	P22303;P22303-2;P22303-3;P22303-4				2.1507e+06
P22304	P22304				1.65999e+07
P22352	P22352				3.00796e+07
P22392-2	P15531;P22392;O60361;P22392-2;P15531-2				2.41249e+06
P22607-2	P22455;P22607;P22455-2;P22607-2;P22607-3;P22607-4				1.26006e+07
P22676	P22676				1.62816e+06
P22692;P22692-2	P22692;P22692-2				4.15366e+07
P22748	P22748				4.03813e+06
P22792	P22792				6.1077e+06
P22794;P22794-2	P22794;P22794-2				1.31012e+06
P22891;P22891-2	P22891;P22891-2				394402
P22897	P22897				4.25283e+06
P23083	P23083;P01743;A0A0C4DH29;A0A0C4DH31;A0A0C4DH33;A0A0J9YVY3;P0DP01				5.12999e+06
P23142	P23142				2.37612e+08
P23142-4	P23142-4				2.25488e+08
P23284	P23284				1.49947e+07
P23381;P23381-2	P23381;P23381-2				333315
P23435	P23435				3.49688e+07
P23468-2	P23468;P23468-2;P23468-3;P23468-4;P23468-5;P23468-6;P23468-7				9.73596e+06
P23468-7	P23468-4;P23468-5;P23468-6;P23468-7				793370
P23470;P23470-2	P23470;P23470-2				2.42862e+07
P23471;P23471-2	P23471;P23471-2;P23471-3				4.37735e+07
P23515	P23515				8.73788e+07
P23526;P23526-2	P23526;P23526-2				211201
P23528	P23528;Q9Y281;Q9Y281-3				1.13968e+06
P23560;P23560-2;P23560-3;P23560-4;P23560-5	P23560;P23560-2;P23560-3;P23560-4;P23560-5				3.93637e+06
P23582	P23582				3.29619e+07
P23588;P23588-2	P23588;P23588-2				80206.5
P24043	P24043				4.57354e+06
P24347	P24347				4.2494e+06
P24387	P24387				289823
P24592	P24592				1.84414e+08
P24593	P24593				1.66938e+07
P24666;P24666-2;P24666-3;P24666-4	P24666;P24666-2;P24666-3;P24666-4				870792
P24821;P24821-4	P24821;P24821-2;P24821-3;P24821-4;P24821-5;P24821-6				2.44319e+06
P25189;P25189-2	P25189;P25189-2				1.8169e+06
P25311	P25311				1.69774e+08
P25391	P25391				719111
P25713	P25713				6.79558e+06
P25774	P25774;P25774-2				4.56315e+06
P25786;P25786-2	P25786;P25786-2				175819
P25788;P25788-2	P25788;P25788-2				214278
P25789	P25789;P25789-2				488393
P26038	P26038				3.68423e+06
P26447	P26447				1.26024e+06
P26572	P26572				4.63462e+06
P26641;P26641-2	P26641;P26641-2				237539
P26885	P26885				384680
P26927	P26927;Q2TV78;Q2TV78-2				4.08711e+06
P26992	P26992				2.34526e+07
P27169	P27169				1.63664e+07
P27348	P27348				267628
P27658	P27658				374881
P27694	P27694				936285
P27797	P27797				1.98988e+07
P27824;P27824-2	P27824;P27824-2;P27824-3				4.63281e+06
P28072	P28072				198673
P28074	P28074;P28074-2				307948
P28161;P28161-2	P28161;P28161-2				188799
P28300	P28300				685608
P28482	P28482				377108
P28799;P28799-2;P28799-3	P28799;P28799-2;P28799-3				406378
P28827;P28827-2	P28827;P28827-2				832083
P28838;P28838-2	P28838;P28838-2				515160
P29120;P29120-2	P29120;P29120-2				1.28791e+07
P29218;P29218-3	P29218;P29218-3;P29218-2				2.07388e+06
P29279;P29279-2	P29279;P29279-2				445757
P29323;P29323-2;P29323-3	P29323;P29323-3;P29323-2				4.22762e+06
P29401;P29401-2	P29401;P29401-2				1.28103e+06
P29622	P29622				5.052e+07
P29762	P29762				1.32022e+06
P29966	P29966				2.90976e+06
P30041	P30041				3.35532e+06
P30043	P30043				721971
P30044;P30044-2;P30044-3	P30044;P30044-2;P30044-3				76010
P30047;P30047-2	P30047;P30047-2				257539
P30048;P30048-2	P30048;P30048-2				682177
P30086	P30086				3.57407e+07
P30101	P30101				3.3393e+06
P30530;P30530-2	P30530;P30530-2				1.42727e+07
P30711	P30711				495691
P30740	P30740				1.01586e+06
P30990	P30990				659705
P31146	P31146				1.01714e+06
P31150	P31150				5.40547e+06
P31151	P31151;Q86SG5				364629
P31153	P31153				6.36966e+06
P31321	P31321				1.55403e+06
P31431;P31431-2	P31431;P31431-2				79577.7
P31937	P31937				175647
P31944	P31944				807294
P31946;P31946-2	P31946;P31946-2				2.21586e+06
P31948;P31948-2;P31948-3	P31948;P31948-2;P31948-3				78791.5
P31949	P31949				891441
P32004;P32004-2;P32004-3	P32004;P32004-2;P32004-3				6.44453e+06
P32119	P32119				9.70937e+06
P32926	P32926				1.06874e+06
P32971	P32971				397376
P33151	P33151;P33151-2				6.248e+06
P33908	P33908				2.79315e+07
P34059	P34059				869584
P34096	P34096				9.83413e+06
P34741	P34741				813530
P34932	P34932				198442
P34949;P34949-2	P34949;P34949-2				184821
P35030;P35030-2;P35030-3;P35030-4;P35030-5	P35030;P35030-2;P35030-3;P35030-4;P35030-5				1.04038e+06
P35052	P35052				8.87994e+06
P35080	P35080				615549
P35237	P35237				847398
P35318	P35318				3.28448e+06
P35442	P35442				2.79233e+06
P35443	P35443				1.33078e+07
P35475	P35475				232464
P35527	P35527				9.41583e+06
P35542	P35542				6.53929e+07
P35555	P35555				2.71498e+06
P35590	P35590;P35590-2;P35590-3				1.14214e+06
P35613;P35613-2	P35613;P35613-2				3.85121e+06
P35625	P35625				356884
P35754	P35754				2.44958e+06
P35858;P35858-2	P35858;P35858-2				3.91634e+06
P35908	P35908				6.14231e+06
P35968;P35968-2;P35968-3	P35968;P35968-2;P35968-3				1.04393e+06
P36222	P36222				1.33761e+08
P36269;P36269-2;P36269-3	P36269;P36269-2;P36269-3				94104.2
P36871	P36871;P36871-2				3.08111e+06
P36888;P36888-2	P36888;P36888-2				343063
P36955	P36955				4.44634e+08
P36957	P36957;P36957-2				2.72982e+07
P36980	P36980				1.915e+07
P37173;P37173-2	P37173;P37173-2				2.33438e+06
P37235;P61601;P84074	P37235;P61601;P84074				191799
P37802;P37802-2	P37802;P37802-2				734817
P37837;P37837-2	P37837;P37837-2				1.17843e+07
P37840;P37840-2	P37840;P37840-2				535760
P38571;P38571-2	P38571;P38571-2				6.72199e+06
P39059	P39059				3.10605e+06
P39060;P39060-1;P39060-2	P39060;P39060-1;P39060-2				2.43716e+07
P39748;P39748-2	P39748;P39748-2				1.09182e+06
P40121;P40121-2	P40121;P40121-2				980731
P40189	P40189;P40189-3				2.54445e+07
P40925;P40925-3	P40925;P40925-3				2.25093e+07
P40926	P40926;P40926-2				1.16519e+06
P40967;P40967-2;P40967-4;P40967-5	P40967;P40967-2;P40967-4;P40967-5				1.28176e+06
P41217;P41217-2;P41217-3	P41217;P41217-2;P41217-3				2.98022e+06
P41222	P41222				1.43788e+10
P41271;P41271-2	P41271;P41271-2				1.30279e+08
P42262;P42262-2;P42262-3	P42262;P42262-2;P42262-3				1.69466e+06
P42658;P42658-2	P42658;P42658-2				4.12153e+06
P42785	P42785;P42785-2				9.69851e+06
P42857;P42857-2	P42857;P42857-2				2.18407e+06
P43004;P43004-2;P43004-3	P43004;P43004-2;P43004-3				559145
P43121	P43121;P43121-2				2.06921e+07
P43146	P43146				4.39042e+06
P43234	P43234				3.14293e+06
P43251;P43251-2;P43251-3;P43251-4	P43251;P43251-2;P43251-3;P43251-4				5.29906e+07
P43652	P43652				9.04209e+07
P45877	P45877				3.56604e+06
P46013;P46013-2	P46013;P46013-2				187378
P46459	P46459				1.80788e+06
P46926;P46926-2	P46926;P46926-2				312281
P47755;P47755-2;P52907	P47755;P52907;P47755-2				596570
P47972	P47972				6.6262e+06
P48058;P48058-2	P48058;P48058-2				1.17048e+07
P48061;P48061-2;P48061-3;P48061-4;P48061-5;P48061-6	P48061;P48061-2;P48061-3;P48061-4;P48061-5;P48061-6				3.94968e+06
P48066;P48066-2	P48066;P48066-2				254294
P48147	P48147				620765
P48163;P48163-2	P48163;P48163-2				713292
P48539	P48539				2.43454e+06
P48551;P48551-2;P48551-3	P48551;P48551-2;P48551-3				1.09241e+06
P48637	P48637				2.00144e+06
P48723	P48723				2.2818e+06
P48740-2;P48740-4	P48740-2;P48740-4				7.61193e+06
P48740-3	P48740-3				2.94451e+06
P48745	P48745				1.09392e+06
P49221	P49221				5.24727e+06
P49257	P49257				7.16033e+06
P49418;P49418-2	P49418;P49418-2				969364
P49588;P49588-2	P49588;P49588-2				48490.6
P49641	P49641;P49641-1;P49641-2				1.35715e+07
P49721	P49721				227463
P49747;P49747-2	P49747;P49747-2				3.64352e+06
P49767	P49767				310769
P49908	P49908				2.2188e+07
P50238	P50238				4.49214e+06
P50281	P50281				1.19859e+06
P50395;P50395-2	P50395;P50395-2				1.29594e+06
P50502	P50502;Q8IZP2				807517
P50750-2	P50750-2				787084
P50895	P50895				1.67412e+06
P50897;P50897-2	P50897;P50897-2				880282
P50993	P05023;P13637;P20648;P50993;P05023-2;P05023-3;P05023-4;P13637-2;P13637-3				2.16627e+06
P51161;P51161-2	P51161;P51161-2				372189
P51512;P51512-2	P51512;P51512-2				1.59881e+06
P51668;P61077;P61077-2;P61077-3;P62837;P62837-2;Q9Y2X8	P51668;P61077;P62837;Q9Y2X8;P62837-2;P61077-2;P61077-3				381954
P51688	P51688				192169
P51693	P51693;P51693-2				5.65539e+08
P51693-2	P51693-2				1.00126e+07
P51805	P51805				159303
P51812	P51812;Q15418;Q15418-2;Q15418-3;Q15418-4				1.01714e+06
P51884	P51884				8.03362e+07
P51888	P51888				1.55508e+07
P52209;P52209-2	P52209;P52209-2				49851.2
P52565;P52565-2	P52565;P52565-2				313419
P52566	P52566				366805
P52758	P52758				1.07641e+06
P52797	P52797				970816
P52799	P52799				3.73164e+06
P52803	P52803				6.01329e+06
P52848	P52848				1.16613e+06
P52943;P52943-2	P52943;P52943-2				480154
P53041	P53041				375822
P53634	P53634				1.32262e+06
P54108;P54108-2;P54108-3	P54108;P54108-2;P54108-3				3.95822e+06
P54289-2;P54289-3	P54289;P54289-2;P54289-3;P54289-4;P54289-5				3.21853e+07
P54578;P54578-2;P54578-3	P54578;P54578-2;P54578-3				179683
P54652	P54652				534432
P54709;P54709-2	P54709;P54709-2				291303
P54727	P54725;P54727;P54725-2;P54725-3				2.39364e+06
P54764	P54764;P54764-2				1.89476e+07
P54802	P54802				3.19841e+06
P54803;P54803-4;P54803-5	P54803;P54803-3;P54803-4;P54803-5				248275
P54826	P54826				1.08108e+06
P55011;P55011-3	P55011;P55011-3				755260
P55058	P55058;P55058-2;P55058-3;P55058-4				2.05151e+08
P55083;P55083-2	P55083;P55083-2				2.30195e+07
P55087;P55087-2	P55087;P55087-2				2.98641e+06
P55103	P55103				257009
P55107	P55107				585162
P55268	P55268				4.28572e+06
P55283;P55283-2	P55283;P55283-2				1.04071e+07
P55285;P55285-2	P55285;P55285-2				5.25698e+06
P55286	P55286				6.20846e+06
P55287;P55287-2	P55287;P55287-2				1.68571e+07
P55289;P55289-2	P55289;P55289-2				924684
P55290;P55290-4	P55290;P55290-2;P55290-3;P55290-4;P55290-5				8.83946e+07
P55291	P55291				5.10601e+06
P55317;P55317-2	P55317;P55317-2				463605
P55774	P55774				687042
P55786	P55786;A6NEC2				2.16843e+06
P55854;P55854-2;P61956;P61956-2;Q6EEV6	P55854;P61956;Q6EEV6;P55854-2;P61956-2				500174
P55899	P55899				235745
P55957;P55957-2	P55957;P55957-2;P55957-4				358684
P56159;P56159-2	P56159;P56159-2				1.58833e+06
P56199	P56199				539510
P56705;P56705-2	P56705;P56705-2				263558
P56817;P56817-2	P56817;P56817-2;P56817-3;P56817-4;P56817-5;P56817-6				1.45729e+06
P57087;P57087-2;P57087-3	P57087;P57087-2;P57087-3				3.47575e+06
P58215	P58215;P58215-2;P58215-3				820728
P58400	P58400;P58400-1				2.30037e+06
P58401	P58401				1.99454e+06
P58417	O95156;P58417				1.94605e+07
P60174;P60174-3	P60174;P60174-3;P60174-4				1.6143e+07
P60520	O95166;P60520;Q9H0R8;Q9H0R8-2				647428
P60660;P60660-2	P60660;P60660-2				533526
P60709;P63261	P60709;P63261				2.64436e+07
P60900	P60900;P60900-2				601753
P60981;P60981-2	P60981;P60981-2				976297
P60983	P60983				2.29134e+06
P61018;P61018-2	P61018;P61018-2				971891
P61088	P61088;Q5JXB2				1.50882e+06
P61106	P61106				2.15872e+06
P61158;Q9P1U1;Q9P1U1-2	P61158;Q9P1U1;Q9C0K3;Q9P1U1-2;Q9P1U1-3				545140
P61204;P61204-2;P84077	P18085;P61204;P84077;P84085;P61204-2				784017
P61266;P61266-2	P61266;P61266-2				748865
P61278	P61278				2.9897e+07
P61604	P61604				672891
P61626	P61626				6.53674e+07
P61769	P61769				1.25532e+09
P61812;P61812-2	P61812;P61812-2				100936
P61916	P61916;P61916-2				1.09932e+08
P61970	P61970				5.69887e+06
P61981	P61981				9.23166e+06
P62258	P62258;P62258-2				7.12863e+06
P62328	P62328;P63313				1.15167e+07
P62491;P62491-2;Q15907;Q15907-2	P62491;Q15907;P62491-2;Q15907-2				224338
P62805	P62805				954080
P62873;P62873-2;P62879;Q9HAV0	P62873;P62879;Q9HAV0;P62873-2;P62879-2				925328
P62913;P62913-2	P62913;P62913-2				3.07737e+07
P62937	P62937				1.0271e+07
P62942	P62942				2.45411e+06
P62993	P62993;P62993-2				1.88947e+06
P63000;P63000-2	P63000;P63000-2				48562.5
P63010;P63010-2;P63010-3	P63010;P63010-2;P63010-3				2.27707e+06
P63104	P63104;P63104-2				5.92678e+06
P63208	P63208;P63208-2				5.61169e+06
P63241;P63241-2;Q6IS14;Q9GZV4	P63241;Q9GZV4;Q6IS14;P63241-2				108988
P63302	P63302				776634
P68032	P62736;P63267;P68032;P68133				8.44316e+06
P68036;P68036-2;P68036-3	P68036;A0A1B0GUS4;P68036-2;P68036-3				2.43866e+06
P68104;Q5VTE0	P68104;Q05639;Q5VTE0				1.18958e+06
P68363;Q71U36;Q71U36-2;Q9BQE3	P68363;Q71U36;Q9BQE3;Q71U36-2				247977
P68871	P02042;P68871				4.03313e+07
P69849;Q15155;Q5JPE7;Q5JPE7-2	P69849;Q15155;Q5JPE7;Q5JPE7-2;Q5JPE7-3				1.67972e+06
P69905	P69905				4.39385e+07
P78310;P78310-2;P78310-5;P78310-6;P78310-7	P78310;P78310-2;P78310-4;P78310-5;P78310-6;P78310-7				755961
P78324;P78324-2	P78324;Q9P1W8;Q5TFQ8;P78324-2;P78324-4;Q9P1W8-2;Q9P1W8-3;Q9P1W8-4				4.89635e+07
P78330	P78330				308556
P78417	P78417;P78417-3				2.282e+06
P78504	P78504				316998
P78509;P78509-2	P78509;P78509-2;P78509-3				2.2183e+07
P78536;P78536-2	P78536;P78536-2				817291
P78539;P78539-2;P78539-3;P78539-5	P78539;P78539-2;P78539-3;P78539-4;P78539-5				1.61241e+06
P78563;P78563-2;P78563-3;P78563-4;P78563-5;P78563-6	P78563;P78563-4;P78563-2;P78563-3;P78563-5;P78563-6				2.09863e+07
P80108	P80108				8.58438e+06
P80188;P80188-2	P80188;P80188-2				1.76565e+06
P80303;P80303-2	P80303;P80303-2				747067
P80723	P80723;P80723-2				6.03073e+06
P80748	P80748				4.92884e+07
P81605	P81605				3.27577e+06
P82987;P82987-2	P82987;P82987-2				386880
P84157	P84157;P84157-2;P84157-3				354972
P84157-2	P84157-2				282686
P98095;P98095-2	P98095;P98095-2				5.93857e+06
P98153;P98153-2;P98153-3	P98153;P98153-2;P98153-3				2.26201e+06
P98155;P98155-2	P98155;P98155-2				1.40567e+06
P98160	P98160				2.20872e+07
P98164	P98164				5.59337e+06
P98172	P98172				2.18338e+06
P98173;P98173-2;P98173-3	P98173;P98173-2;P98173-3				1.8836e+06
P99999	P99999				4.7027e+06
Q00169	P48739;Q00169;P48739-2;P48739-3				325265
Q00973	Q00973;Q00973-2;Q00973-3				2.61126e+06
Q01082	Q01082				274078
Q01459	Q01459				8.36772e+06
Q01469	Q01469				5.87017e+06
Q01973;Q01973-3	Q01973;Q01973-3				623886
Q01995	Q01995				1.3743e+07
Q02246	Q02246				2.85642e+07
Q02413	Q02413				867918
Q02487;Q02487-2	Q02487;Q02487-2				5.25259e+06
Q02747	Q02747				1.81166e+06
Q02790	Q02790				214321
Q02809;Q02809-2	Q02809;Q02809-2				2.54722e+06
Q02818	Q02818				1.59172e+07
Q02985;Q02985-2	Q02985;Q92496;Q02985-2;Q92496-2;Q92496-3				1.39943e+06
Q03167;Q03167-2	Q03167;Q03167-2				6.68709e+06
Q03591	Q03591				299139
Q04695	Q04695				90730.1
Q04721	Q04721				4.37043e+06
Q04756	Q04756				3.04554e+06
Q04760;Q04760-2	Q04760;Q04760-2				2.46334e+06
Q04917	Q04917				778076
Q05193;Q05193-2;Q05193-3;Q05193-5	Q05193;Q05193-2;Q05193-3;Q05193-5				520204
Q05707;Q05707-2	Q05707;Q05707-2;Q05707-3				2.23167e+06
Q05996;Q05996-2	Q05996;Q05996-2				4.45729e+06
Q06033;Q06033-2	Q06033;Q06033-2				2.09322e+07
Q06418	Q06418				7.95955e+06
Q06481	Q06481;Q06481-3;Q06481-6				4.53746e+07
Q06828	Q06828				2.23732e+07
Q06830	Q06830				5.13333e+06
Q07092;Q07092-2	Q07092;Q07092-2				2.88823e+06
Q07507	Q07507				2.5112e+06
Q07699;Q07699-2	Q07699;Q07699-2				2.77654e+06
Q07954	Q07954				5.23012e+06
Q08174-2	Q08174;Q08174-2				7.15919e+06
Q08257;Q08257-2;Q08257-3	Q08257;Q08257-2;Q08257-3				1.04719e+06
Q08345;Q08345-5	Q08345;Q08345-2;Q08345-4;Q08345-5;Q08345-6				7.17171e+06
Q08380	Q08380				1.18118e+08
Q08397	Q08397				686622
Q08431;Q08431-2;Q08431-4	Q08431;Q08431-2;Q08431-3;Q08431-4				5.89228e+06
Q08554;Q08554-2	Q08554;Q08554-2				1.98023e+06
Q08629	Q08629				1.35166e+07
Q08ET2	O15389;Q08ET2				9.51811e+06
Q09327	Q09327				681041
Q09328	Q09328				1.41736e+06
Q09666	Q09666				786058
Q0P6D2	Q0P6D2				4.18295e+06
Q10469	Q10469				2.26716e+06
Q10471	Q10471				6.83311e+06
Q10472	Q10472				2.46238e+06
Q10567;Q10567-2;Q10567-3	Q10567;Q10567-3;Q10567-2;Q10567-4				382185
Q10588	Q10588				2.10897e+06
Q10589;Q10589-2	Q10589;Q10589-2				244167
Q12765;Q12765-2;Q12765-3	Q12765;Q12765-2;Q12765-3				413706
Q12794;Q12794-2;Q12794-7	Q12794;Q12794-2;Q12794-4;Q12794-7				2.71942e+06
Q12797;Q12797-10	Q12797;Q12797-10				1.88512e+06
Q12805;Q12805-2;Q12805-3;Q12805-4;Q12805-5	Q12805;Q12805-2;Q12805-3;Q12805-4;Q12805-5				2.12693e+08
Q12841;Q12841-2	Q12841;Q12841-2				5.35609e+06
Q12860	Q12860;Q12860-2				8.2403e+07
Q12866	Q12866				1.77126e+06
Q12884	Q12884;Q12884-2				69718.5
Q12907	Q12907				7.36571e+07
Q12913;Q12913-3	Q12913;Q12913-2;Q12913-3				2.44006e+06
Q13093	Q13093				196019
Q13103	Q13103				358097
Q13145	Q13145				577567
Q13201;Q13201-2	Q13201;Q13201-2				1.79915e+06
Q13214;Q13214-2	Q13214;Q13214-2				2.12186e+06
Q13217	Q13217				2.5844e+06
Q13228;Q13228-4	Q13228;Q13228-2;Q13228-3;Q13228-4				1.28133e+07
Q13231;Q13231-2;Q13231-3	Q13231;Q13231-2;Q13231-3;Q13231-4				1.51071e+06
Q13232	Q13232				336987
Q13275-2	Q13275;Q13275-2				669287
Q13308;Q13308-2;Q13308-3;Q13308-4;Q13308-5;Q13308-6	Q13308;Q13308-2;Q13308-3;Q13308-4;Q13308-5;Q13308-6				987962
Q13332-7	Q13332-5;Q13332-7				3.00121e+06
Q13332;Q13332-3;Q13332-4	Q13332;Q13332-2;Q13332-3;Q13332-4;Q13332-5;Q13332-6;Q13332-7				1.78407e+07
Q13404;Q13404-1;Q13404-2;Q13404-6;Q13404-7	Q13404;Q13404-1;Q13404-2;Q13404-6;Q13404-7				1.2994e+06
Q13421-2;Q13421-3;Q13421-4	Q13421;Q13421-2;Q13421-3;Q13421-4				2.49507e+06
Q13433	Q13433				947938
Q13443;Q13443-2	Q13443;Q13443-2				1.19183e+06
Q13444;Q13444-10;Q13444-12;Q13444-2;Q13444-3;Q13444-4;Q13444-5;Q13444-6;Q13444-7;Q13444-8;Q13444-9	Q13444;Q13444-2;Q13444-10;Q13444-11;Q13444-12;Q13444-3;Q13444-4;Q13444-5;Q13444-6;Q13444-7;Q13444-8;Q13444-9				2.67644e+06
Q13449	Q13449				1.77368e+08
Q13508;Q13508-2;Q13508-3	Q13508;Q13508-2;Q13508-3				8.58463e+06
Q13510;Q13510-2	Q13510;Q13510-2;Q13510-3				6.18909e+06
Q13519;Q13519-2	Q13519;Q13519-2				1.02722e+06
Q13554;Q13554-2;Q13554-3;Q13554-4;Q13554-5;Q13554-7;Q13554-8	Q13554;Q13554-3;Q13554-2;Q13554-4;Q13554-5;Q13554-6;Q13554-7;Q13554-8				6.10555e+06
Q13555;Q13555-10;Q13555-11;Q13555-2;Q13555-3;Q13555-4;Q13555-5;Q13555-6;Q13555-7;Q13555-8;Q13555-9	Q13555;Q13555-5;Q13555-10;Q13555-11;Q13555-2;Q13555-3;Q13555-4;Q13555-6;Q13555-7;Q13555-8;Q13555-9				1.40895e+06
Q13557;Q13557-10;Q13557-11;Q13557-12;Q13557-3;Q13557-4;Q13557-5;Q13557-6;Q13557-8;Q13557-9	Q13557;Q13557-8;Q13557-10;Q13557-11;Q13557-12;Q13557-3;Q13557-4;Q13557-5;Q13557-6;Q13557-9				1.43126e+06
Q13634;Q13634-2	Q13634;Q13634-2				4.48395e+06
Q13641	Q13641				833857
Q13642-1;Q13642-4;Q13642-5	Q13642-1;Q13642-4;Q13642-5				1.11998e+06
Q13683;Q13683-10;Q13683-3;Q13683-7;Q13683-9	Q13683;Q13683-10;Q13683-13;Q13683-3;Q13683-7;Q13683-9				3.90264e+06
Q13740;Q13740-2	Q13740;Q13740-2;Q13740-3				2.97401e+07
Q13790	Q13790				493741
Q13822-3	Q13822;Q13822-3				1.78278e+08
Q13867	Q13867				1.41889e+06
Q14019	Q14019				4.21776e+06
Q14112;Q14112-2	Q14112;Q14112-2				4.18137e+06
Q14114;Q14114-2;Q14114-3;Q14114-4	Q14114;Q14114-3;Q14114-2;Q14114-4				1.45893e+06
Q14118	Q14118				1.0561e+08
Q14126	Q14126				2.42095e+06
Q14165	Q14165				3.11705e+06
Q14213	Q14213				542600
Q14242;Q14242-2	Q14242;Q14242-2				997163
Q14257;Q14257-2	Q14257;Q14257-2				1.55387e+06
Q14314	Q14314				4.9287e+06
Q14315;Q14315-2	Q14315;Q14315-2				1.70332e+06
Q14393;Q14393-1;Q14393-3;Q14393-4;Q14393-5	Q14393;Q14393-1;Q14393-3;Q14393-4;Q14393-5				5.96111e+06
Q14515	Q14515;Q14515-2				1.4868e+08
Q14517	Q14517				345926
Q14520;Q14520-2	Q14520;Q14520-2				5.27282e+06
Q14563	Q14563				756839
Q14566	Q14566				2.18176e+06
Q14574;Q14574-2	Q14574;Q14574-2				3.74117e+06
Q14596;Q14596-2	Q14596;Q14596-2				1.34974e+06
Q14624	Q14624				7.49024e+07
Q14624-2;Q14624-3;Q14624-4	Q14624-2;Q14624-3;Q14624-4				1.35259e+07
Q14696	Q14696				2.26957e+06
Q14697;Q14697-2	Q14697;Q14697-2				5.4311e+06
Q14766	Q14766;Q14766-4				3.87113e+06
Q14767	Q14767				1.11427e+07
Q14894	Q14894				1.68706e+06
Q14956;Q14956-2	Q14956;Q14956-2				1.57075e+06
Q14982;Q14982-2;Q14982-3;Q14982-4	Q14982;Q14982-2;Q14982-3;Q14982-4				2.95456e+07
Q14C87	Q14C87;Q14C87-2				2.83344e+06
Q14CZ8	Q14CZ8				2.49699e+06
Q14DG7	Q14DG7;Q14DG7-2				1.49954e+06
Q15043;Q15043-2;Q15043-3	Q15043;Q15043-2;Q15043-3				90215.2
Q15063-3	Q15063-3;Q15063-4;Q15063-7				754048
Q15084;Q15084-2;Q15084-3;Q15084-4;Q15084-5	Q15084;Q15084-2;Q15084-3;Q15084-4;Q15084-5				2.79547e+06
Q15113	Q15113				4.61629e+07
Q15121;Q15121-2	Q15121;Q15121-2				404764
Q15149;Q15149-2;Q15149-3;Q15149-4;Q15149-5;Q15149-6;Q15149-7;Q15149-8;Q15149-9	Q15149;Q15149-2;Q15149-3;Q15149-4;Q15149-5;Q15149-6;Q15149-7;Q15149-8;Q15149-9				815580
Q15166	Q15166				2.58994e+07
Q15223;Q15223-2;Q15223-3	Q15223;Q15223-2;Q15223-3				1.21759e+07
Q15256	Q15256;Q15256-5				1.47793e+06
Q15257;Q15257-2;Q15257-3	Q15257;Q15257-2;Q15257-3				4.07416e+06
Q15262;Q15262-2;Q15262-3;Q15262-4	Q15262;Q15262-2;Q15262-3;Q15262-4				5.61365e+06
Q15293	Q15293;Q15293-2				1.97464e+06
Q15303;Q15303-2;Q15303-3;Q15303-4	Q15303;Q15303-2;Q15303-3;Q15303-4				1.33923e+06
Q15375;Q15375-2;Q15375-4	Q15375;Q15375-2;Q15375-4				3.58292e+06
Q15435;Q15435-2	Q15435;Q15435-2				570103
Q15459;Q15459-2	Q15459;Q15459-2				1.83936e+06
Q15465	Q15465				2.11898e+06
Q15493;Q15493-2	Q15493;Q15493-2				155676
Q15582	Q15582				2.76356e+07
Q15768	Q15768				2.29651e+06
Q15782;Q15782-6	Q15782;Q15782-6				5.14508e+06
Q15818	Q15818				7.73342e+07
Q15819	Q15819				2.73388e+06
Q15828	Q15828				1.81399e+06
Q15846	Q15846				615948
Q15847	Q15847				1.35854e+06
Q15848	Q15848				4.64799e+06
Q15904	Q15904				1.19826e+08
Q16143	Q16143				1.11472e+06
Q16270	Q16270;Q16270-2				9.6226e+07
Q16288;Q16288-2;Q16288-3;Q16288-4;Q16288-5	Q16288;Q16288-2;Q16288-3;Q16288-4;Q16288-5				4.71772e+06
Q16363;Q16363-2	Q16363;Q16363-2				1.79617e+06
Q16394	Q16394				626161
Q16531	Q16531				1.51085e+06
Q16555;Q16555-2	Q16555;Q16555-2				1.18605e+06
Q16568	Q16568				3.69747e+06
Q16610;Q16610-4	Q16610;Q16610-2;Q16610-3;Q16610-4				2.27491e+07
Q16620;Q16620-2;Q16620-3;Q16620-4;Q16620-5;Q16620-6	Q16620;Q16620-2;Q16620-3;Q16620-4;Q16620-5;Q16620-6				6.04276e+06
Q16623;Q16623-2;Q16623-3	Q16623;Q16623-2;Q16623-3				249821
Q16627;Q16627-2	Q16627;Q16627-2				2.64556e+06
Q16651	Q16651;Q16651-2				1.49429e+06
Q16653;Q16653-10;Q16653-11;Q16653-13;Q16653-2;Q16653-3;Q16653-5;Q16653-6;Q16653-7;Q16653-8;Q16653-9	Q16653;Q16653-10;Q16653-11;Q16653-13;Q16653-2;Q16653-3;Q16653-5;Q16653-6;Q16653-7;Q16653-8;Q16653-9				1.14372e+07
Q16658	Q16658				4.95062e+06
Q16674	Q16674				5.1061e+06
Q16706	Q16706				4.48254e+06
Q16769	Q16769				2.99037e+07
Q16775;Q16775-2	Q16775;Q16775-2				914767
Q16799	Q16799				379250
Q16849	Q16849;Q16849-3;Q16849-2				2.11219e+07
Q16853;Q16853-2	Q16853;Q16853-2				862913
Q16881;Q16881-2;Q16881-3;Q16881-4;Q16881-5;Q16881-6;Q16881-7	Q16881;Q16881-4;Q16881-5;Q16881-2;Q16881-3;Q16881-6;Q16881-7				897375
Q16891;Q16891-2;Q16891-3;Q16891-4	Q16891;Q16891-2;Q16891-3;Q16891-4				851612
Q17RC7	Q17RC7				1.25107e+07
Q24JP5;Q24JP5-2	Q24JP5;Q24JP5-2;Q24JP5-3				1.61771e+07
Q2TAL6	Q2TAL6				1.59151e+06
Q2UY09	Q2UY09;Q2UY09-2;Q2UY09-3				865630
Q3SYC2;Q3SYC2-2	Q3SYC2;Q3SYC2-2				1.13078e+06
Q495W5	Q495W5;Q495W5-2				2.28887e+06
Q496H8	Q496H8				228949
Q4G0I0	Q4G0I0				1.38167e+06
Q4G0P3	Q4G0P3;Q4G0P3-10;Q4G0P3-5;Q4G0P3-6;Q4G0P3-8				1.79305e+07
Q4G148;Q4G148-2	Q4G148;Q4G148-2				204755
Q4KMG0;Q4KMG0-2	Q4KMG0;Q4KMG0-2				178361
Q4KWH8;Q4KWH8-3;Q4KWH8-4	Q4KWH8;Q4KWH8-3;Q4KWH8-4				5.69497e+06
Q4LDE5	Q4LDE5				419629
Q504Y0;Q504Y0-2;Q504Y0-3;Q504Y0-4;Q504Y0-5	Q504Y0;Q504Y0-2;Q504Y0-3;Q504Y0-4;Q504Y0-5				182660
Q53EL9;Q53EL9-3	Q53EL9;Q53EL9-2;Q53EL9-3				3.62134e+07
Q53RD9;Q53RD9-2;Q53RD9-3;Q53RD9-4	Q53RD9;Q53RD9-2;Q53RD9-3;Q53RD9-4				6.42532e+06
Q562R1	Q562R1				3.14455e+07
Q58EX2;Q58EX2-2;Q58EX2-3;Q58EX2-4	Q58EX2;Q58EX2-2;Q58EX2-3;Q58EX2-4				505192
Q58FF6	Q58FF6				828723
Q5BIV9	Q5BIV9				5.2282e+06
Q5BLP8;Q5BLP8-2;Q5BLP8-3	Q5BLP8;Q5BLP8-2;Q5BLP8-3				1.2842e+07
Q5FWE3;Q5FWE3-3	Q5FWE3;Q5FWE3-3				2.2206e+07
Q5IJ48;Q5IJ48-2;Q5IJ48-3	Q5IJ48;Q5IJ48-2;Q5IJ48-3				2.78947e+06
Q5JRA6;Q5JRA6-2	Q5JRA6;Q5JRA6-2				1.38818e+06
Q5JS37;Q5JS37-2	Q5JS37;Q5JS37-2				449762
Q5JZY3;Q5JZY3-2;Q5JZY3-3	Q5JZY3;Q5JZY3-2;Q5JZY3-3				3.20531e+06
Q5KU26	Q5KU26				8.85643e+06
Q5R3F8	Q5R3F8				1.16399e+06
Q5SGD2;Q5SGD2-2;Q5SGD2-3	Q5SGD2;Q5SGD2-2;Q5SGD2-3				628674
Q5SRI9	Q5SRI9				883733
Q5SZI1	Q5SZI1				479465
Q5SZK8	Q5SZK8;Q5SZK8-2				806647
Q5T5C0;Q5T5C0-2	Q5T5C0;Q5T5C0-2				1.12379e+07
Q5T848	Q5T848				9.76606e+06
Q5T9L3;Q5T9L3-2	Q5T9L3;Q5T9L3-2				2.80845e+06
Q5VSG8	Q5VSG8				3.38634e+06
Q5VSL9;Q5VSL9-2;Q5VSL9-3	Q5VSL9;Q5VSL9-2;Q5VSL9-3				2.04119e+06
Q5VST9-6	Q5VST9;Q5VST9-3;Q5VST9-2;Q5VST9-5;Q5VST9-6				2.21519e+06
Q5VU97	Q5VU97				7.89872e+06
Q5VUB5	Q5VUB5				2.86528e+06
Q5VV43;Q5VV43-2;Q5VV43-4	Q5VV43;Q5VV43-2;Q5VV43-4				1.67342e+06
Q5VV63	Q5VV63				494681
Q5VWW1;Q5VWW1-2;Q5VWW1-3	Q5VWW1;Q5VWW1-2;Q5VWW1-3				2.5628e+06
Q5VY80;Q6H3X3;Q6H3X3-2;Q9BZM5	Q5VY80;Q6H3X3;Q9BZM5;Q6H3X3-2;Q6H3X3-3				974488
Q5ZPR3;Q5ZPR3-3;Q5ZPR3-4	Q5ZPR3;Q5ZPR3-3;Q5ZPR3-4				417183
Q641Q3;Q641Q3-2	Q641Q3;Q641Q3-2				6.64252e+06
Q658N2	Q658N2				3.91255e+06
Q68BL7;Q68BL7-2;Q68BL7-3	Q68BL7;Q68BL7-2;Q68BL7-3				3.39106e+06
Q68D85	Q68D85				1.10074e+06
Q6E0U4;Q6E0U4-16;Q6E0U4-2;Q6E0U4-3;Q6E0U4-4;Q6E0U4-5;Q6E0U4-6;Q6E0U4-7	Q6E0U4;Q6E0U4-16;Q6E0U4-2;Q6E0U4-3;Q6E0U4-4;Q6E0U4-5;Q6E0U4-6;Q6E0U4-7				2.57876e+06
Q6EMK4	Q6EMK4				7.8918e+06
Q6FHJ7	Q6FHJ7				6.6179e+06
Q6GTX8;Q6GTX8-2;Q6GTX8-3;Q6GTX8-4;Q6ISS4;Q6ISS4-2	Q6GTX8;Q6ISS4;Q6GTX8-2;Q6GTX8-3;Q6GTX8-4;Q6ISS4-2				5.61001e+06
Q6IBS0	Q12792;Q6IBS0;Q12792-3;Q12792-4				247159
Q6IEE7	Q6IEE7				790517
Q6IS24	Q6IS24				2.12504e+06
Q6MZW2	Q6MZW2;Q6MZW2-2;Q6MZW2-3				1.18896e+07
Q6NUI6;Q6NUI6-2	Q6NUI6;Q6NUI6-2				431344
Q6NUJ2	Q6NUJ2				3.70235e+06
Q6NW40	Q6NW40				2.26172e+07
Q6P0Q8;Q6P0Q8-2	Q6P0Q8;Q6P0Q8-2				1.36313e+07
Q6P4E1;Q6P4E1-5	Q6P4E1;Q6P4E1-2;Q6P4E1-5				9.54372e+06
Q6P9A2	Q6P9A2				1.72428e+06
Q6PCB0	Q6PCB0				1.55047e+06
Q6PUV4	O14810;Q6PUV4				664793
Q6RVD6	Q6RVD6				1.7462e+06
Q6UVK1	Q6UVK1				5.15037e+06
Q6UVY6;Q6UVY6-2	Q6UVY6;Q6UVY6-2				2.73088e+06
Q6UW01	Q6UW01				1.49771e+07
Q6UWH4;Q6UWH4-2	Q6UWH4;Q6UWH4-2				3.97279e+06
Q6UWP8	Q6UWP8;Q6UWP8-2				390685
Q6UWR7	Q6UWR7				1.36895e+06
Q6UWY5	Q6UWY5				1.30423e+06
Q6UX15;Q6UX15-2	Q6UX15;Q6UX15-2				1.53411e+06
Q6UX71	Q6UX71;Q6UX71-2				2.65499e+07
Q6UX72	Q6UX72				1.03739e+06
Q6UX73;Q6UX73-2	Q6UX73;Q6UX73-2				3.08512e+07
Q6UXB8	Q6UXB8;Q6UXB8-2				1.16626e+07
Q6UXD5-6	Q6UXD5-3;Q6UXD5-5;Q6UXD5-6				3.21885e+06
Q6UXD5;Q6UXD5-2	Q6UXD5;Q6UXD5-2;Q6UXD5-3;Q6UXD5-4;Q6UXD5-5;Q6UXD5-6				3.32001e+07
Q6UXF1;Q6UXF1-2	Q6UXF1;Q6UXF1-2				512806
Q6UXH9;Q6UXH9-2	Q6UXH9;Q6UXH9-2;Q6UXH9-3				1.77919e+06
Q6UXI7;Q6UXI7-2;Q6UXI7-4;Q6UXI7-5	Q6UXI7;Q6UXI7-2;Q6UXI7-3;Q6UXI7-4;Q6UXI7-5				2.56334e+06
Q6UXI9;Q6UXI9-3;Q6UXI9-4;Q6UXI9-5;Q6UXI9-6	Q6UXI9;Q6UXI9-2;Q6UXI9-3;Q6UXI9-4;Q6UXI9-5;Q6UXI9-6				1.13465e+06
Q6UXK2	Q6UXK2				2.37067e+06
Q6UXK5	Q6UXK5				1.16174e+06
Q6UXZ4;Q6UXZ4-2	Q6UXZ4;Q6UXZ4-2				1.91046e+06
Q6YHK3	Q6YHK3;Q6YHK3-2;Q6YHK3-4				3.94967e+06
Q6ZMI3	Q6ZMI3;Q6ZMI3-2				5.13621e+06
Q6ZMP0;Q6ZMP0-2	Q6ZMP0;Q6ZMP0-2				1.30852e+06
Q6ZN30;Q6ZN30-2	Q6ZN30;Q6ZN30-2				1.61966e+06
Q6ZN44;Q6ZN44-2	Q6ZN44;Q6ZN44-2				132380
Q6ZRI8;Q6ZRI8-2;Q6ZRI8-3;Q6ZRI8-4;Q6ZRI8-5	Q6ZRI8;Q6ZRI8-2;Q6ZRI8-3;Q6ZRI8-4;Q6ZRI8-5				852280
Q6ZRP7	Q6ZRP7				2.49424e+06
Q6ZS72	Q6ZS72				6.52646e+06
Q6ZSJ9;Q6ZSJ9-2;Q6ZSJ9-3	Q6ZSJ9;Q6ZSJ9-2;Q6ZSJ9-3				1.69576e+07
Q6ZVL6	Q6ZVL6				1.01881e+06
Q6ZVL6-2	Q6ZVL6;Q6ZVL6-2				4.73446e+06
Q76KP1	Q76KP1				915196
Q76LX8;Q76LX8-2;Q76LX8-3;Q76LX8-4	Q76LX8;Q76LX8-2;Q76LX8-3;Q76LX8-4				95141
Q7KYR7;Q7KYR7-1;Q7KYR7-4;Q7KYR7-5;Q7KYR7-6;Q8WVV5;Q8WVV5-2;Q8WVV5-3	Q7KYR7;Q8WVV5;Q7KYR7-4;Q7KYR7-1;Q7KYR7-5;Q7KYR7-6;Q8WVV5-2;Q8WVV5-3				384331
Q7L014	Q7L014				5.39163e+07
Q7L0X0	Q7L0X0				828101
Q7L266;Q7L266-2	Q7L266;Q7L266-2				31366.4
Q7LFX5	Q7LFX5				4.84461e+06
Q7LGC8	Q7LGC8				1.81447e+06
Q7Z304	Q7Z304				1.23671e+06
Q7Z3B1	Q7Z3B1;Q7Z3B1-2				8.22797e+07
Q7Z3D4	Q7Z3D4				489756
Q7Z408;Q7Z408-4	Q7Z408;Q7Z408-4				336923
Q7Z553;Q7Z553-3	Q7Z553;Q7Z553-3				1.75387e+06
Q7Z5A7;Q7Z5A7-2	Q7Z5A7;Q7Z5A7-2;Q7Z5A7-3				1.33378e+07
Q7Z5B4;Q7Z5B4-2;Q7Z5B4-5;Q7Z5B4-6	Q7Z5B4;Q7Z5B4-5;Q7Z5B4-2;Q7Z5B4-6				1.07862e+06
Q7Z5L0	Q7Z5L0				1.12871e+06
Q7Z5L3	Q7Z5L3				83791.5
Q7Z5L7;Q7Z5L7-2;Q7Z5L7-3	Q7Z5L7;Q7Z5L7-2;Q7Z5L7-3;Q7Z5L7-4				1.36564e+06
Q7Z5N4;Q7Z5N4-3	Q7Z5N4;Q7Z5N4-3				97313.1
Q7Z6L0;Q7Z6L0-2;Q7Z6L0-3	Q7Z6L0;Q7Z6L0-2;Q7Z6L0-3				286427
Q7Z7G0;Q7Z7G0-3;Q7Z7G0-4	Q7Z7G0;Q7Z7G0-2;Q7Z7G0-3;Q7Z7G0-4				1.74057e+06
Q7Z7H5;Q7Z7H5-3	Q7Z7H5;Q7Z7H5-2;Q7Z7H5-3				2.91427e+06
Q7Z7M0	Q7Z7M0;Q7Z7M0-2				2.87122e+07
Q7Z7M8	Q7Z7M8				584915
Q7Z7M9	Q7Z7M9				264043
Q86SF2	Q86SF2				4.95097e+06
Q86SJ2	Q86SJ2				248586
Q86SQ4;Q86SQ4-2;Q86SQ4-3;Q86SQ4-4	Q86SQ4;Q86SQ4-2;Q86SQ4-3;Q86SQ4-4				332561
Q86SR1	Q86SR1;Q86SR1-2;Q86SR1-3				4.76545e+06
Q86SU0;Q86SU0-2;Q86SU0-5;Q86SU0-6	Q86SU0;Q86SU0-2;Q86SU0-5;Q86SU0-6				1.72844e+06
Q86T13	Q86T13				118726
Q86TH1	Q86TH1				1.33768e+06
Q86TY3;Q86TY3-2	Q86TY3;Q86TY3-2				6.21296e+06
Q86UD1	Q86UD1				5.81067e+06
Q86UN2	Q86UN2				2.32768e+06
Q86UN3	Q86UN3				1.92902e+07
Q86UW8	Q86UW8				1.36886e+06
Q86UX2	Q86UX2;Q86UX2-2;Q86UX2-3				1.97635e+07
Q86V85	Q86V85				634437
Q86VB7;Q86VB7-2;Q86VB7-3;Q86VB7-4	Q86VB7;Q86VB7-2;Q86VB7-3;Q86VB7-4				1.97596e+07
Q86VP6;Q86VP6-2	Q86VP6;Q86VP6-2				185025
Q86VR8	Q86VR8				949772
Q86VV8;Q86VV8-3	Q86VV8;Q86VV8-2;Q86VV8-4;Q86VV8-3				702879
Q86VZ4	Q86VZ4				2.73027e+06
Q86X29;Q86X29-4;Q86X29-5;Q86X29-6	Q86X29;Q86X29-2;Q86X29-3;Q86X29-4;Q86X29-5;Q86X29-6				3.01656e+06
Q86XR7-2;Q9Y3B3;Q9Y3B3-2	Q9Y3B3;Q86XR7-2;Q9Y3B3-2				960700
Q86Y38	Q86Y38				1.68663e+06
Q86Y82	Q86Y82				1.38468e+06
Q86YD3;Q86YD3-2;Q86YD3-4;Q86YD3-5	Q86YD3;Q86YD3-2;Q86YD3-3;Q86YD3-4;Q86YD3-5				7.21369e+06
Q86YL7;Q86YL7-3;Q86YL7-4;Q86YL7-5;Q86YL7-6	Q86YL7;Q86YL7-3;Q86YL7-4;Q86YL7-5;Q86YL7-6				91939.5
Q86YT9;Q86YT9-2;Q86YT9-3;Q86YT9-4	Q86YT9;Q86YT9-2;Q86YT9-3;Q86YT9-4				330486
Q86YZ3	Q86YZ3				666195
Q8IUC8	Q10472;Q8IUC8;Q8IUC8-3;Q8IUC8-2				7.64628e+06
Q8IUK5;Q8IUK5-2;Q8IUK5-3	Q8IUK5;Q8IUK5-2;Q8IUK5-3;Q8IUK5-4				5.70928e+06
Q8IUK8	Q8IUK8				9.65572e+06
Q8IUX7	Q8IUX7;Q8IUX7-2				8.00474e+06
Q8IV08	Q8IV08				1.23696e+07
Q8IW45;Q8IW45-2;Q8IW45-4	Q8IW45;Q8IW45-2;Q8IW45-4				485458
Q8IW52	Q8IW52				3.31681e+06
Q8IWT1	Q8IWT1;Q8IWT1-2				1.213e+06
Q8IWU2	Q8IWU2				3.1745e+06
Q8IWU5;Q8IWU5-2	Q8IWU5;Q8IWU5-2				1.60239e+07
Q8IWU6	Q8IWU6				92293.1
Q8IWV2	Q8IWV2				4.1714e+06
Q8IWV2-3	Q8IWV2-3				617611
Q8IWY4	Q8IWY4				906464
Q8IXL6	Q8IXL6				4.31744e+06
Q8IYD8;Q8IYD8-2;Q8IYD8-3	Q8IYD8;Q8IYD8-2;Q8IYD8-3				1.12966e+07
Q8IYE1	Q8IYE1				1.05476e+08
Q8IYJ0;Q8IYJ0-2	Q8IYJ0;Q8IYJ0-2				4.18859e+07
Q8IYS5-2;Q8IYS5-3;Q8IYS5-6	Q8IYS5;Q8IYS5-2;Q8IYS5-3;Q8IYS5-4;Q8IYS5-5;Q8IYS5-6;Q8IYS5-7				2.32629e+07
Q8IZ52	Q8IZ52				254670
Q8IZA0;Q8IZA0-2	Q8IZA0;Q8IZA0-2				5.84884e+06
Q8IZF2;Q8IZF2-2;Q8IZF2-3	Q8IZF2;Q8IZF2-2;Q8IZF2-3				145789
Q8IZJ1;Q8IZJ1-2	Q8IZJ1;Q8IZJ1-2				931217
Q8IZJ3;Q8IZJ3-2	Q8IZJ3;Q8IZJ3-2				511454
Q8IZP7	Q8IZP7				5.22564e+06
Q8IZS8	Q8IZS8;Q8IZS8-2;Q8IZS8-3				3.56927e+06
Q8N111	Q8N111				203981
Q8N114;Q8N114-2	Q8N114;Q8N114-2				1.13493e+07
Q8N126;Q8N126-2	Q8N126;Q8N126-2				4.20772e+07
Q8N149;Q8N149-2;Q8N149-3;Q8N149-4	Q8N149;Q8N149-2;Q8N149-3;Q8N149-4				780930
Q8N2Q7;Q8N2Q7-2	Q8N2Q7;Q8N2Q7-2				933581
Q8N2S1;Q8N2S1-2;Q8N2S1-3	Q8N2S1;Q8N2S1-2;Q8N2S1-3				6.73043e+06
Q8N3G9;Q8N3G9-2;Q8N3G9-3	Q8N3G9;Q8N3G9-2;Q8N3G9-3				404100
Q8N3J2	Q8N3J2				7.9276e+06
Q8N3J6;Q8N3J6-2;Q8N3J6-3;Q8N3J6-4;Q8N3J6-5	Q8N3J6;Q8N3J6-2;Q8N3J6-3;Q8N3J6-4;Q8N3J6-5				1.59268e+07
Q8N3T1	Q8N3T1				1.84745e+06
Q8N3T6	Q8N3T6				2.78936e+06
Q8N3Z0	Q8N3Z0				646153
Q8N428	Q8N428;Q8N428-2				1.60306e+06
Q8N436	Q8N436				691264
Q8N474	Q8N474				696502
Q8N475;Q8N475-2	Q8N475;Q8N475-2;Q8N475-3				5.12977e+06
Q8N608;Q8N608-2;Q8N608-3;Q8N608-4	Q8N608;Q8N608-2;Q8N608-3;Q8N608-4				452554
Q8N6C5;Q8N6C5-2;Q8N6C5-4	Q8N6C5;Q8N6C5-2;Q8N6C5-4				1.66403e+06
Q8N6C8;Q8N6C8-2;Q8N6C8-3	O75022;P59901;Q8N423;Q8N6C8;Q6PI73;O75022-2;O75022-3;P59901-2;Q8N423-1;Q8N423-3;Q8N423-4;Q8N6C8-2;Q8N6C8-3				1.99224e+06
Q8N729	Q8N729				370566
Q8N967	Q8N967				994202
Q8N9I0	P21579;Q8N9I0				1.30266e+06
Q8NBI6	Q8NBI6				3.34466e+06
Q8NBJ4;Q8NBJ4-2	Q8NBJ4;Q8NBJ4-2				1.48853e+07
Q8NBJ7;Q8NBJ7-2	Q8NBJ7;Q8NBJ7-2;Q8NBJ7-3				2.08187e+06
Q8NBM8	Q8NBM8				108021
Q8NBP7	Q8NBP7				1.32486e+06
Q8NBS9;Q8NBS9-2	Q8NBS9;Q8NBS9-2				1.25742e+06
Q8NC42	Q8NC42				500734
Q8NC67;Q8NC67-3	Q8NC67;Q8NC67-3				195647
Q8NCC3	Q8NCC3;Q8NCC3-2				1.89917e+06
Q8NCH0	Q8NCH0				418106
Q8NCL4	Q8NCL4				5.9151e+06
Q8NCW5;Q8NCW5-2	Q8NCW5;Q8NCW5-2				2.18986e+06
Q8NCW6	Q8NCW6				557988
Q8NDA2;Q8NDA2-2;Q8NDA2-4	Q8NDA2;Q8NDA2-2;Q8NDA2-4				525024
Q8NEP3;Q8NEP3-2;Q8NEP3-3	Q8NEP3;Q8NEP3-2;Q8NEP3-3				1.10341e+09
Q8NES3;Q8NES3-3	Q8NES3;Q8NES3-2;Q8NES3-3;Q8NES3-4				6.59496e+06
Q8NEY1;Q8NEY1-2;Q8NEY1-3;Q8NEY1-4;Q8NEY1-6;Q8NEY1-7	Q8NEY1;Q8NEY1-2;Q8NEY1-3;Q8NEY1-4;Q8NEY1-6;Q8NEY1-7				407841
Q8NFL0	Q8NFL0				275911
Q8NFP4;Q8NFP4-2	Q8NFP4;Q8NFP4-2				2.73272e+06
Q8NFT8	Q8NFT8				404657
Q8NFY4;Q8NFY4-6	Q8NFY4;Q8NFY4-2;Q8NFY4-3;Q8NFY4-4;Q8NFY4-5;Q8NFY4-6;Q8NFY4-8				5.56605e+06
Q8NFZ4	Q8NFZ4				7.68028e+06
Q8NFZ8	Q8NFZ8				6.81381e+07
Q8NHJ6;Q8NHJ6-2;Q8NHJ6-3	Q8NHJ6;Q8NHJ6-2;Q8NHJ6-3				1.70184e+06
Q8NHL6;Q8NHL6-2;Q8NHL6-3;Q8NHL6-4;Q8NHL6-5	Q8NHL6;Q8NHL6-5;Q8NHL6-2;Q8NHL6-3;Q8NHL6-4				238228
Q8NHP8	Q8NHP8;Q8NHP8-2				5.01215e+06
Q8NHQ9	Q8NHQ9				2.1736e+08
Q8NHS9;Q8NHS9-2	Q8NHS9;Q8NHS9-2				2.86115e+06
Q8TAB3;Q8TAB3-2;Q8TAB3-3	Q8TAB3;Q8TAB3-2;Q8TAB3-3				713620
Q8TAG5;Q8TAG5-2	Q8TAG5;Q8TAG5-2				2.74873e+07
Q8TBP5	Q8TBP5				7.12546e+06
Q8TCZ2	Q8TCZ2;Q8TCZ2-2;Q8TCZ2-3;Q8TCZ2-5;Q8TCZ2-6				4.70377e+07
Q8TDF5;Q8TDF5-1;Q8TDF5-2	Q8TDF5;Q8TDF5-1;Q8TDF5-2				825270
Q8TDQ0;Q8TDQ0-2	Q8TDQ0;Q8TDQ0-2				3.55558e+06
Q8TE57;Q8TE57-2	Q8TE57;Q8TE57-2				783116
Q8TEA8	Q8TEA8				1.43892e+06
Q8TER0;Q8TER0-5	Q8TER0;Q8TER0-3;Q8TER0-4;Q8TER0-5				6.88808e+06
Q8TEU8	Q8TEU8				2.01553e+07
Q8WUA8	Q8WUA8				769383
Q8WUJ3	Q8WUJ3;Q8WUJ3-2				4.10262e+06
Q8WVN6	Q8WVN6				3.90752e+06
Q8WVQ1;Q8WVQ1-3	Q8WVQ1;Q8WVQ1-2;Q8WVQ1-3				8.03561e+06
Q8WWA0	Q8WWA0				286829
Q8WWX9	Q8WWX9				3.24012e+06
Q8WX77	Q8WX77				822023
Q8WXD2	Q8WXD2;Q8WXD2-2				1.43455e+08
Q8WXD2-2	Q8WXD2-2				5.39342e+06
Q8WXS5	Q8WXS5				70924.1
Q8WY21;Q8WY21-2;Q8WY21-3;Q8WY21-4	Q8WY21;Q8WY21-2;Q8WY21-3;Q8WY21-4				4.7893e+06
Q8WYK1	Q8WYK1				1.58048e+06
Q8WZ75;Q8WZ75-2;Q8WZ75-3	Q8WZ75;Q8WZ75-2;Q8WZ75-3				2.7559e+06
Q8WZA1	Q8WZA1;Q8WZA1-2				2.63223e+07
Q92484;Q92484-2	Q92484;Q92484-2				3.52192e+06
Q92485	Q92485;Q92485-2				4.80812e+06
Q92520	Q92520				2.01098e+08
Q92542;Q92542-2	Q92542;Q92542-2				1.23498e+06
Q92563	Q92563				2.18643e+07
Q92581;Q92581-1;Q92581-3	Q92581;Q92581-1;Q92581-3				25557.8
Q92626	Q92626;Q92626-2				417306
Q92673	Q92673				4.18386e+06
Q92686	Q92686				648391
Q92692;Q92692-2	Q92692;Q92692-2				2.31504e+06
Q92729;Q92729-2;Q92729-3;Q92729-4	Q92729;Q92729-2;Q92729-3;Q92729-4				846453
Q92743	Q92743				2.76371e+06
Q92752	Q92752;Q92752-2				5.25334e+06
Q92765	Q92765				9.03051e+06
Q92820	Q92820				1.50076e+07
Q92823;Q92823-2;Q92823-5	Q92823;Q92823-2;Q92823-3;Q92823-4;Q92823-5;Q92823-6				1.53937e+08
Q92824;Q92824-2	Q92824;Q92824-2				97804.8
Q92832;Q92832-2	Q92832;Q92832-2				1.00233e+06
Q92854	Q92854;Q92854-2				1.64076e+06
Q92859;Q92859-2;Q92859-3	Q92859;Q92859-2;Q92859-3;Q92859-4				1.67894e+07
Q92876	Q92876;Q92876-2				2.09788e+08
Q92896;Q92896-2;Q92896-3	Q92896;Q92896-2;Q92896-3				1.14894e+06
Q92911	Q92911				1.16166e+06
Q92932-2	Q92932;Q92932-2;Q92932-3;Q92932-4				1.05683e+07
Q92935	Q92935				319892
Q92945;Q96AE4;Q96AE4-2	Q92945;Q96AE4;Q96AE4-2				2.93349e+06
Q92954;Q92954-2;Q92954-5;Q92954-6	Q92954;Q92954-2;Q92954-3;Q92954-4;Q92954-5;Q92954-6				6.66943e+06
Q93063;Q93063-3	Q93063;Q93063-2;Q93063-3				1.61176e+06
Q93091	Q93091				2.13549e+06
Q969H8	Q969H8				3.09918e+06
Q969P0;Q969P0-3	Q969P0;Q969P0-3				7.73389e+07
Q969T9	Q969T9				1.18495e+07
Q969Z4	Q969Z4				1.64149e+06
Q96AP7	Q96AP7				1.2546e+07
Q96AQ1;Q96AQ1-2;Q96LY2;Q96LY2-2	Q96LY2;Q96LY2-2;Q96AQ1;Q96AQ1-2				1.5007e+06
Q96AQ6;Q96AQ6-2	Q96AQ6;Q96AQ6-2				1.45753e+06
Q96B86;Q96B86-3;Q96B86-4	Q96B86;Q96B86-3;Q96B86-4				9.81453e+06
Q96BY9	Q96BY9				1.28769e+06
Q96BZ4	Q96BZ4				6.04795e+06
Q96C19;Q9BUP0;Q9BUP0-2	Q9BUP0;Q96C19;Q9BUP0-2				246582
Q96CG8;Q96CG8-2;Q96CG8-3	Q96CG8;Q96CG8-2;Q96CG8-3				3.60601e+06
Q96CW9;Q96CW9-2	Q96CW9;Q96CW9-2				246288
Q96CX2	Q96CX2;Q68DU8				906356
Q96DD7	Q96DD7				83569
Q96DT5	Q96DT5				9.69329e+06
Q96EE4	Q96EE4				2.84017e+06
Q96EG1	Q96EG1				543119
Q96EK2;Q96EK2-3;Q96EK2-4	Q96EK2;Q96EK2-3;Q96EK2-4				14472.8
Q96EU7	Q96EU7				195669
Q96FE5;Q96FE5-2	Q96FE5;Q7L985;Q96FE5-2				6.01879e+06
Q96FE7-4	Q96FE7;Q96FE7-2;Q96FE7-4;Q96FE7-5				1.79613e+07
Q96FJ2	P63167;Q96FJ2				3.54181e+06
Q96FW1;Q96FW1-2	Q96FW1;Q96FW1-2				469204
Q96GD0	Q96GD0				406195
Q96GW7	Q96GW7				1.43102e+08
Q96HC4;Q96HC4-4;Q96HC4-6;Q96HC4-7	Q96HC4;Q96HC4-4;Q96HC4-6;Q96HC4-7				42032.2
Q96HD1;Q96HD1-2	Q96HD1;Q96HD1-2				3.26563e+06
Q96HU1;Q96HU1-2	Q96HU1;Q96HU1-2				3.05694e+06
Q96HY6;Q96HY6-2	Q96HY6;Q96HY6-2				653318
Q96ID5	Q96ID5				6.49957e+06
Q96IU4	Q96IU4				1.32181e+06
Q96IY4	Q96IY4				2.4844e+07
Q96JA1;Q96JA1-2	Q96JA1;Q96JA1-2				329965
Q96JF0	Q96JF0;Q96JF0-2				1.15668e+07
Q96JP9	Q96JP9				250232
Q96JQ0	Q96JQ0				3.17692e+06
Q96KN2	Q96KN2				4.92641e+08
Q96KR4;Q96KR4-3	Q96KR4;Q96KR4-3				1.46546e+06
Q96L96	Q96L96				572962
Q96MC2	Q96MC2				1.02231e+06
Q96MK3	Q96MK3				309566
Q96MU8;Q96MU8-2;Q96MU8-3	Q96MU8;Q96MU8-2;Q96MU8-3				322929
Q96NI6	Q96NI6				486974
Q96NU0;Q96NU0-2;Q9BZ76;Q9BZ76-2	Q96NU0;Q9BZ76;Q9BZ76-2;Q96NU0-2				176962
Q96NZ9	Q96NZ9;Q96NZ9-3;Q96NZ9-4				4.85361e+06
Q96P44;Q96P44-3	Q96P44;Q96P44-3				1.3319e+06
Q96PD2;Q96PD2-2	Q96PD2;Q96PD2-2				1.73237e+06
Q96PD5	Q96PD5;Q96PD5-2				3.19692e+07
Q96PQ0	Q96PQ0				7.13701e+06
Q96PX8	Q96PX8				2.06784e+07
Q96PY6;Q96PY6-3	Q96PY6;Q96PY6-3;Q96PY6-5				1.25091e+06
Q96RP7	Q96RP7				146553
Q96RW7;Q96RW7-2	Q96RW7;Q96RW7-2				490112
Q96S96	Q96S96				7.86918e+07
Q96SM3	Q96SM3				331460
Q96TA2;Q96TA2-2;Q96TA2-3	Q96TA2;Q96TA2-2;Q96TA2-3				8.03446e+06
Q96TC7;Q96TC7-2	Q96TC7;Q96TC7-2				598225
Q99435;Q99435-2;Q99435-3;Q99435-4	Q99435;Q99435-2;Q99435-3;Q99435-4				1.14628e+08
Q99497	Q99497				1.48011e+07
Q99519	Q99519				1.80295e+06
Q99523	Q99523;Q99523-2				6.53331e+06
Q99536;Q99536-2;Q99536-3	Q99536;Q99536-2;Q99536-3				251852
Q99538	Q99538;Q99538-2;Q99538-3				1.46728e+06
Q99574	Q99574				1.62942e+07
Q99584	Q99584				150877
Q99590;Q99590-2	Q99590;Q99590-2				3.20147e+06
Q99650;Q99650-2	Q99650;Q99650-2				665503
Q99674	Q99674;Q99674-2				7.80452e+07
Q99715	Q99715;Q99715-2;Q99715-4				1.81066e+06
Q99731	Q99731				27536
Q99784	Q99784;Q99784-3;Q99784-5				3.60774e+06
Q99805	Q99805				286835
Q99941;Q99941-2	Q99941;Q99941-2				2.99042e+06
Q99946	Q99946				4.21624e+06
Q99969	Q99969				1.43883e+07
Q99972	Q99972				3.32284e+06
Q99983	Q99983				1.5529e+07
Q99985	Q99985				1.15361e+06
Q9BQ16	Q9BQ16;Q9BQ16-1;Q9BQ16-4;Q9BQ16-5;Q9BQ16-6;Q9BQ16-7;Q9BQ16-8				1.08959e+07
Q9BQI4;Q9BQI4-2	Q9BQI4;Q9BQI4-2				209674
Q9BQS7;Q9BQS7-2;Q9BQS7-3	Q9BQS7;Q9BQS7-2;Q9BQS7-3;Q9BQS7-4				325733
Q9BQT9;Q9BQT9-2	Q9BQT9;Q9BQT9-2				5.89053e+07
Q9BRA2	Q9BRA2				1.73114e+06
Q9BRK3;Q9BRK3-2;Q9BRK3-3	Q9BRK3;Q9BRK3-2;Q9BRK3-3				3.4345e+06
Q9BRK5	Q9BRK5;Q9BRK5-2;Q9BRK5-5				1.1219e+07
Q9BRR6;Q9BRR6-2	Q9BRR6;Q9BRR6-2				151438
Q9BS26	Q9BS26				921695
Q9BSG5;Q9BSG5-2;Q9BSG5-3	Q9BSG5;Q9BSG5-2;Q9BSG5-3				2.24159e+06
Q9BT88	Q9BT88				515562
Q9BTY2	Q9BTY2				8.12443e+06
Q9BU40-3;Q9BU40-4;Q9BU40-5	Q9BU40;Q9BU40-3;Q9BU40-4;Q9BU40-5				4.45763e+06
Q9BUD6	Q9BUD6				1.85958e+06
Q9BUJ0	Q9BUJ0				1.77858e+06
Q9BUN1	Q9BUN1				4.02138e+06
Q9BV94;Q9BV94-2	Q9BV94;Q9BV94-2				892811
Q9BVH7	Q9BVH7				224912
Q9BVK6	Q9BVK6				529984
Q9BW30	Q9BW30				1.86511e+06
Q9BWD1;Q9BWD1-2	Q9BWD1;Q9BWD1-2				50179.5
Q9BWQ8	Q9BWQ8				6.06893e+06
Q9BWS9;Q9BWS9-3	Q9BWS9;Q9BWS9-3				1.39228e+06
Q9BX67;Q9BX67-2	Q9BX67;Q9BX67-2				5.62517e+06
Q9BXJ0	Q9BXJ0				6.15084e+06
Q9BXJ1;Q9BXJ1-2	Q9BXJ1;Q9BXJ1-2				4.15786e+06
Q9BXJ3	Q9BXJ3				4.88702e+06
Q9BXJ4-3	Q9BXJ4;Q9BXJ4-2;Q9BXJ4-3				6.62629e+06
Q9BXP8	Q9BXP8				540620
Q9BXR6	Q9BXR6				533596
Q9BXX0	Q9BXX0				1.15724e+06
Q9BY67-5	Q9BY67;Q9BY67-2;Q9BY67-3;Q9BY67-4;Q9BY67-5				4.55583e+07
Q9BY76;Q9BY76-2	Q9BY76;Q9BY76-2;Q9BY76-3				638086
Q9BYC5	Q9BYC5;Q9BYC5-3				241713
Q9BYH1;Q9BYH1-5;Q9BYH1-6;Q9BYH1-7	Q9BYH1;Q9BYH1-2;Q9BYH1-3;Q9BYH1-4;Q9BYH1-5;Q9BYH1-6;Q9BYH1-7				1.99321e+07
Q9BYJ0	Q9BYJ0				2.3798e+06
Q9BZC7;Q9BZC7-2;Q9BZC7-3;Q9BZC7-4	Q9BZC7;Q9BZC7-2;Q9BZC7-3;Q9BZC7-4				9.50211e+06
Q9BZR6	Q9BZR6				1.3096e+07
Q9C0A0	Q9C0A0;Q96NU0;Q9BZ76;Q9BZ76-2;Q96NU0-2;Q9C0A0-2				1.04373e+07
Q9C0C4	Q9C0C4				596444
Q9GZM5	Q9GZM5				5.67545e+06
Q9GZP0;Q9GZP0-2	Q9GZP0;Q9GZP0-2				483813
Q9GZP4;Q9GZP4-2	Q9GZP4;Q9GZP4-2				2.65376e+06
Q9GZS9;Q9GZS9-2;Q9GZX3	Q9GZS9;Q9GZX3;Q9GZS9-2				996233
Q9GZT8;Q9GZT8-2	Q9GZT8;Q9GZT8-2;Q9GZT8-3				649596
Q9GZV7	Q9GZV7				1.16826e+06
Q9GZX9	Q9GZX9				6.51128e+06
Q9H008	Q9H008;Q9H008-2				319188
Q9H0E2;Q9H0E2-2	Q9H0E2;Q9H0E2-2				136070
Q9H0Q3;Q9H0Q3-2	Q9H0Q3;Q9H0Q3-2				3.84765e+06
Q9H0R4;Q9H0R4-2	Q9H0R4;Q9H0R4-2				771895
Q9H0W9;Q9H0W9-2;Q9H0W9-3	Q9H0W9;Q9H0W9-3;Q9H0W9-2;Q9H0W9-4				373948
Q9H156;Q9H156-2	Q9H156;Q9H156-2				1.21358e+06
Q9H173	Q9H173				1.1545e+06
Q9H1C7	Q9H1C7				659156
Q9H1U4	Q9H1U4				2.78296e+06
Q9H1Z8	Q9H1Z8				3.56898e+07
Q9H251;Q9H251-2;Q9H251-3;Q9H251-4;Q9H251-8	Q9H251;Q9H251-2;Q9H251-3;Q9H251-4;Q9H251-8				647531
Q9H299	Q9H299				4.94166e+06
Q9H2A7	Q9H2A7				5.87685e+06
Q9H2A9	Q9H2A9				618506
Q9H2B2;Q9H2B2-2	Q9H2B2;Q9H2B2-2				5.76821e+06
Q9H2E6;Q9H2E6-2	Q9H2E6;Q9H2E6-2				5.54991e+06
Q9H2X0;Q9H2X0-5	Q9H2X0;Q9H2X0-5				2.35036e+06
Q9H2X8	Q9H2X8				244341
Q9H2X9;Q9H2X9-2	Q9H2X9;Q9H2X9-2				569733
Q9H3G5	Q9H3G5				4.85449e+06
Q9H3S1;Q9H3S1-2	Q9H3S1;Q9H3S1-2				276856
Q9H3S3	Q9H3S3				1.15214e+06
Q9H3T2;Q9H3T2-3	Q9H3T2;Q9H3T2-2;Q9H3T2-3				660708
Q9H3T3;Q9H3T3-3	Q9H3T3;Q9H3T3-3				1.68679e+06
Q9H3U7;Q9H3U7-2	Q9H3U7;Q9H3U7-2				162906
Q9H461	Q9H461				895052
Q9H492;Q9H492-2	Q9GZQ8;Q9H492;A6NCE7;Q9H492-2				1.12263e+06
Q9H4A4	Q9H4A4				22662.5
Q9H4A9;Q9H4A9-2	Q9H4A9;Q9H4A9-2;Q9H4A9-3				176766
Q9H4D0	Q9H4D0				6.52186e+06
Q9H4F8;Q9H4F8-2	Q9H4F8;Q9H4F8-2				4.52807e+06
Q9H5P4	Q9H5P4				6.03893e+06
Q9H5Y7	Q9H5Y7				917778
Q9H6B4	Q9H6B4				1.81948e+06
Q9H6X2;Q9H6X2-2;Q9H6X2-3;Q9H6X2-4;Q9H6X2-5;Q9H6X2-6	Q9H6X2;Q9H6X2-2;Q9H6X2-3;Q9H6X2-4;Q9H6X2-5;Q9H6X2-6				3.23796e+06
Q9H741	Q9H741				1.0348e+06
Q9H7Y0	Q9H7Y0;Q9H7Y0-2				1.0981e+06
Q9H853	Q9H853				318200
Q9H8J5	Q9H8J5				6.93746e+06
Q9H8L6	Q9H8L6				1.2102e+07
Q9H9S5	Q9H9S5				1.67822e+06
Q9HAR2;Q9HAR2-2;Q9HAR2-3;Q9HAR2-4	Q9HAR2;Q9HAR2-2;Q9HAR2-3;Q9HAR2-4				4.58439e+06
Q9HAT2	Q9HAT2;Q9HAT2-2				6.13839e+06
Q9HB40	Q9HB40;Q9HB40-2				502299
Q9HBR0	Q9HBR0				3.39606e+06
Q9HBT6	Q9HBT6				1.49128e+06
Q9HBW1	Q9HBW1				3.10897e+06
Q9HC38-2	Q9HC38;Q9HC38-2;Q9HC38-3				706466
Q9HC56;Q9HC56-2	Q9HC56;Q9HC56-2				3.1184e+06
Q9HC57	Q9HC57				1.56647e+06
Q9HCB6	Q9HCB6				5.45554e+06
Q9HCK4;Q9HCK4-2;Q9HCK4-3	Q9HCK4;Q9HCK4-2;Q9HCK4-3				1.6829e+06
Q9HCL0;Q9HCL0-2	Q9HCL0;Q9HCL0-2				482146
Q9HCM2	Q9HCM2;Q9HCM2-2;Q9HCM2-3				205759
Q9HCU0	Q9HCU0				4.93201e+06
Q9HCU4	Q9HCU4				1.34247e+07
Q9HD45	Q9HD45				496958
Q9HDB5	Q9HDB5;Q9Y4C0;Q9HDB5-2;Q9HDB5-4;Q9Y4C0-3				6.44719e+06
Q9HDC9	Q9HDC9;Q9HDC9-2				853357
Q9NP58;Q9NP58-4	Q9NP58;Q9NP58-4				987638
Q9NP80;Q9NP80-2;Q9NP80-3	Q9NP80;Q9NP80-2;Q9NP80-3				1.29933e+07
Q9NP84	Q9NP84				1.86447e+06
Q9NPC4	Q9NPC4				1.16045e+06
Q9NPD7	Q9NPD7				4.65399e+06
Q9NPG4	Q9NPG4				1.70355e+06
Q9NPH0	Q9NPH0;Q9NPH0-2				366170
Q9NPH3;Q9NPH3-2;Q9NPH3-5	Q9NPH3;Q9NPH3-2;Q9NPH3-3;Q9NPH3-5				1.48598e+06
Q9NPR2;Q9NPR2-2	Q9NPR2;Q9NPR2-2				1.1251e+07
Q9NPY3	Q9NPY3				4.57334e+06
Q9NQ30	Q9NQ30				318647
Q9NQ36;Q9NQ36-2;Q9NQ36-3	Q9NQ36;Q9NQ36-2;Q9NQ36-3				1.2368e+06
Q9NQ79;Q9NQ79-2	Q9NQ79;Q9NQ79-2;Q9NQ79-3				7.3496e+07
Q9NQS3;Q9NQS3-2;Q9NQS3-3	Q9NQS3;Q9NQS3-2;Q9NQS3-3				1.57072e+06
Q9NQX5	Q9NQX5				977881
Q9NQX7;Q9NQX7-2	Q9NQX7;Q9NQX7-2				265978
Q9NR34	Q9NR34				5.66139e+06
Q9NRB3	Q9NRB3				1.2447e+06
Q9NRN5	Q9NRN5;Q9NRN5-2				1.10301e+07
Q9NRR1	Q9NRR1				8.63673e+06
Q9NRV9	Q9NRV9				252668
Q9NS00;Q9NS00-2	Q9NS00;Q9NS00-2				587839
Q9NS15;Q9NS15-2	Q9NS15;Q9NS15-2				363953
Q9NS84	Q9NS84				210865
Q9NS85	Q9NS85;Q9NS85-2				3.0368e+06
Q9NS98	Q9NS98				9.05401e+06
Q9NSC7	Q9NSC7				1.75084e+06
Q9NT22;Q9NT22-2	Q9NT22;Q9NT22-2				1.60404e+06
Q9NT99	Q9NT99				1.85879e+07
Q9NTU7	Q9NTU7				1.29734e+07
Q9NU53	Q9NU53				1.68232e+06
Q9NUQ9	Q9NUQ9;Q9NUQ9-2				1.35842e+06
Q9NVJ2	Q9NVJ2;Q9NVJ2-2				239425
Q9NX62	Q9NX62				2.12097e+07
Q9NXS2;Q9NXS2-3	Q9NXS2;Q9NXS2-3				1.15126e+06
Q9NY15	Q9NY15;Q9NY15-2				1.03319e+06
Q9NY33;Q9NY33-4	Q9NY33;Q9NY33-2;Q9NY33-4				1.52789e+06
Q9NY47;Q9NY47-2	Q9NY47;Q9NY47-2;Q9NY47-3;Q9NY47-4;Q9NY47-5				5.32305e+06
Q9NY72	Q9NY72				4.25958e+06
Q9NY97;Q9NY97-2	Q9NY97;Q9NY97-2				9.01854e+06
Q9NYQ7;Q9NYQ7-2	Q9NYQ7;Q9NYQ7-2				4.22523e+06
Q9NYQ8	Q9NYQ8				1.1912e+07
Q9NYX4	Q9NYX4				1.66077e+07
Q9NZ08;Q9NZ08-2	Q9NZ08;Q9NZ08-2				2.05388e+06
Q9NZ53	Q9NZ53;Q9NZ53-2				1.06159e+07
Q9NZ72;Q9NZ72-2	Q9NZ72;Q9NZ72-2				1.26663e+06
Q9NZ94;Q9NZ94-2;Q9NZ94-3	Q9NZ94;Q9NZ94-2;Q9NZ94-3				2.7921e+06
Q9NZC2;Q9NZC2-2;Q9NZC2-3	Q9NZC2;Q9NZC2-2;Q9NZC2-3				6.6904e+06
Q9NZK5	Q9NZK5				3.6014e+06
Q9NZN1	Q9NZN1				1.02915e+06
Q9NZN4;Q9NZN4-2	Q9NZN4;Q9NZN4-2				108410
Q9NZP8	Q9NZP8				2.85949e+07
Q9NZR2	Q9NZR2				1.98514e+06
Q9NZU0	Q9NZU0				105345
Q9NZU1	Q9NZU1				2.12636e+06
Q9P035	Q9P035				95032.2
Q9P0K1;Q9P0K1-2;Q9P0K1-5	Q9P0K1;Q9P0K1-2;Q9P0K1-3;Q9P0K1-4;Q9P0K1-5				3.40078e+07
Q9P0K9	Q9P0K9				6.94624e+06
Q9P0L0;Q9P0L0-2	Q9P0L0;Q9P0L0-2				2.48299e+06
Q9P0S2	Q9P0S2				659618
Q9P121-4	Q9P121;Q9P121-3;Q9P121-2;Q9P121-4				7.25228e+07
Q9P1F3	Q9P1F3				1.30776e+06
Q9P232	Q9P232				3.3159e+06
Q9P2E7;Q9P2E7-2	Q9P2E7;Q9P2E7-2				2.49373e+06
Q9P2S2	P58401;Q9P2S2				1.58797e+07
Q9UBE0;Q9UBE0-2;Q9UBE0-3	Q9UBE0;Q9UBE0-2;Q9UBE0-3				1.4762e+06
Q9UBG0	Q9UBG0				5.79959e+06
Q9UBP4	Q9UBP4				3.31089e+08
Q9UBQ6	Q9UBQ6				1.82532e+07
Q9UBR2	Q9UBR2				1.63859e+07
Q9UBX1	Q9UBX1				6.93953e+06
Q9UBX5	Q9UBX5				1.63143e+07
Q9UBX7;Q9UBX7-1;Q9UBX7-3;Q9UBX7-4	Q9UBX7;Q9UBX7-1;Q9UBX7-3;Q9UBX7-4				1.13682e+06
Q9UBX8	Q9UBX8				25633.2
Q9UD71;Q9UD71-2	Q9UD71;Q9UD71-2				93743.5
Q9UEW3;Q9UEW3-2	Q9UEW3;Q9UEW3-2				1.49497e+06
Q9UF11;Q9UF11-2;Q9UF11-3;Q9UF11-4	Q9UF11;Q9UF11-2;Q9UF11-3;Q9UF11-4				3.31573e+06
Q9UFP1	Q9UFP1				1.7371e+06
Q9UGM5;Q9UGM5-2	Q9UGM5;Q9UGM5-2				5.72311e+06
Q9UGV2;Q9UGV2-2;Q9UGV2-3	Q9UGV2;Q9UGV2-2;Q9UGV2-3				489209
Q9UHC6	Q9UHC6				1.27628e+07
Q9UHD9	Q9UHD9				615046
Q9UHF0;Q9UHF0-2;Q9UHF0-3	Q9UHF0;Q9UHF0-2;Q9UHF0-3				3.75136e+06
Q9UHG2	Q9UHG2				1.69153e+08
Q9UHG3	Q9UHG3;Q9UHG3-2				1.83689e+06
Q9UHI8	Q9UHI8				2.55636e+06
Q9UHL4	Q9UHL4				8.14115e+06
Q9UHY7	Q9UHY7;Q9UHY7-2				559247
Q9UI15	Q9UI15				556898
Q9UI42;Q9UI42-2	Q9UI42;Q9UI42-2				433877
Q9UIB8;Q9UIB8-2;Q9UIB8-3;Q9UIB8-4;Q9UIB8-5;Q9UIB8-6	Q9UIB8;Q9UIB8-2;Q9UIB8-3;Q9UIB8-4;Q9UIB8-5;Q9UIB8-6				3.51911e+06
Q9UIQ6;Q9UIQ6-2;Q9UIQ6-3	Q9UIQ6;Q9UIQ6-2;Q9UIQ6-3				831906
Q9UIW2	P51805;Q9UIW2				4.65665e+06
Q9UJ14	Q9UJ14				3.48183e+06
Q9UJ37	Q9UJ37				1.27736e+06
Q9UJ99	Q9UJ99				5.41862e+06
Q9UJA9	Q9UJA9				3.97654e+06
Q9UJH8	Q9UJH8				2.89005e+06
Q9UJJ9	Q9UJJ9				1.08763e+07
Q9UJQ1;Q9UJQ1-2	Q9UJQ1;Q9UJQ1-2				2.1423e+06
Q9UK23;Q9UK23-2;Q9UK23-3	Q9UK23;Q9UK23-2;Q9UK23-3				127894
Q9UK55	Q9UK55				644082
Q9UKB5	Q9UKB5				4.94871e+06
Q9UKJ1-3	Q9UKJ1;Q9UKJ1-2;Q9UKJ1-3;Q9UKJ1-4				2.96507e+06
Q9UKK9	Q9UKK9				232689
Q9UKM7	Q9UKM7				2.54873e+06
Q9UKQ2;Q9UKQ2-2	Q9UKQ2;Q9UKQ2-2				1.05409e+06
Q9UKU6	Q9UKU6				1.1603e+07
Q9UKU9	Q9UKU9;Q9UKU9-2				2.14599e+06
Q9UKZ4;Q9UKZ4-2	Q9UKZ4;Q9UKZ4-2				320241
Q9ULB1-2;Q9ULB1-3	P58400;Q9ULB1-2;Q9ULB1-3				1.50093e+07
Q9ULB4	Q9ULB4				1.10251e+06
Q9ULB5	Q9ULB5				1.49537e+06
Q9ULF5	Q9ULF5				1.03639e+07
Q9ULH4	Q9ULH4				1.03699e+06
Q9ULI3;Q9ULI3-2	Q9ULI3;Q9ULI3-2				3.48579e+06
Q9ULI4	Q9ULI4				915775
Q9ULL4;Q9ULL4-2	Q9ULL4;Q9ULL4-2				3.08403e+06
Q9ULP0-3;Q9ULP0-6	Q9ULP0-2;Q9ULP0-3;Q9ULP0-5;Q9ULP0-6;Q9ULP0-7;Q9ULP0-8				3.20252e+06
Q9ULP0-5	Q9ULP0;Q9ULP0-2;Q9ULP0-4;Q9ULP0-5				114154
Q9ULX7	Q9ULX7				1.48927e+06
Q9ULZ3;Q9ULZ3-2;Q9ULZ3-3	Q9ULZ3;Q9ULZ3-2;Q9ULZ3-3				207579
Q9ULZ9	Q9ULZ9;Q9ULZ9-2				2.35925e+06
Q9UM22	Q9UM22;Q9UM22-3				5.01692e+06
Q9UM47	Q9UM47				2.03039e+06
Q9UMF0	Q9UMF0				1.60614e+07
Q9UMX5	Q9UMX5				2.11831e+07
Q9UN36-2;Q9UN36-6	Q9UN36;Q9UN36-2;Q9UN36-3;Q9UN36-5;Q9UN36-6				5.91571e+06
Q9UN67;Q9Y5E1	Q9UN67;Q9Y5E1				371187
Q9UN70;Q9UN70-2	Q9UN70;Q9UN70-2				1.91555e+06
Q9UN75;Q9UN75-2;Q9Y5H6;Q9Y5H6-2;Q9Y5H7;Q9Y5H7-2;Q9Y5H7-3;Q9Y5H8;Q9Y5H8-2;Q9Y5I0;Q9Y5I0-2;Q9Y5I1;Q9Y5I1-2	Q9UN72;Q9Y5H8;Q9UN75;Q9Y5H6;Q9Y5H7;Q9Y5I0;Q9Y5I1;Q9UN72-2;Q9UN75-2;Q9Y5H6-2;Q9Y5H7-2;Q9Y5H7-3;Q9Y5H8-2;Q9Y5I0-2;Q9Y5I1-2				1.89976e+06
Q9UNK0	Q9UNK0				219870
Q9UNN8	Q9UNN8				3.89955e+06
Q9UNW1	Q9UNW1;Q9UNW1-4				1.26377e+07
Q9UP79	Q9UP79				1.28834e+06
Q9UPU3	Q9UPU3				1.76605e+07
Q9UQ52	Q9UQ52				2.96464e+06
Q9UQ53;Q9UQ53-2;Q9UQ53-3	Q9UQ53;Q9UQ53-2;Q9UQ53-3				38995.1
Q9UQM7;Q9UQM7-2	Q9UQM7;Q9UQM7-2				4.76348e+06
Q9Y227;Q9Y227-2	Q9Y227;Q9Y227-2				195268
Q9Y240	Q9Y240				5.15808e+06
Q9Y274	Q9Y274;Q9Y274-2				567731
Q9Y275;Q9Y275-2	Q9Y275;Q9Y275-2				42865.8
Q9Y279;Q9Y279-2	Q9Y279;Q9Y279-2;Q9Y279-3				4.29742e+06
Q9Y281;Q9Y281-3	Q9Y281;Q9Y281-3				447479
Q9Y287	Q9Y287;Q9Y287-2				8.88095e+06
Q9Y2E5	Q9Y2E5;Q9Y2E5-2				1.45777e+06
Q9Y2G1;Q9Y2G1-2	Q9Y2G1;Q9Y2G1-2				150365
Q9Y2G5;Q9Y2G5-1;Q9Y2G5-2	Q9Y2G5;Q9Y2G5-1;Q9Y2G5-2				99198.5
Q9Y2I2;Q9Y2I2-1;Q9Y2I2-2;Q9Y2I2-4;Q9Y2I2-5;Q9Y2I2-6	Q9Y2I2;Q9Y2I2-1;Q9Y2I2-2;Q9Y2I2-4;Q9Y2I2-5;Q9Y2I2-6				4.25135e+06
Q9Y2S2;Q9Y2S2-2	Q9Y2S2;Q9Y2S2-2				83583.2
Q9Y2T3;Q9Y2T3-3	Q9Y2T3;Q9Y2T3-2;Q9Y2T3-3				8.28189e+06
Q9Y2Z0;Q9Y2Z0-2	Q9Y2Z0;Q9Y2Z0-2				261235
Q9Y328	Q9Y328				299535
Q9Y334;Q9Y334-2	Q9Y334;Q9Y334-2				1.08244e+06
Q9Y3D6	Q9Y3D6				463312
Q9Y490	Q9Y490				458669
Q9Y4C0-4	Q9HDB5-3;Q9HDB5-4;Q9Y4C0-4				3.86953e+07
Q9Y4D7	Q9Y4D7;Q9Y4D7-2				5.03857e+07
Q9Y4L1	Q9Y4L1;Q9Y4L1-2				9.186e+06
Q9Y5F6-2	Q9Y5F6;Q9Y5F6-2				1.51304e+07
Q9Y5F7;Q9Y5F7-2	Q9Y5F7;Q9Y5F7-2				406036
Q9Y5G4;Q9Y5G4-2	Q9Y5G4;Q9Y5H3;Q9Y5G4-2;Q9Y5H3-2				344747
Q9Y5I2;Q9Y5I2-2;Q9Y5I2-3	Q9Y5I2;Q9Y5I2-2;Q9Y5I2-3				27621.9
Q9Y5I4;Q9Y5I4-2	Q9Y5I4;Q9Y5I4-2				9.08851e+06
Q9Y5L2	Q9Y5L2				2.69679e+06
Q9Y5Y7	Q9Y5Y7				2.2016e+07
Q9Y617	Q9Y617;Q9Y617-2				2.22279e+06
Q9Y625	Q9Y625				1.00487e+06
Q9Y639;Q9Y639-1;Q9Y639-3;Q9Y639-4;Q9Y639-5	Q9Y639;Q9Y639-1;Q9Y639-3;Q9Y639-4;Q9Y639-5				2.32238e+06
Q9Y644	Q9Y644				503299
Q9Y646	Q9Y646				2.67855e+07
Q9Y653;Q9Y653-2;Q9Y653-3	Q9Y653;Q9Y653-2;Q9Y653-3;Q9Y653-4;Q9Y653-5				2.53975e+06
Q9Y696	Q9Y696				2.5686e+06
Q9Y6C2	Q9Y6C2;Q9Y6C2-2				1.49803e+06
Q9Y6N6	Q9Y6N6				1.17148e+06
Q9Y6N7;Q9Y6N7-2;Q9Y6N7-3;Q9Y6N7-4;Q9Y6N7-5;Q9Y6N7-6	Q9Y6N7;Q9Y6N7-2;Q9Y6N7-3;Q9Y6N7-4;Q9Y6N7-5;Q9Y6N7-6				7.30237e+06
Q9Y6N8	Q9Y6N8				2.36769e+06
Q9Y6R7	Q9Y6R7				5.6706e+07
Q9Y6X5	Q9Y6X5				1.31634e+06
Q9Y6Y8;Q9Y6Y8-2	Q9Y6Y8;Q9Y6Y8-2				1.24424e+07
